date,constant,rolling_20d,rolling_60d,ewma_0.94,garch,egarch,gjr
2021-08-31,,,,,,,
2021-09-01,,,,,,,
2021-09-02,,,,,,,
2021-09-03,,,,,,,
2021-09-07,,,,,,,
2021-09-08,,,,,,,
2021-09-09,,,,,,,
2021-09-10,,,,,,,
2021-09-13,,,,,,,
2021-09-14,,,,,,,
2021-09-15,,,,,,,
2021-09-16,,,,,,,
2021-09-17,,,,,,,
2021-09-20,,,,,,,
2021-09-21,,,,,,,
2021-09-22,,,,,,,
2021-09-23,,,,,,,
2021-09-24,,,,,,,
2021-09-27,,,,,,,
2021-09-28,,,,,,,
2021-09-29,,,,,,,
2021-09-30,,,,,,,
2021-10-01,,,,,,,
2021-10-04,,,,,,,
2021-10-05,,,,,,,
2021-10-06,,,,,,,
2021-10-07,,,,,,,
2021-10-08,,,,,,,
2021-10-11,,,,,,,
2021-10-12,,,,,,,
2021-10-13,,,,,,,
2021-10-14,,,,,,,
2021-10-15,,,,,,,
2021-10-18,,,,,,,
2021-10-19,,,,,,,
2021-10-20,,,,,,,
2021-10-21,,,,,,,
2021-10-22,,,,,,,
2021-10-25,,,,,,,
2021-10-26,,,,,,,
2021-10-27,,,,,,,
2021-10-28,,,,,,,
2021-10-29,,,,,,,
2021-11-01,,,,,,,
2021-11-02,,,,,,,
2021-11-03,,,,,,,
2021-11-04,,,,,,,
2021-11-05,,,,,,,
2021-11-08,,,,,,,
2021-11-09,,,,,,,
2021-11-10,,,,,,,
2021-11-11,,,,,,,
2021-11-12,,,,,,,
2021-11-15,,,,,,,
2021-11-16,,,,,,,
2021-11-17,,,,,,,
2021-11-18,,,,,,,
2021-11-19,,,,,,,
2021-11-22,,,,,,,
2021-11-23,,,,,,,
2021-11-24,,,,,,,
2021-11-26,,,,,,,
2021-11-29,,,,,,,
2021-11-30,,,,,,,
2021-12-01,,,,,,,
2021-12-02,,,,,,,
2021-12-03,,,,,,,
2021-12-06,,,,,,,
2021-12-07,,,,,,,
2021-12-08,,,,,,,
2021-12-09,,,,,,,
2021-12-10,,,,,,,
2021-12-13,,,,,,,
2021-12-14,,,,,,,
2021-12-15,,,,,,,
2021-12-16,,,,,,,
2021-12-17,,,,,,,
2021-12-20,,,,,,,
2021-12-21,,,,,,,
2021-12-22,,,,,,,
2021-12-23,,,,,,,
2021-12-27,,,,,,,
2021-12-28,,,,,,,
2021-12-29,,,,,,,
2021-12-30,,,,,,,
2021-12-31,,,,,,,
2022-01-03,,,,,,,
2022-01-04,,,,,,,
2022-01-05,,,,,,,
2022-01-06,,,,,,,
2022-01-07,,,,,,,
2022-01-10,,,,,,,
2022-01-11,,,,,,,
2022-01-12,,,,,,,
2022-01-13,,,,,,,
2022-01-14,,,,,,,
2022-01-18,,,,,,,
2022-01-19,,,,,,,
2022-01-20,,,,,,,
2022-01-21,,,,,,,
2022-01-24,,,,,,,
2022-01-25,,,,,,,
2022-01-26,,,,,,,
2022-01-27,,,,,,,
2022-01-28,,,,,,,
2022-01-31,,,,,,,
2022-02-01,,,,,,,
2022-02-02,,,,,,,
2022-02-03,,,,,,,
2022-02-04,,,,,,,
2022-02-07,,,,,,,
2022-02-08,,,,,,,
2022-02-09,,,,,,,
2022-02-10,,,,,,,
2022-02-11,,,,,,,
2022-02-14,,,,,,,
2022-02-15,,,,,,,
2022-02-16,,,,,,,
2022-02-17,,,,,,,
2022-02-18,,,,,,,
2022-02-22,,,,,,,
2022-02-23,,,,,,,
2022-02-24,,,,,,,
2022-02-25,,,,,,,
2022-02-28,,,,,,,
2022-03-01,,,,,,,
2022-03-02,,,,,,,
2022-03-03,,,,,,,
2022-03-04,,,,,,,
2022-03-07,,,,,,,
2022-03-08,,,,,,,
2022-03-09,,,,,,,
2022-03-10,,,,,,,
2022-03-11,,,,,,,
2022-03-14,,,,,,,
2022-03-15,,,,,,,
2022-03-16,,,,,,,
2022-03-17,,,,,,,
2022-03-18,,,,,,,
2022-03-21,,,,,,,
2022-03-22,,,,,,,
2022-03-23,,,,,,,
2022-03-24,,,,,,,
2022-03-25,,,,,,,
2022-03-28,,,,,,,
2022-03-29,,,,,,,
2022-03-30,,,,,,,
2022-03-31,,,,,,,
2022-04-01,,,,,,,
2022-04-04,,,,,,,
2022-04-05,,,,,,,
2022-04-06,,,,,,,
2022-04-07,,,,,,,
2022-04-08,,,,,,,
2022-04-11,,,,,,,
2022-04-12,,,,,,,
2022-04-13,,,,,,,
2022-04-14,,,,,,,
2022-04-18,,,,,,,
2022-04-19,,,,,,,
2022-04-20,,,,,,,
2022-04-21,,,,,,,
2022-04-22,,,,,,,
2022-04-25,,,,,,,
2022-04-26,,,,,,,
2022-04-27,,,,,,,
2022-04-28,,,,,,,
2022-04-29,,,,,,,
2022-05-02,,,,,,,
2022-05-03,,,,,,,
2022-05-04,,,,,,,
2022-05-05,,,,,,,
2022-05-06,,,,,,,
2022-05-09,,,,,,,
2022-05-10,,,,,,,
2022-05-11,,,,,,,
2022-05-12,,,,,,,
2022-05-13,,,,,,,
2022-05-16,,,,,,,
2022-05-17,,,,,,,
2022-05-18,,,,,,,
2022-05-19,,,,,,,
2022-05-20,,,,,,,
2022-05-23,,,,,,,
2022-05-24,,,,,,,
2022-05-25,,,,,,,
2022-05-26,,,,,,,
2022-05-27,,,,,,,
2022-05-31,,,,,,,
2022-06-01,,,,,,,
2022-06-02,,,,,,,
2022-06-03,,,,,,,
2022-06-06,,,,,,,
2022-06-07,,,,,,,
2022-06-08,,,,,,,
2022-06-09,,,,,,,
2022-06-10,,,,,,,
2022-06-13,,,,,,,
2022-06-14,,,,,,,
2022-06-15,,,,,,,
2022-06-16,,,,,,,
2022-06-17,,,,,,,
2022-06-21,,,,,,,
2022-06-22,,,,,,,
2022-06-23,,,,,,,
2022-06-24,,,,,,,
2022-06-27,,,,,,,
2022-06-28,,,,,,,
2022-06-29,,,,,,,
2022-06-30,,,,,,,
2022-07-01,,,,,,,
2022-07-05,,,,,,,
2022-07-06,,,,,,,
2022-07-07,,,,,,,
2022-07-08,,,,,,,
2022-07-11,,,,,,,
2022-07-12,,,,,,,
2022-07-13,,,,,,,
2022-07-14,,,,,,,
2022-07-15,,,,,,,
2022-07-18,,,,,,,
2022-07-19,,,,,,,
2022-07-20,,,,,,,
2022-07-21,,,,,,,
2022-07-22,,,,,,,
2022-07-25,,,,,,,
2022-07-26,,,,,,,
2022-07-27,,,,,,,
2022-07-28,,,,,,,
2022-07-29,,,,,,,
2022-08-01,,,,,,,
2022-08-02,,,,,,,
2022-08-03,,,,,,,
2022-08-04,,,,,,,
2022-08-05,,,,,,,
2022-08-08,,,,,,,
2022-08-09,,,,,,,
2022-08-10,,,,,,,
2022-08-11,,,,,,,
2022-08-12,,,,,,,
2022-08-15,,,,,,,
2022-08-16,,,,,,,
2022-08-17,,,,,,,
2022-08-18,,,,,,,
2022-08-19,,,,,,,
2022-08-22,,,,,,,
2022-08-23,,,,,,,
2022-08-24,,,,,,,
2022-08-25,,,,,,,
2022-08-26,,,,,,,
2022-08-29,,,,,,,
2022-08-30,,,,,,,
2022-08-31,,,,,,,
2022-09-01,,,,,,,
2022-09-02,,,,,,,
2022-09-06,,,,,,,
2022-09-07,,,,,,,
2022-09-08,,,,,,,
2022-09-09,,,,,,,
2022-09-12,,,,,,,
2022-09-13,,,,,,,
2022-09-14,,,,,,,
2022-09-15,,,,,,,
2022-09-16,,,,,,,
2022-09-19,,,,,,,
2022-09-20,,,,,,,
2022-09-21,,,,,,,
2022-09-22,,,,,,,
2022-09-23,,,,,,,
2022-09-26,,,,,,,
2022-09-27,,,,,,,
2022-09-28,,,,,,,
2022-09-29,,,,,,,
2022-09-30,,,,,,,
2022-10-03,,,,,,,
2022-10-04,,,,,,,
2022-10-05,,,,,,,
2022-10-06,,,,,,,
2022-10-07,,,,,,,
2022-10-10,,,,,,,
2022-10-11,,,,,,,
2022-10-12,,,,,,,
2022-10-13,,,,,,,
2022-10-14,,,,,,,
2022-10-17,,,,,,,
2022-10-18,,,,,,,
2022-10-19,,,,,,,
2022-10-20,,,,,,,
2022-10-21,,,,,,,
2022-10-24,,,,,,,
2022-10-25,,,,,,,
2022-10-26,,,,,,,
2022-10-27,,,,,,,
2022-10-28,,,,,,,
2022-10-31,,,,,,,
2022-11-01,,,,,,,
2022-11-02,,,,,,,
2022-11-03,,,,,,,
2022-11-04,,,,,,,
2022-11-07,,,,,,,
2022-11-08,,,,,,,
2022-11-09,,,,,,,
2022-11-10,,,,,,,
2022-11-11,,,,,,,
2022-11-14,,,,,,,
2022-11-15,,,,,,,
2022-11-16,,,,,,,
2022-11-17,,,,,,,
2022-11-18,,,,,,,
2022-11-21,,,,,,,
2022-11-22,,,,,,,
2022-11-23,,,,,,,
2022-11-25,,,,,,,
2022-11-28,,,,,,,
2022-11-29,,,,,,,
2022-11-30,,,,,,,
2022-12-01,,,,,,,
2022-12-02,,,,,,,
2022-12-05,,,,,,,
2022-12-06,,,,,,,
2022-12-07,,,,,,,
2022-12-08,,,,,,,
2022-12-09,,,,,,,
2022-12-12,,,,,,,
2022-12-13,,,,,,,
2022-12-14,,,,,,,
2022-12-15,,,,,,,
2022-12-16,,,,,,,
2022-12-19,,,,,,,
2022-12-20,,,,,,,
2022-12-21,,,,,,,
2022-12-22,,,,,,,
2022-12-23,,,,,,,
2022-12-27,,,,,,,
2022-12-28,,,,,,,
2022-12-29,,,,,,,
2022-12-30,,,,,,,
2023-01-03,,,,,,,
2023-01-04,,,,,,,
2023-01-05,,,,,,,
2023-01-06,,,,,,,
2023-01-09,,,,,,,
2023-01-10,,,,,,,
2023-01-11,,,,,,,
2023-01-12,,,,,,,
2023-01-13,,,,,,,
2023-01-17,,,,,,,
2023-01-18,,,,,,,
2023-01-19,,,,,,,
2023-01-20,,,,,,,
2023-01-23,,,,,,,
2023-01-24,,,,,,,
2023-01-25,,,,,,,
2023-01-26,,,,,,,
2023-01-27,,,,,,,
2023-01-30,,,,,,,
2023-01-31,,,,,,,
2023-02-01,,,,,,,
2023-02-02,,,,,,,
2023-02-03,,,,,,,
2023-02-06,,,,,,,
2023-02-07,,,,,,,
2023-02-08,,,,,,,
2023-02-09,,,,,,,
2023-02-10,,,,,,,
2023-02-13,,,,,,,
2023-02-14,,,,,,,
2023-02-15,,,,,,,
2023-02-16,,,,,,,
2023-02-17,,,,,,,
2023-02-21,,,,,,,
2023-02-22,,,,,,,
2023-02-23,,,,,,,
2023-02-24,,,,,,,
2023-02-27,,,,,,,
2023-02-28,,,,,,,
2023-03-01,,,,,,,
2023-03-02,,,,,,,
2023-03-03,,,,,,,
2023-03-06,,,,,,,
2023-03-07,,,,,,,
2023-03-08,,,,,,,
2023-03-09,,,,,,,
2023-03-10,,,,,,,
2023-03-13,,,,,,,
2023-03-14,,,,,,,
2023-03-15,,,,,,,
2023-03-16,,,,,,,
2023-03-17,,,,,,,
2023-03-20,,,,,,,
2023-03-21,,,,,,,
2023-03-22,,,,,,,
2023-03-23,,,,,,,
2023-03-24,,,,,,,
2023-03-27,,,,,,,
2023-03-28,,,,,,,
2023-03-29,,,,,,,
2023-03-30,,,,,,,
2023-03-31,,,,,,,
2023-04-03,,,,,,,
2023-04-04,,,,,,,
2023-04-05,,,,,,,
2023-04-06,,,,,,,
2023-04-10,,,,,,,
2023-04-11,,,,,,,
2023-04-12,,,,,,,
2023-04-13,,,,,,,
2023-04-14,,,,,,,
2023-04-17,,,,,,,
2023-04-18,,,,,,,
2023-04-19,,,,,,,
2023-04-20,,,,,,,
2023-04-21,,,,,,,
2023-04-24,,,,,,,
2023-04-25,,,,,,,
2023-04-26,,,,,,,
2023-04-27,,,,,,,
2023-04-28,,,,,,,
2023-05-01,,,,,,,
2023-05-02,,,,,,,
2023-05-03,,,,,,,
2023-05-04,,,,,,,
2023-05-05,,,,,,,
2023-05-08,,,,,,,
2023-05-09,,,,,,,
2023-05-10,,,,,,,
2023-05-11,,,,,,,
2023-05-12,,,,,,,
2023-05-15,,,,,,,
2023-05-16,,,,,,,
2023-05-17,,,,,,,
2023-05-18,,,,,,,
2023-05-19,,,,,,,
2023-05-22,,,,,,,
2023-05-23,,,,,,,
2023-05-24,,,,,,,
2023-05-25,,,,,,,
2023-05-26,,,,,,,
2023-05-30,,,,,,,
2023-05-31,,,,,,,
2023-06-01,,,,,,,
2023-06-02,,,,,,,
2023-06-05,,,,,,,
2023-06-06,,,,,,,
2023-06-07,,,,,,,
2023-06-08,,,,,,,
2023-06-09,,,,,,,
2023-06-12,,,,,,,
2023-06-13,,,,,,,
2023-06-14,,,,,,,
2023-06-15,,,,,,,
2023-06-16,,,,,,,
2023-06-20,,,,,,,
2023-06-21,,,,,,,
2023-06-22,,,,,,,
2023-06-23,,,,,,,
2023-06-26,,,,,,,
2023-06-27,,,,,,,
2023-06-28,,,,,,,
2023-06-29,,,,,,,
2023-06-30,,,,,,,
2023-07-03,,,,,,,
2023-07-05,,,,,,,
2023-07-06,,,,,,,
2023-07-07,,,,,,,
2023-07-10,,,,,,,
2023-07-11,,,,,,,
2023-07-12,,,,,,,
2023-07-13,,,,,,,
2023-07-14,,,,,,,
2023-07-17,,,,,,,
2023-07-18,,,,,,,
2023-07-19,,,,,,,
2023-07-20,,,,,,,
2023-07-21,,,,,,,
2023-07-24,,,,,,,
2023-07-25,,,,,,,
2023-07-26,,,,,,,
2023-07-27,,,,,,,
2023-07-28,,,,,,,
2023-07-31,,,,,,,
2023-08-01,,,,,,,
2023-08-02,,,,,,,
2023-08-03,,,,,,,
2023-08-04,,,,,,,
2023-08-07,,,,,,,
2023-08-08,,,,,,,
2023-08-09,,,,,,,
2023-08-10,,,,,,,
2023-08-11,,,,,,,
2023-08-14,,,,,,,
2023-08-15,,,,,,,
2023-08-16,,,,,,,
2023-08-17,,,,,,,
2023-08-18,,,,,,,
2023-08-21,,,,,,,
2023-08-22,,,,,,,
2023-08-23,,,,,,,
2023-08-24,,,,,,,
2023-08-25,,,,,,,
2023-08-28,,,,,,,
2023-08-29,,,,,,,
2023-08-30,,,,,,,
2023-08-31,,,,,,,
2023-09-01,0.19651796894669585,0.12198875763957384,0.1048450414644448,0.11818050745682361,0.13313271512224836,0.122949566489628,0.12676958274271868
2023-09-05,0.19632674658056978,0.12081312422547698,0.10446018041520762,0.11480952386864379,0.12979276661109768,0.12117281423772715,0.12412755017879398
2023-09-06,0.19615745063042905,0.11789214472187863,0.10448976553730688,0.11257347821370407,0.12793832229237675,0.1269354237321832,0.12379098762702069
2023-09-07,0.19602293948093671,0.11930934046845909,0.1056115726810187,0.11223043010549148,0.12801090433366047,0.13577041267508563,0.12642483946521768
2023-09-08,0.19584233458274272,0.1174002977768873,0.10442775862215949,0.10946446179399152,0.12559724675643086,0.13967472205581313,0.12491862568588585
2023-09-11,0.1956519713339684,0.11752709326537256,0.1036783017538168,0.10629119788780751,0.12257024241673022,0.13802514216809622,0.12235144427331775
2023-09-12,0.19551259749649835,0.11979618873523071,0.10443461506876017,0.10617867025988709,0.12210551032346129,0.1310996121317749,0.11988897361827898
2023-09-13,0.1953604705664264,0.11985449060219042,0.1021439113548122,0.10513067465864902,0.12154302895236954,0.13822177791410464,0.12112272425907179
2023-09-14,0.19517063385348668,0.11200834327526404,0.10188210983281823,0.10202875357985705,0.11867794688855808,0.1369590524096054,0.11871075620864886
2023-09-15,0.1950712064721963,0.11165304629423287,0.10264153050175108,0.1044480888328697,0.12044924690545099,0.12797117585094667,0.1163986869074044
2023-09-18,0.19506734478681723,0.1172732053235395,0.10521531183330624,0.11157816883960159,0.1278582593711675,0.14407729124111068,0.13064646256630838
2023-09-19,0.1948777918108904,0.11726753477522868,0.10500366962547053,0.10820307314409086,0.12465094329564226,0.14333915664858235,0.12784929741006257
2023-09-20,0.19469444470358724,0.11588313746744189,0.10383399377946648,0.10521622432122563,0.12202404390684995,0.1458425678402838,0.12569206288695728
2023-09-21,0.19461386904941555,0.12052001394156867,0.1053023610788546,0.10809315341787057,0.12523772094514277,0.15761503299618693,0.13234423623653438
2023-09-22,0.19477041619616817,0.1272237233895586,0.10849842952786905,0.12293764681936167,0.13987119774287834,0.17923822169916287,0.15590024621995074
2023-09-25,0.19458891077735485,0.11816189893718246,0.10857936082949342,0.1195126905727803,0.1365263182002756,0.18127552538675554,0.15264263161090133
2023-09-26,0.19442292487859528,0.11615174534935019,0.10862314022746312,0.11701985463767685,0.13374786956434487,0.17600425386696225,0.1489999203554384
2023-09-27,0.19450637942015214,0.12306356260821756,0.10974343011919274,0.12702540537298634,0.14373295426766414,0.19453111051465433,0.16473469585966863
2023-09-28,0.19431979752580175,0.10768842303822466,0.10970347869978041,0.12316547840192422,0.13977554171989434,0.19301262375071415,0.16064653720651226
2023-09-29,0.19417492053053179,0.10919874616409146,0.11046435308002112,0.1215226624119385,0.1376721073479301,0.18583155405703022,0.15670772324574045
2023-10-02,0.19399671780811964,0.10914780723395304,0.1094783572944289,0.11819792571087291,0.1344965740328003,0.18795452659886208,0.15349576641031223
2023-10-03,0.193811746421972,0.10826587876979124,0.10938764401744519,0.11460757492808793,0.12869997585309415,0.17947417001785623,0.14667249769636911
2023-10-04,0.19384965112111316,0.1148501161299314,0.11241854266755631,0.12270325514029717,0.1362440116249118,0.1953286495979786,0.15837162656522652
2023-10-05,0.1937306506987915,0.11944865922048717,0.11267618639061013,0.12228851208024753,0.13553009697913498,0.1869306368331175,0.15480291479827107
2023-10-06,0.19354695161532448,0.11959199398654273,0.11122839459780878,0.11857216341644107,0.132120182221194,0.18610156760541713,0.1513634049858244
2023-10-09,0.19353660433417652,0.12906526743749727,0.11282105717542765,0.12388374144529103,0.13644813714375656,0.17364426170872685,0.1480286510969596
2023-10-10,0.19340334055360855,0.1289198968051338,0.11374983977552579,0.12266256708331819,0.13508092046492912,0.16653509680138234,0.1448064996996056
2023-10-11,0.19325339080715861,0.13025311064591485,0.1140670132727308,0.12063554050224799,0.13304755338190752,0.1606996335523255,0.1416940033645689
2023-10-12,0.19309129119665797,0.13133749254964577,0.11327510279266796,0.11804004372484048,0.13056517314266938,0.1560308884165582,0.13868828174422626
2023-10-13,0.19295632120253883,0.12745080534226372,0.11367655353855331,0.11687335102212468,0.12970958521249823,0.16294489484888236,0.13916105785811334
2023-10-16,0.1928063107481039,0.12218630532062673,0.11335940227726404,0.11495630968507776,0.12815040992226934,0.16830508174348036,0.1384938634305843
2023-10-17,0.1927597388599368,0.1291420070256976,0.11566277689471975,0.11872612142933142,0.131191139914727,0.15747034981177283,0.1355988547129801
2023-10-18,0.19257952131235156,0.1290837754760635,0.11520034069550229,0.11510938295503512,0.127950374932224,0.15686445173896255,0.13280492777765207
2023-10-19,0.19261844040275714,0.13343679774449574,0.11788800386935328,0.12304416407354242,0.1354919629722064,0.17322894910514416,0.1462120982369675
2023-10-20,0.1925338782237031,0.1239294733134162,0.11897725374575743,0.12409183586897905,0.136637135942694,0.18321797247818844,0.14965046125781375
2023-10-23,0.1925390881433387,0.13069465229174249,0.12067126840453228,0.12945238417793326,0.14175872960459052,0.19752426806069984,0.1587704275190564
2023-10-24,0.19236405967517406,0.1292186793275979,0.1185182481341865,0.12568956340833382,0.138278328234579,0.19811649596651174,0.15542573026307357
2023-10-25,0.19225471602497105,0.122702387966313,0.11972530417739102,0.1253374214369327,0.1376394191558114,0.1894143467466817,0.15195494005946125
2023-10-26,0.19232661575084223,0.13247255102484415,0.12268370862499195,0.13372135417291114,0.14557976200485603,0.20628369062240182,0.16506091904300704
2023-10-27,0.19232186482021182,0.135411940498728,0.1219018303161128,0.1377555605508106,0.14944381441035376,0.21957757827265623,0.17204841813991403
2023-10-30,0.19216909151309639,0.13573427100464716,0.12203731767662257,0.1347169255673502,0.1466096519112935,0.22309978147111562,0.16954791191565402
2023-10-31,0.19216563705004927,0.1444340426603601,0.12487148996709516,0.13863982101998007,0.14971601040535729,0.2096976538940678,0.16561267899223284
2023-11-01,0.1920369572195938,0.1394833296844801,0.12414565157735714,0.13661654504826734,0.14774221551739974,0.192442025164139,0.1606850017620803
2023-11-02,0.19199773469921538,0.14242953894844346,0.1262920050879452,0.13879469744748693,0.14940387733463686,0.18202165032281312,0.15714513701507649
2023-11-03,0.19226136477566455,0.158128974675351,0.1322134896827441,0.15382238034385398,0.16281015761703582,0.16553793773637146,0.15371843143575017
2023-11-06,0.19218428336233076,0.15585544472293003,0.13366234835108598,0.15329760002309664,0.16199730968519413,0.15693547801071148,0.1504020395882999
2023-11-07,0.192015146646283,0.15451908390429034,0.13376972410507967,0.14889648689344387,0.15772665483737155,0.1538007331072552,0.14719318222284858
2023-11-08,0.19184971427338415,0.15377879764915556,0.13338594160483433,0.14478404399327194,0.15375955334335129,0.1503051672966453,0.14408914366943526
2023-11-09,0.19167606258250067,0.15314516235223863,0.13129454677604058,0.1404022314884477,0.14963056475851388,0.14855077054376684,0.14108726930469107
2023-11-10,0.19157607809747948,0.1541819846136739,0.13140599788989904,0.1394619803760715,0.14890044337905647,0.1569912632819806,0.14335820197009336
2023-11-13,0.19168974667912686,0.1623451314787056,0.13433845223021304,0.14820446142518873,0.15666866005972857,0.14373956910397637,0.1403805007115036
2023-11-14,0.1915179460900047,0.1585737846752287,0.13436044697370214,0.14373736504639606,0.15247288387963415,0.14376306790491106,0.1375702191869195
2023-11-15,0.19178669958340497,0.17209937894672883,0.13943431280364055,0.15846723166659432,0.16584951389148897,0.12807761681642235,0.13478559383051267
2023-11-16,0.1916188603626212,0.1629501881409641,0.13931820706183565,0.15386002352325417,0.1613854155883297,0.12567306953178184,0.1320949802310001
2023-11-17,0.19144820032582363,0.15773606246445976,0.1375644493589289,0.1492486484119948,0.1569814035247199,0.12401901000772367,0.12949595509934655
2023-11-20,0.19127804865173184,0.1475947793993118,0.13433903730759447,0.14478272104682985,0.1527593709373145,0.1223792953340854,0.1269861443014919
2023-11-21,0.19117434377799272,0.1470036237755676,0.13447805750290764,0.14352778968760516,0.15144293662110173,0.11576490842706644,0.12456322086241949
2023-11-22,0.1910099062991156,0.14787012627713722,0.134064680317577,0.13941315075306626,0.1476831854286544,0.117825654502395,0.12266637097974205
2023-11-24,0.1908558836969151,0.1321175212772097,0.1310743068542716,0.13599728148824577,0.14448125387468239,0.11424242444979209,0.12039481413599859
2023-11-27,0.19068626878372588,0.11833900377891168,0.13083570578594883,0.13187595403867636,0.14073201417835005,0.11327522189809898,0.11820384583817867
2023-11-28,0.19052128123738454,0.115799997672719,0.1308564104608974,0.12805008873324458,0.13735094447828747,0.11491450814660113,0.11640406426328115
2023-11-29,0.19035314944115928,0.11371884711497238,0.1308224024995404,0.12420883596508535,0.1339288489252173,0.1136378952897482,0.11435648079826131
2023-11-30,0.19018545770199538,0.11500954167997313,0.13049443919933162,0.1204559878231873,0.13066712917737713,0.11393109723856731,0.11242629787892852
2023-12-01,0.19003423215723755,0.11245044892923196,0.12987499522946283,0.1177857236612541,0.12652576152378897,0.1074067908526656,0.10701850980327487
2023-12-04,0.1899054529723178,0.09737606525100183,0.1301348787212789,0.11649138084008799,0.12528221215943458,0.10225693824446097,0.10504597703176992
2023-12-05,0.18977232673276528,0.0991461315747078,0.13067316910495166,0.11477229366360035,0.12421962132476902,0.10857010424191722,0.10677002854708212
2023-12-06,0.18960563277622275,0.09960475846608484,0.13006480092658507,0.11127850536992569,0.1212848688833373,0.10828016932488627,0.10482015397979681
2023-12-07,0.18945956445219203,0.10212295778240935,0.12981781048059454,0.1090205228564803,0.11969660469290572,0.1128729118833993,0.10511651113059507
2023-12-08,0.18935886541631877,0.10388831757577026,0.13065059806030363,0.10978464324934682,0.120220199704054,0.10630875374687104,0.10322114201100926
2023-12-11,0.18921324701543443,0.09682360447988031,0.12980367227484788,0.10774497127942978,0.11839768546902556,0.10243022784640243,0.10140342789287418
2023-12-12,0.18906421371149912,0.08472332917301244,0.12733418392783932,0.10555183725183807,0.11647921242850354,0.09893899022092625,0.09966093904013168
2023-12-13,0.18892191165076722,0.0841018870661198,0.12757780019866083,0.10386588899570603,0.11499708329117463,0.09497978973630385,0.09799129015117404
2023-12-14,0.18897227090561103,0.07055764304164559,0.1301760918738217,0.11408818698216067,0.1237647611211568,0.08421044498569145,0.09639214015610485
2023-12-15,0.18881864707361404,0.07060997584417257,0.12847882267716476,0.11131434741427194,0.12130906718285962,0.08154173281793142,0.09486118876436264
2023-12-18,0.1886589096985981,0.07198482296705719,0.12319192465424218,0.10811299070279506,0.11874903587398929,0.0835206678923059,0.09383500903854951
2023-12-19,0.18852960999046323,0.07281378691332932,0.12322459394241086,0.10707718438298178,0.11777161265770099,0.07899343304773127,0.09241457359731824
2023-12-20,0.18840648512696012,0.07150074823478847,0.12345151531919821,0.10647393115935389,0.11716901860849754,0.07418652551058862,0.09105634987919561
2023-12-21,0.18847215519458843,0.09087693450646361,0.12299051564099046,0.11644708085559968,0.12711234355307421,0.09366128064055479,0.1148966338458964
2023-12-22,0.1884090083672062,0.09464205775450875,0.12399124132181902,0.11876760947868734,0.12887982155592798,0.08606059647393355,0.11261181948331189
2023-12-26,0.1882507876844093,0.09447583313712318,0.12371634756014817,0.11541434160441373,0.12586700455958943,0.084309235366152,0.11041643603704229
2023-12-27,0.18810769282531267,0.09350954310061417,0.12350375322029823,0.11309650787992305,0.1237141916963769,0.08084993269144575,0.1083078319338868
2023-12-28,0.1879494573328695,0.09337953353822809,0.1234128162037454,0.10987628506478934,0.12089905346734613,0.07933317190470095,0.10628340642950282
2023-12-29,0.18778877504885574,0.09295954196984159,0.11927837268143222,0.10653913485925241,0.1180904527249698,0.07898001544708143,0.10434060838498871
2024-01-02,0.1876396083741646,0.09479469027011482,0.11922963252767986,0.10390505461095408,0.11611529909275041,0.08260981270833101,0.10363814271967954
2024-01-03,0.18751836377389397,0.09765739622820703,0.12014572801692261,0.10306331474008468,0.11373022399859307,0.09290976523564679,0.10613992961506442
2024-01-04,0.18743892708127918,0.10089657318166727,0.12005159972592361,0.10484821163980379,0.11615571590107905,0.1029510648517907,0.11228633249977743
2024-01-05,0.187293050064775,0.10214642285412077,0.12001161059427466,0.10242281760445128,0.11431995028163718,0.10652016982478134,0.11151135639428558
2024-01-08,0.18713584749366508,0.1001326305444851,0.1197485032464666,0.09944533845603994,0.11167399820013674,0.10505893476182189,0.10944135393042995
2024-01-09,0.18720313406136424,0.10787668014229454,0.12253771978525459,0.1112539343047529,0.12165939453126882,0.09419245560483665,0.10744926063439242
2024-01-10,0.18704836374702,0.10819414207589918,0.12168169223417648,0.10802583411703483,0.11889869844200125,0.09583736293917076,0.10588939860306543
2024-01-11,0.1869242075550058,0.10884966748204475,0.12118516123387271,0.10701851634397577,0.11772025701715086,0.09132465758014681,0.104032768663074
2024-01-12,0.18676729428356287,0.10859926861469073,0.11987257634944211,0.10377244097800688,0.11493116248295918,0.09172461124782869,0.1023026106908589
2024-01-16,0.18661053396632118,0.09846418299537374,0.11983960419352986,0.10064716464573119,0.11220984912435122,0.09102366089661486,0.10058525362920634
2024-01-17,0.186471062970982,0.09932454114408933,0.11629084850211453,0.09861971485996328,0.1108360463998722,0.09535772976581243,0.10081290436441065
2024-01-18,0.18635251096243313,0.10141009950999183,0.1152257340978472,0.09802795720877194,0.11088955179878165,0.10198198029008032,0.10323083477744585
2024-01-19,0.1862818854763186,0.10429381111892264,0.11230620212036589,0.10113661381326691,0.11319812514666196,0.09499544270716759,0.10147718223879354
2024-01-22,0.1862954753110054,0.11107064792616919,0.11396686870937345,0.10938301755450476,0.12003229597203373,0.0855945405679976,0.09979225624449317
2024-01-23,0.18614412240218792,0.0966128830781222,0.11346045768097693,0.10636896936341597,0.11724165367415182,0.0838953213268529,0.09817399792996495
2024-01-24,0.18599723990464376,0.0922337966577797,0.10802686372706471,0.1037501752066685,0.11479504386645531,0.08161204826405652,0.09662038483000224
2024-01-25,0.18584349756198648,0.09219587883714025,0.1037391499419614,0.10067930553808284,0.11210021437036331,0.08074989642847896,0.09512942944929186
2024-01-26,0.18571959586949816,0.09281666013243135,0.10273576869114343,0.09987701740625972,0.11118550079766683,0.07662859498987297,0.09369917902091933
2024-01-29,0.185568409722433,0.09323621042720483,0.10136033857835006,0.09696026698792945,0.10886309917785934,0.07823709326475904,0.0926285902347506
2024-01-30,0.1854808476391746,0.09620578963827543,0.10165952716738752,0.09892147248436564,0.11029025497788061,0.07234784572471463,0.09130149896727675
2024-01-31,0.18532896076581934,0.09520265002548353,0.10056473285970557,0.09595506711603505,0.10790265087684368,0.07341266869642693,0.09016837459215439
2024-02-01,0.18548373669123155,0.1121030481198718,0.10186038243740067,0.11260851727147196,0.12441050306836321,0.09571244451115009,0.12102416150899367
2024-02-02,0.18551537697545914,0.1141821839313684,0.10335886509446858,0.12045704694611975,0.13095971077770227,0.09499158483768318,0.12152890800100384
2024-02-05,0.18548044687925888,0.11600684972147537,0.10480581596230451,0.12375356148455026,0.133304962592806,0.08800213944794637,0.11915405568993119
2024-02-06,0.18534542632210751,0.1181949749423352,0.10547514423884671,0.12081597163396596,0.1308833854575525,0.09228913059832983,0.11852172377934812
2024-02-07,0.1852013994382871,0.10988980876523281,0.1054497808535891,0.11767817887037747,0.1278517862882794,0.0900798419266528,0.1162657644413306
2024-02-08,0.18512228804442446,0.11123725913297211,0.10414202558547102,0.11861317993317108,0.1282131015425472,0.08452038269476052,0.11410000915440477
2024-02-09,0.18497125584071072,0.11082624427261302,0.10049858874647037,0.11501256518169233,0.12498350051439482,0.08403708826067262,0.11202171908556142
2024-02-12,0.18485399688022758,0.11101653438273185,0.10056044424643865,0.11375085791182564,0.12354758155309555,0.08017278968400246,0.11002820666111277
2024-02-13,0.18470424711101482,0.11134244410597939,0.09412432683720083,0.11029875972878057,0.12058884786022873,0.08069296187129238,0.1081802878967426
2024-02-14,0.18477313951090713,0.12385465978333303,0.09946577079458378,0.11959979657230722,0.1302079970358894,0.09884532321340872,0.12748957772312378
2024-02-15,0.1847091364582446,0.1228956803982652,0.10061827145680301,0.12122112207484771,0.13110280917974396,0.09264888914937591,0.12488322413701301
2024-02-16,0.18460786086257186,0.12177073204777143,0.10115372867564018,0.12055167758200934,0.13007068777081435,0.08792480304154175,0.12237744981570925
2024-02-20,0.1844893648624471,0.11880989793125797,0.10137738820165539,0.11847241530570847,0.1285838040911598,0.09389914877982113,0.1228372653445527
2024-02-21,0.18437747570468613,0.1215620273352897,0.10214330910308006,0.1168412031628729,0.12754421988179832,0.1004049305942716,0.12385744057852419
2024-02-22,0.1842293949407625,0.12143591592918675,0.10204539741150558,0.11333649388251565,0.12434891320448238,0.09931390534388777,0.12139152177206192
2024-02-23,0.18453856921402037,0.1395989625498992,0.1092865841688827,0.13619998741306252,0.1441974422723343,0.08627613530138212,0.11902206899932509
2024-02-26,0.1843905600011818,0.13918473662077896,0.10904513789012951,0.13207801923748982,0.14028150514671484,0.08560009609575726,0.1167462234017242
2024-02-27,0.1842600548393992,0.14019226146022346,0.10963409939757833,0.12884393976224884,0.13752125573739357,0.08996389987376124,0.1162610394593878
2024-02-28,0.18411521473452708,0.13838527376259202,0.1095033540768965,0.12512753986927938,0.13397813504146258,0.08846681438802714,0.11409547405039275
2024-02-29,0.18397100767805097,0.13852391845858375,0.10961743065828566,0.12142445298368898,0.13070609726197435,0.08989588818158387,0.11231084028298194
2024-03-01,0.18383603700223125,0.12137568811068662,0.10934993003121403,0.11855240054885677,0.1278993898647011,0.08729335820893577,0.11030548277519983
2024-03-04,0.1837794097386959,0.11778225888898428,0.1094445830663442,0.12059869099015258,0.12927031012229612,0.08115140353215311,0.10838263569974163
2024-03-05,0.18363539635588247,0.11429803920498605,0.10953517403025821,0.11699909496098088,0.12525601248818655,0.09125801851182784,0.10659844936711241
2024-03-06,0.18360544254928818,0.12037921296138655,0.11160264500913901,0.1199070673635113,0.1286774645542942,0.10458554783530359,0.11684774262692854
2024-03-07,0.1834845040865146,0.12095944126493806,0.1111644516740158,0.11791220925477643,0.12667038915674964,0.1009192369668397,0.11462802825526848
2024-03-08,0.18343952790934945,0.12225550959609376,0.11228241575828311,0.12066024733123559,0.12843718018522624,0.09486999890333776,0.1124972236213671
2024-03-11,0.18333806140386769,0.12522437432342057,0.11338203769763794,0.1192898629063989,0.1278357314307853,0.10237329256570306,0.11494450011514297
2024-03-12,0.18319492740163806,0.124329046614724,0.11336139866497406,0.11570413946001304,0.1249208017664943,0.10279195050707163,0.11297313243556995
2024-03-13,0.1831684985111789,0.12885021968237917,0.11214466208513663,0.11972425070041609,0.12770836171764074,0.09627211864738369,0.11090920390241064
2024-03-14,0.18302835702497267,0.11621966508649653,0.11228943246852063,0.11623688970154991,0.12494881640336933,0.09777560728970988,0.10936537138151435
2024-03-15,0.18289039687938313,0.11413414789595798,0.11233196770697292,0.11295767498511254,0.12242292031945054,0.09977261033842841,0.10809414706713055
2024-03-18,0.18280287223241357,0.11616574135996696,0.11331960959044712,0.1127243455494593,0.12288835243983462,0.10831831210453996,0.1122033167154066
2024-03-19,0.18269387926897585,0.11523269282699952,0.11329545938005949,0.11170687715566477,0.12165670409067422,0.10409498477692741,0.11017067591999755
2024-03-20,0.1825805489871515,0.11298170224588593,0.10906411769229746,0.1104385154365694,0.12026343881465645,0.10018886073370509,0.10822121493788171
2024-03-21,0.1825235383638065,0.11570686861122516,0.10899403696346975,0.1129528024882822,0.12184038007869923,0.09450193082960504,0.1063523354805117
2024-03-22,0.18239071865195403,0.09376138102539677,0.10904302475173037,0.11026321623599455,0.1194470733837496,0.09202309247122767,0.10456148691725829
2024-03-25,0.18225426708286896,0.09454050030435164,0.10915999758754354,0.10715803559888937,0.11714206045212226,0.09407057314094258,0.10347483016211191
2024-03-26,0.18212310386961797,0.0939444897684373,0.10952423464797531,0.10444754017637525,0.11525899668819682,0.09720612959943782,0.1030095454718395
2024-03-27,0.18198701841879614,0.09468338399744239,0.10971844102094577,0.10151998274331923,0.11312932234591513,0.09904888727492966,0.10197121212326794
2024-03-28,0.18191569763753815,0.09732585079383999,0.11023308215362977,0.10370976870387459,0.11442158390250512,0.09382195517313728,0.10036651594888467
2024-04-01,0.18177537729563786,0.0973365503493713,0.10926233382394673,0.10055309530411978,0.11197976460624798,0.09361200008754153,0.09887395656511927
2024-04-02,0.18163974668495636,0.09350936032867088,0.1075473435149029,0.09772424177871225,0.10996811400160023,0.09541217466361895,0.09798016779361264
2024-04-03,0.18154781302451953,0.0969365275564072,0.1083710528469412,0.09791986422129573,0.11084714426670385,0.10339257952824439,0.10222598363979617
2024-04-04,0.1814087213642493,0.0881405352822967,0.10837729571703587,0.09503289085308522,0.106272529580589,0.09986369772284427,0.09875439839679763
2024-04-05,0.18143709503610508,0.09914862155950356,0.10896078730193365,0.10364402488518394,0.11463512627240946,0.11570624801727881,0.11538705227981254
2024-04-08,0.18140698243786127,0.0998202119501002,0.11035439400363872,0.10838702166845253,0.11779596789837307,0.1087532210082722,0.11316491556883294
2024-04-09,0.18126807882766496,0.0968018183959229,0.11004320511556323,0.10510760989539453,0.11503779916155811,0.10748593440551038,0.11102726279384437
2024-04-10,0.18113015447572647,0.09659313713279152,0.10997223035546498,0.10200484451068818,0.11240271450186802,0.10591094273877077,0.10897166121036116
2024-04-11,0.18110552396952964,0.09676955629620043,0.11247468899396566,0.10628580719111717,0.11693412760584508,0.11841776538203592,0.11869363501681139
2024-04-12,0.18102272838353728,0.10026319469837852,0.11269045995067067,0.10714505164309458,0.1170515840450035,0.11297625144484394,0.11634721624898779
2024-04-15,0.18109636346389682,0.11203265967282827,0.11611828020578227,0.11692732807789379,0.12653181398376775,0.130571017385147,0.13389260232492345
2024-04-16,0.18113283127344612,0.11812389261374151,0.11847869206577928,0.1233889746199547,0.13296901636538547,0.14565211766228764,0.14569947844852313
2024-04-17,0.18100007530840376,0.11569386714212763,0.11618444858094334,0.11984004944926203,0.12995881350941627,0.1461497092203903,0.1428108605780885
2024-04-18,0.18090351748548175,0.1143725610157064,0.11695755675101002,0.1184462970205365,0.1291136156489187,0.15183473810691658,0.14303903272247517
2024-04-19,0.18077238159171624,0.10713602388992363,0.11699154595140894,0.11511636740736558,0.12632986439333613,0.15243107611028872,0.14034515283948973
2024-04-22,0.18072109562436867,0.1076999539340937,0.11852718512712052,0.11665585016405343,0.12817517009110946,0.16157309875004033,0.14442316101342323
2024-04-23,0.18066882760007075,0.11563001365035695,0.11945845210760134,0.11863553028626192,0.12900284206298512,0.15392701774352566,0.14115569294002628
2024-04-24,0.1806736511458803,0.12570254756030635,0.12165274250706648,0.12393175460626803,0.13256496876689725,0.14507011447942048,0.1380014838262392
2024-04-25,0.18053837477085444,0.12572444302425873,0.12073594996731372,0.12017046837818651,0.1293024932024268,0.14391045846972353,0.1350268188120681
2024-04-26,0.1804203175192743,0.12061950069802416,0.12103677382278268,0.11744228873174893,0.12720645424608332,0.1469506882844663,0.13370373195578245
2024-04-29,0.18037330002989993,0.1271261482585619,0.11720887114141891,0.11967547600525298,0.12835053867995838,0.13961854862002357,0.13081141611326264
2024-04-30,0.18024921334718255,0.1283180865573935,0.11458359999935398,0.11684398563452945,0.1256289121986403,0.13580049161969135,0.12802223051618855
2024-05-01,0.18038646051936033,0.13751758367982347,0.11769714894551439,0.1289481176105161,0.1372837543261534,0.15532338057090053,0.14876048121192306
2024-05-02,0.18026476472993994,0.13724528513633522,0.11764308830152481,0.12565584420772372,0.1345777050932444,0.15730079827163965,0.146454852566415
2024-05-03,0.18021613582996182,0.13696719490500125,0.11897831270694464,0.12714099115014157,0.13602715995478393,0.1513100985090097,0.1439738364174417
2024-05-06,0.18023428750277626,0.13923626908394673,0.1204087432878016,0.13235574440893638,0.13971950868336436,0.14246415733193357,0.14077394645531163
2024-05-07,0.18020450132322485,0.1445817272324477,0.1220754912575132,0.13445972390646058,0.14093880196774095,0.1349764055790106,0.1376893660608196
2024-05-08,0.18007140077747807,0.14457534989573373,0.12161653820582301,0.1304341195358976,0.13742466770648937,0.13259454275158952,0.1347169085178435
2024-05-09,0.17993801850119384,0.13982269843794712,0.12160189664404823,0.12646113008723872,0.13404499494960675,0.13094949869738862,0.13185801150029794
2024-05-10,0.17983548986219522,0.13874075359079083,0.11827669672461284,0.12463876372647813,0.13217969329634505,0.1262095527248589,0.12910035333754932
2024-05-13,0.1797035693137757,0.12843201806020785,0.11705479594006689,0.12094552326715442,0.1290162712433883,0.1239956773968517,0.12644567935924844
2024-05-14,0.1795710363664806,0.11819944327236152,0.11636986566530892,0.11726219940380561,0.1259628802113137,0.12256394482510317,0.1238944053110383
2024-05-15,0.17945745581068454,0.1179032726315461,0.11602876041492144,0.11508124365174466,0.123907125372672,0.1186956643850888,0.12143687500070104
2024-05-16,0.17947506301065416,0.11958203831353575,0.11762191749613889,0.12152192059021658,0.12869813375609637,0.11088090351953166,0.11907375267523863
2024-05-17,0.17934924513459122,0.11958196792479421,0.11780504819301772,0.1180912309225547,0.12603015153851294,0.11261245911795005,0.11739498712617016
2024-05-20,0.17921892003569054,0.11169008650920273,0.110509957769429,0.11463006781726093,0.12312311724405929,0.11071243953182164,0.11518919464494412
2024-05-21,0.17908832638549133,0.10975493495470995,0.11051237914130461,0.11122822033018567,0.12031035743372932,0.1090192027774303,0.11307042167272785
2024-05-22,0.17896188575191185,0.10460488453021838,0.11017028331241577,0.10826066775971076,0.1177950892363172,0.10667372378070149,0.11103606186986306
2024-05-23,0.17884197830461812,0.10585374797052695,0.11042022650194154,0.10555808171165094,0.11589894952118668,0.10958892526586797,0.11023016339757077
2024-05-24,0.17877175828813385,0.10924584685061024,0.11158851473138974,0.10621027227789705,0.11708602203142836,0.11832038560964417,0.11471857831276484
2024-05-28,0.17868194497607123,0.10717650288988442,0.11209255810101078,0.10614005742307121,0.11665818493744415,0.11350521322766235,0.11261848342580089
2024-05-29,0.1785521648171194,0.10713214651447012,0.1106418624352638,0.10294246682893136,0.11409101764591084,0.1119784318866334,0.11060223826495741
2024-05-30,0.1784778998708587,0.09108611403235489,0.11169129538059856,0.10345389823744412,0.11512989799568833,0.12021921092033055,0.1145725765207725
2024-05-31,0.17839826469357709,0.09457985708200398,0.11054673031718364,0.10356611434327632,0.115771552902196,0.12768880640288524,0.11764456477819014
2024-06-03,0.17834778208318935,0.09433715782385109,0.11155360204774493,0.10647378035380142,0.11755919279566197,0.1212947852821166,0.11542897957245764
2024-06-04,0.17821909782862436,0.08632630160692056,0.10986490380707818,0.10327884982126867,0.11338271679650812,0.11762606196769541,0.11199185091402744
2024-06-05,0.17809107477518316,0.07993765386292244,0.1090335151099533,0.10022684611663227,0.11090011923714597,0.11579053767625064,0.10990564349263242
2024-06-06,0.17809830913262673,0.08856167423762708,0.11140278099300943,0.10760348209771113,0.11607145468731692,0.10822540319490653,0.10790184986948038
2024-06-07,0.1779702826844979,0.08858999198807216,0.10947007296544356,0.10432547141365531,0.11349760370624692,0.1074872180733505,0.10599578096611614
2024-06-10,0.17784491579671963,0.08778166625818351,0.10944211361888238,0.1012577084977081,0.11121087954996194,0.10824550834609169,0.10444522120999222
2024-06-11,0.17772485908665364,0.08800337690051135,0.10941565081534052,0.09890536392139174,0.10916725193423531,0.10557803038607873,0.10266119894621217
2024-06-12,0.1776017459265791,0.08793349421017224,0.10830980821457857,0.09634853778552831,0.10703282599823247,0.10335151143723405,0.10095036716141854
2024-06-13,0.17753708705564045,0.0905080556083658,0.10886087469105206,0.09872158408897701,0.1084012925571815,0.09805167962967169,0.09931042036919888
2024-06-14,0.17741293928227272,0.08131218868984615,0.10845831144116709,0.09603381652544768,0.10622122461740781,0.09622965540358289,0.09773909461050743
2024-06-17,0.17728640398085505,0.08044385471362975,0.10704202052555407,0.09313828800753345,0.10401304454236425,0.09522657448719803,0.09623416684497785
2024-06-18,0.17721817775138715,0.08382123315989902,0.10794286371685329,0.09545694925430567,0.10536264500060775,0.09026425953362197,0.094793454499008
2024-06-20,0.17709675582163473,0.08385579380558189,0.10785258763290619,0.09307466518209553,0.10342044873100079,0.0883383822018558,0.09341481516056184
2024-06-21,0.1769807062126268,0.08525549269598347,0.10784594930617641,0.09085533141418492,0.10208206377922331,0.09147153568288692,0.09335651309491305
2024-06-24,0.17685816674693616,0.08438604325542115,0.10779637795687891,0.08824164845756667,0.10031289520451295,0.09278948273003565,0.09243045687342992
2024-06-25,0.1767462160922673,0.0798550078129094,0.10696609234333992,0.08648206969566637,0.09939061050178447,0.09649497019061046,0.09290174042252357
2024-06-26,0.17663329322336863,0.0782034699328918,0.10714472778907504,0.08517388118281664,0.0981671815270041,0.09370730361485287,0.09160553814123083
2024-06-27,0.1765092543667429,0.0781431655373847,0.10702242471455659,0.08272169401205333,0.09631743293846119,0.09241096076611098,0.09036646302213519
2024-06-28,0.17638615201456,0.07119223138462515,0.10598424072683643,0.08043554668206886,0.09458215474246567,0.09096446911882507,0.08918250798471106
2024-07-01,0.17628070207419252,0.0673611280498582,0.10645261830700037,0.07947209434378158,0.09438130243199633,0.09559985629529774,0.09059538722671742
2024-07-02,0.17615950640768638,0.062221459915463045,0.10293382212903886,0.07746555543219917,0.0928117045188312,0.09381268195901568,0.08940121000971225
2024-07-03,0.17607613945157274,0.06442548227031256,0.10176602969140047,0.07953360291060997,0.09385421083663639,0.0895387042137029,0.08826055311127806
2024-07-05,0.17596920900460516,0.06481367278084602,0.10200309212714607,0.07903897400114776,0.0880229111972718,0.08233380061113414,0.08276106255020034
2024-07-08,0.17587478615870522,0.05584058454157778,0.10245161532267733,0.07984450439685153,0.08824664804361121,0.07881722497576298,0.08160260383660747
2024-07-09,0.17575230956427298,0.05543143105246686,0.09976546389622344,0.07754201002896277,0.08642614208377654,0.0776303895119324,0.08049769589783715
2024-07-10,0.17562985162288225,0.05424732085130758,0.09892967855547953,0.07527483611580843,0.08467479024646962,0.0765619580524575,0.0794443505184631
2024-07-11,0.17559726043103693,0.06076436807576573,0.09538816524072849,0.08250346378232454,0.08988963362303265,0.07123884195602427,0.07844062219920112
2024-07-12,0.1755566444561677,0.0724943936326025,0.09322110018024858,0.08673271235647849,0.09490690649237936,0.083215603287551,0.09025410148321421
2024-07-15,0.17546919407756126,0.07060502837890267,0.09339454147979778,0.08759413912002932,0.09513023927788834,0.07941789815770639,0.08876057515030408
2024-07-16,0.17535271195386082,0.07067410700616691,0.09199661759267364,0.0855962592751313,0.09331070430958112,0.07743306288810906,0.08733239486023514
2024-07-17,0.17526127345201475,0.07189751385729977,0.09195268870392606,0.0861327486085574,0.09332900887349964,0.07396010242979575,0.08596733816010921
2024-07-18,0.17534755133926586,0.08876699530438596,0.09520251931281755,0.09973105866621965,0.10709720342535174,0.09433065555184683,0.11224018930879091
2024-07-19,0.17529131428662126,0.09379498621705715,0.09605511807950652,0.10120474156163084,0.10929596536818316,0.10406982058792842,0.11743127194682362
2024-07-22,0.17521937569680945,0.09660345798434729,0.09521551203205827,0.10146240291231329,0.11024629315839021,0.11200159756221895,0.12041411506910037
2024-07-23,0.17519601420158584,0.1025514650803263,0.09683911646433592,0.10622661484582682,0.11342201535228527,0.10550645313036768,0.11770742633966394
2024-07-24,0.1750791615145316,0.10181034484695076,0.09641269419288329,0.10317093186070478,0.11093504665162203,0.10654967730322533,0.11557852236322375
2024-07-25,0.17548409229628686,0.13128822180174146,0.10718138465117948,0.13330818733968125,0.13991402606318773,0.13897426254416023,0.1630984473648193
2024-07-26,0.17539420235784295,0.13227688021820513,0.10783712317946509,0.13082550291182835,0.13796417861887642,0.1437696933589468,0.16148342296102355
2024-07-29,0.175389514872375,0.1386548307958448,0.103993831044955,0.13410806845613263,0.13989247240437694,0.13585412844735445,0.15730590102922964
2024-07-30,0.1752693879999579,0.13794076515727538,0.10355333210944466,0.13004266851038623,0.13607200371571176,0.13331065337313824,0.15327246815919363
2024-07-31,0.17517857205068343,0.13890444993553047,0.10309395806766178,0.12761090351373364,0.13422173616823072,0.13810742255317565,0.1520228168425935
2024-08-01,0.17530650655557328,0.14901793519947656,0.10515835068049485,0.13893315621912164,0.14314711931965465,0.12800995341210455,0.1481730279467613
2024-08-02,0.17539423901009835,0.15644004048772417,0.10812999218264537,0.14552076974366374,0.1502510536138629,0.14579356844867744,0.16249013885917235
2024-08-05,0.1756270269263417,0.16663234814408406,0.1152947928229212,0.15857775867676963,0.175310088250013,0.18646025332423638,0.19772714449861511
2024-08-06,0.17635253810417262,0.19190783725313915,0.13038293269843662,0.1909525283455605,0.21086500108045267,0.2293640635208565,0.25245462811063124
2024-08-07,0.17630977301917014,0.19660851891844913,0.13121491460707393,0.18857429081596302,0.20616495491777143,0.21806393382221897,0.24376517513573193
2024-08-08,0.17623760380276804,0.19085796250893414,0.13193493735419484,0.18466762395216754,0.2009710734371156,0.22143270414226315,0.2387430256255658
2024-08-09,0.17662114596180953,0.2124224071207808,0.14017199938242056,0.20034040428876737,0.21543870374629343,0.20494017772801099,0.2306116269144017
2024-08-12,0.17651759716450846,0.21150876328367207,0.14014970437897242,0.19499260315428377,0.20796815199963578,0.1969133510902676,0.22281363942511903
2024-08-13,0.1763983200530067,0.21093931577783243,0.13790750729551512,0.18906338157386,0.20025098928170895,0.19091480440242958,0.21533734623039877
2024-08-14,0.1765288295330991,0.21963271698097406,0.1417728048637175,0.19413807570735356,0.20399468562531473,0.17868365704495726,0.20817146620892174
2024-08-15,0.17641731380983602,0.21555584768207242,0.14186451457326044,0.18862320055669954,0.19672578371777433,0.17250135518164209,0.20130513479580414
2024-08-16,0.1765685310291776,0.22338247043874587,0.14588725169899386,0.19464331780610894,0.201805399390904,0.16089937755339345,0.19472788524562645
2024-08-19,0.17645311040565004,0.222032022844888,0.14587771879863048,0.18891495735851074,0.19447318062627025,0.15594991092417654,0.1884296303059488
2024-08-20,0.1764151201681513,0.2216123264258937,0.14676272586339809,0.18689519645274805,0.19105448780026754,0.14820288410305996,0.18240064440447826
2024-08-21,0.17630079296697265,0.22161969103330798,0.14584768309423038,0.1813118969412995,0.18437300516642802,0.14750231135338585,0.17700209925963314
2024-08-22,0.17619154132914644,0.2040534317505876,0.14547931482147733,0.17629561225879964,0.1781056409930224,0.14266953804928292,0.1714676564585478
2024-08-23,0.17613884869564136,0.2054724428534828,0.1466174603799002,0.17362824184845976,0.17552430266434302,0.15181953126299472,0.17246131038240523
2024-08-26,0.17612105422205457,0.20513042205089527,0.14700608104763876,0.17333501409473018,0.1743915024934284,0.14382658978312068,0.16712579124988036
2024-08-27,0.176011045033666,0.20561085242908408,0.1462949811835705,0.16830999227474383,0.1687276409187625,0.14446068455444358,0.1627821556837091
2024-08-28,0.17589471084656483,0.2041356218121387,0.1453812661964723,0.163269912663127,0.16284626751502615,0.14062699247995747,0.157875957606367
2024-08-29,0.17581446838707185,0.19843287178233715,0.14607641532872725,0.1598974884331225,0.15961371741493838,0.14665310750579436,0.15708114975050821
2024-08-30,0.17569777847625717,0.19051997105010354,0.1460890401234855,0.15502675864355245,0.15416638114965708,0.14348748913086096,0.15244324689656819
2024-09-03,0.1756607272077705,0.17689050720644436,0.1454227589766231,0.15481961650545198,0.15355350183977634,0.13631024691439073,0.14800485788790768
2024-09-04,0.1759621835291042,0.15798175482657828,0.15198012902596994,0.17010065549558792,0.173774248726128,0.16997539784553467,0.18562659794476774
2024-09-05,0.175851359607096,0.15744168937518196,0.15203284625648586,0.16511062206702543,0.1677334786894667,0.16877270242930287,0.1800967883512028
2024-09-06,0.17574265585415635,0.1547689634862828,0.1520708442732633,0.1603598626423141,0.16214634781499487,0.168247614500414,0.17501907374458656
2024-09-09,0.1759063273245907,0.15062205329440365,0.15611185102393335,0.16868617005333875,0.17385602383501728,0.19235402117011155,0.19543756390229003
2024-09-10,0.17590123331193716,0.15456434173740674,0.15688309658916502,0.16924262779605856,0.17341080112711957,0.18153573388519215,0.18892682950206413
2024-09-11,0.17580044401683936,0.15491089266019106,0.15706844725383656,0.164958600184494,0.16768674369897735,0.17423843310821605,0.182704003039435
2024-09-12,0.17577684956845127,0.1484041820547748,0.15839017177236117,0.16483330739802696,0.16671067767601389,0.1647934720852599,0.1767587293154425
2024-09-13,0.17572217672139678,0.15050146058127592,0.15848690778693722,0.1631335852596172,0.1640114825046971,0.1566242747107498,0.17108102449547383
2024-09-16,0.17562885536055708,0.139554169007274,0.15873214840719826,0.15946242679707034,0.1592199127575095,0.1502473604676453,0.16566125676264554
2024-09-17,0.17551495831202948,0.13947854833543805,0.15860078677049358,0.154711169946336,0.1535153499827801,0.14581738676670952,0.16049012745295246
2024-09-18,0.17540020515149587,0.13558316934837839,0.15855086628935308,0.15000645516264238,0.1480796086283055,0.1420733949236995,0.1555587359125819
2024-09-19,0.17529632506538997,0.1359242171619959,0.15852234572595633,0.14589317231095997,0.1438227212229783,0.14378040049978977,0.15207523616748428
2024-09-20,0.17544188130385682,0.14818224798480661,0.16195111302860254,0.156239001568125,0.15589843989803032,0.13300640344662043,0.14753942647754506
2024-09-23,0.17533194834068308,0.14491481836841086,0.16203341121654832,0.15162842442184354,0.1507132259307386,0.1331636538798426,0.1437406170770831
2024-09-24,0.1752219503109003,0.140763183277062,0.16206373288164533,0.14733004495381957,0.14561655531775944,0.12910800830778785,0.13960466981884834
2024-09-25,0.17511368448501716,0.1403922166136676,0.1618141526532847,0.14327438505786794,0.14088868216631933,0.12508185774993322,0.13567052626283904
2024-09-26,0.1750065397589553,0.14088026109103713,0.16192104827479795,0.1391741401101802,0.13671047679748055,0.1263793102186286,0.1327705603210361
2024-09-27,0.17490485343489257,0.13893056479428492,0.16159037831291598,0.135812111070267,0.13289635885655307,0.1219966993581696,0.12917547747631325
2024-09-30,0.1747949631663402,0.13923463078700904,0.16147146948492994,0.13179541531368558,0.12890274858642306,0.12222105048011102,0.12621189421992984
2024-10-01,0.1746939588570933,0.13626788782178867,0.16127562822196578,0.12872692407631037,0.12558013864877152,0.11800690269595158,0.12294966542475808
2024-10-02,0.17466315035892632,0.11659965366073771,0.1624722939180907,0.1295753650174792,0.1287110663303635,0.13109528530628806,0.1310570796848417
2024-10-03,0.17455057341469996,0.11588699599113617,0.1624693495443022,0.12563868624115754,0.122616492744163,0.1269368265751106,0.12498184576674315
2024-10-04,0.17444289226843496,0.11561525765119329,0.16134299525406676,0.12201847934234555,0.11921305439049644,0.12753244386766924,0.12228381006883615
2024-10-07,0.1744005324396358,0.09495179921734274,0.16124492798108947,0.12346577525081659,0.12116714054043551,0.12075727794565151,0.11901161136735953
2024-10-08,0.17437157488847044,0.09916011865437238,0.16198624797061703,0.12475938052908954,0.12505149261131815,0.13400808757040844,0.12839104398088377
2024-10-09,0.17433548529648502,0.10230744363720977,0.16299380694285182,0.1264255569613113,0.12689158755849383,0.1267662329961216,0.12477445335517624
2024-10-10,0.17426293300455103,0.09953622365280905,0.16314969994572498,0.12549817940690583,0.12565708957991695,0.1209623615784345,0.12136079286884767
2024-10-11,0.17415587850846762,0.09760803663350388,0.1604122376753675,0.12186516366912054,0.12202686107433425,0.1217147790954454,0.11883974114813065
2024-10-14,0.17407315933112494,0.0980141172195089,0.15981833046133373,0.1204252402171096,0.12033306355609094,0.11655274831475249,0.11576563219102157
2024-10-15,0.17401739725584023,0.10065238737615703,0.15971984277048473,0.1210101830725458,0.12102285778518601,0.11067292804590916,0.11287094415226913
2024-10-16,0.17396874427627557,0.1064381725406905,0.1595845901727967,0.12115135759030891,0.12308882093473093,0.12220896789013272,0.1200749757871606
2024-10-17,0.17387212029299956,0.10540307919478539,0.1596637226066267,0.1186702536422447,0.12014561846212493,0.11774251347720649,0.11692947779720483
2024-10-18,0.17376173628801725,0.08921276743207308,0.15192011151457205,0.11505556446559002,0.11637632890520429,0.11568478600759152,0.11398792354163868
2024-10-21,0.17366211261675135,0.08901762444028853,0.15139083805132256,0.11254879149561395,0.11361373495548467,0.11173308440464717,0.111198194119908
2024-10-22,0.173556030149321,0.08957214192384015,0.15014757510537674,0.10930680008196926,0.11072146746059222,0.11273460062657217,0.1092626346196256
2024-10-23,0.17344702052441915,0.08956036224690012,0.15018629583074117,0.10599700037394533,0.10764992866035024,0.11188948933261327,0.10691336864636414
2024-10-24,0.1734215357282639,0.09605374586411783,0.1511445603993682,0.1087363958507254,0.11341089392524029,0.1258267046417655,0.1184835815723301
2024-10-25,0.1733147727500832,0.09545510952846815,0.1478600326696581,0.10575872325310293,0.1101882896991385,0.12215475308429201,0.11543012993790014
2024-10-28,0.17320601305970676,0.09521756300928905,0.14450916170362377,0.10254567690758075,0.10711023188862892,0.12058280832003014,0.11265367645189582
2024-10-29,0.17310338972711287,0.0948472750201319,0.1385419546911889,0.10014574257774263,0.10461848814226073,0.11674278091365534,0.10994333245490939
2024-10-30,0.17299576945108863,0.08783831077962533,0.12294087154421499,0.0972986184828516,0.10185331268004967,0.1137280608446337,0.10739594037951966
2024-10-31,0.17289802004451466,0.08906536039856151,0.12244571039202644,0.09506516854331143,0.10060905931389835,0.11692058289118248,0.10694179560612664
2024-11-01,0.1731558847659457,0.11506669355844378,0.12897242235977727,0.119604956421197,0.13267275664546246,0.15100330757184702,0.1565840947240455
2024-11-04,0.1730606167308184,0.11125719720247856,0.12109159438351534,0.11711675771716001,0.12918971051690967,0.1452555302431571,0.15146245026449093
2024-11-05,0.17295827391900032,0.10654091368552615,0.1211195061404446,0.11385739966102047,0.12564256020597342,0.14560120424520395,0.1473774627266059
2024-11-06,0.17297434538237547,0.10993386205852251,0.12314948499822043,0.11998525838647572,0.13126256593219754,0.13642476475340776,0.14273764066267164
2024-11-07,0.17340850914112554,0.13885000704075945,0.1286340165145582,0.15126577952710174,0.16450959898564296,0.12191502489160755,0.1383450896249522
2024-11-08,0.1733483401489448,0.14022628610539387,0.12922213112104713,0.14970772061785795,0.16127303033059293,0.11586986680282095,0.1341897330700885
2024-11-11,0.17325391713497976,0.13967673981368003,0.12524940852488914,0.14612101611480383,0.15611020020553906,0.11169635332582145,0.1302618051043152
2024-11-12,0.17314635274532617,0.13751366095921805,0.1252397995051009,0.14171803731393598,0.15044510893045895,0.10932227887997907,0.12655183126191974
2024-11-13,0.17305031039361163,0.13441501821429627,0.1243880136032846,0.1379306692481546,0.14603412470752206,0.11290999839002257,0.12476006912941144
2024-11-14,0.17294292625541233,0.1340249196427239,0.12426142685744161,0.13374208474922944,0.14091831955526388,0.11071034889043906,0.12136074878780435
2024-11-15,0.17287860016201712,0.1367735030567411,0.12514236196948206,0.13205636448644362,0.13957691509316034,0.1198579259027657,0.12471281341805777
2024-11-18,0.17293007811178196,0.14467831959653477,0.1270433523153885,0.1373794609326375,0.14703416317114393,0.13997243311435656,0.14367955212337902
2024-11-19,0.17283522098842094,0.14517498509408577,0.12561515458396025,0.1341438119244601,0.1426074959471806,0.13481702637456935,0.13923654119481116
2024-11-20,0.17273778762121145,0.1455692224543937,0.12556363891094147,0.13083172843333443,0.13825924104810913,0.13011471190918633,0.13503278903223448
2024-11-21,0.17263126832455017,0.14094493046817722,0.1255661860128607,0.12685290905079197,0.13358254683542145,0.12723306623570907,0.13105963880847862
2024-11-22,0.1725466985366757,0.14172002651769647,0.12509728521057517,0.12474723657732152,0.13071363746515433,0.12206511569493866,0.1273051480328514
2024-11-25,0.17244684035057764,0.14172715631620927,0.12514491124010904,0.12154594573614723,0.12687061789135712,0.11820883213190846,0.12376130073562279
2024-11-26,0.17234861989915526,0.14177763807056395,0.1240131567281553,0.11857908355122161,0.12337420552457679,0.11438214964191372,0.12041910262992404
2024-11-27,0.17226318447760539,0.1424077667828242,0.11578984738075801,0.11674567575701848,0.12111605451328927,0.10984957309517518,0.11726980727653441
2024-11-29,0.17216853946608046,0.14240983951257824,0.11593535140891455,0.11380071580793363,0.11854434668375423,0.113287714985956,0.11606532451197327
2024-12-02,0.17209275339103425,0.11888416478355512,0.11604695679172151,0.11294707132181026,0.11742763878963143,0.10833282485571584,0.11317166036952185
2024-12-03,0.1719891004538727,0.1188461580049569,0.1094980685865077,0.10972782747263482,0.11338985754997585,0.10538713752299285,0.10974408726475031
2024-12-04,0.17188406895670794,0.11775554414086652,0.10781146152385915,0.10640036380000918,0.11012031686895647,0.10361303760194246,0.1071433634028609
2024-12-05,0.17180866682012333,0.11346242365207916,0.10806997694964496,0.10594693472925376,0.10960087140962783,0.09891148481235808,0.10470431270661439
2024-12-06,0.17170801976076364,0.07810928248089147,0.10682430108826582,0.10291848521323484,0.10709679497449587,0.10067304909345276,0.10317739611337325
2024-12-09,0.17160534730707425,0.07441124846013042,0.10587041894961877,0.10005507399298409,0.10432477471673307,0.0983275022911662,0.10098982659660694
2024-12-10,0.171529267190597,0.07640701896745457,0.10643109850542047,0.09905213803190617,0.10489169581793013,0.10591251244022826,0.1042793229167936
2024-12-11,0.17143655421380932,0.0774764162439054,0.10681164907303972,0.09679257951515001,0.10357368679639067,0.10976354138089428,0.1041649411049886
2024-12-12,0.17137962917699087,0.08055714051954836,0.10762589297623483,0.09854091615750953,0.10533188059589466,0.10403892466317399,0.10191419186562489
2024-12-13,0.17130400526829107,0.08336912080849157,0.10809180237151557,0.09761723628845863,0.1058069842826283,0.1113734328750606,0.10510526907600294
2024-12-16,0.1712007971891949,0.07922356959887993,0.10301041933701603,0.09464657638883509,0.1031053557393732,0.11033799935497542,0.10287419610080996
2024-12-17,0.17111024412705378,0.06109379029432775,0.1030615658662099,0.09325340776760972,0.10161131316302974,0.10637118696672603,0.10070610170037755
2024-12-18,0.17102571109449013,0.0638486026373097,0.10357336013031515,0.09182097135200343,0.10139432107869002,0.11187068037530952,0.10228503324898035
2024-12-19,0.17173343463419644,0.12707100723416886,0.1212054015745318,0.14613556117408538,0.16604341685577062,0.16836114361087404,0.20317267488238958
2024-12-20,0.17163055070744965,0.12704789611514472,0.12108945524300216,0.14168871367274177,0.15981035765455692,0.16487191730496914,0.19565467287339136
2024-12-23,0.17164567019070118,0.1330546954593975,0.12317987970607513,0.14509455047045658,0.16139506819952865,0.15448419804715832,0.1884473705886087
2024-12-24,0.17156971244595143,0.13433937474232643,0.12358702550578485,0.14258858161805338,0.1569688737615205,0.14767023994623008,0.18159473562168169
2024-12-26,0.1715669370111695,0.1395210025308395,0.12523461967310118,0.14484330949572194,0.15768111363847484,0.13856532494707774,0.1750826125399129
2024-12-27,0.17146430779963923,0.1384124858755362,0.12356461237998408,0.14043103751116512,0.15186259263257015,0.1359319346750733,0.16891583541776015
2024-12-30,0.1714677295945302,0.14325071226668362,0.12580741331315148,0.14217273978298095,0.15444223849229524,0.15090661566151795,0.17526507544355635
2024-12-31,0.17148860357433499,0.14655154916844343,0.12818488175256104,0.14480765906770504,0.15801038850263138,0.1665615051187384,0.1827842347766432
2025-01-02,0.17140077162601347,0.14644976605709603,0.12726826419098677,0.14110712172943504,0.1533689480727597,0.1684020737862159,0.17785447234324786
2025-01-03,0.17130588266259583,0.1463592737547288,0.12587577210481568,0.13714165298922987,0.14772643658817117,0.16783852110839168,0.17078657074175904
2025-01-06,0.1713315218722757,0.1522911700823581,0.1269441491720159,0.14157397449306566,0.1509310166925662,0.15658642509738088,0.16533246409681215
2025-01-07,0.17125437986982048,0.15419444268014468,0.12671925438267861,0.13907671613515862,0.14767287713852792,0.15014552640764625,0.16014363505411644
2025-01-08,0.1712731606754621,0.1582816573577915,0.12897051741279494,0.14182329996668475,0.1511951282387572,0.16499525250305816,0.1685001555567026
2025-01-10,0.17117247008836897,0.1579361618220903,0.12847238864607433,0.13762008325658087,0.1465423759565864,0.16105504256917835,0.1631568974746661
2025-01-13,0.17128573863413585,0.16573629048418095,0.13134000383376093,0.14603858697762218,0.1561026980104766,0.18169980016407103,0.18078743345661388
2025-01-14,0.1711854805019394,0.1625103500751433,0.13037640695487832,0.14171796270017045,0.15120980660440916,0.1769963119774696,0.17485404081072867
2025-01-15,0.17108507987287128,0.1624684645430196,0.1301084732579915,0.13750477601956637,0.1465496951402437,0.17261062592638032,0.16920394808057546
2025-01-16,0.17125836158346597,0.17709571250322684,0.1352951923512608,0.1509171070074792,0.15868045416320675,0.1575738998689699,0.1638265152844743
2025-01-17,0.17116218370762953,0.17613972023273466,0.13518183181458482,0.14651050241581726,0.1539932122850873,0.15792981133205974,0.1592584672688856
2025-01-21,0.17114128655200878,0.17998171812431732,0.13658082026836896,0.14731417351768475,0.1538514511921958,0.14865941005808742,0.15436872862863393
2025-01-22,0.17110621236201526,0.1451103101356577,0.13771011265011238,0.14719451478948692,0.15288246261951294,0.14032589671043363,0.14972286260570572
2025-01-23,0.1710287256332393,0.1455917751347576,0.13654775278737538,0.1443747528985662,0.1494327739591621,0.1346048267649722,0.1453115261376404
2025-01-24,0.1709498962661375,0.14136176464143307,0.1368452327439402,0.14157626607524312,0.14609904510576813,0.12920285313766297,0.14112566175487787
2025-01-27,0.17085956843371627,0.14122007403174383,0.13705069794481564,0.13773185204093555,0.14243739493252913,0.13212147460505927,0.13843261888451003
2025-01-28,0.1709435968971379,0.14594770068776663,0.1403884261236833,0.14442034957953012,0.15070187700543672,0.15248823031038342,0.1573354210561632
2025-01-29,0.17090075782479075,0.14919427162526702,0.1413249885490467,0.1439516618350379,0.1494693221045368,0.1443671838084364,0.15254124719328033
2025-01-30,0.17082190014627166,0.14485342518781646,0.1415220319694391,0.1406506127457362,0.1463926383068157,0.1490068321143639,0.15051836540398625
2025-01-31,0.1707430004071079,0.13849246080003738,0.13533038763841623,0.13795354081476285,0.1431907680871806,0.14312154781165007,0.146066664837529
2025-02-03,0.17067216799864202,0.13943827581657042,0.1358107501206658,0.13534239898399328,0.141048022876384,0.14906482040442226,0.14544549572332105
2025-02-04,0.1706170569702866,0.14179529834966428,0.1365814391006895,0.13380294404453597,0.1401589209854609,0.15687996712204902,0.14681724411384714
2025-02-05,0.1705515370180468,0.13705323215551773,0.13513367438418675,0.13232326553094995,0.13806656469847625,0.14898019497791423,0.14221696315397295
2025-02-06,0.17046361682854427,0.13637617176915862,0.1257064673905966,0.12925726381961042,0.13479493291116634,0.14416101350660834,0.13824248264763866
2025-02-07,0.17037254356878354,0.12890156032015984,0.12495440742257981,0.12604623837215362,0.13149488498531003,0.13990479457619293,0.13447233429978267
2025-02-10,0.17035288028449166,0.1343499451647505,0.12618480770716103,0.12728435804371308,0.13385200760406718,0.15145081399773877,0.1412153475242766
2025-02-11,0.17028872247510468,0.12113087437811922,0.1269069076502689,0.12620053436922116,0.13236887208660492,0.14470354023937618,0.13729211633146346
2025-02-12,0.1701903424431511,0.12120954746448113,0.12671656363271847,0.12239169145379943,0.1287392363400614,0.14228214656246102,0.1335712227920134
2025-02-13,0.1701035853937839,0.12263662763796963,0.12692353535336776,0.11932249333525592,0.1262891863130499,0.14516503169708322,0.131611935700207
2025-02-14,0.17009269481539402,0.11161801887083905,0.12787079717650016,0.12275534124635527,0.12907129250623842,0.1361507931542711,0.12818886210415453
2025-02-18,0.1699949080262015,0.11106732377462554,0.12481809184408955,0.1190158720121356,0.12565338946142748,0.13486396321166585,0.12497846316567926
2025-02-19,0.1699022963993239,0.10661995440535972,0.12470788618894564,0.11595347697786731,0.12269307080691665,0.13129514776683965,0.1219114026106827
2025-02-20,0.169807674465941,0.10252276497599379,0.12460623861678986,0.11279334724348285,0.1197519017859353,0.12824205867281002,0.11901230520948963
2025-02-21,0.16972837748983566,0.10234230167347498,0.1250045426390015,0.11054723133956351,0.1184160168785934,0.1329545744855639,0.11902256252267819
2025-02-24,0.16989328599149175,0.11758853729935273,0.12976612302345394,0.12613806948365133,0.13568270974233798,0.1571934187044655,0.1513367374279356
2025-02-25,0.16981708957670102,0.11812263142243697,0.12999903563966986,0.12356877276566797,0.13355453422142186,0.16138470530229873,0.14946972643272774
2025-02-26,0.16974471079853964,0.10854517624413038,0.13023446659069066,0.1213549653213506,0.13184273172724992,0.1660086475261044,0.14817988876744115
2025-02-27,0.16964769118322562,0.10332210960785651,0.1297842982765425,0.1176743695263523,0.12824376618658662,0.1629789367024736,0.14390349576898978
2025-02-28,0.169778287548556,0.11598954682305487,0.13368648750209125,0.1298796937725356,0.1414814385798784,0.1838136999150043,0.16660072831503772
2025-03-03,0.1698766746997922,0.1288734162503848,0.13698527539272173,0.13978127397180584,0.1496420139820813,0.1700363294756267,0.16142100972662796
2025-03-04,0.17005159595397762,0.1411465641935694,0.1414657587303634,0.1516822340005351,0.1623723853104853,0.1929265770729485,0.18525684533856063
2025-03-05,0.1700810547098905,0.14478155373203525,0.14335526717190128,0.15409573995013295,0.16504461463816514,0.20608957501381003,0.19159080790729288
2025-03-06,0.1700746028431355,0.14856799699821335,0.14458157493951138,0.15513650332844628,0.1647054656746125,0.19456247183977274,0.1852385294505496
2025-03-07,0.1702548249439256,0.15757298382967747,0.14878935943365254,0.1654921765129899,0.17783203646635307,0.2166326716271235,0.20754771904588312
2025-03-10,0.17018114898310657,0.15884288463537247,0.14927616505351324,0.16192403097515498,0.17284683690353791,0.20810477167757158,0.2001958000966987
2025-03-11,0.1706956731942339,0.17932553640322482,0.15818014369983036,0.1880776605373309,0.20112710213954219,0.24321278711977098,0.24631418544494574
2025-03-12,0.17066183324412124,0.1759287975455424,0.15881277805463537,0.18519089854707596,0.19729633952309736,0.24900165851095477,0.24222253366568255
2025-03-13,0.17058588273870312,0.1783353821456235,0.1583045959080626,0.18073098832074155,0.19111209912587754,0.2392429130937456,0.23326602245832745
2025-03-14,0.17064554002585175,0.18139179972181924,0.16003595882561839,0.182731104645556,0.19305618034517694,0.25238291847656086,0.23773211445638803
2025-03-17,0.17089240336931724,0.19545353119457942,0.16629982770629378,0.19452062091320727,0.2034202618288484,0.23216733774055676,0.2289805721930487
2025-03-18,0.17084097941468787,0.19939543682514907,0.16692041917337322,0.19096369753900735,0.1981100575990089,0.22152233130866864,0.22063069463157084
2025-03-19,0.17084843915351702,0.19944784150173692,0.1680111317801198,0.1898565540360411,0.19668152499079566,0.23188749821788027,0.22189281207295894
2025-03-20,0.17084430285623572,0.2053945164655259,0.15878950258027563,0.18888146560144214,0.19416606354484012,0.2190998229933044,0.2138705549210535
2025-03-21,0.17075719970968065,0.20541401496763054,0.15886804390488163,0.18347230568710485,0.18775911824953948,0.2184700839592588,0.2070553512399147
2025-03-24,0.17066145798127524,0.19960151854805092,0.1567310438906152,0.1778876252785034,0.18109814381641323,0.2135118902773421,0.19972692746272663
2025-03-25,0.17082000336397918,0.21257877394420777,0.16075146140321012,0.18599645534028697,0.18855215027272035,0.19685055266200735,0.19274515489737248
2025-03-26,0.17072780081015138,0.21270240738729382,0.1590483663169758,0.18057231634930399,0.18198478043557167,0.191361119883302,0.18609702911866813
2025-03-27,0.1707575491895093,0.21581178319229852,0.16071715955234964,0.18112134207836653,0.1830912489600537,0.20478283708273284,0.1928107091073934
2025-03-28,0.17066978487959353,0.20946221732105852,0.1594941724039575,0.1759070088206391,0.17718489627998732,0.20444911713286812,0.18695449256733554
2025-03-31,0.1709202434026303,0.209568610628539,0.16296220737725248,0.18766626050236973,0.1912265470441557,0.22955472455442277,0.21466804982191326
2025-04-01,0.17085829235654706,0.2050784833480533,0.16358437214628582,0.183811909262215,0.18604910055152368,0.2197065666968642,0.20698210712575602
2025-04-02,0.17076824234413437,0.2022414992699733,0.1636965684679913,0.17855037898029716,0.17968333989491134,0.21296156419912643,0.19965683894405697
2025-04-03,0.17070255883062185,0.19937599778247822,0.1620686119450056,0.17485119283644196,0.17496323260851313,0.20409500281576382,0.1926784001467767
2025-04-04,0.17261393220460639,0.25682913301170235,0.18962556277103376,0.2558494935191144,0.26581174655817885,0.2788565517664441,0.33685777262960603
2025-04-07,0.17529714540060878,0.3212872421372559,0.2219086871055938,0.33667734513109865,0.3834257920377618,0.37619295021726257,0.4899190507074697
2025-04-08,0.17520331543936676,0.3122790537744774,0.2217675761770447,0.3264942676917896,0.36543025844255667,0.3667684767362222,0.4688713954887594
2025-04-09,0.17530737447965183,0.3144174439785687,0.22186666679406802,0.32235362986461813,0.35607076969162393,0.37787194429725646,0.45882506746628166
2025-04-10,0.18372086593583067,0.5021797000235783,0.31261623865811267,0.5142338639677025,0.5850801133027902,0.29112620070924394,0.4390247541029034
2025-04-11,0.1850888266857536,0.5238562310129077,0.3247996196554115,0.5268798209662716,0.5926295434294688,0.3521141496069675,0.49715353159117853
2025-04-14,0.18521772969190747,0.5223474120198036,0.3247105800912868,0.5155190996718291,0.5693496113734297,0.327418069692843,0.4756047914739467
2025-04-15,0.18518174408693022,0.5228844534088252,0.32551712154476786,0.5012359006933444,0.543370071833093,0.3102626124750331,0.4550381402753453
2025-04-16,0.1850871437889518,0.5218420121972718,0.3246699515671316,0.48608827362427265,0.5173596021016543,0.30570747313330304,0.4358177533839033
2025-04-17,0.18536504752654986,0.5246652398868187,0.3266318398379639,0.4791402991972936,0.5033805060052217,0.3302275456852096,0.43862221843916005
2025-04-21,0.18526424268053468,0.5249154947951186,0.32632499518095764,0.464576880423835,0.4791517979883146,0.31943167673801554,0.4197466689646864
2025-04-22,0.1855948891778062,0.5299014269698494,0.328929045238716,0.4598351234203815,0.46960582722279987,0.3456014266924615,0.4271998303402101
2025-04-23,0.1859853832100567,0.5351293647824824,0.3341104056984599,0.4571614343861987,0.46183090217919776,0.31506841078415454,0.4088482600623039
2025-04-24,0.18605470190461745,0.5391188745720211,0.3350698040094869,0.44731112696182923,0.4448788122269261,0.29406124695641567,0.3913404469515129
2025-04-25,0.18627084205642766,0.54460509434259,0.33765287253459364,0.4413400361394393,0.4337104561582211,0.2698737381176598,0.37464006424918483
2025-04-28,0.18620418280775752,0.545435269146441,0.33804949371701154,0.42881640280863736,0.41407625572588463,0.2574503418944625,0.35871243279110165
2025-04-29,0.18610262727153878,0.5406889684962118,0.33778945051094805,0.4157555726059636,0.39435139096161537,0.2510168816286358,0.343524447593037
2025-04-30,0.18602739707603455,0.5406239674533053,0.338037065481484,0.403833543375759,0.3765131191718442,0.2401840846461358,0.329044506054351
2025-05-01,0.18592615939517484,0.5405294534620881,0.33784561980222017,0.3915341857087205,0.35870388405557424,0.23451743361504856,0.3152424394525918
2025-05-02,0.1858585119278144,0.5406546200105814,0.3378833149009924,0.3806053861456526,0.3430665355610365,0.22379945934951814,0.30208944716332853
2025-05-05,0.18591195448760903,0.5101863830267355,0.33928994593292316,0.3734977248807698,0.333334898831427,0.2075553027212701,0.2895580331415541
2025-05-06,0.18583849282970472,0.4570858752425244,0.3393197706787302,0.36280529438764186,0.31908022544083303,0.21202608751457505,0.2800093202075525
2025-05-07,0.18579365268360212,0.45913355370050307,0.33924153916817096,0.3532511231606834,0.26832677142886224,0.20068235860639888,0.25042538736802067
2025-05-08,0.1857039610520323,0.4523427704350486,0.33903131126187985,0.3428798329940472,0.2525631636262162,0.18997930651252426,0.238050625344982
2025-05-09,0.185635566318869,0.2637055516906961,0.3394057713527346,0.3335366249436997,0.23954849558738855,0.17817874135297718,0.22643561244369015
2025-05-12,0.18553727622481198,0.20267767851262558,0.339371732737017,0.32341370500521743,0.22549196235432548,0.17492645930363182,0.21581119968441884
2025-05-13,0.18621762000938685,0.22289044948047565,0.34566986969473185,0.33887102897853294,0.2717923804358381,0.14747143899995407,0.20558316433625465
2025-05-14,0.186145306651785,0.22220135970990404,0.34597307567927493,0.3295496932958163,0.25697483248050723,0.13878926161454996,0.1960043175681949
2025-05-15,0.18604564656935443,0.22093020725541113,0.34592236310712976,0.3195489237926212,0.24139954781128845,0.13430721179983884,0.18704127682480826
2025-05-16,0.1859601803241478,0.19701849098444654,0.34604673930224933,0.3103957637972874,0.22800692267569686,0.1276075729877761,0.1786623376236899
2025-05-19,0.18588578623960497,0.19630882067065597,0.34622050687923467,0.30194604563285055,0.21658037312055897,0.12031661286594458,0.17083734465142877
2025-05-20,0.18578636649748181,0.1629957682210894,0.3444222393843135,0.2927784483172499,0.2040171304877571,0.117057902890452,0.16353756915568718
2025-05-21,0.18569716577008033,0.15141992678794172,0.3443617894266018,0.28416013840884113,0.19360512366981916,0.12221391726633837,0.1586610184474639
2025-05-22,0.18581406984348733,0.16702669868413894,0.3459739364676509,0.28318813832234463,0.20480916856183795,0.159930590607589,0.19022582134361435
2025-05-23,0.1857146774517954,0.1552412843641829,0.34597326764689273,0.27456537885517207,0.19314750461594996,0.15470926277346986,0.18163841036480818
2025-05-27,0.18565323507480708,0.15847540949424968,0.3446821498865315,0.2675208987534985,0.18665299121689374,0.16495880117350362,0.18002725383431367
2025-05-28,0.18585520043702766,0.17081431755502632,0.3458397169182425,0.2716779499382108,0.20548601354765472,0.14582328215755205,0.1721114575881154
2025-05-29,0.18578383828369496,0.17363600904256993,0.3441042679797782,0.26436044355032,0.1967626626436033,0.1544071878415753,0.16968301567591315
2025-05-30,0.18569394662854755,0.17339077649554305,0.34322812117859036,0.25676616181119233,0.1864857227616673,0.14709250184848235,0.16246142892905904
2025-06-02,0.18559682896669044,0.17337516096456812,0.34259843529611467,0.24898202675625644,0.1765157898682477,0.14562797269173336,0.15603915872697124
2025-06-03,0.18551788103857456,0.16785086479665767,0.34063685362687807,0.24238873585374876,0.16905033556298896,0.1377215151974112,0.14975751075666094
2025-06-04,0.18543955288091138,0.1654888814667943,0.340642748004104,0.23604844632141023,0.1623331236041641,0.1302566998041788,0.14391972007877948
2025-06-05,0.18534154186506163,0.1606319460459681,0.33580853029086843,0.22885984324234399,0.15414195865590105,0.12809214575586342,0.13856315055131854
2025-06-06,0.1852631841593898,0.16311837905853485,0.33545919288219933,0.22268218123280678,0.1449585839550058,0.13767484098280272,0.13328010798103973
2025-06-09,0.1852350199303689,0.16464608123719174,0.3358634856532632,0.21956000167234765,0.14693738058280734,0.12695484777309782,0.12833019444820964
2025-06-10,0.1851372547121542,0.1640801900516402,0.3344561048952284,0.21290015622765376,0.13962186084823514,0.12390049620541209,0.12379274394071803
2025-06-11,0.1850592564193435,0.12087983675941683,0.3322241683001205,0.2075884117928279,0.13556916623790802,0.11733985456439328,0.11964114853222232
2025-06-12,0.18496934893180073,0.12047510943294443,0.3320742782867927,0.20156976940854984,0.13077976850541523,0.1214900549065987,0.1179567456706126
2025-06-13,0.18488090922932032,0.12086298494008103,0.3311644399670181,0.19603926333234756,0.12619233846758987,0.11634151558337845,0.1143136847729535
2025-06-16,0.18488017581010566,0.12793886440350838,0.33157562308608635,0.1949755970203059,0.13679207439749222,0.13876543374280728,0.13640825949778615
2025-06-17,0.18484222892300217,0.13031143236188578,0.3319096288232651,0.19262206111359265,0.138610953103258,0.12854326013532394,0.1312018399705024
2025-06-18,0.18480270465680115,0.13439282995637297,0.3325208959799414,0.18968684216985873,0.1411937290358593,0.1441056655799709,0.14046895588461783
2025-06-20,0.18470595071414683,0.1337270471320166,0.330694010633697,0.18390915181489426,0.13450795902463245,0.1414508743411374,0.13498399426727348
2025-06-23,0.18461457950968968,0.11785233863613766,0.3307435646903399,0.1785402289780194,0.1294569094451168,0.1432555688279858,0.13123907896747744
2025-06-24,0.18458187218824357,0.12179321454994163,0.330177457590843,0.1773109251559057,0.1331054752505624,0.13251714943181694,0.12645822620822472
2025-06-25,0.18456585226343733,0.12188144210063288,0.33069511833700055,0.17719508652530072,0.13854213512499144,0.12150416453931875,0.12207901822266742
2025-06-26,0.18446940910873863,0.10101031321480336,0.3276470652901905,0.17181082885421162,0.1320249759216504,0.11899664204482023,0.11807525357628595
2025-06-27,0.18441201835994495,0.09953106258968386,0.32772710557566254,0.1693320662976505,0.1316876171084692,0.11106504562365417,0.11442171782055449
2025-06-30,0.1843304365371239,0.09983683737952072,0.32778654552576925,0.16530630132986932,0.12783324297982154,0.10566948692624183,0.11109416208183462
2025-07-01,0.18424777880959672,0.09940603706556406,0.3277103134303749,0.161345099589373,0.12423996527662236,0.10066895013115823,0.10806929616657196
2025-07-02,0.1841523178596146,0.09918613596614782,0.31002334785650565,0.15643493903867012,0.11927376053343283,0.10057738410144348,0.10543683423996651
2025-07-03,0.18406843247501775,0.09872885402287106,0.2826519434305349,0.15269025493300376,0.11644027231275615,0.09599625547881245,0.10294067950335298
2025-07-07,0.18401202322337915,0.10028405355405576,0.2825557732934124,0.15117748590935715,0.11844706731977156,0.08909812347729425,0.10068403224655273
2025-07-08,0.1839610146155645,0.10323878675864308,0.2806360111353565,0.14940882309980386,0.1221506128196431,0.10476324013543556,0.11233127293772534
2025-07-09,0.18386638479448825,0.09943955165825288,0.1854663710731614,0.1448728851298262,0.11653058615276957,0.1043012259814973,0.10884991753756411
2025-07-10,0.1837929824817906,0.10039654400457847,0.15890756523748184,0.14238180053297964,0.11550712617320423,0.09834123703025258,0.10591899563915265
2025-07-11,0.1837018782978068,0.09958205189112425,0.15586622890606364,0.138479215925021,0.11166688767908685,0.09509226448894359,0.10326724964581875
2025-07-14,0.1836181638485259,0.10003918930126901,0.15570071515133543,0.1349546906127772,0.11024869790309813,0.10190575807585439,0.10449400340715916
2025-07-15,0.1835248842407151,0.09976288106559748,0.1553111575152857,0.13105364110343523,0.10662310795621686,0.0992021558908436,0.10197989763814816
2025-07-16,0.1834460956611431,0.09033499631181442,0.14719646393129723,0.12814308335996408,0.10686342025977795,0.10743424858136563,0.10487415763241505
2025-07-17,0.1833575132730444,0.08629873169295862,0.1471667181371361,0.12491762996193165,0.1043554015946991,0.10335259529492354,0.10232320639110828
2025-07-18,0.18328583098379708,0.07801613915583162,0.13632284028269961,0.12342768254827205,0.10522691005889591,0.09734450225624308,0.10002131775766039
2025-07-21,0.18319262859007107,0.07832004889664007,0.12817490333748524,0.1197014640340678,0.10235282856634828,0.09825049208342802,0.09827991888494596
2025-07-22,0.18310001683951638,0.07616585083227256,0.12550950911926612,0.11628884687597377,0.09963787980235289,0.09572566086472666,0.09638206059301994
2025-07-23,0.1830061671926541,0.07195053337953394,0.11967658535793733,0.11274759504254539,0.09714257098844072,0.09495100765689071,0.09469983293013005
2025-07-24,0.18295802118109258,0.06835287980530115,0.11992533614427632,0.11420865246240194,0.10361219186446737,0.08754375355520536,0.0931701328715457
2025-07-25,0.18286437830169236,0.06843159287779503,0.11992905610815784,0.11073688253279024,0.10061410626526018,0.08675542643366992,0.09180391570035926
2025-07-28,0.18278078959134034,0.06565185083277622,0.11971861805354188,0.10861268167315545,0.09965438254500465,0.08292852782840314,0.0905799190244929
2025-07-29,0.18268778499335253,0.06516647984925385,0.11977225358659536,0.10530842721252051,0.09726096341656558,0.08349824091937383,0.08961337520126042
2025-07-30,0.18260136067473443,0.0659354827756082,0.11980106149711357,0.1026141642774743,0.09681054955892077,0.08899705836048682,0.09112946141561125
2025-07-31,0.18251037078304552,0.06634206559299612,0.1170715556891082,0.09960856994666871,0.09525510785007317,0.09135958295789276,0.09073599984256506
2025-08-01,0.18242992988381654,0.06757875654273977,0.11658456260873687,0.0976694591131629,0.09645307833116455,0.09887279000827265,0.09417000850716178
2025-08-04,0.18253649924786206,0.08671278587138831,0.1207188143786036,0.11414415878085843,0.13256548759673928,0.13693173550885332,0.14856106974723085
2025-08-05,0.18259626240755816,0.09834848786106318,0.1236981750146984,0.12546082400286088,0.14848252564727027,0.12248844403941285,0.14222111481543254
2025-08-06,0.18252497608508497,0.10049156483548191,0.12410956586460797,0.12322597150450319,0.14434949740461664,0.13110524217037467,0.1415833855398902
2025-08-07,0.18246870136886134,0.10183388380856243,0.12450197490794553,0.12312871652202681,0.1421224216648075,0.1230351242024157,0.13607020779717313
2025-08-08,0.18237742592189127,0.10165783892727612,0.10645678898127779,0.11942214492463389,0.13519057444424007,0.12289554939263946,0.13090282341310103
2025-08-11,0.1823227073448173,0.10359858337149332,0.10673253830368559,0.1196881394514198,0.1341380226066775,0.11435642189951896,0.12586832097281112
2025-08-12,0.18223469134407413,0.10411163245476739,0.10696245280465383,0.11629644283816838,0.12861634303932967,0.11706724040764756,0.12244290292905825
2025-08-13,0.1822149388163105,0.10768305164460586,0.10840842456371978,0.12011255229737289,0.133917118027203,0.10664063237267805,0.11814772955378013
2025-08-14,0.18212903239801495,0.10770011889139038,0.10801583662450256,0.11721172019142002,0.12827562721136246,0.10241084452351176,0.11423898566497283
2025-08-15,0.18203731498090406,0.10650230880741683,0.10804889910426556,0.11364155454879188,0.12250059147194314,0.10144432654977835,0.11071648818654427
2025-08-18,0.1819511769068504,0.10707123557995674,0.107875992208484,0.11055502976315378,0.11854217457706993,0.10561579232030446,0.10924083349351693
2025-08-19,0.18185996533367813,0.10717020709167957,0.10099825968949856,0.10719041826347245,0.11387678458206736,0.10512549500974563,0.1062621794472575
2025-08-20,0.18179279485792257,0.10966772344697001,0.10202226875155515,0.10604443360191075,0.11478976645114543,0.1158968985346537,0.11128326319367907
2025-08-21,0.18170831394252565,0.10649175253937974,0.1009001772927639,0.10333168545848168,0.11202612459466377,0.11996249238775382,0.1101576099289471
2025-08-22,0.18163111121108672,0.10760012708053543,0.09336549177596191,0.10139109080694723,0.11113388304999132,0.12671060293011124,0.11141948076034171
2025-08-25,0.18169413904580217,0.11980836533200141,0.09653765648153714,0.11501775384599554,0.133288327660326,0.1122049529622829,0.10813350387164543
2025-08-26,0.18161969241977485,0.12112860877775794,0.09719419929690985,0.11281925786091986,0.13011441738022306,0.12026330340378069,0.11046330727486808
2025-08-27,0.18153842365984812,0.1212362192886933,0.0971948252414719,0.11058727766668444,0.1254228623413834,0.11471890022620078,0.10726773650717833
2025-08-28,0.18144997266494503,0.12108906345394661,0.09683919949016921,0.10758382585349197,0.1201361429054218,0.11100443840980787,0.10437806661482599
2025-08-29,0.18136590427390042,0.12007411898840092,0.09654130295646916,0.1052114660901944,0.11609582548733405,0.10646054491580896,0.10177030988518787
2025-09-02,0.18130422833457077,0.10432153905817572,0.09768165069870806,0.1046090931090702,0.11757159849567428,0.11837777090946029,0.10901669289213489
2025-09-03,0.18125692887567726,0.09657106577725273,0.09852204628571869,0.10543597921436497,0.12152029242216493,0.1328437444971093,0.11929765765700168
2025-09-04,0.18118368303347843,0.09538106889813848,0.09713756512470345,0.10437354912518125,0.1190481685584846,0.12562512382469934,0.11528465914288287
2025-09-05,0.18113656482241047,0.09603214245357092,0.09821424652851173,0.10628409905426665,0.12134263128589862,0.1165006062713438,0.11163816781900379
2025-09-08,0.18105447476860762,0.0969119482826908,0.09818861146775319,0.10365989299312087,0.1172569407812423,0.1193600687969417,0.11008971490840833
2025-09-09,0.18096734915415996,0.09388948196773575,0.09784426145065195,0.10095499482304864,0.11290430362735027,0.11540207029323629,0.1068616108737077
2025-09-10,0.1808799681913875,0.09336513355974939,0.09771193442106547,0.0982914535464748,0.10897030002170238,0.11175950590319718,0.10393702340043734
2025-09-11,0.18079440601839206,0.08671081045692045,0.09422415074608446,0.09595771501141587,0.10575608915520317,0.10780152175550028,0.10129269902858963
2025-09-12,0.18074717832880793,0.0903674406444793,0.09382042838695738,0.098486484005259,0.10996683349650524,0.09955455149386695,0.0989064523874096
2025-09-15,0.1806583229594137,0.0904366749151464,0.09153875901721292,0.09549504427702274,0.10626149548848206,0.0996850362101248,0.09691197057533288
2025-09-16,0.1805852107515875,0.09080361485961146,0.09176385116632216,0.09487194008098129,0.10557364954800579,0.09424302985693418,0.09496395633560216
2025-09-17,0.1804985515552274,0.0911625733631498,0.0915999697841149,0.09213744403837236,0.10287151427185012,0.09670133853396132,0.0940782494114396
2025-09-18,0.18041168354729237,0.08823325616090509,0.09021856681162302,0.08946109381696811,0.10040976742271346,0.09877748425657276,0.09316896075455787
2025-09-19,0.18033488927369826,0.08747808897811085,0.08828679474929457,0.08861824709111099,0.09975087851837998,0.09391482759894504,0.0916070600965277
2025-09-22,0.18025985217163482,0.08523780640992419,0.08855108498563098,0.08805060699129767,0.09950775693333902,0.08902659616650742,0.09020976697577146
2025-09-23,0.18018358252977454,0.07080985057915973,0.08783880453802236,0.08732790611897584,0.0990383624737546,0.08452292806486413,0.08896159167105512
2025-09-24,0.18011940750469865,0.07210387555668053,0.08866871351824873,0.08727333466164722,0.10220405211073215,0.09613372534489716,0.09692102472681968
2025-09-25,0.18004037182600122,0.07351517428324922,0.08884361031494112,0.08551425328378642,0.10154392806337804,0.1022389068112536,0.09826891103622082
2025-09-26,0.17997005424703552,0.07639930284192911,0.08958761923424592,0.08482771715831358,0.10291920041731992,0.11108438388025155,0.10241580171932284
2025-09-29,0.17990078225387532,0.07773771083679598,0.08981549125263497,0.08520708299866624,0.10322852779059596,0.10479088919518413,0.0999193799474626
2025-09-30,0.17981650381363018,0.07321910400824644,0.08878475925201858,0.08333106922900559,0.10064386039036069,0.10122248154141376,0.09766902781659374
2025-10-01,0.17973599529947307,0.06535740683080113,0.08715617507004812,0.08210938348959933,0.09905934665263438,0.0970089262245242,0.09564427138610404
2025-10-02,0.17965407764570746,0.06439837245187222,0.08718644505606865,0.08070316258280061,0.0973850743659886,0.09327985983958235,0.0938257576943615
2025-10-03,0.17956679353817923,0.0599352411651554,0.08663694109195279,0.07837270017864238,0.09494070943992072,0.09162506295968276,0.09219526958508936
2025-10-06,0.179479532492931,0.05785937235225537,0.08660891207092371,0.07598517354428522,0.09289514338303335,0.09146531166342585,0.09079411549815368
2025-10-07,0.17939870523975363,0.05816350602231651,0.0861867252907688,0.07497849928386188,0.08885385587776096,0.0854968307612454,0.08684904385927929
2025-10-08,0.17932362226404852,0.061394325278122434,0.0867829611764396,0.07411000558681695,0.09048127676324551,0.09300217710007913,0.09044159892162218
2025-10-09,0.1792568862210854,0.06321192915574766,0.08655904685130535,0.07550083479297989,0.09254664544773733,0.08731623965626965,0.0888273781943431
2025-10-10,0.1791778271084325,0.0601705820230308,0.08689676421270187,0.0740624569200279,0.09252774396309868,0.09302328883026105,0.09049975472883506
2025-10-13,0.17960649950976348,0.11687440251067348,0.10388756821711995,0.12728461542144176,0.17657870221872135,0.16394347590309044,0.21042992176456218
2025-10-14,0.17966951595324396,0.12800449043170678,0.10806944238530239,0.1370736056983868,0.1836791265176461,0.14741686188162417,0.19935625939116414
2025-10-15,0.17958460340535784,0.12797821011252972,0.10814609829532369,0.13298266188322175,0.17295300214267806,0.14671625691634563,0.18942563880840135
2025-10-16,0.17950839691798284,0.12863500530910468,0.10837018272474137,0.13008201865833283,0.16388699313456545,0.13964423266407644,0.17981271948193428
2025-10-17,0.17945786231748964,0.13028687103444306,0.10838766535589102,0.12886933335809284,0.16007097704860226,0.15077477275376114,0.1782377261267921
2025-10-20,0.17938954034274296,0.13067280687862873,0.10885202214468143,0.12687804675544653,0.15321110969100243,0.14249318389226046,0.16942048528374937
2025-10-21,0.1793695050399621,0.13483021085237426,0.11039737418860099,0.12949012687475803,0.15367707769291902,0.13095409507725791,0.16124098770729503
2025-10-22,0.17928334583772557,0.13309263787190118,0.11038753582715027,0.12554534940290552,0.1452631617597872,0.1287916299074142,0.15370503642918776
2025-10-23,0.1792190715356411,0.13405002195065896,0.11086644768482816,0.12338810905226924,0.14147225094002308,0.13717312534474382,0.1519188678104465
2025-10-24,0.17915290946278367,0.1338999875514036,0.11124588533971387,0.12183124045980999,0.1368387062121688,0.12942106148582638,0.1450397794324883
2025-10-27,0.17910663025933996,0.13530233186316232,0.1117430027444142,0.12231988683120869,0.13575810791503587,0.12030121570915209,0.138687182713515
2025-10-28,0.17910666007915751,0.1403967789522588,0.10762343788912718,0.12715699324181312,0.14185057901953263,0.10884064547069233,0.1328301263670103
2025-10-29,0.17902393787918805,0.14022858286073847,0.10390471385332628,0.12371511516955379,0.13476543760692247,0.10511486129445888,0.1274390027149445
2025-10-30,0.17893826107953195,0.14010795810778978,0.10302867982770307,0.1199607922076019,0.12802876060573568,0.10334395508148804,0.12248554589109542
2025-10-31,0.17894195636860652,0.14690670786014642,0.10539058023616178,0.12391938494135143,0.13801912029285557,0.12633453990353274,0.1423384811797092
2025-11-03,0.1788616419022822,0.1471215109788046,0.10537772710927125,0.12081946090727713,0.1315894463163598,0.12126108687628391,0.1361954342353731
2025-11-04,0.17877753779075106,0.1468466754230422,0.10452140269389892,0.11736588696228956,0.1252458528804387,0.1175794836244038,0.13053547102495072
2025-11-05,0.17879498331355395,0.15296152095409582,0.10772798558237896,0.12277116185969536,0.13936518497345013,0.14210272779051866,0.1522554578504582
2025-11-06,0.1787157154063267,0.1520325101309435,0.10599269790439043,0.11979138851998714,0.13333893955595527,0.13648375566231796,0.14557238245579485
2025-11-07,0.1787152681100745,0.15673733238988963,0.10852022814219683,0.12340806997432766,0.14145389243760773,0.15614530521639297,0.15914384365876497
2025-11-10,0.17863046849596304,0.11992797620765124,0.10851382558079226,0.11970978550139467,0.1344858739052364,0.15215132862845143,0.15191565171757657
2025-11-11,0.1786984296418434,0.12033251203826904,0.11250431593870701,0.13096651737593917,0.1505533724103812,0.13512315895091526,0.14525973539062967
2025-11-12,0.17861575841123978,0.11996400836440378,0.11250310162222504,0.12728841770988292,0.14290534423835066,0.13094563719051533,0.13914134764440825
2025-11-13,0.17853108774061174,0.11952417883692193,0.11169315801825558,0.12342965604500684,0.1358012926448749,0.12861073397655962,0.13352724066498525
2025-11-14,0.1786418600107528,0.13272987893496266,0.11724626118541531,0.13595659617746544,0.15951453128481144,0.16206712336726292,0.17364435774013853
2025-11-17,0.1785576245484107,0.1315497859364417,0.11681695654377193,0.13181634981482027,0.15090570244093085,0.15933455551734044,0.16535468167859216
2025-11-18,0.17853736287004024,0.13067631335661248,0.11479242402544837,0.1328357909562187,0.15299924765608977,0.1745631599659335,0.1713058550400019
2025-11-19,0.17850558618547804,0.13371069934122293,0.11582217305690658,0.1328641122279226,0.1531136727773108,0.18696479881846645,0.1740793078810239
2025-11-20,0.1784290023764974,0.133632868672738,0.11578033254450096,0.12968944784267455,0.1459063529055272,0.17858402064342607,0.16570040492601718
2025-11-21,0.17850924389181216,0.1413370833586337,0.12012854077486568,0.13900702561974265,0.1630567483489304,0.2049347670433956,0.1911575602949372
2025-11-24,0.17848508634713986,0.1430778837349788,0.12159681694658646,0.1402278395986391,0.1615470749117446,0.1899237160051168,0.18150485168959302
2025-11-25,0.17853576689145836,0.1469539809888382,0.12437812186355014,0.14751126564047212,0.16972037065703052,0.1715626921635217,0.17256725775236165
2025-11-26,0.1785045843006021,0.15118206260699873,0.12448212371983217,0.1476200795996121,0.1664836545244688,0.15896704554385446,0.16430312940326944
2025-11-28,0.1784479649939444,0.15362582040112344,0.1247461695992485,0.14561860578206937,0.16043229124836256,0.1493169796352164,0.15667294958191857
2025-12-01,0.17838051604640906,0.14979616258382153,0.12415419792341686,0.1427689901658136,0.1536317064417992,0.14148942081028001,0.1496391359055282
2025-12-02,0.1783139217871704,0.15031627486206167,0.12442098667895754,0.13955342879391724,0.14833460898558037,0.14821309445613437,0.14725927619456416
2025-12-03,0.17823162957049912,0.150312057578611,0.12439497619427924,0.1354936179582709,0.14079477095207482,0.14380532664728485,0.14097825989479815
2025-12-04,0.17815404055397133,0.14411852005013687,0.12447325622813318,0.13205422033738948,0.13461812179938806,0.13810498003723698,0.13521165505443666
2025-12-05,0.17807080536384332,0.1437428829224805,0.12440555004144069,0.12806287795872506,0.12837000269024565,0.13516631107681495,0.1297653062913979
2025-12-08,0.1779889367864391,0.1374651870607702,0.12346021203114681,0.12438103994927836,0.12290038694590512,0.13154805038533204,0.12497627103309024
2025-12-09,0.17791403475136347,0.13826361961381475,0.12368350287351029,0.12115637263836115,0.11963553881043225,0.13577243413897583,0.12288692737068886
2025-12-10,0.17783234174386184,0.1270495700997233,0.12335109443734374,0.11751338763291451,0.11531385939665909,0.13585029444770574,0.11903866120215968
2025-12-11,0.17777431112528594,0.1289415312540921,0.12388676405658074,0.11681555028859669,0.11528870715972099,0.12768588509567622,0.11519350837825332
2025-12-12,0.17769378780736972,0.12912945373977025,0.12385649437022371,0.11361776561640033,0.11136131066534923,0.12398343572908381,0.11169889729567234
2025-12-15,0.17769471015787194,0.12026093733272644,0.1258244850607861,0.11782362930598461,0.12400305100969576,0.14400438113427871,0.1326881420754629
2025-12-16,0.17761485340104005,0.1204908547904196,0.12555784709099158,0.11438520534344294,0.11951712010326318,0.14487478300538634,0.12835234599031833
2025-12-17,0.17753931192626518,0.1154067085587915,0.12540330915024453,0.11140835119615076,0.11641367330534998,0.14795106666879815,0.12557966887446445
2025-12-18,0.17754390980037094,0.11855138806463499,0.1270039108075033,0.11618014964359955,0.12857129222291824,0.16699403351238526,0.14411870214610006
2025-12-19,0.17749450331230432,0.1204904550110226,0.1276732381398878,0.11640499841859654,0.1280215357855476,0.15646972077068655,0.13812999748353036
2025-12-22,0.1774606300389075,0.10700444173689778,0.12844689875793175,0.11823358689816649,0.13002604294486506,0.1450669818495262,0.13263417997736945
2025-12-23,0.17740015465402223,0.10423431114809266,0.1285356758202506,0.11716332319246861,0.12751596904869475,0.13685619695055823,0.12760012887711775
2025-12-24,0.17732907829111139,0.09361051492025203,0.1287124349626554,0.11497589910891517,0.12360541130647673,0.13059402256487312,0.12299795427931459
2025-12-26,0.17725320494665397,0.08931890855784819,0.12868793826674363,0.11230932870736136,0.11935428466859035,0.12561695833516676,0.11879892593821209
2025-12-29,0.17717174706612937,0.08690665758408445,0.12857074548459455,0.10888864811673615,0.11481529780865742,0.12477054903047119,0.11503876224988703
2025-12-30,0.17710101397993686,0.08658276535563225,0.12885001022300752,0.10647700116621307,0.11311375038566933,0.13036634350364446,0.11487206602103314
2025-12-31,0.17702148203912224,0.08478963261156885,0.1288958891707105,0.10334244081970151,0.10969731766645047,0.13134372899703659,0.11199309706649091
2026-01-02,0.17698104669334278,0.08930654473347369,0.1297452991348161,0.10425369987240046,0.1148274198458832,0.14408944059021728,0.12127142968935696
2026-01-05,0.1769009368889972,0.08869996747490899,0.12950441740774915,0.10132869800892938,0.1107959594022359,0.1401255144729621,0.11722587484507926
2026-01-06,0.17684457432143225,0.0916971023657038,0.12963950130902568,0.10159799762638719,0.11146536096896847,0.13173994387317234,0.11354510176899466
2026-01-07,0.17678285282000494,0.09367568185314606,0.12993385563889484,0.1011810187484644,0.11031060350699458,0.12180454711349328,0.10951873380649119
2026-01-08,0.17671097436207306,0.09379096841935654,0.11682151782816487,0.09889613384306442,0.10870711857367286,0.12666376426383777,0.10939569387534742
2026-01-09,0.17663035803235846,0.09367255748756888,0.11293612714527873,0.09588417192439852,0.10522904367481388,0.1253132732890612,0.10642946925451617
2026-01-12,0.176573935443468,0.09365672692350689,0.11349885580028315,0.09645438766693101,0.10658071922235413,0.11769647012031056,0.1036818101365784
2026-01-13,0.1764940223126469,0.09351380135636146,0.11326415246641869,0.09371516320484757,0.1033019463081212,0.11481067975291871,0.10120438645477815
2026-01-14,0.17641758953926917,0.0841140995214281,0.11230687948001934,0.09119226983954964,0.10146181897348486,0.11763022773333823,0.1003841591117436
2026-01-15,0.17635630507282526,0.08631964682698136,0.1124763053242497,0.09045641550293348,0.10335819449784671,0.126072102824554,0.10485925622919669
2026-01-16,0.17627918328475245,0.08547283022946299,0.1107391349821783,0.08833774120371293,0.10088352470594068,0.12177867228626164,0.10226543045629662
2026-01-20,0.17620013869989468,0.07303333820423669,0.11077102418861294,0.08570856816280858,0.09860292719214563,0.12204671882869042,0.10031855180260438
2026-01-21,0.17640258608508325,0.10380455600195354,0.11824717299015335,0.11476462283541086,0.14837539215937887,0.16535047538086853,0.17273024147836014
2026-01-22,0.17640169904296715,0.10692039809630867,0.11993156114860465,0.11997751977543018,0.15180553101136515,0.15150534476651056,0.1643869981750911
2026-01-23,0.17633612426208026,0.10624680377483416,0.11926694111624153,0.11808234049846465,0.1456614552198178,0.14375553909873112,0.1566848038567385
2026-01-26,0.1762561835187901,0.10505921267637917,0.116862548063548,0.11449376503031726,0.13823927972809488,0.14068197399121962,0.14958688325022104
2026-01-27,0.17618990688722713,0.10587283491600372,0.11718737657078183,0.11274845487596323,0.13345285571123552,0.13362126155585108,0.1430541664677234
2026-01-28,0.17611800045833426,0.10671301564577021,0.11744123849395106,0.11040602188104934,0.12831754704576148,0.12786116980634235,0.13705342433951045
2026-01-29,0.17603860181564923,0.1057122826799715,0.11507449789821307,0.1070433253589953,0.12270465738346982,0.12645066095266105,0.13160619770540766
2026-01-30,0.17596308173784772,0.10591816584391052,0.11502783825287538,0.10406880375208284,0.11853270330443404,0.1286731185243649,0.1276580268214855
2026-02-02,0.17589151076736045,0.10263202722632576,0.11518609821043845,0.10156275181629834,0.11565364348162356,0.13271079965455082,0.12518026636625212
2026-02-03,0.1758250924898775,0.10366982474576232,0.11274855324333058,0.10034816591393891,0.11344617330816051,0.12614220853479283,0.12069913677687268
2026-02-04,0.17579767828968207,0.10639619566297845,0.11407759064527093,0.10269640512359073,0.12001327224258258,0.14141927053546524,0.1315359658074284
2026-02-05,0.17573693617969985,0.10549304540295147,0.1122557528148476,0.10133369558958516,0.11908293079304111,0.14842145699656611,0.13157552020446406
2026-02-06,0.17576647258321149,0.11361256585226281,0.11534272055979543,0.10959405960719276,0.13422426720189395,0.16993100117356316,0.1535108350679789
2026-02-09,0.17591258010978342,0.13407993705601146,0.11759137818926771,0.1298276304697532,0.16049722778471434,0.14988099075849684,0.1468250954637482
2026-02-10,0.17584562513105048,0.1330751775453583,0.11788857848557563,0.12726125266219565,0.15335082234327,0.142544104225222,0.14067109592649332
2026-02-11,0.1757730789448353,0.1332649632866033,0.11804527220347658,0.12380971867157498,0.1464916546203511,0.14505571329207403,0.13657216562123956
2026-02-12,0.17569465157442515,0.13309344458730202,0.11269188192904445,0.12004134005856185,0.13928169389588171,0.14286691030761567,0.1313270516791217
2026-02-13,0.17577910457916313,0.14303208049363417,0.11736844360520197,0.13097319185643438,0.1576811162025297,0.17228762415505558,0.16565689380256776
2026-02-17,0.1757005051125553,0.14258430206453276,0.11564340059216828,0.12701276592937977,0.1493169904307173,0.16718192938284812,0.1580296400706673
2026-02-18,0.1756227974654975,0.14282382788224654,0.11417404434005803,0.12330316483195147,0.14180507146064825,0.16159563072935632,0.15099018088937763
2026-02-19,0.17555764986917324,0.12335729281291286,0.1143409142693328,0.12114112889634865,0.13678926721889964,0.1534337242481316,0.14450368775052375
2026-02-20,0.17548558207894097,0.1168776736300144,0.10967638363956267,0.11789754522503407,0.1316495691412217,0.155337524624564,0.14005377024443866
2026-02-23,0.17543646897991794,0.11828664323063665,0.10884958651608173,0.11771411096076585,0.13028420679424976,0.14569728106689428,0.13444979125657627
2026-02-24,0.17543155976286118,0.12375524512177899,0.1072361334191156,0.1208379401899786,0.13728804286544619,0.16336200229219466,0.14784414925873568
2026-02-25,0.17538291397920255,0.12529219910669334,0.10655748697121026,0.12051763356964876,0.13523990239640707,0.15324473400966657,0.14160841051514034
2026-02-26,0.17534528601762675,0.1283020100611804,0.10700472545878369,0.12136576865437242,0.13515534815589672,0.14272496828284356,0.13587704795420158
2026-02-27,0.17529075311026152,0.1297337645875383,0.10716063615685556,0.1196342385033287,0.13316926276311533,0.15096269875732507,0.1366776092091905
2026-03-02,0.17523082069318036,0.13057002711620688,0.1072067803416245,0.11748300531310993,0.13049517342143285,0.1572211050385447,0.1359782609931745
2026-03-03,0.17515313463232948,0.13030113098732352,0.10715512267622035,0.11392545021700574,0.12476347619367155,0.15309166089605236,0.13071157936442868
2026-03-04,0.1751306209180806,0.1319789060377476,0.10849891105344217,0.11565014450592016,0.12978918221052804,0.1673327741957979,0.14043482762333168
2026-03-05,0.17508064832058864,0.13193992261797993,0.10945453049281686,0.11543440843173176,0.12842945986562934,0.1571664913041222,0.1347995621960946
2026-03-06,0.17502657672803754,0.1323002116077958,0.10999761778708936,0.11399845869428199,0.12735141553713383,0.16458609980204228,0.13577680324112737
2026-03-09,0.1750665232160013,0.13306967180640764,0.11306858554880665,0.12171063268932113,0.14207586992026472,0.18709336090918574,0.1592384124374103
2026-03-10,0.17503292400221976,0.11693401437003507,0.11453874647050913,0.12282073009979792,0.14139739688874306,0.17331350891024783,0.15171695299146615
2026-03-11,0.17495847738737905,0.11498988425743974,0.1137299579878263,0.11924295880070378,0.13519777051586557,0.17195477313041746,0.1458403521273012
2026-03-12,0.1748832764303809,0.11486497253338851,0.11362967523812684,0.11571330828686303,0.12946735173619647,0.17001859651632847,0.14024748920177665
2026-03-13,0.1749615782350265,0.12512256225155666,0.11572530443136989,0.12677781164565002,0.1493402357503956,0.19637108120647948,0.17052523153772545
2026-03-16,0.17490830204076194,0.1154931329106178,0.1162201259695508,0.12487056587362093,0.14573575093128713,0.2012873798419916,0.16758999695292656
2026-03-17,0.17489128377061036,0.12245253099246897,0.11810104481792942,0.12736975967509384,0.147031071292992,0.1866719185074758,0.15987240607865227
2026-03-18,0.1748174739445519,0.12278361538456682,0.11604509932687138,0.12391246593945732,0.14006047356637513,0.17900961054398123,0.15274267681182715
2026-03-19,0.1748720441692025,0.12902763915857465,0.11845969249278741,0.13182173073734396,0.15402849579215205,0.20199608716964917,0.1750598756644721
2026-03-20,0.17480075159432032,0.1290144189585652,0.11691432925435444,0.12816464786626677,0.14703115896112376,0.20045225904926042,0.16788251430838425
2026-03-23,0.1748619989496686,0.13166933197685585,0.11943512936609972,0.13619086099753386,0.16048977045588994,0.22258069497985852,0.18822335962468234
2026-03-24,0.1748493405479809,0.13680150577216066,0.12118627442712321,0.13821016893126584,0.1602247781035006,0.20633388639566597,0.17898064354789872
2026-03-25,0.17478198834885608,0.13254542384123982,0.12097485008543607,0.13463395925312985,0.1532049584516146,0.2061863069573389,0.17226323362381302
2026-03-26,0.17472223666556108,0.12980613791715678,0.12168137314520723,0.13231883540001108,0.1474707625442691,0.19492397744743462,0.16419469706452866
2026-03-27,0.1748565434207297,0.14052580260388708,0.126521556496033,0.14587687756180667,0.17063740307109146,0.22504254240290197,0.19896679817713314
2026-03-30,0.17497204735359123,0.14892868127538533,0.13073336454975915,0.156203899021166,0.1861437719442008,0.25090219729450935,0.22231959222222802
2026-03-31,0.17490466435976523,0.1480697234976051,0.1301804810986876,0.15200228253528525,0.1766003416043425,0.24766882530589654,0.21215267011440778
2026-04-01,0.17534252997727234,0.18738201687811162,0.14410136815749905,0.18572538189473192,0.22283370997014795,0.21554407325193722,0.20120563417589582
2026-04-02,0.17529777058001905,0.18769825161492132,0.1443039923716274,0.1824352572027235,0.21185171180969425,0.20210848127139214,0.19103109559688283
2026-04-06,0.17522173645508746,0.1874812619089693,0.1436773704883026,0.1769121968553447,0.19880631492582174,0.19489711167695897,0.18158524982562937
2026-04-07,0.17515713507568167,0.1837420692871028,0.14402898730460004,0.17250471589737837,0.18800683487303851,0.18502773061463215,0.1728266594587718
2026-04-08,0.17508116148020933,0.18033648684822923,0.14404241717195412,0.1672582781985329,0.1769983849125773,0.1792602806990704,0.16471604865563905
2026-04-09,0.17539526181112153,0.20367937595304428,0.15301487728619972,0.19001366207569406,0.21209686114356105,0.155086863157607,0.15776344236492648
2026-04-10,0.17533680398476448,0.20457099969689133,0.1534809687932502,0.18558582255905073,0.2008089245072324,0.1468661566026378,0.15085057631058393
2026-04-13,0.17526174561929783,0.1961439690765511,0.15344137361531235,0.1799505305275816,0.18888281156658468,0.14538679201222482,0.1446407401121813
2026-04-14,0.17523974126062286,0.19662887207899932,0.1544853786714013,0.1785587656647801,0.18402816323985272,0.1344536642013759,0.138751881828458
2026-04-15,0.1752491146223398,0.19786485211891278,0.15640568756877732,0.17948572050495765,0.18349204534912927,0.12217581227619519,0.13333636963872492
2026-04-16,0.17520748277909803,0.1989381599223956,0.1571920839457942,0.17670229045161276,0.176922407474999,0.11388855496524067,0.12836503544159053
2026-04-17,0.17513433614579024,0.18941163246430032,0.151232335510669,0.17158549027397085,0.16715351173500406,0.11041731829348533,0.12380984139007228
2026-04-20,0.17514208895502623,0.19071756352761837,0.1514035234349728,0.17286865080008923,0.168847681513198,0.09936392979372119,0.11964381436021286
2026-04-21,0.17507059312184264,0.17979778537352445,0.15120151873233192,0.16778265757966124,0.16021123777581725,0.10266268371277679,0.11693611203049804
2026-04-22,0.17502605058101217,0.18242224324569217,0.15190166075655803,0.16465123588875524,0.15647216465547273,0.11483917009289557,0.12254208121861812
2026-04-23,0.17500816991682988,0.18182837809155977,0.15290828211123272,0.16442015756748674,0.15626183773989785,0.10511402896655099,0.1184858123423992
2026-04-24,0.17494492528288474,0.1840520862763982,0.15299889906172537,0.16012388449236273,0.15010356750740927,0.11179531864529822,0.11829474214849475
2026-04-27,0.17490232177527124,0.1654950487196921,0.15373348740183995,0.15814316931780603,0.14719151090810592,0.1040932874108496,0.11461115877136012
2026-04-28,0.1748282801741017,0.14415477801758803,0.15366227054909073,0.15347176421256875,0.13999005253137328,0.10166000612280045,0.11125745423772897
2026-04-29,0.1747712390631999,0.1455683394621828,0.15389767900696444,0.14999458997821033,0.13661276225183544,0.1104647487815318,0.11379680993578069
2026-04-30,0.17469673796175303,0.11860163360527502,0.15362842565724572,0.1454263915632783,0.1304282084278751,0.10982715491053033,0.11057464431480776
2026-05-01,0.174677039183558,0.11971606818615539,0.15368939819189675,0.14620777262581344,0.13378996250075503,0.10046625484807913,0.10759024905462833
2026-05-04,0.17460557677866678,0.11912069124022771,0.15329067379004283,0.14216205009548022,0.12823493823011708,0.09730810844583321,0.10488465110282794
2026-05-05,0.17454180753278783,0.12280853237509802,0.15104669699214004,0.13856537324117127,0.12497227948951639,0.1039258303616663,0.10597085583968296
2026-05-06,0.1745021050119168,0.12257151481717221,0.14700239304758936,0.137918113189348,0.12580215344296555,0.09634591098541653,0.10341873937733394
2026-05-07,0.1745378458167489,0.10168103571668097,0.14920554546313702,0.14422622668460092,0.13897180012969787,0.08452745709012939,0.10111184876906586
2026-05-08,0.17447149001002965,0.10458853679873334,0.14925304882869636,0.14033984901029814,0.13317810457704435,0.09058748766916731,0.10161991198537394
2026-05-11,0.17443398279296776,0.10445800074836602,0.149962600741698,0.13980051313006522,0.13305164019280016,0.08333621931644049,0.09944879708393635
2026-05-12,0.17436173680808634,0.10246247605513216,0.14592567264657924,0.13583064580400828,0.12730408907227156,0.0812434656188779,0.09749458802554922
2026-05-13,0.17429028452951548,0.09900507145558118,0.14604496160120115,0.13182438359537088,0.12252853735588294,0.08440156890286692,0.09664478376392113
2026-05-14,0.17423207058770004,0.09785268411660246,0.14629598062281426,0.12964681809238193,0.12028937575378712,0.07952212130695706,0.09497595848517647
2026-05-15,0.17419140050470455,0.0993729587939141,0.14670927385702662,0.12939119420235662,0.12146955675009788,0.0729662513275507,0.0934799684180243
2026-05-18,0.17421435762753687,0.10742095542355329,0.1490913088396592,0.13388613651352826,0.13478726049829026,0.09955151463059722,0.12456422921525254
2026-05-19,0.1741415791821826,0.10687364491710963,0.148645167938287,0.1298362467454032,0.1288794745811418,0.1004651438646662,0.12052181570043065
2026-05-20,0.17409956937490018,0.10699644345812381,0.14765180569512673,0.12851777819332316,0.1294259332133696,0.11298945154370575,0.12598988593486024
2026-05-21,0.1740838109466348,0.10711913263652682,0.14829156307552072,0.13082065406173046,0.13335863944020657,0.10322113793359133,0.12157431526481047
2026-05-22,0.17401162805041406,0.10477919651372931,0.1475614592043286,0.12706951792724364,0.1274957205362749,0.10061120876512168,0.11754392500321274
2026-05-26,0.17394529981411713,0.10304913199516913,0.14697538731726068,0.12414335932547231,0.12317890810418677,0.09647944156124488,0.11387236180021551
2026-05-27,0.1738947292489368,0.10422136391427575,0.14678414851871482,0.12309850209024274,0.12211382769391547,0.09029559194082207,0.11053430051543184
2026-05-28,0.17382183697057912,0.10114378858299153,0.14681403308924978,0.11935032692919702,0.1173868816420839,0.0906002322743844,0.10758713181581755
2026-05-29,0.1737638143483266,0.10104280595601238,0.14541299475989367,0.117685904060152,0.11571799011667878,0.08555635312541242,0.1048364119126575
2026-06-01,0.1736930971413854,0.09760846123708801,0.14501075191329746,0.11451124404946043,0.11191499144514652,0.08320443718132035,0.10235000118785065
2026-06-02,0.17362304753765884,0.09760745135779168,0.14421799170394803,0.11152656884516188,0.1086511752067829,0.08074161680996378,0.10010670249481601
2026-06-03,0.17355060282048068,0.09493609116071215,0.14080507537975764,0.10825786951684721,0.1053337097818845,0.07951845739138547,0.09808640257863988
2026-06-04,0.1735126696577163,0.09896030389837251,0.1413379144149482,0.10844861433462599,0.11031663381605691,0.09394168153547405,0.10855346071421175
2026-06-05,0.1734463607048713,0.08894547259928819,0.14120530025594347,0.10616650244450927,0.10789836996601396,0.09020120508744148,0.10571098588740208
2026-06-08,0.17379531672559395,0.13126125978612116,0.15212634431532976,0.14375964721752366,0.17462550162687593,0.15246952779221137,0.20431940272157925
2026-06-09,0.1737244811464677,0.1282164383715008,0.14808391049989156,0.13965793332055074,0.16427795606508017,0.15252909062920064,0.19355059659859172
2026-06-10,0.17365915051353015,0.12839870722925129,0.1476000207983998,0.13588364549290421,0.15671278091005467,0.15446328199452702,0.18536099806209724
2026-06-11,0.17374717862798975,0.13989982614273405,0.15090393277005265,0.14530871955583352,0.17163321385225996,0.18308551032442194,0.2068987961197657
2026-06-12,0.1738390009836751,0.15216544960330042,0.15422377536236725,0.15561428678648845,0.18262282309089797,0.16581020510287425,0.1963759513145996
2026-06-15,0.17378096768192183,0.15064602465236865,0.15091011384195066,0.15233221903081798,0.17385861497206542,0.15723293727970178,0.18660674976188668
2026-06-16,0.17388513514635687,0.15691029084720517,0.153959801713137,0.16283263462240777,0.1859486075943663,0.1412089044661937,0.1775482564906794
2026-06-17,0.1738382602383797,0.1588083755784506,0.15101482818984086,0.15956493093772786,0.17870561954759293,0.14984031131923511,0.1744720698994261
2026-06-18,0.17386809986198934,0.16372592252865545,0.15313178226826438,0.16214569551174302,0.18213985773105656,0.17157577279417766,0.18735485518864822
2026-06-22,0.17385451686756995,0.16384311128875562,0.15363433458157694,0.16232124460587627,0.17882312583062498,0.15932526710488013,0.17824152316109407
2026-06-23,0.17379050097295162,0.1642587965316008,0.15388551996527336,0.15785130946252293,0.16997902632821346,0.1612356391823286,0.17148189364537472
2026-06-24,0.17385451050399262,0.17172682765964342,0.15217231055445,0.1631276415177012,0.17922085831474505,0.1864885388333893,0.19161195984024026
2026-06-25,0.17378305298829508,0.16957643686852683,0.14689935240034607,0.158168385856,0.1692352451212981,0.18154366257182206,0.18228821295721362
2026-06-26,0.17371162665302575,0.16977656026065888,0.14641145526471386,0.1534529331380004,0.16005559622065021,0.1746299367951142,0.1735477264609567
2026-06-29,0.1736757682535919,0.16941157961847206,0.13696644408160988,0.15141202437344292,0.1572806389422619,0.18354009168676702,0.1731986810872943
2026-06-30,0.1737566703699941,0.18072141716131188,0.13971186721354512,0.16016851109036231,0.1698413170674156,0.16656917880930477,0.16513620532517898
2026-07-01,0.1737164895680249,0.18292706904920053,0.1401644172938703,0.15821347914982659,0.16460308885430208,0.15635806633283011,0.1576862177941207
2026-07-02,0.17364692816007576,0.1827972576186407,0.1402588794370996,0.15348378813941935,0.15620819949016135,0.1550294480355177,0.15128769909980355
2026-07-06,0.17357736460307824,0.18130861791209468,0.14039603630642686,0.1488957545424372,0.1485975418148795,0.15371079303124582,0.14539208987809535
2026-07-07,0.1735460548115281,0.1836714627739862,0.13247079300412315,0.14829499027280857,0.1471559540651916,0.14366913970166267,0.13949679540008622
2026-07-08,0.17349130481916594,0.15815628511684593,0.13289146456429135,0.14495977999069837,0.14292273177326284,0.14971811084087533,0.1384904199394158
2026-07-09,0.1734277686777861,0.15866677971390428,0.1331657028138441,0.14105619991493715,0.13766013929028337,0.1521262121589587,0.13523029635597855
2026-07-10,0.17339411323041387,0.16045543848516192,0.1328505715186986,0.1406646599590011,0.13703321123181772,0.14222059941775572,0.12980042341171016
2026-07-13,0.17333142999234047,0.14768012040414677,0.13114014619925232,0.13740540459904874,0.13209555897884007,0.13576599699444258,0.12518692122662783
2026-07-14,0.17330031376869942,0.14060161049811531,0.13175773147624098,0.13650538356408684,0.1338033393974479,0.1482939105580911,0.13247543684940083
2026-07-15,0.17323471455078573,0.13997071622322452,0.1318209623092163,0.13306507900713285,0.12872598131541932,0.14199240961235354,0.12763192263310846
2026-07-16,0.1731707756778327,0.12592392805870936,0.13000210375972512,0.12992874097759852,0.12446444893755228,0.13578556611399853,0.12320682495138291
2026-07-17,0.17312099353792662,0.12558831756086888,0.13053723734831135,0.12772052972860928,0.12384805462036852,0.14369888428807467,0.1254151583515742
2026-07-20,0.17311485547084976,0.1224178596118727,0.13154518254025285,0.12967205401939075,0.13132375578660727,0.16040671158915137,0.1394103762726325
2026-07-21,0.17304683344694774,0.11658181271997921,0.1302527230842822,0.12587834246176302,0.12633484968539568,0.1592868127913789,0.13468352311011067
2026-07-22,0.17301254030813412,0.11992758000416918,0.13079015378469347,0.12628003238828586,0.127385897094152,0.14910352613968952,0.12965204340029943
2026-07-23,0.17294365794702515,0.10669212633350475,0.13009588708907668,0.12251648678430223,0.12260674636188425,0.14783398879260382,0.125510044583968
2026-07-24,0.17297150016847637,0.11666485113469967,0.1328551965670644,0.1281231680515898,0.1362234008205615,0.1695418206231973,0.14824019509563716
2026-07-27,0.17290120750436475,0.1166218543146334,0.13236653977638965,0.12428282870411962,0.13011492198578847,0.16363944508638373,0.14208783220934743
2026-07-28,0.1728309033081281,0.1131537353387267,0.13235845185696196,0.12049961586359702,0.12466355359302705,0.1588661605671468,0.1364461250626033
2026-07-29,0.17276272936891282,0.09702838246430226,0.13100441599474938,0.11719923545117708,0.12002953884735199,0.15270183217611386,0.13126577673682785
2026-07-30,0.17284224640421905,0.10676912280782158,0.13493616550936782,0.12841942674845047,0.1428923587230744,0.18078290192678032,0.16473849261339105
2026-07-31,0.1729284623715893,0.12425276576365911,0.1388246751154799,0.14054240552748692,0.159310441312606,0.16372810454302064,0.15728443798967273
2026-08-03,0.17288471467989236,0.12692721413871458,0.13864753210054942,0.13910721421926095,0.15455591784335898,0.15402487906252021,0.15041118505345336
2026-08-04,0.17292578067065031,0.13320740888981353,0.13878994108071616,0.14579801149009078,0.16236912073539342,0.1403085660279622,0.14408401236157664
2026-08-05,0.17303621379998918,0.1453806426853641,0.1430684575846729,0.1577856648173378,0.17779961083310333,0.12500749747001688,0.13826969584854418
2026-08-06,0.17297000831280251,0.14496466316517737,0.1423780796568748,0.15317575436303266,0.16837628043754227,0.1267689585769252,0.13392907823000005
2026-08-07,0.17290277928961353,0.14307914227485452,0.14242714029658823,0.1486393100087745,0.15966726275461152,0.12765727022454762,0.12967877231971897
2026-08-10,0.17285120817396005,0.14375028162764814,0.14277154870316874,0.1460598364151169,0.15375856608145522,0.12066817986013931,0.12496074680046843
2026-08-11,0.1727818588482968,0.14003693357586783,0.1424466609011839,0.14161498766136735,0.1460415414646848,0.119442020523027,0.1208362999914498
2026-08-12,0.17272040306359657,0.1408392762777744,0.14188582820545464,0.13786183983162045,0.1404982981711921,0.12386945016866481,0.1194948434939154
2026-08-13,0.1726530608761978,0.14056391550266017,0.13947775288659173,0.13401636645286286,0.13425484515678682,0.1197100738658006,0.11576220618555277
2026-08-14,0.17260784463186654,0.13971221238915335,0.14000760481283275,0.13273612464473933,0.13228393660274135,0.11272564713132492,0.11237521519805614
2026-08-17,0.17254215475319523,0.13360198870214357,0.13924820837276752,0.12892247762356965,0.12740354933378753,0.11514187207109766,0.1105082066794171
2026-08-18,0.172489118808737,0.13523125284337176,0.1383894947352268,0.1263394103685605,0.12553126465004963,0.12288272871547083,0.11305763745863255
2026-08-19,0.1724510775581737,0.13653581270504062,0.13921932773651816,0.12527580951913972,0.12674985852443202,0.13431816939675284,0.12003744696626074
2026-08-20,0.1723832885651981,0.1362458139629897,0.13908406611661822,0.12173302214970275,0.12181152607450584,0.129862668955179,0.11625512833952906
2026-08-21,0.1723609651612029,0.13157646782367197,0.13970685146021708,0.12246074095233014,0.12655768189950062,0.1442810337132918,0.12742499457619888
2026-08-24,0.17229931490085243,0.13182905556707664,0.13991241683756575,0.11979115109335937,0.12264513471881948,0.13788476531060628,0.12297928873625878
2026-08-25,0.17223738538329367,0.1328084508286643,0.13966884254296832,0.11670250506477611,0.11954442114867107,0.14073227871452454,0.12106970971581915
2026-08-26,0.17217262866193098,0.13289788416957943,0.13972403118447538,0.11382768623374478,0.11586078390431757,0.13515480368172364,0.11719325531628486
2026-08-27,0.17210385780516466,0.11686654087089075,0.13963180313291335,0.1103634128812203,0.11195840581082014,0.1321535559185759,0.11368281697831287
2026-08-28,0.17205628810686194,0.10536222022066069,0.14021317757379717,0.10999325295952841,0.11247751879828669,0.12478074250273836,0.11049147326605678
