Date,Close,High,Low,Open,Volume,logReturn,pctReturn,rollingVol_20d,rollingVol_60d,ewmaVol
2021-11-23,157.66444396972656,158.04539332554327,155.36897034832776,157.38116514595987,96041900,0.0024194281057628346,0.0024223572837778207,0.19468658378054976,0.1951573900560433,0.19702617339738926
2021-11-24,158.18215942382812,158.37751541168896,155.9355283016625,157.0197711747025,69463600,0.0032782744040929885,0.0032836538224241263,0.1928980755323837,0.19423233710328172,0.19144881853748066
2021-11-26,153.171142578125,156.72667394842426,152.73158803573577,155.86710492688786,76959800,-0.03219140149380939,-0.03167877378811579,0.21724526894756319,0.20570729457741618,0.2238797454525178
2021-11-29,156.52154541015625,157.44949714116228,155.10518155763626,155.6717241177042,88748200,0.021637795665808455,0.02187359038810044,0.2153220834018962,0.20977343519306862,0.2327958511695029
2021-11-30,161.4641571044922,161.67905311784355,156.20899716750552,156.27737994661885,174048100,0.0310895097405188,0.031577836018575445,0.2334920126882012,0.21872246770087514,0.2560402799852501
2021-12-01,160.94647216796875,166.34814584365344,160.71203606659066,163.5935775451036,152052500,-0.0032113419001500473,-0.003206191056931651,0.23528748187093126,0.21687765944954987,0.24855413043126157
2021-12-02,159.95985412597656,160.38964606969503,154.1381675375188,155.05635670733542,136739200,-0.006148966659749316,-0.006130100453289322,0.23757391529864066,0.21616712339271751,0.2421654195974989
2021-12-03,158.08445739746094,161.13206712633752,156.0136573148525,160.2138776845153,118023100,-0.011793441336220456,-0.011724171285119156,0.24279584451686595,0.21718038111769505,0.239224610212227
2021-12-06,161.48367309570312,163.98426461858526,160.46779847409405,160.47756105335333,107497000,0.021274611468235626,0.021502529433970574,0.25081396486671703,0.20892502123093307,0.24624816501115515
2021-12-07,167.20773315429688,167.59846003217984,164.43363939250656,165.15647293806026,120405400,0.034832908334303046,0.035446679833702976,0.26972391107995647,0.21962262904206398,0.2744912413371908
2021-12-08,171.01722717285156,171.8768113251432,166.73886138447926,168.13568563195315,116998900,0.022527344625351893,0.022783001400056957,0.2751300543146107,0.222056572664981,0.280174644936559
2021-12-09,170.50926208496094,172.64844463234323,169.8841141404718,170.85114615502485,108923700,-0.0029746768021641406,-0.0029702568348697334,0.2596724743852099,0.22225959196832218,0.2718855533874806
2021-12-10,175.28579711914062,175.46162790674452,170.63625994665398,171.14419733842757,115402700,0.027628149890744656,0.028013346464426325,0.2662542075247932,0.22786686133652706,0.2846537662637114
2021-12-13,171.66189575195312,177.9036129181879,171.45676231906222,176.91704079075095,153237000,-0.02089094834458728,-0.020674244158665922,0.28669092381531047,0.228880050304773,0.28768897840723806
2021-12-14,170.2846221923828,173.6154957034132,168.21382219359762,171.18327152968024,139380400,-0.008055534623582477,-0.008023175752179923,0.29105889540841073,0.22427530095742007,0.28067813054604895
2021-12-15,175.1392822265625,175.33463817394934,168.31148231582245,171.0465102933484,131063300,0.02811027055215631,0.028509092434048533,0.3000416827446241,0.22995241470551353,0.2932593260645067
2021-12-16,168.26263427734375,176.9365751900634,166.78767978084602,175.11973661793166,150185800,-0.040055497808922175,-0.03926388107679368,0.34423706031898654,0.24519820339986856,0.3241915284268779
2021-12-17,167.16867065429688,169.44460445182293,165.75232109747262,165.98674232333192,195432700,-0.0065227513689642665,-0.0065015244040677045,0.3362591711275198,0.24579641644761316,0.31533702306120076
2021-12-20,165.81089782714844,166.62163920449956,163.5740445559153,164.375008447403,107499100,-0.008155337330363164,-0.008122172784135517,0.33534293846752844,0.246750784245784,0.3073708116821295
2021-12-21,168.97572326660156,169.18084181030284,165.1955175809284,167.57889907243998,91185900,0.01890708600091535,0.01908695677380834,0.3401942560512206,0.2475021300442188,0.30694180683885164
2021-12-22,171.564208984375,171.77910499631244,168.15519034473417,169.02453697313442,92135300,0.015202537653023679,0.015318684055516396,0.3426306261201173,0.24222891376438682,0.3034056158723401
2021-12-23,172.18934631347656,172.74612637491737,171.20278915942293,171.76933180091095,68356600,0.003637129033946072,0.0036437514141338667,0.3426198505694007,0.24215443499223757,0.2945024409701188
2021-12-27,176.1453857421875,176.2332936859138,172.96104046356876,172.9805656257053,74919600,0.022714987414098272,0.02297493726184907,0.31985815589503924,0.24377874920573228,0.29888001396855424
2021-12-28,175.12954711914062,177.12221701690328,174.38718837755263,175.97936879820426,79144300,-0.005783740083930815,-0.005767046458620806,0.3180052180141086,0.24445737334526688,0.29064634166483605
2021-12-29,175.21743774414062,176.4384311169709,174.00620695259946,175.16859502828655,62348900,0.0005017347409344044,0.0005018606308631046,0.30372324127626565,0.2371306409943452,0.2817988368367539
2021-12-30,174.06480407714844,176.3798175385403,173.95735606919604,175.30533745901636,59773000,-0.0066000369505528145,-0.006578304544524349,0.30503862316416747,0.23726319964074036,0.27441680697572873
2021-12-31,173.44943237304688,175.0709001571645,173.14661351296067,173.9573548573712,64062300,-0.0035415662597815833,-0.0035353023109072623,0.30403611400262803,0.23769787971051784,0.2664131273234938
2022-01-03,177.78636169433594,178.63618304508262,173.58615726537937,173.70336783595081,104487900,0.024696513414421962,0.025003998352450152,0.30640053021371955,0.2413238414607575,0.27557095982900187
2022-01-04,175.52999877929688,178.69481886787932,174.96345608354855,178.39201490568885,99310400,-0.01277265274276265,-0.012691428597421783,0.3075339968262801,0.24339133040378744,0.2717529749925311
2022-01-05,170.86090087890625,175.98907226585013,170.58739959731207,175.44206970266174,94537600,-0.026960181189839633,-0.026599999617508807,0.3040204188698804,0.2513110992875591,0.2835642631987733
2022-01-06,168.00869750976562,171.23212317548703,167.65705080251047,168.69245085589924,96904000,-0.016834031369375547,-0.01669313081266066,0.2992608470407338,0.25343614302104234,0.2826109432015852
2022-01-07,168.17474365234375,170.0990304259398,167.06119827767387,168.878037036841,86709100,0.0009878306647501626,0.000988318730156701,0.29922483307651565,0.25299887195751125,0.2740283976939547
2022-01-10,168.19424438476562,168.4970482896935,164.26752639043735,165.1564129469489,106765600,0.00011594845623275335,0.00011595517851481496,0.28001197668570926,0.250678651929641,0.26568077132548773
2022-01-11,171.01722717285156,171.1148977053451,166.85608689005863,168.3212790198075,76138300,0.016644767053602978,0.016784062964889657,0.2782344991685645,0.25207266459718203,0.2655937984280555
2022-01-12,171.456787109375,173.06849253983535,170.76327115991117,172.03309245435602,74805200,0.0025669695192020326,0.0025702670063709743,0.27680199446814896,0.2514435238814869,0.2576961243892217
2022-01-13,168.19424438476562,172.52143678948505,167.80351764880953,171.7009330010287,84505800,-0.019211736572805064,-0.01902836731991342,0.26453690990632106,0.2542547548618624,0.26077482279643427
2022-01-14,169.05384826660156,169.7473640846977,167.1197842307582,167.36398288031089,80440800,0.005097764892520292,0.005110780603582832,0.2238650954585558,0.25430596638480835,0.2536064358027219
2022-01-18,165.8597412109375,168.53614912039677,165.47879187832885,167.53005178287384,90956700,-0.01907479423247729,-0.01889402157013831,0.23313230121831482,0.2581153072832206,0.25682412110605596
2022-01-19,162.3726043701172,167.11006537282074,162.08934042059263,166.05512514217625,94815000,-0.021248777540483647,-0.02102461281659318,0.24332446965378815,0.2621196511165463,0.2623508164673677
2022-01-20,160.69247436523438,165.74250066133902,160.3701303584997,163.10515822088573,91420500,-0.010401279882875578,-0.010347373631164225,0.23348711256838942,0.2632925787136689,0.25755398577743205
2022-01-21,158.64120483398438,162.4702376425932,158.5337568383858,160.604556493883,122848900,-0.012847362361691003,-0.012765187289279778,0.22638096962415968,0.2649009052066985,0.2546559239750735
2022-01-24,157.86953735351562,158.53376542721094,151.11012055841888,156.30667494751387,162294600,-0.004876099964809852,-0.0048642310884885465,0.22462397788709446,0.2650516190057309,0.2476250384427407
2022-01-25,156.072265625,158.98310983768695,153.3763174519784,155.29082683573563,115798400,-0.011449837813459462,-0.011384537882637935,0.20160081540209487,0.2618162565203561,0.24417469919624168
2022-01-26,155.98434448242188,160.57527648713483,154.15774320444362,159.70592982008216,108275300,-0.0005634948407232755,-0.0005633361073220655,0.2025414910854248,0.2587901299868081,0.236746293959643
2022-01-27,155.52523803710938,160.03802433796415,154.60704872462142,158.68028043462846,121954600,-0.0029476253925234206,-0.0029432854100575057,0.20148801695489696,0.2585516796161449,0.22982003675198218
2022-01-28,166.37742614746094,166.39696621279427,159.02216399560837,161.86463986114418,179935700,0.06745083807381193,0.06977766597445845,0.3292941480091304,0.2919284016222621,0.3441488072837659
2022-01-31,170.72413635253906,170.9390323284137,165.5764253199615,166.2113506685732,115541600,0.0257901571161399,0.026125600724377307,0.343913788152428,0.29554252023102806,0.34840909343351684
2022-02-01,170.55810546875,170.78276405312576,168.31147491088436,169.97202274767105,86213900,-0.0009729829246397898,-0.0009725097302364372,0.33049002548775813,0.2953716817588951,0.3378163356677743
2022-02-02,171.75955200195312,171.79863213102016,169.30780301992357,170.69484950775998,84914300,0.007019512083431195,0.007044206605726355,0.32945897466410073,0.2955120248841252,0.3286604632743198
2022-02-03,168.8877716064453,172.15027672857178,168.12587305039293,170.43110878285196,89418100,-0.016861124293789727,-0.01671977111046008,0.32077526834663816,0.2977281192810536,0.32532324924721034
2022-02-04,168.60414123535156,170.27659447810953,166.9316879925936,167.9097269846018,82465400,-0.0016808132407081457,-0.0016794014652208311,0.31505053360523033,0.29784068193134855,0.3154802997398521
2022-02-07,167.8901824951172,170.129885294368,167.19576822143142,169.06382633955357,77251200,-0.004243517713462887,-0.004234526714487874,0.31541897607606506,0.2947546550960998,0.3063142551112947
2022-02-08,170.99053955078125,171.4991239481133,167.66519839738126,167.95861304675316,74829200,0.018298140667882667,0.018466577435248377,0.3221045682083972,0.296457217559339,0.3053870092588691
2022-02-09,172.40872192382812,172.77059159545334,171.05902326407136,172.18377712176584,71285000,0.008259717447621226,0.008293923025055383,0.317991223110253,0.2957258925847187,0.2978205544203217
2022-02-10,168.340087890625,171.62629991772872,167.78261335475796,170.31573108381698,90865900,-0.023881682270259216,-0.02359877149951084,0.32926559643561026,0.30067252376852155,0.3033129062004208
2022-02-11,164.93653869628906,169.2790353586412,164.34970917619486,168.54550592037077,98670700,-0.02042547992936541,-0.020218292843872776,0.33018692708830555,0.3041056095232302,0.3046093619810389
2022-02-14,165.1712646484375,165.8558891027738,162.9022065441299,163.69441590726865,86185500,0.0014221171952292,0.0014231288834105627,0.32954703501026483,0.30260210511585844,0.29538150001639973
2022-02-15,168.995361328125,169.15185115822308,166.5111487010071,167.21533801275692,62527400,0.022888363632797865,0.023152312164146593,0.3329401252795458,0.3008232552537966,0.29989371421956196
2022-02-16,168.76065063476562,169.53329496166765,166.31555287107355,168.0760262456703,61177400,-0.0013898241501381916,-0.0013888587918319262,0.32269405653740885,0.2991764105517433,0.29080796309517526
2022-02-17,165.1712646484375,168.1347222265384,164.7702649952927,167.27404295611913,69589300,-0.021498539482659736,-0.021269093078435275,0.3306250210855265,0.30274860465794096,0.2940805766756615
2022-02-18,163.62594604492188,166.7947832093295,162.54032203615824,166.09060878011084,82772700,-0.009399897150508735,-0.009355856218724257,0.3288800464590689,0.30344934927748196,0.2874549641383693
2022-02-22,160.71141052246094,163.02935867994262,158.58905229899906,161.35690506054718,91162800,-0.01797273065978375,-0.017812184393181663,0.33549164249665764,0.30577021124862236,0.2873266138378848
2022-02-23,156.5547637939453,162.50122982841887,156.24178404281724,161.904625236065,90009200,-0.02620439817534981,-0.02586404235394779,0.3465949362391131,0.3032920615352913,0.296623744417746
2022-02-24,159.16607666015625,159.27366155009665,148.66193213542687,149.2291965620497,141147500,0.01654228723325645,0.016679868455794278,0.35141028631521154,0.30194226503363447,0.2946931517407596
2022-02-25,161.22976684570312,161.4938266826065,157.3371601146723,160.24193771015948,91974200,0.012882306478502753,0.012965640850425508,0.35353202655785676,0.29625906917905037,0.29007349452068876
2022-02-28,161.49380493164062,161.78721963459702,158.86287747049465,159.47904685433394,95056600,0.0016363114934381947,0.0016376509815969609,0.254853024107256,0.29620289408052175,0.2813086531222017
2022-03-01,159.615966796875,162.94130845487337,158.4129829679633,161.08302534266187,83474400,-0.011696059771841173,-0.011627926752735163,0.23564715547856052,0.29691655648691223,0.276504733725557
2022-03-02,162.90220642089844,163.68464076398826,159.37148431939156,160.77986315221446,79724800,0.020379337551674922,0.020588414116524234,0.25025669586319416,0.2987899835460916,0.2795481618251938
2022-03-03,162.5794677734375,165.20062084345977,161.9144082164394,164.7702811660162,76678400,-0.0019831454660775363,-0.0019811803323710464,0.24784053883642815,0.29566869055429584,0.2711416774051182
2022-03-04,159.586669921875,161.91440821879274,158.54017563689038,160.8776889542246,83737200,-0.01857975494950982,-0.01840821533339687,0.24920999794540274,0.2890681474913094,0.2726284558837046
2022-03-07,155.8016357421875,161.3960207362876,155.54733601828758,159.7724722055909,96418800,-0.02400352736618939,-0.023717733953220854,0.2601967909623004,0.2887743126489229,0.28031835235941027
2022-03-08,153.98252868652344,159.30306551959637,152.3785446345262,155.33222786182864,131148300,-0.011744486478445703,-0.011675789198222764,0.2616677358013437,0.28951705972726405,0.2755888646960864
2022-03-09,159.37147521972656,159.8213797915154,155.90922322313332,157.9337564869507,91454900,0.03439865350956884,0.03499712973394464,0.28530280993668505,0.2927607123795557,0.29880306480434954
2022-03-10,155.03875732421875,156.86768560681452,152.55452973284972,156.68185579600046,105342000,-0.027562666484073246,-0.02718628217210306,0.2938953085381054,0.2949508414775372,0.3088898639806966
2022-03-11,151.33197021484375,155.78205064733166,151.10702542359093,155.43973102802846,96970100,-0.024199230973895564,-0.023908777220287725,0.2941634963951874,0.29827403893504434,0.3139147738085913
2022-03-14,147.31224060058594,150.73537736075448,146.80367102699051,148.1240148231261,108732100,-0.02692148212547187,-0.026562329219338543,0.2994424952529842,0.2958849296166306,0.3218515201825874
2022-03-15,151.68409729003906,152.15356685525754,147.07754097449947,147.58611061794517,92964300,0.029245631049988844,0.029677484176666047,0.32348094288158213,0.2927686777210617,0.33212247416601365
2022-03-16,156.08526611328125,156.48626575095446,151.06793536575267,153.60105321090987,102300200,0.028602384713331548,0.029015360884052432,0.3304029520513914,0.29909347990364327,0.3406708606765205
2022-03-17,157.0926513671875,157.46431103838808,154.16832371335292,155.12679794973494,75615400,0.006433331803594423,0.006454070130970102,0.33237539623362133,0.29912697225500423,0.3312386150460644
2022-03-18,160.37887573242188,160.8678953686917,156.25154880840884,156.9850782628136,123511700,0.020703221947540734,0.020919020314662307,0.33594252315971695,0.2996571434469119,0.33108407494893927
2022-03-21,161.7481231689453,162.69682236043158,159.4301601813594,159.9191797677464,95811400,0.008501340699754301,0.008537579717218469,0.33634893101195373,0.2984341390272171,0.3226955677482259
2022-03-22,165.11256408691406,165.69937857870127,161.2884277154457,161.8752422072329,81532000,0.020587117860295427,0.0208004943244664,0.33774541419183846,0.3015599704336192,0.3229439340430619
2022-03-23,166.4720458984375,168.84867380689857,163.9682532045546,164.30079784879288,98062700,0.008199954932293089,0.008233666644579696,0.3222399353742236,0.2981946930896605,0.31472507858093945
2022-03-24,170.24728393554688,170.31573891650316,166.4720521767643,167.30337650948087,90131400,0.022424588690408916,0.022677909775990823,0.32615417438189725,0.3018198299859556,0.3173516010876172
2022-03-25,170.88302612304688,171.4307257382337,168.95628752581777,170.06147670026667,80546200,0.003727273154930856,0.003734228075795265,0.32422428205871934,0.30193660906771347,0.30802495349483333
2022-03-28,171.74366760253906,171.87080253422522,168.22272096176943,168.38898581373743,90371900,0.005023795900099122,0.005036436321489646,0.3242711062309694,0.30185972612567935,0.29927949505217005
2022-03-29,175.02987670898438,175.0787667230212,172.467404224187,172.80972386459516,100589400,0.01895362283462427,0.019134382957574303,0.32400237692188183,0.30431410524554914,0.2993757325598481
2022-03-30,173.8660125732422,175.66560091058673,172.8195035873902,174.628881866762,92633200,-0.006671723506305459,-0.006649516971764191,0.3207517526564558,0.30027085233419537,0.29141259296144895
2022-03-31,170.7754364013672,174.12032889178556,170.57004158960083,173.9344990439243,103049300,-0.017935503865037634,-0.01777562000838473,0.32909786419125875,0.3013659872987353,0.29101521907897365
2022-04-01,170.4820098876953,171.0394993928561,168.1640617684755,170.20816010667752,78751300,-0.0017196787303842345,-0.0017182009301516254,0.3201214899158366,0.29628179345523975,0.2822289506249782
2022-04-04,174.52130126953125,174.5702062097959,170.60914482743888,170.7362946873885,76468400,0.023417027203573818,0.023693358522091534,0.31058640675283283,0.2980134859885817,0.2883836854643201
2022-04-05,171.2155303955078,174.38438259894033,170.58958593943765,173.60194829792937,73401800,-0.01912362998468431,-0.018941933448673898,0.31711096486654783,0.30074906786657774,0.28931786150043787
2022-04-06,168.0564727783203,169.81694627331598,166.3938091700385,168.57483234577828,89058800,-0.018623104111972075,-0.018450765592876284,0.30832012679228255,0.3032393251546959,0.2897006282121036
2022-04-07,168.3596649169922,169.55287391806212,166.11996174699982,167.401190693142,77594700,0.001802483215203952,0.0018041086645428361,0.2870363622978708,0.30127599776261166,0.28096261460718136
2022-04-08,166.3546600341797,168.0075484323814,165.48420586824818,168.0075484323814,76575500,-0.011980538120841912,-0.011909057218669639,0.2740288720906894,0.30216657110726997,0.27635812772325563
2022-04-11,162.10997009277344,165.31793693449984,161.8654603339608,165.00497220353915,72246700,-0.025847082836488924,-0.02551590644069801,0.2724045502346924,0.30422026077729825,0.28616888342981084
2022-04-12,163.97805786132812,166.13951616252308,162.98045368647982,164.3301525745867,79265200,0.011457692678334568,0.011523583450700814,0.25816620045489963,0.30500847438942186,0.281005349276674
2022-04-13,166.6578826904297,167.28382721520924,163.10761035124472,163.71398991233582,70618900,0.016210479163204318,0.01634258183108761,0.24589340363711049,0.30440598327491064,0.27964154558908716
2022-04-14,161.6601104736328,167.5087962740481,161.41560064690395,166.87306177033577,75329400,-0.030447056832059425,-0.029988213795325458,0.27297218038332366,0.307724340903595,0.29584459132570656
2022-04-18,161.44493103027344,162.94132974863555,159.977872292766,160.32017704396847,69023900,-0.0013319474940410852,-0.0013310608456776896,0.263378168506052,0.3069846662325304,0.28687872879611054
2022-04-19,163.7237091064453,164.13449858536075,160.31036282956023,161.39598662683204,67723800,0.014016206368209775,0.014114893924694227,0.2663577799819947,0.30709030990488717,0.283428696205572
2022-04-20,163.55746459960938,165.1712379709988,162.45229063171516,165.0538631380032,67929800,-0.0010159125210383551,-0.0010153966566189832,0.2556896345481268,0.30690213641533104,0.27482270886149324
2022-04-21,162.76527404785156,167.7630547165198,162.266479452362,165.20059691129774,87227800,-0.004855267587383883,-0.004843499828620534,0.25401015932922,0.3060936673785315,0.26711851903712863
2022-04-22,158.23692321777344,164.18340212764667,157.95329847424364,162.80437847987656,84882400,-0.02821570252647108,-0.02782135720637091,0.25533839354281157,0.3117743704764688,0.2812624897849971
2022-04-25,159.30303955078125,159.58666436994497,154.98010780953732,157.5816809008669,96046400,0.006714873489305425,0.0067374687988628335,0.25670106579871077,0.3119813508351686,0.273941282948062
2022-04-26,153.3565216064453,158.7748512209157,153.2782766938566,158.6868312906376,95623200,-0.03804288015491335,-0.03732833950378178,0.2819889912033758,0.28922287201042607,0.30401279439837825
2022-04-27,153.13160705566406,156.2808795981602,151.967738002025,152.48609759207858,88063200,-0.0014676887626107382,-0.0014666122341927545,0.2672790611210168,0.28363536074276413,0.2948065849946891
2022-04-28,160.0463104248047,160.906989569117,155.43973990755873,155.75271956865106,130216800,0.04416548502237483,0.045155298126186905,0.3225165840431166,0.29888150933887686,0.3334504296291319
2022-04-29,154.1878662109375,162.55010393809633,153.79665651995063,158.28585264208988,131747600,-0.037291444121042946,-0.03660468147198992,0.3403236655750837,0.30743836556449966,0.35432258319885634
2022-05-02,154.4910888671875,154.75514872367953,149.9040823265059,153.26853978592672,123055300,0.0019646480512795985,0.0019665792367551393,0.3410607946013636,0.30591597499791395,0.34361342260939787
2022-05-03,155.97769165039062,157.18069064394373,152.88709903691972,154.67689768841237,88966500,0.009576577343283795,0.00962257949053047,0.32913650115745763,0.3067539915829965,0.3352202871989042
2022-05-04,162.3740692138672,162.82395888042848,155.76251479077115,156.1635144371754,108256500,0.04018974786753424,0.041008284555290375,0.36250138320421144,0.31823241285847115,0.3606277109397047
2022-05-05,153.3272247314453,160.47668960295778,151.5471860479713,160.25174474333807,130525300,-0.05732838133670697,-0.05571606677237384,0.4082670267431086,0.3363218350313049,0.4146585823793599
2022-05-06,154.05201721191406,156.16768941381943,151.01563498071906,152.80807823964273,116124600,0.0047159581706540995,0.0047270958027072485,0.4090020369225855,0.3359465296081068,0.4024444164077758
2022-05-09,148.9391326904297,152.63176175523802,148.38083908771665,151.75022430191655,131577900,-0.033752602433110714,-0.033189338341808816,0.42143790408344417,0.33930048064294055,0.4116662470321837
2022-05-10,151.3388671875,153.5231099451531,149.7912929478581,152.32814774676658,115366700,0.015983758971925627,0.016112182565599875,0.42084742618080906,0.3390788246032084,0.40393541431523805
2022-05-11,143.4932403564453,152.25954795565056,142.81739949520818,150.34957266016625,142689800,-0.05323354746277452,-0.051841453400958915,0.45197595024291903,0.35522863035306546,0.4429686283506658
2022-05-12,139.63412475585938,143.19941752795359,135.95129962230052,139.8398213340432,182602000,-0.027262321428915666,-0.026894058500593343,0.44911810201397545,0.35488121695608665,0.4423636897468688
2022-05-13,144.0907440185547,145.0604308345469,140.17283922837782,141.62245981596948,113990900,0.03141766076853798,0.03191640489377079,0.46312186918512244,0.3618883604508021,0.4459472899542727
2022-05-16,142.5529327392578,144.49230601105745,141.22084476017127,142.56273706460962,86643800,-0.010729879345117582,-0.01067251952768633,0.46313352998704066,0.36015952619473957,0.4343703679939615
2022-05-17,146.17701721191406,146.69613834453236,143.66954586445135,145.80481151470883,78336300,0.02510494539072157,0.02542272826673453,0.47116351355224695,0.36423640281980274,0.432303672012825
2022-05-18,137.92982482910156,144.33559163369299,137.02869370903522,143.8360642275501,109742900,-0.05807329385732077,-0.05641921377323278,0.505938468570925,0.38070305911009705,0.4760940975609123
2022-05-19,134.531005859375,138.7525441268875,133.79639901619447,137.00907841472153,136095600,-0.02495034077791575,-0.02464165363754922,0.5090262956892314,0.3803787580919459,0.47167589429925616
2022-05-20,134.76612854003906,137.81230015984903,129.8883411847853,136.23534285932448,137426100,0.0017461956357841884,0.001747721123187329,0.505533958025781,0.37841414084429364,0.4573571516868444
2022-05-23,140.1728057861328,140.31972120246527,134.8248604473741,134.96198648449013,117726300,0.0393350935518116,0.0401189624178262,0.5307810995189672,0.38687716053594007,0.4690623029708006
2022-05-24,137.47927856445312,139.05623582746938,134.51146690573626,137.92003986063096,104132700,-0.019402784097158413,-0.01921576162061922,0.520056624618497,0.38835516852232155,0.4609885834255286
2022-05-25,137.635986328125,138.87991021944293,135.50072064953915,135.58886991195646,92482700,0.0011392154534295106,0.001139864605838925,0.5204045687496252,0.3879735332002598,0.4469669658049875
2022-05-26,140.8290557861328,141.37755994588284,134.32533585009304,134.57020484609697,90601500,0.022934364697595366,0.023199379342518034,0.4986211580217106,0.38865096822406897,0.4424314578338507
2022-05-27,146.56881713867188,146.6079896103765,142.27870662441157,142.4060433122878,90978500,0.03994827517236389,0.04075693982678996,0.5103849047692139,0.39823747459103015,0.45621303498424987
2022-05-31,145.78521728515625,147.5678709384086,143.82626511004062,146.01050754614022,103718400,-0.005360635652226069,-0.005346293084798837,0.5101908969986795,0.3967670041224175,0.4428058354187061
2022-06-01,145.65789794921875,148.62570934761555,144.649023812494,146.82346195823692,74286600,-0.000873716601159312,-0.0008733350219485292,0.5081457941744364,0.3939875273074948,0.42932962828598
2022-06-02,148.1065673828125,148.16533354946895,143.84584095281429,144.79593383540592,72348100,0.016671357065832126,0.016811099625009263,0.48782532548421137,0.3950177556847444,0.421268154783321
2022-06-03,142.396240234375,144.93307974702813,141.49512401563555,143.88503314588232,88570300,-0.039318468755616474,-0.038555529638857666,0.4656924588581621,0.39597082422732444,0.4361117856215327
2022-06-06,143.14065551757812,145.5207905259265,141.9260996131152,144.01238876362018,71598400,0.005214156074668276,0.005227773443862382,0.4658151860140249,0.39257264377245865,0.42331188741743964
2022-06-07,145.65789794921875,145.94193944320352,141.1425125135875,141.3873815394989,67808200,0.017432955615116003,0.01758579644992264,0.45733408492882516,0.3914843614808935,0.4159765196045766
2022-06-08,144.9232940673828,146.79408210793065,144.4335560047601,145.5305644824367,53950200,-0.005056111455145691,-0.005043350839046501,0.45297884460700527,0.38776089911274675,0.40378312078127404
2022-06-09,139.71246337890625,144.91347882072873,139.60472041542363,144.06133943857793,69473000,-0.03661811842128513,-0.035955784209912856,0.4314631558952414,0.3898337994851412,0.41657240121319583
2022-06-10,134.31556701660156,137.87105521943323,134.24699651333503,137.40091085996173,91437900,-0.03939446852167033,-0.03862859641711469,0.4431241063715149,0.39240243199924435,0.4319556744331087
2022-06-13,129.17335510253906,132.4252090464818,128.74238308627127,130.14302719351753,122207100,-0.03903666884881548,-0.0382845564984059,0.4433485616324079,0.3989887147538141,0.44545633736475543
2022-06-14,130.0352325439453,131.14204524198857,128.7815044194442,130.39764883857168,84784300,0.006650093081531705,0.006672254047454862,0.4449004591627497,0.39641465523431674,0.4326593700672299
2022-06-15,132.6504364013672,134.5212392737676,129.44756042743367,131.53383428431485,91533000,0.019911937143955543,0.020111502138761228,0.4406642075588469,0.3985734646659727,0.42656457836747924
2022-06-16,127.39067077636719,129.67285209068328,126.39160087860697,129.36921686332983,108123900,-0.04045885780741761,-0.039651325451242836,0.4162070491337955,0.40255828449435493,0.44248177032955616
2022-06-17,128.85989379882812,130.34870189215334,127.14581035148301,127.40048374314352,134520300,0.011467206909060564,0.01153320736524055,0.41191696206982953,0.4030477871539852,0.4313130443008685
2022-06-21,133.08139038085938,134.2469691337133,130.58373870544858,130.68167733148658,81000500,0.03223517925196583,0.03276036055579645,0.4295836893463268,0.406311187379592,0.43655512846363664
2022-06-22,132.57211303710938,134.93263938077834,131.16166488175563,132.0235937967665,73409200,-0.0038341520897917473,-0.0038268111138043404,0.4028145695031917,0.4059840144674392,0.42351839664530827
2022-06-23,135.4321746826172,135.74559928638683,132.84635818263115,134.0119372202921,72433800,0.021344212439015922,0.021573629475960976,0.40647338894110274,0.4089400395483017,0.4189201146726862
2022-06-24,138.7526092529297,138.99747831559026,136.90139973704072,137.02872148660157,89116800,0.02422159872423219,0.024517324469564672,0.4160416666092261,0.41034083136488636,0.41693537712872336
2022-06-27,138.7526092529297,140.5450525850796,138.0767682486871,139.77125797752416,70207900,0.0,0.0,0.40744498684957364,0.4103741365471846,0.40423384591023864
2022-06-28,134.6192169189453,140.47648065381134,134.50168455265504,139.21296287932694,67083400,-0.030242380284705973,-0.029789654812542588,0.39028920613956625,0.41295683021590857,0.4091814728402611
2022-06-29,136.3724822998047,137.78293057588337,133.86502534038587,134.63881999394516,66242400,0.012939804794979927,0.013023886343916491,0.39497774663926144,0.4143876185128134,0.39989421088650495
2022-06-30,133.91397094726562,135.5301005021527,131.02451949836083,134.43309207438057,98964500,-0.018192396467126108,-0.018027913777606597,0.39831505883215024,0.41151286235849727,0.3941124484705737
2022-07-01,136.07861328125,136.1863562547321,132.87573705664798,133.2479278277153,71051600,0.01603517164928635,0.016164424956353507,0.39787902008861104,0.41245216854262845,0.3871600455522395
2022-07-05,138.65464782714844,138.70362462604172,134.11966825992553,134.94243962271915,73353800,0.018753535944590224,0.01893048792740304,0.38308682907224034,0.4138362533396136,0.38238325916456906
2022-07-06,139.9867401123047,141.16210859174285,138.1845074474581,138.44897021265854,74064300,0.009561411126892459,0.009607267452129475,0.3843806042790514,0.41454215479323725,0.3725939058639437
2022-07-07,143.34632873535156,143.54222096010838,140.33933002838788,140.34911940865916,66253700,0.02371587686493667,0.02399933465377968,0.38902046511416477,0.4177100375931594,0.3728280849609934
2022-07-08,144.0221710205078,144.5217134378149,142.02404618814074,142.27870461467543,64547800,0.004703671639637235,0.004714751267917094,0.3891467694326313,0.4150948656139752,0.3619326690507102
2022-07-11,141.89671325683594,143.63039032716094,140.8290877786715,142.68029721118097,63141600,-0.014867831637152752,-0.01475785116007744,0.3693898760413395,0.41496316834108804,0.355637250670641
2022-07-12,142.8663787841797,145.40321819395862,142.07300556646354,142.768425199881,77588800,0.006810357818681893,0.006833601040417525,0.3378079187601139,0.4136064506333984,0.3458185407721938
2022-07-13,142.50399780273438,143.44428658574307,139.20315284375937,140.05530730128564,71185600,-0.0025397252550554642,-0.0025365028814283708,0.3001960034280553,0.40950571171431177,0.33542892308713174
2022-07-14,145.42282104492188,145.8929653987599,140.30995449187216,141.12292146669557,78140700,0.020275452253707787,0.02048239549200548,0.30509915211749306,0.41206550003007825,0.3346304669839048
2022-07-15,147.0879364013672,147.76377735798872,145.1583671279135,146.7059412883577,76259900,0.011385108411470968,0.011450165417510094,0.3012683840265558,0.41167083146084393,0.3274427604241287
2022-07-18,144.05157470703125,148.4592176926782,143.68915834296686,147.64625063740658,81420900,-0.020859221595824016,-0.020643172843559654,0.26810894700077287,0.413516801260388,0.32766515745765273
2022-07-19,147.90089416503906,148.1261694879342,143.8948404199678,144.88410592104603,82982400,0.026371022298544582,0.0267218145017607,0.2771010836342545,0.4175654945602377,0.3338225607132432
2022-07-20,149.89903259277344,150.56508418725386,147.28383290571463,148.01844006316782,64823400,0.013419535964652509,0.013509982066130632,0.2619086878103146,0.4149385378963211,0.32783245900114577
2022-07-21,152.16162109375,152.3771070356204,148.821603940378,151.32906041419434,65086600,0.014981301212421973,0.015094083409619374,0.26110053003550737,0.4159313292228999,0.3231395943254795
2022-07-22,150.92747497558594,153.07253011561605,150.2614383736218,152.20079694797485,66675400,-0.00814382935630016,-0.008110758214147085,0.26043075429392415,0.4089403688544059,0.3148917807106808
2022-07-25,149.81088256835938,151.85798424989775,149.1546353044719,150.849124954379,53623900,-0.007425707496630896,-0.007398205047869366,0.25427749220824947,0.4091973514485513,0.30666130740410785
2022-07-26,148.4886016845703,149.94801169458665,147.70501771546552,149.13504463438227,55138700,-0.008865516799275006,-0.008826333982684509,0.2579709743465317,0.3988497408866036,0.2993110096866077
2022-07-27,153.57205200195312,154.1009774684585,149.03708779660727,149.44846596743406,78620700,0.03366165208183531,0.03423461639285574,0.24696374886396474,0.3979697182032237,0.31834640067090897
2022-07-28,154.12057495117188,154.40461645264705,151.24091273921562,153.7581586202447,81378700,0.0035653992474385973,0.003571762844008619,0.24600483713631296,0.3980181349810014,0.30895949814892454
2022-07-29,159.17466735839844,160.27169083424704,156.22644946059978,157.93074338059327,101786900,0.03226688582218904,0.03279310636381805,0.24507403268721875,0.4030443924165745,0.32476272915324106
2022-08-01,158.19520568847656,160.2325181068246,157.58793518866128,157.70546755749734,67829400,-0.006172386623678699,-0.006153376577923142,0.24883537959985982,0.394575126825027,0.31578256377532327
2022-08-02,156.7259979248047,159.076750020311,156.35380709254014,156.81416215078264,59907000,-0.009330704990030414,-0.009287309038714442,0.2519834322675674,0.3768794550651994,0.30830486244995087
2022-08-03,162.7204132080078,163.17096396610395,157.45082558468908,157.53897487053965,82507500,0.03753442717587421,0.03824774040411061,0.2755075965896106,0.3844234735435066,0.3326414484934067
2022-08-04,162.40695190429688,163.7586338892835,161.05526991931026,162.6028441618955,55474100,-0.0019282375737645096,-0.0019263797180150144,0.27051104681509225,0.3776390537958991,0.3225949952100533
2022-08-05,162.18136596679688,162.67178435198056,159.876393569881,160.08237587686597,56697000,-0.0013899820874629808,-0.0013890165097916185,0.2718322451776748,0.37645842223786574,0.31281414878099145
2022-08-08,161.7105255126953,164.59418751238474,161.0533667864172,163.18178041324063,60276900,-0.002907394708873042,-0.0029031723299084433,0.262858186029427,0.3591340141665307,0.30349520373491673
2022-08-09,161.7595977783203,162.64235984823435,160.12160217379457,160.87685067478762,63135500,0.0003034114279376515,0.00030345746184057276,0.26378108152346136,0.35394912030472925,0.2942518823952212
2022-08-10,165.9967803955078,166.09485506907728,163.70161153159125,164.46666283077084,70170500,0.0258571242252278,0.026194319690348467,0.27046247978017957,0.3521845265747567,0.3024867171931852
2022-08-11,165.2611846923828,167.71327649760102,164.9669306824805,166.8010905635419,57149200,-0.004441233055557406,-0.004431385364055518,0.2693631831464497,0.3514212823449082,0.2937797754195215
2022-08-12,168.80201721191406,168.87066800455992,166.15374591104305,166.56571053244468,68039400,0.021199372492888013,0.021425675521582033,0.27398813600224464,0.35043630106996654,0.29651862264870676
2022-08-15,169.87110900878906,170.06727335382837,168.0663730882192,168.2331135298216,54091700,0.006313434785459235,0.006333406522819329,0.25372253831413943,0.327042704397636,0.288531750384157
2022-08-16,169.7141876220703,170.3811644180383,168.37044601656845,169.46897842594916,56377100,-0.0009241943007836868,-0.0009237673647649602,0.24624654160848072,0.3217888755986447,0.2797649928846664
2022-08-17,171.20506286621094,172.77439273368478,169.26301023326062,169.45917459589717,79542000,0.008746263204351535,0.008784623519281665,0.24515648037704746,0.32191111543449097,0.273366019512546
2022-08-18,170.81271362304688,171.54834118381174,169.8024529702403,170.4203849105247,62290100,-0.0022943217706348955,-0.002291691826138753,0.24503459738479813,0.31358527338448594,0.2651882956353471
2022-08-19,168.23309326171875,170.41055165199725,168.02711099609633,169.7141510996703,70346300,-0.015217236655043195,-0.015102039576637694,0.25156539595449456,0.3124064012240566,0.2638306166836313
2022-08-22,164.3588104248047,166.6049198473659,163.9370428679026,166.43817940694694,69026800,-0.02329857129216226,-0.023029255194677245,0.2680886755786063,0.31712866573180587,0.2713626518451563
2022-08-23,164.0253143310547,165.47696339789675,163.4564272588674,163.87819481513557,54147100,-0.002031134779437652,-0.002029073421059957,0.2645992146638008,0.31452814655620276,0.26321437114232965
2022-08-24,164.319580078125,164.88846719098774,163.06411023124903,164.11361274111158,53841500,0.0017924190743623032,0.0017940264176321552,0.24199072283640732,0.3047131388406259,0.2552909592784468
2022-08-25,166.77166748046875,166.87956011908489,165.1238689631101,165.5456215718219,51218200,0.01481242560301833,0.01492267325158636,0.24537322680894075,0.305462253692484,0.25412696372855575
2022-08-26,160.4844970703125,167.77212157949262,160.42564926256463,167.30132415112922,78961000,-0.03842826982454251,-0.03769927173566556,0.2647034891304112,0.3165912484932711,0.28815598124710795
2022-08-29,158.2874298095703,159.7782908024648,156.7573269679059,158.06182659509352,73314000,-0.013784790102299013,-0.013690214948174018,0.26856510779084797,0.31655776992317775,0.28447310309029383
2022-08-30,155.8647918701172,159.44484048815386,154.69759359071182,159.02308781449068,77906200,-0.015423643689942338,-0.015305308465540901,0.2722273803131996,0.30717270846766354,0.28225224183908104
2022-08-31,154.20713806152344,157.50274977749038,154.12866933419335,157.23791969354875,87991100,-0.010692161661747409,-0.010635203683299288,0.23461376889134283,0.3080809922249864,0.27679397001258915
2022-09-01,154.93295288085938,155.38412932683354,151.70599214901193,153.6382414104045,74229900,0.004695710289721031,0.004706752414057158,0.23607151313554994,0.30632258239059335,0.2689821538978007
2022-09-02,152.8241729736328,157.2869832188541,152.00027368828214,156.6886721974106,76957800,-0.01370439696899423,-0.01361091922677149,0.2394264947865272,0.3075665672881754,0.2661766516289152
2022-09-06,151.56869506835938,154.07963464254792,150.7447958267751,153.4715206737186,73714800,-0.008249109335035068,-0.008215178795634936,0.24015726138770715,0.2981425291554459,0.26005363310082213
2022-09-07,152.9713134765625,153.6676992214009,150.66634101658914,151.85316012640948,87449600,0.009211455221780768,0.009254011242694427,0.24395141568453127,0.286165999405907,0.25466284432955705
2022-09-08,151.50001525878906,153.36359865770876,149.75411248649127,151.67655864828822,84923800,-0.00966468452857289,-0.009618131559018472,0.2200340314402584,0.2741823284123607,0.2497484235503719
2022-09-09,154.35427856445312,154.79566708651402,151.7844910019974,152.49069467763707,68028800,0.018664744782798667,0.018840019922034212,0.23499007099592192,0.27602904720181815,0.2527829380175493
2022-09-12,160.29811096191406,161.11220709833708,156.24726616785827,156.53170218353472,104956000,0.03778480470347235,0.03850772685241122,0.2636567630387939,0.28308569048061183,0.2857480636868567
2022-09-13,150.89190673828125,157.46350930410847,150.43091231518306,156.8357744463717,122656600,-0.06047154409673605,-0.05867944523605573,0.3315878433567281,0.2987904522309393,0.36337827417974
2022-09-14,152.33377075195312,154.08947711736784,150.66635107863272,151.8237313927598,87965400,0.009510242621961748,0.009555608679349126,0.3357174168969656,0.2985754377958253,0.3542437974387012
2022-09-15,149.4500732421875,152.26508456095567,148.47905455230304,151.6863795720259,90481100,-0.019111594870964862,-0.018930126232227118,0.33470791218313134,0.29547391669042344,0.3514000201864876
2022-09-16,147.81207275390625,148.44962552428208,145.5267216779744,148.31230899881908,162278800,-0.011020690585786303,-0.010960185249470067,0.33458491364998205,0.29643855691558235,0.34337947627249527
2022-09-19,151.51963806152344,151.59810678770754,146.2427471814607,146.44871449211215,81474200,0.02477355249516488,0.025082966760028746,0.35160522530009564,0.2974850510058773,0.3465753566809256
2022-09-20,153.89324951171875,155.05064442927653,150.1464616536784,150.46032156880005,107689800,0.015543936343582662,0.015665371700739783,0.3521665106830965,0.295223309515929,0.34141003532064895
2022-09-21,150.77420043945312,155.69800426701255,150.65650483896582,154.3248240736869,101696800,-0.020475820742789627,-0.020267614610529838,0.35734032213353634,0.29869651628800714,0.34045023589235723
2022-09-22,149.81298828125,151.50983141556574,148.0180554999838,149.45988650515864,86652500,-0.006395584846473733,-0.006375176624392909,0.3566969800227768,0.2918309362040392,0.33101426303952836
2022-09-23,147.54727172851562,148.5673503753869,145.71311171309017,148.29271727039426,96029900,-0.01523916074159507,-0.01512363232806524,0.35088465942371494,0.29294118789718776,0.3263549661633809
2022-09-26,147.88075256347656,150.82326264584486,146.77240230987616,146.79202323434507,93339400,0.00225761233993233,0.0022601626655254226,0.3303224292918305,0.29010967731764864,0.31653463305444146
2022-09-27,148.85177612304688,151.75505941669135,147.07646404392761,149.81300689014782,84442700,0.006544796621819631,0.006566260603478424,0.3302908540023798,0.28874898890354356,0.3079450909714077
2022-09-28,146.9685821533203,147.7532545846386,142.0643981655583,144.81074419198137,146691400,-0.01273218260414751,-0.012651471274147452,0.3290920221554468,0.28791983117238484,0.3026407910956972
2022-09-29,139.74960327148438,143.9083561021041,137.98409428837317,143.3002421615135,128138200,-0.050366563901035305,-0.04911919796780084,0.3691812071906961,0.3059144517540696,0.3527778873568856
2022-09-30,135.5516357421875,140.35774479295515,135.35547138562947,138.5726147256006,124925300,-0.030499629869707796,-0.030039208920984883,0.3780518551226163,0.3081106974424748,0.3620084835511573
2022-10-03,139.72015380859375,140.32828260431316,135.05137754414199,135.56141670515206,114311700,0.030288877455512377,0.0307522520372574,0.3988913944399886,0.31450472754068826,0.3702140799965008
2022-10-04,143.3002471923828,143.41794280659562,141.49549629829846,142.2507447443845,87830100,0.025300539059313853,0.0256233140760318,0.4122431277825225,0.317429831673413,0.3721740592109788
2022-10-05,143.59449768066406,144.55572849466822,140.26946161653336,141.30916116839794,79471000,0.002051279061169685,0.002053384373344569,0.4102536797111751,0.3171539453367791,0.36092428519690783
2022-10-06,142.64308166503906,144.7126478104947,142.43711432828448,143.0158044200555,68402200,-0.0066477610773745,-0.006625713596218885,0.409758998794284,0.3174107784745785,0.3508825349082137
2022-10-07,137.40542602539062,140.35775442140775,136.77769106151405,139.80847323243142,85925600,-0.037409708083737905,-0.03671860968306717,0.41866229730328364,0.3236392180023624,0.3699887462344274
2022-10-10,137.7291259765625,139.17095752443313,135.91458655602872,137.7291259765625,74899000,0.0023530312581281896,0.002355801808817004,0.387449694069001,0.3226974222138149,0.35883406715635885
2022-10-11,136.31668090820312,138.64127407342733,135.57125040118655,137.21904887976436,77033700,-0.010308186003218579,-0.010255238740132122,0.3338459032665822,0.32065539844601343,0.35020394916512765
2022-10-12,135.68894958496094,137.67024396939837,135.51240615749046,136.46381898254117,70433700,-0.0046155841444603584,-0.00460494870517647,0.3293942060515813,0.31564018824797896,0.34000933566471153
2022-10-13,140.2498321533203,140.83832513907973,131.79501040391918,132.40313927882985,113224000,0.03306021679199297,0.033612778213037986,0.3526386937515108,0.3220890960768734,0.3538301765055273
2022-10-14,135.72816467285156,141.75050040665323,135.54180333634727,141.54451814883853,88598000,-0.03277125131337357,-0.03224009192057853,0.3672064026185825,0.32673404752344976,0.36595388296444986
2022-10-17,139.68093872070312,140.1615390587515,137.58194907165392,138.36662131640782,85250900,0.028706716256806146,0.02912272524555992,0.3715710656606354,0.33240727480682086,0.37195017439177835
2022-10-18,140.99530029296875,143.88876607092178,137.91547311478982,142.70196183745628,99136600,0.009365745989376282,0.009409741832375085,0.36787491087161805,0.33286452499806035,0.36245330779161766
2022-10-19,141.10316467285156,142.1722730567363,138.78838952105372,138.974750883936,61758300,0.000764728621636211,0.000765021101119645,0.3632433821430676,0.33247877563054384,0.351424100816229
2022-10-20,140.64215087890625,143.09424222902763,139.9163264513743,140.2792461483292,64522000,-0.003272559861261173,-0.003267210873789894,0.3630611661044611,0.32462715814227505,0.34095585431969616
2022-10-21,144.4477996826172,145.01668666487555,139.91632474569775,140.13210997918807,86548600,0.02669946708809098,0.02705909131742179,0.37488049782325517,0.3295828336689914,0.34648853869375945
2022-10-24,146.58604431152344,147.3510957532076,143.2021606323234,144.3693587197694,75981900,0.014694394813358548,0.014802888196320252,0.3789185442981692,0.3239073989546539,0.34075774182254936
2022-10-25,149.420654296875,149.56778877679034,146.4977652190575,147.21377179556336,74732300,0.019152922220070145,0.019337516055262904,0.38460129842423524,0.3264529154894469,0.3386671298935756
2022-10-26,146.48797607421875,149.07738452163943,145.20306734701933,148.06712385627637,88194300,-0.019822160938915624,-0.019626993580348584,0.3885639677995651,0.3283059575248986,0.3372752889112536
2022-10-27,142.0251922607422,146.1937492661754,141.3680333052635,145.23253325315713,109180200,-0.03093889835727426,-0.03046518856411451,0.36036911884215556,0.32382635819803696,0.3484285301245767
2022-10-28,152.75550842285156,154.48177557471033,144.98728378991743,145.35999154749908,164762400,0.07283420693672663,0.07555220303740007,0.42260147348949095,0.3585464175017714,0.4408255871362593
2022-10-31,150.4014892578125,151.28425122815005,149.00870300208484,150.22494584357278,97943200,-0.01553034564270883,-0.015410371706680248,0.4189178379812149,0.3597775423067264,0.43164149929149537
2022-11-01,147.7630157470703,152.4710340362063,146.27215501250635,152.1081293130579,80379300,-0.01769856799783105,-0.01754286825058904,0.4172910724161703,0.36134098667395764,0.4241128378517703
2022-11-02,142.25074768066406,149.25392123210702,142.2213237765035,146.0956258102425,93604600,-0.03801841635330681,-0.037304788607196104,0.44024048225474954,0.36897672909023727,0.4369597750421468
2022-11-03,136.21859741210938,140.06347524662803,136.0910838596121,139.3376507448135,97918500,-0.04333039982571809,-0.042405051410317696,0.4655938667544561,0.37376551984771755,0.45592320665472397
2022-11-04,135.9533233642578,140.16808578570755,132.02346880241154,139.59825507529519,140814800,-0.0019493130010940565,-0.0019474143244113673,0.4467661543628964,0.37376777189871213,0.4420989317342118
2022-11-07,136.48387145996094,136.70983394000362,133.29086405936027,134.70561435237354,83374600,0.003894833572445856,0.0039024282935815613,0.4469316609998586,0.37060132638839244,0.4288982907518774
2022-11-08,137.0536651611328,138.94981261597127,135.07891882338652,137.94771058910516,89908500,0.004166115790516043,0.004174806115014418,0.4456503238233267,0.37038348910272983,0.4161477499344222
2022-11-09,132.50486755371094,136.12034157773797,132.22977893126608,136.07121539704306,74917800,-0.03375318462592394,-0.03318990121186394,0.4616031039974109,0.3754547645920614,0.4242806714564265
2022-11-10,144.29446411132812,144.29446411132812,137.05371017047622,138.7632027049217,118854000,0.08523672029111858,0.08897481862572532,0.5429362583554723,0.4170728608285438,0.5282656112121433
2022-11-11,147.07484436035156,147.37940577392345,141.83830991998155,143.26289458275522,93979700,0.019085501219697962,0.019268793616907365,0.5306865374571376,0.4194890725233018,0.5175212447280809
2022-11-14,145.6797332763672,147.64466090619808,144.8446330372058,146.35763570725214,73374100,-0.009530997986180194,-0.009485721980886042,0.5244095407673917,0.4189138962812624,0.5031222953220321
2022-11-15,147.40887451171875,150.8966242970365,145.95483216140596,149.55065357357725,89868300,0.011799580411740543,0.011869470079762134,0.524927541483204,0.4176081993049696,0.48994824266165876
2022-11-16,146.18077087402344,147.24183349471545,144.70707528826344,146.51481993344615,64218300,-0.008366172446433695,-0.008331273417311658,0.526263166952951,0.4178240232973766,0.4761350810642219
2022-11-17,148.07693481445312,148.82360185357618,143.58706836561342,143.86215701114332,80389400,0.012887956030898737,0.012971363669054492,0.5273356991232917,0.41886252515511635,0.46434228924784077
2022-11-18,148.6369171142578,150.022194440957,147.3400729082456,149.63903422199823,74829600,0.0037745657037556645,0.003781698348269913,0.5196488043281137,0.41760902771329184,0.45043573988330415
2022-11-21,145.41444396972656,147.73305885560603,145.12953609848137,147.52674987775407,58724100,-0.021918634520764653,-0.021680166725027816,0.5234904892079106,0.41278696811156274,0.44495265331482164
2022-11-22,147.54641723632812,147.78221396265934,144.35340964940343,145.53237828985053,51804100,0.014554919692253976,0.0146613583107702,0.5214630323420404,0.4133122283870921,0.4350942411266496
2022-11-23,148.42083740234375,149.16750461394776,146.7211639605135,146.82923559559399,58301400,0.0059089152365883685,0.005926407312317528,0.516882151847759,0.4124816198970516,0.4224647887865817
2022-11-25,145.5126953125,146.2691965387926,144.5400508786952,145.70918504900035,35195900,-0.01978839882651675,-0.019593893557952824,0.5093022115530776,0.41383093476409855,0.41675965316685243
2022-11-28,141.6909637451172,144.06852490110793,140.86569755699705,142.5948288546599,69246000,-0.026614961472679194,-0.026263904734740495,0.4416629294365725,0.41696390308601083,0.41710626625726427
2022-11-29,138.69442749023438,142.27059550015326,137.88881488460692,141.75971007267643,83763800,-0.021375224536377406,-0.02114839348734454,0.4442089354625218,0.4182182036682439,0.41285264986021003
2022-11-30,145.43411254882812,146.11201495746124,138.0852876520207,138.92037287256267,111380900,0.04744999953194483,0.04859376963121531,0.47667227268901,0.42986148004996416,0.4407529795647383
2022-12-01,145.70919799804688,146.51482547786148,144.03901260255705,145.61096061666942,71250400,0.0018896915787717822,0.0018914781710954731,0.4559363504079396,0.4294028941298354,0.4273890384433575
2022-12-02,145.2179412841797,145.4046117654443,143.09581632538948,143.40039263183445,65447400,-0.0033771835930658987,-0.0033714873228096742,0.42520095200943725,0.42904234015541215,0.41457708083087164
2022-12-05,144.0586700439453,148.27343309869434,143.21375058654476,145.17867816271277,68826400,-0.008015009861375592,-0.007982975312711416,0.4267174258523192,0.42737829936812805,0.4031538430740439
2022-12-06,140.40390014648438,144.71691547188212,139.43125562304482,144.49095300364328,64727200,-0.0256973774323162,-0.025370009985140385,0.4385625167428922,0.422449988513176,0.4034422023568682
2022-12-07,138.4684295654297,140.85580904494128,137.54491133359693,139.69650913090823,69721100,-0.013880915759061776,-0.013785020067358489,0.4417286808331069,0.40545347174425683,0.3948581934281424
2022-12-08,140.14842224121094,141.0031757409908,138.62561570092225,139.86351440208722,62128300,0.012059665635616319,0.01213267660400108,0.42417788917025495,0.405780874224613,0.3856905477648736
2022-12-09,139.6670379638672,143.0172426533997,138.42912415381502,139.84387422747133,76097000,-0.003440730200550613,-0.0034348176714771306,0.2917264993932153,0.40412516494920764,0.3741801260311275
2022-12-12,141.9561767578125,141.96599599737974,138.58631867677312,140.19755844692216,70462700,0.016257105885436208,0.01638997165915068,0.28922473553534767,0.4051384862558619,0.3682475231542459
2022-12-13,142.91900634765625,147.34009332894186,141.71058010364294,146.87833415604433,93886200,0.006759685035296818,0.006782583272064269,0.28920847683406725,0.4019754149666916,0.35799545714763203
2022-12-14,140.69863891601562,144.0881358235322,138.68458524913544,142.8011107216781,82291200,-0.015657790210343053,-0.015535844310584523,0.28956844010331256,0.4015849969186192,0.3523890156906438
2022-12-15,134.10629272460938,139.3133532425607,133.6445335943197,138.63545090272245,98931900,-0.04798757561443382,-0.04685437074726273,0.3316242899503776,0.4109872326026663,0.3892888199865528
2022-12-16,132.15118408203125,135.23611943482993,131.38486361161162,134.29296269794702,160156900,-0.01468611365235853,-0.014578798674220184,0.327070572057481,0.41172059144792944,0.3817252272116508
2022-12-19,130.0487060546875,132.82907992971283,129.01713123497163,132.74066180080095,79592600,-0.01603755890015081,-0.01590964199033329,0.32702792845345907,0.41183273071625137,0.37531348759669353
2022-12-20,129.97996520996094,130.91330283228723,127.6122238272619,129.08591954394805,77432800,-0.0005287174371469782,-0.0005285776907126838,0.32259218678331103,0.41174627017224746,0.36388573455228274
2022-12-21,133.07469177246094,134.4108428696223,130.42204304769788,130.64800547841642,85928000,0.023530238052665665,0.023809258276850542,0.33148412637736857,0.41473890044578277,0.36447164544938154
2022-12-22,129.9111785888672,132.20032094511618,128.0150307307424,131.99401195090732,77852100,-0.024059587546415347,-0.023772462978932984,0.33525716461554683,0.41665161915402615,0.36554291876643935
2022-12-23,129.5476837158203,130.09786107261186,127.36661277196195,128.62416529925937,63814900,-0.002801947928329791,-0.002798026135974352,0.3318395439921878,0.4043159441692434,0.3545744403154712
2022-12-27,127.74976348876953,129.1055682957193,126.46273834186272,129.07609558176017,69007800,-0.013975649665049782,-0.013878443639291582,0.3242764716929235,0.4006137119523459,0.3480414798683602
2022-12-28,123.82972717285156,128.73221899747332,123.66271014073895,127.39606774936588,85438400,-0.03116592373710392,-0.030685272589663803,0.33251983970333115,0.3999175471958324,0.3585403453148778
2022-12-29,127.33712768554688,128.19186635387044,125.49009852746012,125.74553370652504,75703700,0.027930664087019098,0.028324382139673032,0.29642321802744764,0.40072028682608235,0.3641888974832849
2022-12-30,127.65153503417969,127.67118851090429,125.19538263157119,126.15820060973721,77034200,0.002466050879406785,0.0024690940839282582,0.29665026981510123,0.40073895878492355,0.353224419795709
2023-01-03,122.87673950195312,128.6044974020352,121.99252063798394,127.9953746812147,112117500,-0.03812243390520011,-0.037404920598472,0.31658795663896755,0.40744626076402785,0.3731697190213622
2023-01-04,124.14413452148438,126.40380440814197,122.88658197418445,124.66483917038782,89113600,0.010261530697024786,0.01031436075426706,0.3234199284183395,0.40166572485832047,0.36399508500524114
2023-01-05,122.82760620117188,125.5293813261351,122.57217104073682,124.90060516942826,80962700,-0.010661469096938372,-0.010604837074156381,0.31649120651812007,0.4019913984320418,0.3553329712732348
2023-01-06,127.34693145751953,128.00518029343567,122.69988266566685,123.80024463429882,87754700,0.036133309141471136,0.03679405140360492,0.34948617840178564,0.40905176865348997,0.37205744665531426
2023-01-09,127.86763000488281,131.07047089671403,127.61219486879021,128.182025548878,70790800,0.004080482452594194,0.004088818956246021,0.3456937813572166,0.4091238958155051,0.3610718655490983
2023-01-10,128.43746948242188,128.958174020526,125.87323874198964,127.9757103650532,63896200,0.004446578843629347,0.004456479544645564,0.3471707142361417,0.40311084896529903,0.3504988903897393
2023-01-11,131.14910888671875,131.16874737067045,128.1722445262406,128.94838439618852,69458900,0.02089274459435091,0.021112525925839787,0.3511590707526267,0.40030352229239125,0.3493973186760969
2023-01-12,131.07049560546875,131.90558081812333,129.13504077259947,131.5322547782573,71379600,-0.0005995988267733693,-0.0005994191033192875,0.3491455546866268,0.3956265054056439,0.3387612921272288
2023-01-13,132.3968048095703,132.55400260182785,129.35117628841525,129.71468306570503,57809700,0.01006819750182026,0.010119052331150513,0.35001345281080626,0.3957081848154067,0.3307663125338405
2023-01-17,133.55612182617188,134.88243886666353,131.77786487384603,132.4655864864573,63646600,0.00871826735948679,0.008756382136782204,0.3088958230302085,0.3961992727448781,0.32247669073184615
2023-01-18,132.83892822265625,136.1792989256054,132.6620769549058,134.42069543585905,69672800,-0.005384449419317265,-0.005369979254482127,0.3048505776209172,0.3962765534589775,0.3133530063844045
2023-01-19,132.89788818359375,133.86069855178562,131.42419241972087,131.7287538123279,58280400,0.0004437470328903119,0.00044384550316967086,0.29871651493512685,0.3920825600599287,0.30381191140958486
2023-01-20,135.4522705078125,135.59964906296133,131.86628386729487,132.90769302903612,80223600,0.019038255764796203,0.01922063893663961,0.30531756550969463,0.39294374541416366,0.3037168076084687
2023-01-23,138.63546752929688,140.80671912517695,135.4817521326256,135.6978953680963,81760300,0.023228621407815637,0.023500506928016307,0.3050380288609628,0.393938095169798,0.3080057569597721
2023-01-24,140.0305633544922,140.64952034187644,137.83967329148908,137.84949253259393,66435100,0.010012755959012031,0.010063051324874728,0.28996633296540636,0.39267297708154153,0.3011500513089593
2023-01-25,139.372314453125,139.93231102042415,136.37579688239575,138.41932337339787,65799300,-0.004711834927173565,-0.004700751647344403,0.2906172673057129,0.387708422667325,0.29255009347375904
2023-01-26,141.43548583984375,141.72039372676826,139.41159795380088,140.65933109437518,54105100,0.01469480912394362,0.01480330863998569,0.28531920870314287,0.358030092635244,0.2893361323403536
2023-01-27,143.37094116210938,144.64814715401417,140.57092820918845,140.64952711543583,70555800,0.013591583149667326,0.013684368606456054,0.25219963923639593,0.3580548227659594,0.2854568414885701
2023-01-30,140.49229431152344,142.9975794810538,140.34493076851774,142.41792955695834,64015300,-0.02028262329266506,-0.020078314526310148,0.2579581127192071,0.35861450894601876,0.2877787520698341
2023-01-31,141.7596893310547,141.80881551729502,139.78494257033407,140.19757555057984,65874500,0.008980652828997519,0.00902109988125721,0.25817398775843026,0.3506503346172987,0.28118867983589185
2023-02-01,142.8797149658203,144.03903014040526,138.84180280794712,141.44532609516176,77663600,0.007869826865199398,0.007900875347927716,0.20100314523549428,0.33917477977331606,0.274334638666156
2023-02-02,148.17518615722656,148.52885870656533,145.57164829200897,146.2888426135127,118339000,0.036392141800553134,0.037062442297516096,0.2255910910538565,0.3468641612420097,0.30127839395552125
2023-02-03,151.79063415527344,154.6201342687517,145.23760339877686,145.43409313083382,154357300,0.02410690046955092,0.02439982085941561,0.21938540874455317,0.3499361684186399,0.30677259867256
2023-02-06,149.06922912597656,150.41521473457135,148.13589150827315,149.8945101165513,69858300,-0.01809134142899527,-0.017928675536812322,0.22007085373918475,0.3522509115312441,0.3056330917541618
2023-02-07,151.9380340576172,152.5078649107581,147.9983592694092,147.9983592694092,83322600,0.019061944005187882,0.019244782766108193,0.22305001676722425,0.3463179402628551,0.3054518949567346
2023-02-08,149.25587463378906,151.86923151834947,148.5190269025848,151.18150996746658,64120100,-0.01781065452392611,-0.017652982286259,0.2417838499296731,0.30250861075328733,0.30413675554429237
2023-02-09,148.22430419921875,151.62363543992853,147.782198500911,151.0832773681269,56007100,-0.006935417166232142,-0.00691142266327105,0.2415343319058216,0.3003966338134803,0.2961021585180113
2023-02-10,148.58836364746094,148.9130734935689,146.8270751036462,147.0632318137508,57450700,0.002453127310597152,0.0024561386893264814,0.24064943599683764,0.29975379875532515,0.28724012363586354
2023-02-13,151.38282775878906,151.7862414824205,148.49980618651492,148.52932389765635,62199000,0.018632088904143262,0.018806749349217222,0.24433289430550648,0.3011940749353537,0.2877593698408024
2023-02-14,150.7432403564453,151.3041068890254,148.4407688328002,149.68055772689488,61707600,-0.004233917064974113,-0.004224966674310382,0.24722266953814828,0.3007966388024165,0.27947838837278083
2023-02-15,152.83909606933594,153.00636811059493,150.42838780610393,150.6546952720313,65573800,0.013807713820807225,0.013903480566921589,0.24482124520802181,0.3009641272885852,0.2762324241704341
2023-02-16,151.24505615234375,153.8230360580732,150.89082864502956,151.0482514150965,68167900,-0.010484298552182063,-0.010429529864983245,0.2516868955361142,0.3017247587767018,0.2709023610771881
2023-02-17,150.10366821289062,150.5464488832577,148.4309328947845,149.90687847207133,59144100,-0.007575232979558816,-0.00754661321493677,0.2517838818369423,0.29863149444823356,0.26429614507583304
2023-02-21,146.09893798828125,148.87372305726493,146.03006833094608,147.79135689260553,58867200,-0.027042127144915617,-0.026679762542041963,0.26666428885434534,0.3024303958436146,0.2769805191137428
2023-02-22,146.5220184326172,147.54533393656627,144.80008218957667,146.4826514820273,51011300,0.0028916639759323627,0.0028958488690031814,0.2652407675304973,0.3022347531043736,0.2687778724246452
2023-02-23,147.00416564941406,147.92909389742377,144.87881554222116,147.68310298099968,48394200,0.0032852104962297793,0.0032906127144201047,0.2639664733717027,0.2995393602344766,0.26090273332381997
2023-02-24,144.35733032226562,144.82962872471046,143.38320079150859,144.75090982195374,55469600,-0.018169237720480937,-0.018005172271517766,0.2698152462172547,0.2968012406954756,0.262635592817427
2023-02-27,145.5479278564453,146.7778826433076,145.08546365545737,145.3413038601465,44998500,0.008213747038284567,0.008247572406068882,0.2671546869200243,0.2937460918093193,0.2566298654106155
2023-02-28,145.04611206054688,146.68932985809187,144.47541123636594,144.69188448050687,50547000,-0.003453727370708061,-0.0034477701145521067,0.2560261400541459,0.27728365291346513,0.249174054489283
2023-03-01,142.97976684570312,144.8689754008769,142.68457472462396,144.47539591550134,55479000,-0.01434857641576055,-0.014246126183521501,0.26045424951516344,0.2787927264498237,0.24794228630790952
2023-03-02,143.5701904296875,144.3573646302391,141.59241318636302,142.0647267151534,52238100,0.004120917868172671,0.004129420525783356,0.25937135315484244,0.27886446063005565,0.24092243979349515
2023-03-03,148.60804748535156,148.6867663889097,144.96738452683869,145.66599039801153,70732300,0.03448823864175553,0.03508985424193134,0.2559168101991802,0.28724862717150174,0.2693423776125858
2023-03-06,151.36312866210938,153.79352005595112,150.9990669195326,151.32376170858595,87558000,0.018369489256676756,0.01853924618065772,0.2495225239432666,0.2842520571304694,0.27072986906666635
2023-03-07,149.16891479492188,151.55993956940895,148.7064506179963,151.23522972088062,56182000,-0.014602455242182889,-0.014496356454719472,0.24648246894735,0.2844199301673123,0.2685536176910569
2023-03-08,150.41856384277344,151.00894821688513,149.39524794362458,150.35952840818192,47204800,0.008342513520479024,0.008377409258286672,0.23830804265239414,0.28391757339112034,0.26238539883512657
2023-03-09,148.17510986328125,152.06176399701366,147.82088228318355,151.09748364556307,53833600,-0.015027084588193313,-0.014914741386822361,0.23581848470423367,0.28571002072844864,0.2610165288471471
2023-03-10,146.1186065673828,148.51948035027368,145.24287949222287,147.8011910673905,68572400,-0.013976083455809108,-0.013878871409617521,0.2397130936637167,0.2855260574515858,0.25883441419571035
2023-03-13,148.05703735351562,150.6842189540097,145.33145336527863,145.43968998615728,84457100,0.013178921384592092,0.013266146123826594,0.24456778462932652,0.2864305418064645,0.25612817170880786
2023-03-14,150.14305114746094,150.94005952145656,147.69299059245188,148.85406081281639,73695900,0.01399092690905327,0.01408925797268612,0.2403516343116675,0.28569162705824225,0.25421491298354776
2023-03-15,150.53662109375,150.7924462663543,147.51584514285557,148.76548332238644,77167900,0.0026178701614557173,0.0026212997756553946,0.24013672283451967,0.26676369589475907,0.24668062290393677
2023-03-16,153.3507537841797,153.95097226183628,149.20825986230471,149.71992520737962,76161100,0.01852142188199154,0.01869400727864834,0.24429625478387781,0.26661195991334713,0.2497740201251568
2023-03-17,152.514404296875,154.2265068856699,151.80594908869074,153.5770871091514,98944600,-0.005468760005004867,-0.005453833559121213,0.2420341261994376,0.2643469115369454,0.24309676341308512
2023-03-20,154.8759002685547,155.28917828804447,151.67801783277878,152.58327776546486,73641400,0.015365106811768107,0.015483756977360263,0.24565706230709938,0.2655332321952585,0.24314584551239715
2023-03-21,156.7257537841797,156.84382463636302,154.02968755125636,154.7971931327365,73938300,0.011873333941603852,0.01194410177708316,0.22337955979780946,0.26272868512906605,0.2402171227638477
2023-03-22,155.29901123046875,159.53989288471735,155.27932775015748,156.7454392443716,75701800,-0.009145123447025495,-0.009103433987471155,0.22786314606559555,0.2579688790448806,0.2355982710922735
2023-03-23,156.38134765625,158.95934282613845,155.15139299961646,156.28296029217628,67622100,0.006945197190186136,0.0069693710037537215,0.22831324466495323,0.2578099280704574,0.2300119070244149
2023-03-24,157.68019104003906,157.76874417421377,155.3186840441415,156.31248202721346,59196500,0.008271313922510614,0.008305615748011919,0.21453145988574066,0.2555238617526271,0.22531217898014066
2023-03-27,155.74179077148438,158.19186606543823,155.33836200567538,157.37517430078694,52390300,-0.012369425860476374,-0.012293238965333853,0.2220072725938209,0.24740416358123185,0.22368067436028904
2023-03-28,155.12188720703125,155.94842821050446,153.47866946121147,155.43676283008696,45992200,-0.003988271580534753,-0.003980328988015147,0.22223364909541185,0.24272243172285285,0.217420249396331
2023-03-29,158.19186401367188,158.46737267599337,156.7946372221569,156.8143056879684,51305700,0.01959744855535692,0.01979073915303342,0.2190047784464433,0.2450026564428469,0.22414784853683634
2023-03-30,159.75637817382812,159.8646148025582,158.68386113447403,158.9396863414281,49501700,0.009841392905322297,0.00988997866553376,0.21962156327905671,0.22935565184603668,0.22066295588508486
2023-03-31,162.255615234375,162.3540176143248,159.31357325147573,159.8350728342002,68749800,0.015522945086316487,0.01564405183139228,0.19519837255259564,0.23018443718408882,0.22229249756826394
2023-04-03,163.50526428222656,163.62333513475417,161.58653785817188,161.63573905142377,56976200,0.00767222374609675,0.007701730667665663,0.18862209787730008,0.22809655047015973,0.2175755639469796
2023-04-04,162.97393798828125,164.16452584406122,162.4622725801105,163.92838412805693,46278300,-0.0032548888831878207,-0.003249597474905719,0.17788745434978806,0.21906735448370385,0.2113266767496734
2023-04-05,161.1339111328125,162.40323287933546,159.20535043705326,162.0982064947886,51511700,-0.011354532938765415,-0.011290313519951023,0.1857036325384188,0.22134852544431657,0.20959193393771341
2023-04-06,162.01947021484375,162.31466233453045,159.40212310856722,159.8252203026454,45390100,0.00548074908010605,0.0054957958619978875,0.17244887417521845,0.22137049628258323,0.20432140327408072
2023-04-10,159.43162536621094,159.43162536621094,157.51289929536236,158.83140695285897,47716900,-0.016101365296638397,-0.015972431246696672,0.17559960179681922,0.2222020990920242,0.2077554370593052
2023-04-11,158.22140502929688,159.75638637804428,157.93604707794614,159.74655214369014,47644200,-0.007619799445869896,-0.007590842369788353,0.17725743779436184,0.2231857963593609,0.20359388459676622
2023-04-12,157.5326385498047,159.46119953470492,157.21776287074414,158.6346733983191,50133100,-0.004362684095040216,-0.004353181412872997,0.17455468543656008,0.2232312638373508,0.19811920856819412
2023-04-13,162.90505981445312,163.14121655398105,158.83144989570576,159.0380889195549,68445600,0.033534910303428915,0.03410354396463644,0.2066157903780791,0.2316308896982478,0.23216363090811357
2023-04-14,162.56068420410156,163.6528847449455,161.19297496954,161.9506163702145,49386500,-0.0021162026738545396,-0.002113965095644099,0.200196220616498,0.23120331546990622,0.22524135173066182
2023-04-17,162.58033752441406,162.7377753387549,161.39958394505072,162.44258319038994,41516200,0.00012089105356167878,0.00012089836117956665,0.1980629822908359,0.23122168628530992,0.21838009870670097
2023-04-18,163.80044555664062,164.72537387764507,162.99358808032773,163.4363837761115,49923000,0.007476627173747993,0.00750464693827646,0.19356274069570753,0.22907734450015105,0.2137140209798491
2023-04-19,164.94186401367188,165.46336364998885,162.8853681685066,163.1412083770297,47720200,0.006944180962141261,0.0069683476937585365,0.19127591024677978,0.22538742925514757,0.20895543336799244
2023-04-20,163.9775848388672,165.1780220485777,162.90506774605808,163.42656743390464,52456400,-0.00586333183227235,-0.005846176048578955,0.18895411172998836,0.22559454715610583,0.2038686736303945
2023-04-21,162.3737030029297,163.78076396537094,161.85220341407148,162.40322071444277,58337300,-0.009829253377077896,-0.009781104152214226,0.19330935421058343,0.22654775884450562,0.20131939041841795
2023-04-24,162.6787567138672,162.94443117624493,161.26184626664974,162.35404681853836,41949600,0.0018769511897284816,0.001878713765196327,0.19183229896796614,0.22513038055800894,0.19532279457594898
2023-04-25,161.1437530517578,163.64301445601814,161.1043860925183,162.54097982284455,48714100,-0.009480595778209373,-0.009435796616083514,0.18930752024120787,0.22516735116726141,0.19292730673573674
2023-04-26,161.1339111328125,162.6295403559192,160.1893142654478,160.44513945575562,45498800,-6.107726375190681e-05,-6.107539857380662e-05,0.18825139551709685,0.2204034876904891,0.18705011453453008
2023-04-27,165.70936584472656,165.85695442572842,162.54100085037314,162.54100085037314,64902300,0.0279996802945055,0.02839535563772677,0.2006794812105164,0.22624059803473542,0.21152373372046723
2023-04-28,166.958984375,167.12627144742981,165.18786139778672,165.7880799666726,55275900,0.007512733970256251,0.007541025360294773,0.19968991064173966,0.2262062637685602,0.20715004959605218
2023-05-01,166.87042236328125,167.71663185783257,165.9356597273935,166.56539597816914,52472900,-0.00053058245923689,-0.0005304417252552929,0.19352496841295885,0.21502427856857687,0.20085002119270073
2023-05-02,165.8372344970703,167.61822139630092,164.85327080237903,167.36238122666072,48425700,-0.006210804988076117,-0.006191557806222048,0.1938334231200779,0.21063115619108777,0.19622315745893118
2023-05-03,164.76475524902344,168.17911124939818,164.47941231869004,166.78188428598025,65136000,-0.006488061436233265,-0.006467059410990239,0.19504612152490505,0.20734401634499133,0.19191089438255568
2023-05-04,163.13136291503906,164.36131774887434,161.67510059572527,162.24580144031648,81235400,-0.009962947131107054,-0.009913481384508982,0.19397959159256087,0.2054683502321651,0.1900547812360233
2023-05-05,170.78662109375,171.50491053581004,168.02166992672903,168.23814318555767,113453200,0.04585916376165675,0.04692695531942492,0.25175764968560144,0.2211605238445255,0.25642129736104086
2023-05-08,170.71771240234375,171.06210572406735,169.35000337616833,169.7140651629481,55962800,-0.000403559695046983,-0.0004034782757861288,0.2422497418837711,0.22040616360748497,0.24861462403801482
2023-05-09,169.0154571533203,170.75706217667226,168.84818511789587,170.27492954930042,45326900,-0.010021214572235818,-0.009971169511758693,0.24384591442681108,0.22186020810222828,0.2441702264813461
2023-05-10,170.7767791748047,171.23924342814053,169.14339542958015,170.24544525293916,53724500,0.010367145616553178,0.010421070659156317,0.2433119403904018,0.2198748634943484,0.24013957707646855
2023-05-11,170.96371459960938,171.79024060925457,169.40904995436452,171.06211698775132,49514700,0.0010940198592504283,0.0010946185172713285,0.21697089917175993,0.2194995244703237,0.23286281864453603
2023-05-12,170.03750610351562,171.50563041723674,168.49053896760506,171.07208510437357,45533100,-0.005432301807462136,-0.005417573537536247,0.21820503653311815,0.21865547535119487,0.2267548819781286
2023-05-15,169.5448760986328,170.66814597161118,168.95367509817433,170.61887671576198,37266700,-0.002901389331628691,-0.0028971843693291754,0.2188586063811892,0.2173878246843572,0.22013630091121247
2023-05-16,169.5448760986328,170.59916600644908,169.2788341449399,169.4660482962473,42110300,0.0,0.0,0.21802879410764922,0.21652967424045982,0.2134300623626849
2023-05-17,170.15574645996094,170.39221479568312,167.91905489711874,169.19013234108013,57951600,0.003596525759618349,0.003603001018873231,0.21728818118259938,0.20789140412767013,0.2074001571641881
2023-05-18,172.4810791015625,172.66829318642024,170.04732606813303,170.46116060762145,65496700,0.013573370805018642,0.013665907205483219,0.21942864864952807,0.2091174159171507,0.20789321771713806
2023-05-19,172.5894775390625,173.80142270664055,172.37270490292832,173.80142270664055,55809500,0.0006282682713986712,0.0006284656732473692,0.21470677470239066,0.20915755107612036,0.20157475723972348
2023-05-22,171.64358520507812,172.14611049896482,170.90459157041087,171.42681253611994,43570900,-0.00549566451939266,-0.005480590980816213,0.21682582637661557,0.20534097823074451,0.19659882755994523
2023-05-23,169.0423126220703,170.83561089353927,168.76642289336164,170.58927970470205,50747300,-0.015271093709283376,-0.01515508185115011,0.22204530581113796,0.20835651584754622,0.19964496577826202
2023-05-24,169.31820678710938,169.8896969643689,168.01758589409968,168.57921320123526,45143500,0.0016307707924308934,0.001632101222230009,0.22187849292258868,0.20799683243501838,0.1936668168510914
2023-05-25,170.4513702392578,171.34800452634042,169.17044478431242,169.8798799582863,56058300,0.006670212580126433,0.006692507992204444,0.20130069338478165,0.20513137676786872,0.18954983734771436
2023-05-26,172.8555145263672,173.1905363695113,170.56956891324683,170.7764937271046,54835000,0.014006031892756437,0.01410457589008951,0.20519320436732028,0.20637326703735506,0.1916754199172957
2023-05-30,174.6980743408203,176.36327550868927,173.97879151124883,174.36306754730614,55964400,0.010603125020818869,0.010659537356976001,0.20735697475424827,0.1964190721618855,0.19035488871782336
2023-05-31,174.64883422851562,176.71802248155805,174.16601962684186,174.72766202276017,99625300,-0.0002818980871044382,-0.00028185835757199573,0.20518909132283747,0.19376345712823503,0.18455916713402482
2023-06-01,177.4471435546875,177.47670209655325,174.33351350934285,175.09221783191245,68901800,0.0158954854494564,0.01602249072278661,0.20742758810379414,0.19241924572312016,0.18931106106839526
2023-06-02,178.29449462890625,179.11231590276506,176.6292935441097,178.37332240607034,61996900,0.0047638656023294874,0.004775230850405876,0.20104344494233478,0.19212591910810617,0.1844762768875291
2023-06-05,176.9446563720703,182.23584654381537,175.42724752914353,179.94990047733975,121946500,-0.007599639564678433,-0.007570835317407987,0.1330336789373652,0.18976524020419255,0.1812811498625938
2023-06-06,176.58006286621094,177.4766970018392,174.82617090162998,177.328904296753,64848400,-0.0020626203220276275,-0.002060494582513561,0.13352282662368595,0.18677165219349537,0.17594149750692048
2023-06-07,175.21046447753906,178.5507149734009,174.71780207381394,175.82136104700194,61944600,-0.007786482022825001,-0.007756245900249703,0.13113789684536525,0.18690824341638143,0.17324780218787975
2023-06-08,177.92013549804688,178.18616241252352,174.85577426667564,175.28930462040762,50214900,0.015346867157510371,0.015465235073645722,0.13653306828340703,0.18727509720348898,0.17825563395919625
2023-06-09,178.3043975830078,179.5557493602978,177.97923856717878,178.83646640490514,48900000,0.0021574158898109573,0.0021597447859698082,0.13648660185678013,0.18727969289609706,0.17302873159948318
2023-06-12,181.0928497314453,181.19138823156914,178.31424143935143,178.60984190485868,54274900,0.01551769315825773,0.015638717755905862,0.14132136758062624,0.18630279590555834,0.17827922849230776
2023-06-13,180.619873046875,181.44754220802452,179.76264534674598,180.1173628493618,54929100,-0.0026152077289784753,-0.0026117910523343335,0.14116241062429935,0.18585496795017675,0.17314700315762105
2023-06-14,181.25050354003906,181.684048880549,179.34883379218707,180.67901332162722,57462900,0.003485397934587129,0.0034914789968898408,0.1406676146924581,0.18401523550500587,0.16841843533771825
2023-06-15,183.2802734375,183.78279874291368,181.08300318978328,181.26036948430115,65433200,0.011136458172545686,0.011198699357061637,0.14337146774140783,0.18386311931445803,0.16893216447265813
2023-06-16,182.2062530517578,184.245882524342,181.56579797087073,183.98968846409701,101256200,-0.005877226105190264,-0.005859988997170662,0.14225290801367355,0.18309119437166474,0.16537249903350956
2023-06-20,182.29495239257812,183.3689679486228,181.70376647980103,181.70376647980103,49799100,0.0004866888846801513,0.00048680733693107214,0.14228170261035605,0.18292438487097085,0.16034575468461384
2023-06-21,181.26036071777344,182.68907870149724,179.91045548906328,182.1865534203878,49515700,-0.005691538153015268,-0.0056753720343099,0.14243361223772658,0.18329867942103253,0.15702836276816287
2023-06-22,184.25572204589844,184.304991288712,180.97458893469445,181.04356888160584,51245300,0.016390131785382914,0.01652518684318882,0.13342889554207635,0.1829283363259541,0.1650460995611745
2023-06-23,183.94044494628906,184.80753566864925,182.29495416898448,182.82703803401998,53117000,-0.0017125500204922134,-0.0017110844434499173,0.13483920776806863,0.1826267304668656,0.16015663094119686
2023-06-26,182.55111694335938,185.2903184900679,182.51169553463515,184.08822111663613,48088700,-0.007581809802580713,-0.007553140383755097,0.14065908620810985,0.18045622771237807,0.15805155268896345
2023-06-27,185.30018615722656,185.6253451571229,182.94526040179295,183.1620330683905,50730800,0.01494691127276959,0.015059174985602164,0.14163373444049415,0.18165637266615403,0.16388849037281686
2023-06-28,186.4727325439453,187.11318769857849,184.84695251457532,185.17209649255778,51216800,0.006307884279052654,0.0063278208783008605,0.1395726935056823,0.1798008600941938,0.16077775601661498
2023-06-29,186.80772399902344,187.2806907250245,186.16726889716722,186.3052137668684,46347300,0.001794851775051869,0.0017964634856153516,0.13906721436976263,0.1794565153482381,0.15603597851943415
2023-06-30,191.12347412109375,191.6259844129726,188.4532369978983,188.8178174385461,85213200,0.02283980657640518,0.023102632105794996,0.14918274032373252,0.1839674436289715,0.17542475103420843
2023-07-03,189.63563537597656,191.03479491877454,188.94589592351636,190.9362564156046,31458200,-0.0078151580917619,-0.007784699142578955,0.15459089506687548,0.18295640513623523,0.17277410778932575
2023-07-05,188.52220153808594,190.1479814937267,187.82261429340878,188.75868490984942,46920300,-0.005888742460275554,-0.005871437800617496,0.15313520350204626,0.18370436504788432,0.16906850497368545
2023-07-06,188.9951629638672,189.20208780415717,186.42346442381324,187.05407174607458,45094300,0.0025056419529330613,0.0025087836972119693,0.15191900555621343,0.1795572312677358,0.16420729832906605
2023-07-07,187.88172912597656,189.84253092683244,187.4481988352347,188.60102706839623,46815000,-0.005908757478846784,-0.005891335103129003,0.15022234554148112,0.17916551807507902,0.16085423665234844
2023-07-10,185.8421173095703,187.20187038994513,184.29515010539157,186.48257243692333,59922200,-0.010915182886895136,-0.010855828429376824,0.15165046043540212,0.1807901969682455,0.16162628353698907
2023-07-11,185.31993103027344,186.52202875398913,183.86165421465003,186.3840838529824,46638100,-0.002813793199836625,-0.002809838194143266,0.15268260275392675,0.16934220115937754,0.15708400228098565
2023-07-12,186.98507690429688,188.88674640306317,185.7041517573503,186.89638625272656,60750200,0.008945122636575263,0.008985249804304152,0.1465852838444811,0.1696693316824866,0.1562200078648203
2023-07-13,187.74378967285156,188.38425984411805,186.99494820191867,187.70438329432415,41342300,0.004049401436530193,0.004057611340519074,0.14595045857314767,0.16964158463607848,0.1522771877334203
2023-07-14,187.89158630371094,188.37438582770977,186.8471444335954,187.4383302857117,41616200,0.0007869154394836566,0.0007872251386684681,0.14588437029618026,0.16933997780412063,0.14766991649182273
2023-07-17,191.1431884765625,191.46834750746484,188.9951723122315,189.08384794751433,50520200,0.01715769717090818,0.017305735913025977,0.1524152780305117,0.17181527449797668,0.15795298336623365
2023-07-18,190.886962890625,191.4781637647375,189.5961898515042,190.51254970289233,48288200,-0.0013413895392286707,-0.0013404902784119876,0.15009929054777385,0.17112850422894738,0.1532298993818858
2023-07-19,192.2368621826172,195.3209183853995,189.82280454932882,190.26621270882248,80507300,0.007046833372067483,0.007071720727023445,0.15083693608907384,0.16940790308384798,0.15106774901540693
2023-07-20,190.2957763671875,193.58675746858663,189.6750169550875,192.22700448393437,59581200,-0.010148689445600503,-0.010097365267987657,0.1548836178762364,0.1714720523375155,0.15168874340131933
2023-07-21,189.12326049804688,192.10879369152832,188.42367321559357,191.25156585425083,71951700,-0.006180605018254177,-0.0061615443680588244,0.14849585078712788,0.17060913402739286,0.14901841679293554
2023-07-24,189.9213409423828,192.04964595897565,189.42867857936756,190.57165886992988,45377800,0.004211016965516767,0.004219895755996461,0.14838863498495877,0.17054184825735094,0.14540363512921117
2023-07-25,190.77859497070312,191.58656857428397,190.08887057427083,190.49285737606127,37283200,0.0045035756319724484,0.0045137319695967015,0.1446237211299537,0.16227502473158834,0.14205756174020318
2023-07-26,191.64569091796875,192.76896069007793,190.48301476563847,190.82786945588313,47471900,0.004534740418769337,0.004545037913707084,0.1369763722134911,0.16198470292191317,0.1388540799587161
2023-07-27,190.38446044921875,194.30604897209747,189.72429463258098,193.1433729163405,47460200,-0.006602803712692376,-0.00658105310225765,0.1388490610963432,0.16291299869630665,0.13705041074349247
2023-07-28,192.95614624023438,193.7444090416655,191.29094501886246,191.8131659299023,48291400,0.013417437794127981,0.013507855551590842,0.1456518446142784,0.16355120530464828,0.1427510562156614
2023-07-31,193.56707763671875,193.60649905306556,192.39453857567588,193.1828015190956,38824100,0.0031611653194228663,0.0031661670715776857,0.12254213959652718,0.1624721101175089,0.13894706134437582
2023-08-01,192.73939514160156,193.842954166062,192.41423613585215,193.3601546102926,35175100,-0.004285114643151416,-0.004275946639389572,0.11992623443268947,0.16099418660150627,0.13574072816343047
2023-08-02,189.75384521484375,192.3156805851802,189.03456234552243,192.17773571935334,50389300,-0.01561131150196704,-0.01549008662481477,0.13153492101077896,0.13844909953847387,0.14493085880235146
2023-08-03,188.36453247070312,189.54691917513858,187.89158079590146,188.7586713954234,61235200,-0.0073485928124235045,-0.007321657922492175,0.1339966924831087,0.1396381301669945,0.143391645732925
2023-08-04,179.3192596435547,184.6301595328746,179.25027969317492,182.79745486603875,115956800,-0.04921129730476381,-0.048020042353542736,0.21949185410496555,0.17278063635356863,0.23652564590799635
2023-08-07,176.225341796875,180.44253062568194,174.74735463626894,179.45720585194456,97576100,-0.017404263383863455,-0.017253684031652172,0.22401926308302317,0.17568992185765714,0.23909766428587023
2023-08-08,177.16140747070312,177.62451134366992,174.97398514494694,177.05302113799038,67823000,0.005297696447513074,0.005311754054686757,0.22578720347273462,0.17595924439697372,0.23272727207658553
2023-08-09,175.57504272460938,178.2748232727554,174.41235154839882,178.21570618554995,60378500,-0.008994678267604122,-0.008954347161393428,0.22295059245738605,0.17663048408139576,0.22833207449598206
2023-08-10,175.35826110839844,178.09746293161143,174.99369573264087,176.8460961883882,54686900,-0.0012354578001973974,-0.001234694936403713,0.22147206886512377,0.1765250504850656,0.22142827861720493
2023-08-11,175.41746520996094,176.23639103718068,174.19402209160106,174.95375100085724,52036700,0.00033756099799755736,0.0003376179781224842,0.2213647834198579,0.17652181671340553,0.21468669381728722
2023-08-14,177.065185546875,177.29211207450308,174.9438673937282,175.59506357405235,43675600,0.009349296117339556,0.009393137307860844,0.21331974477605167,0.1773352774203658,0.21129738072431953
2023-08-15,175.08201599121094,177.0849254578291,174.68735981208974,176.49294118914725,43622600,-0.011263417758948553,-0.011200222954834027,0.21469048304266633,0.17691690683259725,0.20948981015467802
2023-08-16,174.2137451171875,176.15744233651847,174.14467201512105,174.76626971305478,46964900,-0.004971561404848678,-0.0049592236478875895,0.21044655494811154,0.17723762244513988,0.20402581708669476
2023-08-17,171.67803955078125,175.1411945839284,171.1649745274817,174.7761369036864,66062900,-0.01466210592589192,-0.014555140667578015,0.21253271802532125,0.17946762009070552,0.20586257438002856
2023-08-18,172.16151428222656,172.76337470680727,169.6652772069575,170.0007364455324,61172200,0.002812213107464475,0.002816171088104058,0.21434268968685688,0.17669901749019573,0.19989050183058915
2023-08-21,173.49346923828125,173.77960771425435,171.4215020828672,172.7337554755455,46311900,0.0077068846814999465,0.0077366591575815935,0.2166170747412329,0.17733141418552914,0.1961043308031417
2023-08-22,174.86492919921875,175.30892111024494,173.89801113995804,174.69719959083847,42038900,0.00787388535908766,0.007904965915771056,0.21879926457833712,0.17753006938307722,0.19257960659000664
2023-08-23,178.70301818847656,179.12728783194132,175.9502562936072,176.1377232252428,52722800,0.021711468958008472,0.021948877953023915,0.23588364866850986,0.18072123767061532,0.20491236027320622
2023-08-24,174.0262908935547,178.68330576322634,173.66121814414575,178.25903609639087,54945800,-0.0265189268277332,-0.02617038784420178,0.24955993254690972,0.1877802823271416,0.2238368233517521
2023-08-25,176.22650146484375,176.75928869570708,173.47373983758078,175.0129196769248,51449600,0.012563722891735758,0.012642978023561069,0.24876448428501452,0.18955365824886666,0.2224486384052826
2023-08-28,177.78543090820312,178.1800870283186,176.1673167274641,177.6867593505913,43820700,0.008807271042076254,0.008846169165256823,0.2518690966183004,0.18758520720634236,0.2183740402052778
2023-08-29,181.66299438476562,182.43258442181371,177.10465107991652,177.3019791564373,53003900,0.021575912571314807,0.02181035564474687,0.26803422246169983,0.19249654884760872,0.22773811845870512
2023-08-30,185.14588928222656,185.34323241647965,182.27473336292013,182.4720614420058,60813900,0.01899081362374188,0.019172286074312428,0.2744367634353098,0.19551843753919035,0.23282142237086142
2023-08-31,185.36293029785156,186.59624944883035,184.9781353249528,185.33333184264131,60794500,0.0011715836653876282,0.001172270237629558,0.273582112121024,0.19543168597299576,0.2257747099858016
2023-09-01,186.9317169189453,187.3855699191495,185.76745585396847,186.96131537308187,45766500,0.00842771132079876,0.008463324455288523,0.20662515911700105,0.19521060635620618,0.22133613446248684
2023-09-05,187.1685333251953,187.44479564304942,185.1064270757959,185.7674844117445,45280000,0.00126605869805385,0.0012668604887029478,0.19348644373759233,0.19293458260468554,0.21464980612995505
2023-09-06,180.46913146972656,186.32986658571798,179.04834537431464,185.88585963952747,81755800,-0.03644971234333838,-0.03579341963335736,0.23846593499760788,0.20748717393660246,0.25179003087414087
2023-09-07,175.1905059814453,175.83184093509863,171.22414761118458,172.8422616393004,112488800,-0.02968575892931998,-0.029249464688462457,0.26020142215554837,0.21381906879430973,0.27003470153088743
2023-09-08,175.80224609375,177.8347687964352,175.417451102765,175.96999075471308,65551300,0.0034857741540602776,0.0034918565299963955,0.26047003483915976,0.21393319608910194,0.2621589842545818
2023-09-11,176.9665069580078,177.89396541040293,174.97345890425444,177.6670388917848,58953100,0.0066007268579242355,0.0066225596664841735,0.26148418455851313,0.21427300348281816,0.25546519395226935
2023-09-12,173.9473419189453,177.72623373133553,172.487096210491,177.09477490699047,90370200,-0.01720786768005543,-0.01706065792313405,0.2664281904729648,0.21562520884735872,0.2565617105852549
2023-09-13,171.88522338867188,174.93398459835862,171.6582818339781,174.15451849429098,84267900,-0.011925672576317601,-0.011854843583837704,0.2667803758979324,0.2165791795171397,0.25303135824252476
2023-09-14,173.39480590820312,173.75000241444866,171.2636268707299,171.67802028548886,60895800,0.008744161318536997,0.00878250317141993,0.26845581769988963,0.21747598989355002,0.2476680374193291
2023-09-15,172.674560546875,174.14468255030425,171.5004532372104,174.12494522635322,109259500,-0.004162439505200984,-0.004153788561056637,0.2635138552295256,0.2173526623271942,0.24066793928861127
2023-09-18,175.59506225585938,176.98624997924455,173.8190795297471,174.12494029407293,67257600,0.01677189153448432,0.016913329327348015,0.26986875552009876,0.2174830564293371,0.24227875335548105
2023-09-19,176.68038940429688,177.23291401853146,174.7662755227223,175.15107052586188,51826900,0.0061618292010312435,0.006180852322920538,0.26941385866888384,0.21794054780755637,0.23611677816510498
2023-09-20,173.1481475830078,177.30195805066697,173.0593371622532,176.86782730089922,58436200,-0.02019481828027571,-0.019992268713004968,0.2780752218539615,0.22115795246075282,0.24201748886816093
2023-09-21,171.60894775390625,173.94733103404198,171.5398897121348,172.2206842726111,63149100,-0.008929243672056044,-0.008889496368210681,0.2666601980544837,0.2192642582236409,0.2371996114634218
2023-09-22,172.45750427246094,174.71695374662696,171.7273888544839,172.33911043282527,56725400,0.004932525295570286,0.004944710224384918,0.2512702300348839,0.21907902458905962,0.2307719718710679
2023-09-25,173.7302703857422,174.6083930174941,171.82601779128095,171.87535356826675,46172700,0.007353072182618833,0.007380172400444973,0.24835397580594204,0.21970986318305427,0.22556122007005122
2023-09-26,169.665283203125,172.86203732750283,169.36928354767613,172.48711848209095,64588900,-0.023676352420596902,-0.023398266597936535,0.25840168709434064,0.21864115350576951,0.23727832913765756
2023-09-27,168.1556854248047,170.7308568174817,166.79411110643792,170.31646332448594,66921800,-0.008937324600041615,-0.00889750542845591,0.24320189126493533,0.21878101343486026,0.23265998110391795
2023-09-28,168.41221618652344,169.7343308371659,165.38317681816312,167.08022534636603,56294400,0.0015243926124101559,0.001525555089443964,0.2289157508089031,0.2187462219176431,0.22565008806586118
2023-09-29,168.92527770996094,170.76045735672912,168.06687727418498,169.7244661753788,51861100,0.0030418315682211616,0.0030464626323143396,0.2296510329541655,0.21879489226614096,0.21909538089046784
2023-10-02,171.43138122558594,171.97404472395215,168.64900568223578,168.93514418826848,52164500,0.014726603648368277,0.014835574341502067,0.23542184846345773,0.22124172315920207,0.220003946191269
2023-10-03,170.09934997558594,171.31294670786232,168.54044801255043,169.96121885018417,49594600,-0.007800399099652885,-0.007770054936716564,0.23476328836413343,0.22076878124541574,0.21544750427468076
2023-10-04,171.34259033203125,171.88525384459265,168.68848474300435,168.80687858022958,53020300,0.007282326533424172,0.007308907157045352,0.20609293667171477,0.22147578859810696,0.21079472844916497
2023-10-05,172.5758819580078,173.10866919518492,170.3756298015613,171.47081778563683,48527900,0.007172030651723277,0.007197811259807896,0.18194622096308377,0.22115480229186066,0.20626704876765695
2023-10-06,175.1214599609375,175.61478762599208,170.86896284182788,171.48069938400815,57266700,0.014642754942505921,0.014750485259285018,0.18954416978083705,0.22331178350722078,0.20793078896630676
2023-10-09,176.60147094726562,176.66066786762835,173.45403753652568,174.45055415802327,42390800,0.008415827297845273,0.008451339925205303,0.19051418864266406,0.22414163097185438,0.2042351380018678
2023-10-10,176.0094451904297,177.3216985969386,175.5753144327677,175.7233217666065,43698000,-0.003357957941980796,-0.0033523263065725617,0.18007934409338422,0.22095086629134653,0.1984433506768366
2023-10-11,177.400634765625,177.4499705441094,175.22999600880442,175.82198018511957,47551100,0.007872988576403133,0.007904062044455262,0.17548489621294747,0.22176228586394253,0.19481831262213636
2023-10-12,178.29849243164062,179.906730392158,176.6507647716162,177.6670336186698,56743100,0.005048421569271126,0.005061186321017708,0.17396733008127843,0.2214816923123138,0.18990071413588056
2023-10-13,176.4633026123047,179.50218762206515,175.76277074017605,178.99899884980246,51427100,-0.010346132053746356,-0.010292794932293403,0.17792673407057125,0.22151592487998278,0.1884596141789497
2023-10-16,176.3350372314453,176.6902337432856,174.15452238414363,174.39132507709223,52517000,-0.0007271314630763762,-0.0007268671670572768,0.16803192335903275,0.22128009771072907,0.1827402496845688
2023-10-17,174.7860107421875,176.03906740635364,172.46737941742194,174.2926830064713,57549400,-0.00882337614191844,-0.008784564392751215,0.16940595075010842,0.22153925525693002,0.18046462439382263
2023-10-18,173.49346923828125,175.21025492862336,172.77321506438722,173.23694427289632,54764400,-0.007422472539293234,-0.007394994018215639,0.1552236880375278,0.22153372278771402,0.17733143959525985
2023-10-19,173.11856079101562,175.46679037407037,172.85215962113486,173.69080766680926,59302900,-0.0021632751375692504,-0.0021609369442645576,0.1518246821808005,0.22116867846119176,0.17213486300491987
2023-10-20,170.57296752929688,173.07906528544774,170.33616484514565,172.970532603774,64244000,-0.014813515040381258,-0.014704334706153954,0.16002912830924163,0.2225825510175223,0.17655175627315461
2023-10-23,170.6913604736328,171.6878768692555,167.662321590194,168.62925458750877,55980100,0.0006938489573671804,0.0006940897262375234,0.1573916941125042,0.22037590869052323,0.1711945397825145
2023-10-24,171.12550354003906,171.35243005141567,169.1620540054936,170.74070856198063,43816600,0.0025402099519422046,0.002543439018832583,0.1325919258958471,0.22031693796892113,0.16627290982976542
2023-10-25,168.8167266845703,170.75056262830392,168.37271975850888,169.5863166088348,57157000,-0.013583557146072506,-0.013491716942872545,0.13786563279802072,0.22153989708637015,0.1696399618154284
2023-10-26,164.66293334960938,169.09302189873856,163.45921245305613,168.09649022321696,70625300,-0.024913112688966767,-0.024605342234375827,0.16395770773665863,0.22474048259552887,0.19088080308379715
2023-10-27,165.97515869140625,166.70528904611524,164.60370840247674,164.68264263448572,58499100,0.00793757442422122,0.007969160485018056,0.16650931439490008,0.22547454109716517,0.1876219311631505
2023-10-30,168.0175323486328,168.8857938712959,166.61648356307745,166.76449089816728,51131000,0.012230202455180745,0.012305297210312593,0.16361644201681563,0.20487090415132547,0.18801991073782212
2023-10-31,168.4911651611328,168.61942013954004,165.65945361827133,167.09011614768582,44846000,0.002814982963386003,0.002818948748260608,0.1621015102698446,0.2021644190608959,0.1826203998888938
2023-11-01,171.6484375,171.90496247869652,167.849808268541,168.71806981976965,56934900,0.018565100897100097,0.01873850380135833,0.1737888842441228,0.20565734445536818,0.191208007035782
2023-11-02,175.2003936767578,175.40758286457637,173.11855033416663,173.17774724497193,77334800,0.020482008476471355,0.020693204252196118,0.1869102548853043,0.20931320984867233,0.20176695325627836
2023-11-03,174.29266357421875,174.46040823420765,171.03671292563865,171.91483559510309,79829200,-0.005194564669312156,-0.005181096249211703,0.18051515876093555,0.20956724971997126,0.1966603665524637
2023-11-06,176.83827209472656,177.0356001960179,173.8585831383387,174.0263127771948,63841300,0.014499737057156742,0.014605368168143285,0.18560322061599607,0.21169303730375125,0.19883069806260772
2023-11-07,179.39369201660156,180.00541354681909,176.58171810512866,176.7889073081916,70530000,0.014347189548039856,0.014450604451202498,0.19180658693534924,0.2128667918147182,0.200683722417146
2023-11-08,180.44940185546875,181.00192645947115,179.16674685036813,179.91661457451394,49340300,0.005867628895867274,0.005884877149245016,0.19097719834806726,0.21181290180430576,0.19590325821120838
2023-11-09,179.97581481933594,181.6629871195562,179.3838155582821,180.51847829944086,53763500,-0.002627936596963626,-0.0026244865943758633,0.19068367278681558,0.21160852424585622,0.19020993893736773
2023-11-10,184.1548614501953,184.3228271167955,181.31943456996746,181.75413731292954,66133400,0.022954562198325226,0.023220045621431984,0.20194083902773485,0.21409226997761532,0.20488030636242585
2023-11-13,182.5741424560547,183.7893232540613,181.9912524470517,183.58186108306094,43627500,-0.008620691391878493,-0.008583639778459662,0.20533899872839048,0.21499774627400628,0.2014473784852282
2023-11-14,185.18234252929688,185.8442707665973,184.05607409829287,185.43920547847273,60108400,0.014184624397834628,0.01428570354024794,0.2058835301512593,0.21626967493661153,0.202949209135163
2023-11-15,185.74545288085938,187.21751156501972,185.5182274044454,185.5873915048758,53790500,0.003036228565909737,0.003040842576410352,0.2022512591122041,0.21584805535450943,0.19712043298427506
2023-11-16,187.4249725341797,188.6599164347462,186.37772744350028,187.28665942031617,54412900,0.009001415327919348,0.0090420498982422,0.2020520814503436,0.21218106437581433,0.1942940617204957
2023-11-17,187.4052276611328,188.08691917335904,186.29872264128753,187.95848017105547,50922700,-0.00010535369377838422,-0.00010534814427287653,0.19032160407700957,0.2044217594086635,0.18837552733196772
2023-11-20,189.14402770996094,189.598493753426,187.59294582194016,187.60281994734135,46505100,0.009235511069032375,0.00927828999504876,0.1903487656324832,0.20374660352140192,0.18613402233363768
2023-11-21,188.34378051757812,189.21318592585277,187.45462685911554,189.10451024981845,38134500,-0.004239863506796426,-0.004230887975008812,0.19307539231945778,0.20341444142212034,0.18121513630308006
2023-11-22,189.00572204589844,190.60620477415247,188.53150773289747,189.18356183514956,39617700,0.003508377261896087,0.0035145388209860684,0.18062961755605295,0.19891417431035632,0.17622343146789965
2023-11-24,187.681884765625,188.6006760331266,186.9705556859451,188.5710385777235,24048300,-0.007028862679147628,-0.007004217999029394,0.14885814010200363,0.19579594151620236,0.17302721802688853
2023-11-27,187.50404357910156,188.37344913120532,186.62476390027032,187.63248260157215,40552600,-0.0009480163641925274,-0.0009475671386480755,0.15107850902143521,0.1958004400361944,0.1677966089080522
2023-11-28,188.10667419433594,188.77849160556613,187.11871894105684,187.49414676130317,38415400,0.0032088069045837658,0.0032139606364283146,0.14960861773039633,0.19515383237309702,0.16316262452734998
2023-11-29,187.089111328125,189.77635125162953,186.69393519378744,188.6006819007209,43014200,-0.005424183321608197,-0.0054094990013999755,0.15445722879020138,0.19546513709094238,0.15959190644407614
2023-11-30,187.662109375,188.02766309314677,185.92331344476767,187.55343368717286,48794400,0.00305802069080396,0.003062701205897911,0.14630005897651002,0.18017551869968412,0.15518632846792174
2023-12-01,188.93655395507812,189.2526917735191,186.95075439627809,188.0375111237308,45704800,0.006768210135722942,0.006791166231279178,0.13395834790844993,0.16910787267810287,0.15274310399355176
2023-12-04,187.14834594726562,187.7608884211111,185.19219887595256,187.69172432124148,43389500,-0.009509669143650226,-0.009464595232522743,0.1385858347152904,0.17046868211204486,0.15263678335749173
2023-12-05,191.0902862548828,192.0584780958342,187.88930609245244,187.91895861640964,66628400,0.020844423063964453,0.02106318539800478,0.1468152093676162,0.1748942346003812,0.16872935952431603
2023-12-06,190.0035400390625,192.41413792119363,189.79606282635905,192.10787423934497,41089700,-0.005703315491496851,-0.005687082463055049,0.1450884821611178,0.17125124791334145,0.16508555784926018
2023-12-07,191.9300537109375,192.6512567588297,191.25823636118906,191.29776300970337,47477700,0.010088298292785054,0.010139356727137505,0.1470047626493951,0.1698323092037289,0.16479340464331027
2023-12-08,193.3527374267578,193.629363703371,191.33730018286,191.86091528323507,53406400,0.007385173772255655,0.007412511424411905,0.14613878904407246,0.1696189882772953,0.1623333330243408
2023-12-11,190.85321044921875,191.1594892758114,189.1144144313186,190.7840614125706,60943700,-0.01301157494121705,-0.012927290354427412,0.138476082437565,0.17190520199907167,0.1653203457436554
2023-12-12,192.36477661132812,192.3746507369947,189.4107849369075,190.75440470261375,52696900,0.007888846830586835,0.007920045770000606,0.13435884595212347,0.16951907421421109,0.16319296659800792
2023-12-13,195.5756378173828,195.6151493963814,192.50309623143957,192.74019585543422,70404200,0.016553751081850778,0.016691523586681356,0.13729640108335525,0.17205326781052965,0.1708136733707777
2023-12-14,195.7238311767578,197.21563829918102,193.79732129680679,195.6349188149913,66831600,0.0007574422057922542,0.0007577291375799877,0.1374672318914534,0.1659171941500408,0.16563618860763415
2023-12-15,195.1903533935547,196.01034310022396,194.6272115859594,195.1508267360026,128538400,-0.0027293873460769577,-0.0027256659549104167,0.13654406583481993,0.16464771410458365,0.16094055869725318
2023-12-18,193.53057861328125,194.26167102083278,192.0486455445977,193.72816667410518,55751900,-0.008539724673659191,-0.008503364799626656,0.14148618108973782,0.16598338177853808,0.15953183481044073
2023-12-19,194.56788635253906,194.57776047687184,193.5305304476359,193.79728255461077,40714100,0.005345603258070222,0.005359916488084204,0.1393627008917523,0.1657536233090305,0.15606230521397563
2023-12-20,192.4833221435547,195.2989855460905,192.4833221435547,194.5283816611859,52242800,-0.010771620492612075,-0.010713814330116866,0.14470338133096536,0.15923430937384342,0.15699827062644803
2023-12-21,192.33511352539062,194.70621508029078,191.16933361068988,193.73802319308166,46482500,-0.0007702781974801046,-0.0007699816093860168,0.1445507517851625,0.15768787825480593,0.15224493649332502
2023-12-22,191.2681427001953,193.0563392932213,190.64572606781581,192.82909873139974,37149600,-0.005562901562520294,-0.005547457277240486,0.1435782637912326,0.15849197108477195,0.14918348118459646
2023-12-26,190.72476196289062,191.55464074590694,190.5074106042434,191.27801448490152,28919300,-0.002844980088256859,-0.002840936967513752,0.1440672910100191,0.1588047520092243,0.1450611882613559
2023-12-27,190.8235626220703,191.16935301152336,188.7883770898652,190.1715235726757,48087700,0.000517893304841357,0.0005180274347329483,0.14379972140349487,0.15660444533127127,0.14065645675600447
2023-12-28,191.24839782714844,192.3153914106068,190.8433325169925,191.80165040931152,34049900,0.002223850081351873,0.0022263246699754102,0.1420192827915058,0.15532575819382588,0.1366453826383884
2023-12-29,190.2110137939453,192.05848519728596,189.42064661751613,191.56450759639273,42672100,-0.005439040479919957,-0.0054242756801586856,0.14365839079189507,0.1556491822713163,0.13416012954712836
2024-01-02,183.4040069580078,186.17028459685415,181.6750853181039,184.89581391743906,82488700,-0.03644264704375956,-0.035786607200945286,0.19281979575471783,0.17376040426461145,0.1923522024169815
2024-01-03,182.03074645996094,183.64111826756874,181.22061595613366,182.0011090098209,58414500,-0.007515798371680031,-0.0074876253841132945,0.19184679457961665,0.1722648793125612,0.18876836184239001
2024-01-04,179.7189483642578,180.88472835710988,178.70135563320858,179.95604798314233,71983600,-0.01278137674012824,-0.012700041837226728,0.17669984775754205,0.17365260753123596,0.18964583377512165
2024-01-05,178.99771118164062,180.5586821654936,177.99988188294327,179.79796753554595,62379700,-0.004021213597420238,-0.004013139344413275,0.17646779158588324,0.17371745319664592,0.18453211789052357
2024-01-08,183.32498168945312,183.36450834315934,179.313885613353,179.89677561800764,59144500,0.023887415035348494,0.02417500469277689,0.19576748974434185,0.1797040419160232,0.20158516405947582
2024-01-09,182.91001892089844,182.91989304556353,180.52904335165846,181.7047124117811,42841800,-0.002266102068017328,-0.0022635363971159617,0.19240762008565876,0.17954670451766694,0.19564260316128143
2024-01-10,183.9473876953125,184.1548498527509,181.70472508990332,182.12955368013527,46792900,0.005655448251258219,0.0056714704887910194,0.19063835681096822,0.17843774641277793,0.19095304657598394
2024-01-11,183.35459899902344,184.7970202008086,181.40832608034748,184.293153408918,49128400,-0.0032278029111605226,-0.003222599155748518,0.18716410609856582,0.17859623304752986,0.18556080662884158
2024-01-12,183.68064880371094,184.49077939116623,182.95944565085554,183.81896194364214,40477800,0.001776668003443483,0.0017782472131460114,0.17422056176248135,0.17751243913434106,0.18004047101460768
2024-01-16,181.418212890625,182.04061439740983,178.75072186869164,179.9659175831278,65603000,-0.012393710911391477,-0.012317225183060332,0.17655955944374246,0.17878701443000036,0.18108614102608145
2024-01-17,180.4796600341797,180.72664884969066,178.12833676151584,179.08665457169852,47317400,-0.005186849831686207,-0.005173421353296792,0.1765783321277521,0.17910414361589214,0.17672418798908912
2024-01-18,186.35801696777344,186.86186875433015,183.59173905481111,183.84860201119264,78005800,0.032051561391573176,0.0325707447170529,0.21671131327958928,0.1873356109357236,0.21187347032665993
2024-01-19,189.252685546875,189.6379874512041,186.54569809210085,187.04954979006996,68903000,0.015413436665506224,0.015532836344798184,0.2239929646887244,0.18948982493841013,0.21398379544669002
2024-01-22,191.55465698242188,192.97731505960866,189.94428498185601,189.9838116367789,60133900,0.01209010026025128,0.012163480950851291,0.22597762563586934,0.1906733114409202,0.2127247497551822
2024-01-23,192.82911682128906,193.392258603415,191.49538615178406,192.67105542323813,42355600,0.006631208681867427,0.006653243825777366,0.2272716116991628,0.18815519194761238,0.2078498994203933
2024-01-24,192.15728759765625,194.0146482092326,191.999211146671,193.06620457832125,53631300,-0.003490148731963926,-0.0034840652423641094,0.22670157645044856,0.17990313286105875,0.20197441584733583
2024-01-25,191.83128356933594,193.90599578100486,190.78405333725613,192.86863967517039,54822100,-0.0016979885919859885,-0.001696547824940775,0.22653160009237236,0.17975974896770838,0.1959327390615691
2024-01-26,190.10235595703125,192.41416772814074,189.6281416366758,191.93007928184088,44594000,-0.009053611638629427,-0.00901275110156774,0.22893851906823648,0.1800868046832042,0.19319838079960727
2024-01-29,189.420654296875,189.88499446653958,187.29655655692048,189.69728055859,47145600,-0.0035924166644828543,-0.003585971655766018,0.22905627035636014,0.18045017955866777,0.1878329257618121
2024-01-30,185.775146484375,189.4898688303217,185.21201968565722,188.64022649321737,55859400,-0.019433173456728826,-0.01924556657262133,0.2382752851987666,0.1823014011781151,0.19716586105837247
2024-01-31,182.178955078125,184.84644650359252,182.12956937209933,184.78715652135838,55467800,-0.019547578903602567,-0.019357763803741435,0.2111117818006747,0.18278596017127485,0.20571675847310958
2024-02-01,184.6093292236328,184.69824158324056,181.6059517240919,181.77390231724044,64885400,0.013252384654053186,0.013340586702045742,0.21458544022716883,0.18417051662408335,0.20599922864624937
2024-02-02,183.61148071289062,185.07365019396582,177.09097033579843,177.6936236133024,102551700,-0.005419850950548203,-0.0054051900569629385,0.20999171368047365,0.18243108688341925,0.20083248743589832
2024-02-05,185.41941833496094,186.97051518171523,183.60158444736317,185.88375846902116,69668800,0.009798377813074608,0.009846539089226836,0.21127238604247695,0.18120389214675645,0.19840693241557175
2024-02-06,187.0199432373047,187.02981736340615,184.5204175084795,184.6093298683978,43490800,0.008594874335452581,0.008631916315541499,0.19648803829046,0.1816313864931293,0.19524429512059555
2024-02-07,187.12860107421875,188.74884702540382,186.33823388644547,188.3437817688575,53439000,0.0005808272763361686,0.0005809959891613925,0.19612034970811285,0.181507114641024,0.1893098401526528
2024-02-08,186.05177307128906,187.25706482207696,185.09345510201229,187.1088775381696,40962000,-0.005771101945516446,-0.005754481125536781,0.19682402978145033,0.1758897386129896,0.184909446981512
2024-02-09,186.81344604492188,187.9411516715375,185.97260641439556,186.61559077121817,45155200,0.004085519346058887,0.004093876457393231,0.19666491692795185,0.17510294697226486,0.17997885533898875
2024-02-12,185.1317596435547,186.63537211912902,184.7756412965565,186.38806813077576,41781900,-0.009042718309197501,-0.009001955892204871,0.1997756551883546,0.17374816417825673,0.1780034237699024
2024-02-13,183.0445098876953,184.2019058140478,181.53101071537256,183.76664838776776,56529500,-0.01133843916614479,-0.011274401323025707,0.19891304459922615,0.17516531050149792,0.17812337299347164
2024-02-14,182.1641387939453,183.52926184222676,180.47258771556508,183.32153491398208,54630500,-0.004821204548179022,-0.004809601196398283,0.1987798970848838,0.17433778386515913,0.17371156935334883
2024-02-15,181.87721252441406,182.5004232912058,179.39428636951658,181.57055805003552,65434500,-0.0015763392147957953,-0.0015750974447050758,0.15995484735241355,0.17435054388276178,0.1685311176869455
2024-02-16,180.34393310546875,182.85654973235168,179.7108355866275,181.44196326564102,49752500,-0.008466035710090374,-0.008430299748185877,0.14911813554256045,0.1739027594805301,0.1666801746820168
2024-02-20,179.60205078125,180.46266385305907,178.0588762686663,179.82956623009554,53665600,-0.004122192817612251,-0.004113708243153824,0.13896692933206398,0.1738929677224614,0.16239541248238715
2024-02-21,180.3538360595703,180.91768122956833,178.71173417109264,179.97792921674792,41371400,0.004177102800155227,0.004185839053898022,0.1369171226801923,0.17396898822296125,0.15828376541890682
2024-02-22,182.38172912597656,182.9653779737103,180.49233824441416,181.50132758611662,52292200,0.011181226150571169,0.011243969691536959,0.14629297110905426,0.17517434118368394,0.15950180257011876
2024-02-23,180.5517120361328,183.04452553646294,180.26483093781445,183.01485026342843,45119700,-0.010084673340927766,-0.010033993528922536,0.14860969882403594,0.17627645117502724,0.15953710898720583
2024-02-26,179.2063446044922,180.78908088671756,178.70183486744935,180.2746995194681,40867400,-0.007479324943469174,-0.007451424395086281,0.14786656802290668,0.1766428994813412,0.15738736021580338
2024-02-27,180.66050720214844,181.93658908973126,177.62360710096542,179.1470080612827,54318900,0.008081714140240856,0.00811445934498356,0.1529155383738048,0.17730266762212787,0.15579500483147393
2024-02-28,179.4635772705078,181.1452415674966,178.18749518407353,180.5418191621621,48953900,-0.006647344016457765,-0.006625299298541942,0.1401962118940096,0.17756690513879952,0.1532444736935283
2024-02-29,178.80078125,180.6011615069905,177.59393659501978,179.31517776545977,136682600,-0.0037000430598350567,-0.0036932063351705624,0.12380856632078396,0.17697017912253923,0.14927100928330644
2024-03-01,177.72254943847656,178.58316252471684,175.46713817545924,177.61373507516265,73563100,-0.00604860891857308,-0.006030352910012415,0.11295246554346046,0.17639378248140003,0.1466223021502498
2024-03-04,173.2117156982422,174.99229230011673,171.9158301484072,174.25038035125658,81510100,-0.02570898677822564,-0.025381324736149624,0.14085068820577978,0.17772234722382735,0.1737866731833977
2024-03-05,168.28536987304688,170.1846622036983,167.79076202357825,168.91846731659734,95132400,-0.02885346788090143,-0.028441181390857273,0.16008618628573573,0.18611889378372817,0.2024288545488206
2024-03-06,167.2961883544922,169.39333632878757,166.86093094295472,169.21526961759642,68587700,-0.005895344122611678,-0.005878000680040851,0.15200695097128786,0.18455239505260718,0.1975962841995005
2024-03-07,167.17750549316406,168.88884496206234,166.67301076258389,167.32588185679398,71765100,-0.0007096693611019954,-0.0007094176053589196,0.1513818234545842,0.18348244512587933,0.19159657860302814
2024-03-08,168.88882446289062,171.82679686006907,167.11813466346086,167.1774852017091,76267000,0.010184499958690476,0.010236538490500102,0.16145408262771135,0.18392333735534405,0.1899342030080435
2024-03-11,170.8870391845703,172.49946586057737,170.1945911039721,171.07499261235472,60139500,0.011762093619017545,0.011831539049635298,0.16919601398679898,0.1849844332012642,0.18974273556596824
2024-03-12,171.3618621826172,172.15323790323208,169.16580172767317,171.28272310113206,59825400,0.002774725065836498,0.0027785781783837837,0.17014376451559207,0.1812068876545824,0.1842785330357857
2024-03-13,169.28451538085938,171.32229764254458,168.91849524765144,170.90682879160028,52488700,-0.012196651368701114,-0.012122573688794436,0.17067022670139764,0.1822447592498685,0.1848520723152695
2024-03-14,171.13433837890625,172.43020869953008,170.1945863604126,171.04531257693264,72913500,0.010868030281475583,0.010927301849700255,0.17846441813442618,0.18426504054986012,0.18413570062251533
2024-03-15,170.75845336914062,170.75845336914062,168.45357838204507,169.3240932528417,121752700,-0.0021988481201490324,-0.002196432424528272,0.1784065358669026,0.18378968268220644,0.17873081171672336
2024-03-18,171.84658813476562,175.79356502758816,171.64874797271588,173.67664359575858,75604200,0.0063521448468823695,0.006372362504787343,0.18029865520239544,0.18397501204382993,0.17503745029318438
2024-03-19,174.18112182617188,174.70540499850514,171.1640105835326,172.45988088096897,55215200,0.013493538499333201,0.013584987148976602,0.18872989555332917,0.1857848061256225,0.1776310931483377
2024-03-20,176.74319458007812,176.74319458007812,173.20180001631465,173.82501083363408,53423100,0.014602113094411763,0.01470924476226032,0.19638543713762113,0.18874856315848784,0.18133821755227864
2024-03-21,169.52191162109375,175.57592275278003,168.9976284397713,175.1406653733646,106181300,-0.04171561038597519,-0.040857488041569745,0.23814945963328096,0.20590856926700368,0.2392117085396061
2024-03-22,170.422119140625,171.18381963278856,168.22605856941686,169.90772263085663,71160100,0.005296222567851791,0.0053102723472311375,0.23889972133613455,0.20644309561392601,0.23283690130955004
2024-03-25,169.00753784179688,170.08577952012527,167.6226265638577,168.7305586050563,54288300,-0.008335096591697684,-0.008300455985181587,0.23913710225669876,0.20680159080007002,0.22805851363819823
2024-03-26,167.8798370361328,169.57138777241732,167.7512341389727,168.16670300567833,57388400,-0.006694848794057972,-0.006672488221913908,0.23584230425853844,0.20682696220281338,0.22263813247053374
2024-03-27,171.44100952148438,171.72789059246503,168.27552158079686,168.5722893771007,60273300,0.020990771882213387,0.021212627723632416,0.25112235550537254,0.2120699084699364,0.23077204079316252
2024-03-28,169.63075256347656,170.37266455083602,168.67121185228598,169.8978451053126,65672700,-0.010615208633062968,-0.010559066136279105,0.2528324092139582,0.20029244619936046,0.2275173673733529
2024-04-01,168.19638061523438,169.40322523760474,167.65230884379906,169.3438746978549,46240500,-0.008491802030223693,-0.008455848521366716,0.25341830854714886,0.20043173154210842,0.22304398023512154
2024-04-02,167.01919555664062,167.51380346702695,166.41577330219988,167.25661278755086,49329500,-0.007023479703257429,-0.00699887271228905,0.23925420252711152,0.199369642481989,0.21796687503188608
2024-04-03,167.8204803466797,168.83937157047524,166.7620271262386,166.9697540235435,47691700,0.004786089446774561,0.004797561066969269,0.21766574424831986,0.19965820680810392,0.21214460557753265
2024-04-04,166.99942016601562,170.06598011820813,166.99942016601562,168.45355351894443,53704400,-0.004904498360034212,-0.004892490946086792,0.21734634071904715,0.19288764480017975,0.20656406200029417
2024-04-05,167.75123596191406,168.5524984345705,167.12802510796487,167.7611226870966,42104800,0.004491803353970396,0.00450190662429284,0.21793269663580744,0.19327797301430877,0.20103147669880775
2024-04-08,166.63345336914062,167.37536546347715,166.4257264355009,167.20720053340304,37425500,-0.006685633594840082,-0.006663334468827498,0.21586965004528041,0.1929969693568288,0.19663332504521105
2024-04-09,167.84027099609375,168.24585316442327,166.53451377109624,166.88073030235694,42373800,0.0072162491463225575,0.007242349015474492,0.21298050856368997,0.19381685612275712,0.1926970350928408
2024-04-10,165.9706573486328,167.26652787853376,165.30788444762385,166.97966188332379,49709300,-0.01120174948430704,-0.01113924349838813,0.21554536908581892,0.19471026068746325,0.191837076367359
2024-04-11,173.15234375,173.5678277091418,166.34654865134516,166.5246002673459,91070300,0.042360796936221315,0.04327081977075964,0.26196547638703527,0.2133010586729977,0.24844569878979725
2024-04-12,174.64610290527344,176.43658160486194,172.3313408879349,172.38078961681583,101670900,0.008589850555374106,0.00862684918334189,0.26096511836674907,0.21395219197946222,0.2431817973958663
2024-04-15,170.8276824951172,174.72519524382946,170.6397290741028,173.46888692512982,73531800,-0.02210631354368305,-0.021863759606633337,0.2734844489944394,0.20739547592888113,0.2509544232700362
2024-04-16,167.55337524414062,171.88613013777277,166.45534511410173,169.89781183493915,73711200,-0.019353385041636712,-0.01916731060886545,0.2807168734022736,0.20756009986270868,0.2546815350890692
2024-04-17,166.18826293945312,168.80967890645843,166.18826293945312,167.780901063059,50901200,-0.00818069885029118,-0.008147327994428077,0.2761084065926138,0.20582032208803283,0.24896347447293168
2024-04-18,165.23861694335938,166.8213684176903,164.75391081370103,166.21794611620325,43122900,-0.005730667321467817,-0.005714278368982861,0.2688911911127723,0.20506966446201408,0.2424054290013532
2024-04-19,163.2206268310547,164.60552308162337,162.31054999578998,164.41758473594675,68149400,-0.012287768066958344,-0.012212581717483295,0.23081891555309486,0.20602796667919882,0.23982853428870549
2024-04-22,164.0515594482422,165.45624419964858,162.99310629576294,163.73501821268977,48116400,0.0050779408548793994,0.005090855447134057,0.23073001411941296,0.20663863671765026,0.23335924840341882
2024-04-23,165.10012817382812,165.24851961582092,163.14148491226467,163.56685559955991,49537800,0.006371361971826747,0.0063917022740449525,0.23119902118265964,0.2070010192586496,0.22760257379372875
2024-04-24,167.19728088378906,167.47426013692973,164.41758653276062,164.74401450706145,48251800,0.012622310595247682,0.01270230818811302,0.2352094391758391,0.20924055372365388,0.22606130871976535
2024-04-25,168.057861328125,168.77009786788437,166.33662050800078,167.7017430582453,50558300,0.0051338949126426645,0.005147095932344081,0.22265829393072778,0.20657858263049744,0.22008182197068257
2024-04-26,167.47425842285156,169.49225225997063,167.35554224826544,168.04800546826704,44838400,-0.0034786743768666943,-0.0034726307990673444,0.2199944660266277,0.20323696318124326,0.21380556034063655
2024-04-29,171.6289520263672,174.1316669492416,171.2332717193323,171.50034913417457,68169400,0.02450523252756165,0.024807953429031082,0.23503967951387159,0.20795630877285387,0.22814404586492004
2024-04-30,168.49314880371094,173.10289859543835,168.1667057400835,171.46079655206535,65934800,-0.0184398018777864,-0.018270828934354277,0.24355426939111371,0.21077348657513179,0.23252509730859833
2024-05-01,167.47425842285156,170.84748833564953,167.28630498280754,167.75123767315736,50383100,-0.0060654306497753075,-0.0060470730596076105,0.24403110283476143,0.20966769180820588,0.2266717937769393
2024-05-02,171.1640167236328,171.5498103000238,169.04709541575278,170.64962025703286,94214900,0.021792600529729412,0.02203179363520502,0.2552087779766973,0.2141316108196924,0.2355377838663666
2024-05-03,181.4024200439453,184.98337684032407,180.69018337477516,184.637145231003,163224100,0.058095619590771364,0.05981633006920939,0.3255329452995344,0.24648845441213288,0.32121782660271064
2024-05-06,179.75042724609375,182.21356516877455,178.47433028646978,180.38352481626606,78569700,-0.009148505028897485,-0.009106784779670307,0.3267115942398315,0.24689274034026826,0.31345734826447286
2024-05-07,180.4329833984375,182.90602327557747,179.36464345444207,181.4716631656838,77305800,0.0037900522301683613,0.0037972435604243238,0.3264611143165972,0.24686966330011506,0.3042652951098026
2024-05-08,180.76931762695312,181.09576068278213,179.4932206728727,180.87813197889614,45057100,0.0018623044469340325,0.0018640396128291048,0.3218569121347304,0.24628372684681366,0.29508501566311085
2024-05-09,182.57957458496094,182.6686003878229,180.14609698041687,180.59124108896245,48983000,0.009964372948208396,0.010014182615567302,0.2899702855597817,0.24611109036681486,0.2887072947674156
2024-05-10,181.3215789794922,183.34230991411323,180.4102677646858,183.15410154420678,50759500,-0.006913968831750926,-0.006890122338867433,0.2909791818660784,0.246321933907156,0.28120022894674424
2024-05-13,184.5210723876953,185.3333368917867,182.87674310968822,183.68900761377958,72044800,0.017491536159624073,0.017645408926010964,0.2814878161902224,0.24891237639017738,0.28098963798143456
2024-05-14,185.6602020263672,186.52199740854093,184.53096697721375,185.73944844741243,52393600,0.006154461681392541,0.006173439293038818,0.26782425412459193,0.24853121129257108,0.27347865057515525
2024-05-15,187.9286346435547,188.84984617983739,185.60081767330306,186.1357273712266,70400000,0.012144155679136945,0.012218195350586436,0.26411753932673815,0.24947742231635012,0.26931959342132755
2024-05-16,188.0474395751953,189.2955517477419,187.86914647323638,188.6714956614686,52845200,0.0006319813612700266,0.0006321811035661096,0.26127279028608597,0.24937550944108455,0.26112659713491315
2024-05-17,188.07717895507812,189.00830557822601,187.39369174809892,187.72057759120682,41282900,0.00015813577989650654,0.00015814828401805592,0.2530297283549314,0.24841734606928276,0.25317237576814716
2024-05-20,189.23611450195312,190.10781001398533,187.22528381236822,187.54226949481966,44361300,0.006143113490109228,0.006162021109173521,0.25294576412056113,0.24768566498914277,0.24661928742993794
2024-05-21,190.53375244140625,190.91015403566988,189.11724727296848,189.28564024416437,42309400,0.006833838608701723,0.006857242566348232,0.2529324336358472,0.2473831258904567,0.24057833021796793
2024-05-22,189.0974578857422,190.99934196064652,188.47341681604038,190.45453220558076,34648500,-0.007566824695787942,-0.007538268350148369,0.257269031611627,0.24755427262219482,0.23509781018164908
2024-05-23,185.11541748046875,189.19651013997458,184.86777806929078,189.1766947549615,51005900,-0.021283023526896833,-0.02105813822034297,0.2751280163318546,0.2512149517118592,0.24249450290393088
2024-05-24,188.1861114501953,188.78045200186543,186.26442746313117,187.03707622618555,36327000,0.016451918850450803,0.016587996891455736,0.2762353169181341,0.25315740140674203,0.24365515239021265
2024-05-28,188.19606018066406,191.17763337385156,187.31446444482384,189.70169698060212,52280100,5.2865046332864265e-05,5.286644371405025e-05,0.2678179214979888,0.25275546736421156,0.23623252431700065
2024-05-29,188.4932098388672,190.43470949642946,187.72057607583483,187.81963788738682,53068000,0.0015776914475119023,0.001578936657429919,0.25404208426124886,0.24657139885552737,0.22911807558606342
2024-05-30,189.4837646484375,190.36536034504638,188.83000809203267,188.9587703074631,49889100,0.005241362009486306,0.0052551219771634905,0.2502936726073417,0.23846545615191203,0.22307120335769123
2024-05-31,190.43472290039062,190.7517086279001,188.11682144814546,189.6323735603605,75158300,0.0050061277307653215,0.005018679324413355,0.24339798641707905,0.23797430220508498,0.21714981727377852
2024-06-03,192.1978759765625,193.14881785405223,190.7021395503604,191.07854113305333,50080500,0.009215971460099883,0.009258569284626317,0.14469506843261587,0.2383323523170586,0.21356264794764163
2024-06-04,192.5148468017578,193.4756887391731,191.2073037103322,192.80210181230646,47471400,0.00164783163202956,0.0016491900526203196,0.1376864185836048,0.23777132945667767,0.2071557877557542
2024-06-05,194.0205535888672,195.0408269249413,193.02999577794375,193.55499020855615,54156800,0.007790822789117572,0.0078212502158852,0.13855474594978986,0.2372265891255708,0.2031168299353944
2024-06-06,192.6436309814453,194.64456149457678,192.3365605546928,193.8422122853953,41181800,-0.0071220893097035725,-0.007096787334910926,0.1436517287233819,0.2379750900828006,0.19886681233325698
2024-06-07,195.03091430664062,195.08044521695948,192.30688050093246,192.81205951087668,53103900,0.012316070428191016,0.0123922255463782,0.14535701510886456,0.23705130969448612,0.1986670950044644
2024-06-10,191.29649353027344,195.43703247512377,190.33565137548777,195.04080033594326,97010200,-0.019333534316204104,-0.019147840175202546,0.16259347799807528,0.24047698035102882,0.20676589482431196
2024-06-11,205.19398498535156,205.20390023400174,191.80165814772772,191.82145841561143,172373300,0.07013125334203683,0.0726489607760572,0.2864187677974991,0.2780225668093596,0.3384569465974393
2024-06-12,211.05809020996094,218.12075478749284,204.94633723739972,205.41190046370124,198134300,0.028177604707332465,0.028578348556503652,0.2977255550957954,0.282684777328967,0.34595499246656863
2024-06-13,212.2170867919922,214.70338117421306,209.6020150722442,212.71236564129833,97862700,0.005476340411899287,0.005491362974422209,0.2969623197171459,0.281941701575427,0.3360910870655644
2024-06-14,210.48358154296875,213.13826855094433,209.30481562722255,211.8307404302917,70122700,-0.008202092389427443,-0.008168547006408344,0.3007423852978186,0.2819077940576855,0.3274094888491113
2024-06-17,214.62413024902344,216.88260054537645,210.71143044440285,211.35528688913016,93728300,0.019480614127969007,0.019671599445914234,0.303879520054743,0.2680884687745354,0.3263481411106687
2024-06-18,212.26658630371094,216.5656178731208,210.98877362098574,215.5354294813442,79943300,-0.011045299520206778,-0.010984524165931875,0.3102812577827139,0.26981946923691846,0.3193079111349274
2024-06-20,207.7001190185547,212.2170745602359,206.87796947703916,211.90998899500866,86172500,-0.02174766335468585,-0.021512887942818026,0.32517675074279007,0.2737378041498685,0.3209225106014651
2024-06-21,205.53082275390625,209.8892705909824,205.15440599094305,208.40343403997312,241805100,-0.010499292153822693,-0.010444366979176611,0.32676045799299636,0.2744492907352824,0.3138129022114295
2024-06-24,206.1746826171875,210.69162338847192,204.63931513285507,205.75865018980198,80727000,0.0031277715735433167,0.0031326681548498048,0.3127317838851929,0.2719819053886959,0.3044958844032946
2024-06-25,207.09588623046875,209.38407188516823,206.64022308060072,207.1751175381149,55549700,0.004458121184777002,0.0044680733909103765,0.30998942502157867,0.27049154048359253,0.2957282310673839
2024-06-26,211.23643493652344,212.83123347896796,208.65107866870252,209.5029589171147,66213200,0.01979614633981049,0.01999338944592477,0.3138873504820568,0.2714237070435858,0.29687238519105497
2024-06-27,212.07839965820312,213.70291360533915,210.34492376459474,212.66282504623206,49772700,0.0039779651604734635,0.0039858877656815395,0.3135771624764248,0.2704851751312563,0.2882437897176135
2024-06-28,208.63125610351562,214.02980761283354,208.3142855019514,213.73263728250333,82542700,-0.01638764717073797,-0.016254100182965803,0.32341913889814344,0.2736778138309623,0.2866355956028308
2024-07-01,214.703369140625,215.4561875080808,209.91897391071575,210.0873668962765,60402900,0.028689028232358145,0.0291045222586237,0.3343474144359098,0.27783236705930836,0.29945790879731304
2024-07-02,218.19012451171875,218.29908645117231,213.0689435868198,214.1090169642201,58046200,0.016109416412326223,0.01623987264405713,0.336118255319601,0.27890476001839115,0.29701578719931315
2024-07-03,219.4580535888672,219.4580535888672,216.9618440422543,217.92268618597842,37369800,0.00579430093869223,0.005811120370300404,0.3356721529583755,0.27796073761562645,0.288847559962372
2024-07-05,224.20278930664062,224.31175124030364,219.55707203955853,219.55707203955853,60412400,0.02138983728388483,0.021620239677611508,0.3397848967840702,0.28004278163049723,0.29213818344165987
2024-07-08,225.66883850097656,225.69855401964364,221.14198303770854,224.94572057418634,59085900,0.006517656564706444,0.006538942708383733,0.33556726665605524,0.2780587469046754,0.2843700589358885
2024-07-09,226.5207061767578,227.23390886254342,224.23252052432466,225.77778797195694,48076100,0.0037677504646577275,0.0037748573593050505,0.3354509221181835,0.2670115290058737,0.2760959855932992
2024-07-10,230.78009033203125,230.87915213144032,227.08531495764143,227.13484585734597,62627700,0.01862890844333196,0.018803509079429404,0.32199457035530926,0.26846058832718656,0.27731289450639796
2024-07-11,225.4211883544922,230.19566787410835,223.63818174593294,229.20511032654306,64710600,-0.023494666651994914,-0.023220815841734965,0.25150742220980526,0.269065883809473,0.28396218993309946
2024-07-12,228.3631591796875,230.44333633793113,226.52072130415218,226.75846058686048,53046500,0.012966564673155828,0.013050995102416252,0.2381146166571204,0.2648855649474303,0.2798903474580417
2024-07-15,232.18670654296875,234.9899864993383,230.88907844301437,234.24706826366577,62631300,0.016604652386522947,0.0167432758287982,0.24230643367910001,0.26442349855269587,0.2789392284262587
2024-07-16,232.60275268554688,234.03905824310993,230.1362587163494,232.781045805997,43234300,0.0017902568375297656,0.0017918603040314451,0.23791713157835737,0.26349780211757695,0.27053119498727773
2024-07-17,226.71884155273438,229.2744821236097,224.49998695797876,227.2834515580279,57345900,-0.025621408097380564,-0.025295965180458957,0.2547673366946863,0.26874989315687087,0.2805735605742364
2024-07-18,222.0631866455078,228.2640866473074,220.1712331922365,228.10559381010606,66034600,-0.020748700431096816,-0.020534927204731934,0.26389642538456737,0.27407292057898686,0.28373847305528893
2024-07-19,222.1919708251953,224.65846466815103,221.17169771561296,222.6971648700337,49151500,0.0005797757488203434,0.0005799438512654742,0.24840715300409186,0.27421030404213786,0.2751038935780738
2024-07-22,221.84530639648438,225.62922890399747,220.98351093014816,224.86649525231948,48201800,-0.00156142070463837,-0.0015602023215486316,0.243770111394215,0.27405587098014167,0.2667922154215042
2024-07-23,222.8853759765625,224.7971601400939,220.57737479075328,222.25141967209163,39960300,0.004677309290559819,0.004688264976042911,0.24377387036507092,0.2740544764280178,0.25930326769364237
2024-07-24,216.47645568847656,222.67735606492835,215.0797809310421,221.88490694575157,61777600,-0.029175838416397946,-0.028754332849365016,0.2705151867626641,0.2822692323111877,0.2758160334599443
2024-07-25,215.43638610839844,218.76466037633443,212.59347540961954,216.86277641061952,51391200,-0.0048161179284111726,-0.004804539028368304,0.26331128530984904,0.2796789657240083,0.26806850529723925
2024-07-26,215.9019317626953,217.4174836156479,213.97033243488113,216.63493468142264,41601300,0.00215861107525088,0.0021609425534210303,0.2631160712502727,0.27584601380191964,0.26003756132371353
2024-07-29,216.17929077148438,217.22927938341869,213.7127969665886,214.91137828370984,36311800,0.0012838282823674826,0.0012846527426808585,0.2550767590909096,0.2750957408561968,0.252165188542985
2024-07-30,216.73402404785156,218.24957609355639,214.07932159795172,217.1203409396055,41643800,0.0025627928779154486,0.0025660796387456664,0.23455007334306865,0.2726716650300893,0.2446862320055026
2024-07-31,219.98301696777344,221.70659250258416,218.54671157945197,219.34906075635598,50036300,0.014879441642414478,0.014990691628576691,0.23350065988489419,0.24939766402173408,0.24418559640762735
2024-08-01,216.29815673828125,222.36036437427163,214.97081319041698,222.2514024343897,62501000,-0.01689253663215368,-0.016750657756603116,0.24034751247579833,0.2515330397183257,0.24569008731869058
2024-08-02,217.78399658203125,223.46980270062375,215.65430376795194,217.08069402896655,105568600,0.006845919075009103,0.00686940594481289,0.22781627848124825,0.2516475729797138,0.23968818281039062
2024-08-05,207.2939910888672,211.484045462397,194.14928763761037,197.21010696314244,119548600,-0.049365697739546605,-0.04816701712613147,0.2818418474619126,0.27368935170432185,0.3014140305849946
2024-08-06,205.2732391357422,208.00718767754023,199.1714160471065,203.3614702980554,69660500,-0.009796066991418256,-0.009748241820761172,0.2808369927642486,0.27431560871691985,0.29470383818743845
2024-08-07,207.8388214111328,211.62274392073394,204.4412006806638,204.94637966039352,63516400,0.012420916768050018,0.012498376730412764,0.27472952652396143,0.2745081389935901,0.2897792818837276
2024-08-08,211.29583740234375,212.1774330540979,206.85814362500793,211.0977289070064,47161100,0.01649634223484429,0.016633158173912532,0.27614717962911867,0.2742799959570753,0.28818102886952507
2024-08-09,214.19818115234375,214.7330756065884,209.96849596255686,210.09727328743648,42201600,0.01364244213894378,0.013735924879927586,0.2766830338327772,0.27516218966195255,0.284393186339438
2024-08-12,215.72540283203125,217.6889728146819,213.81142108338884,214.27752324509848,38028100,0.007104649107809965,0.0071299470026839895,0.26962831933919407,0.2745918564623607,0.27710992959287906
2024-08-13,219.4343719482422,220.04922365215182,217.19311098226797,217.19311098226797,44155300,0.017046883229736128,0.017193010500941464,0.2790067820169868,0.2762220320578704,0.2767242910539259
2024-08-14,219.8806610107422,221.17979111862692,217.8774142480331,218.7402072098891,41960600,0.0020317502591150963,0.002033815662230376,0.2661263174331522,0.27617876502336963,0.268410448309236
2024-08-15,222.85577392578125,223.48055242779947,220.9120269929499,222.73677426147512,46414000,0.013439859306690529,0.013530580185465713,0.2610030960960014,0.2769818312258155,0.2654291647253702
2024-08-16,224.17474365234375,224.94827173921567,221.7946444270254,222.0624088054674,44340200,0.0059010447929713754,0.005918490256401343,0.26179398125521586,0.27692932818871024,0.258364077653777
2024-08-19,224.0160369873047,224.1152134494971,221.18967426906008,223.84744910734045,40687800,-0.0007082103359912352,-0.000707959614242637,0.26172479558678813,0.27619797150417075,0.2505084039312841
2024-08-20,224.6309051513672,225.28543353253482,223.57970115675508,223.8970537532744,30299000,0.0027409907045912543,0.0027447506541566913,0.2614036625150287,0.27159163789493335,0.24311065346469773
2024-08-21,224.52183532714844,226.08872985229075,223.1830436738614,224.64085012661386,34765500,-0.00048566920128971085,-0.0004855512830936881,0.2370702499562844,0.27028338019639253,0.2357120889175933
2024-08-22,222.66732788085938,226.44571820828537,222.04254943445835,225.90027790842765,43695300,-0.008294110100015144,-0.008259808867083551,0.23867839466727175,0.27120427263306923,0.23079583301466128
2024-08-23,224.95816040039062,226.32671693712516,222.46898849072514,223.78795679469894,38677300,0.010235576747886771,0.010288139447009348,0.24062044138898978,0.2716172763250802,0.2272769039275816
2024-08-26,225.29534912109375,225.39452559231563,222.0326490158817,224.87883517993083,30602200,0.0014977730394451307,0.0014988952616921125,0.24061255124038433,0.271590594663346,0.2204300856403848
2024-08-27,226.13832092285156,226.95152567852384,223.02437015551794,224.1251624880706,35934600,0.0037346473578766404,0.0037416298429877592,0.24068063943648846,0.2715606822647127,0.21420771431095492
2024-08-28,224.611083984375,227.95312221094204,223.80779089178384,226.02921369079436,38052200,-0.0067764605615675735,-0.006753552127936713,0.23771579199488527,0.27194046663005916,0.20934699638249069
2024-08-29,227.88369750976562,230.98773644426686,226.98125820388418,228.19113851748892,51906300,0.014465009195904844,0.014570133705504418,0.23233855221515143,0.2730157952222532,0.21061873312978838
2024-08-30,227.10023498535156,228.48861464853783,225.5928405423183,228.2803652651616,52990800,-0.0034439163355773367,-0.003437992857652672,0.23272041988113001,0.2731113855956591,0.20464106959149042
2024-09-03,220.9219512939453,227.10026429068756,219.335218503661,226.65400042223428,50190600,-0.02758200625725061,-0.027205095986821637,0.17436201028980286,0.2793766838517698,0.225539547325214
2024-09-04,219.0178985595703,219.9401762860646,215.6758448114514,219.821176613538,43840200,-0.008656022516247343,-0.008618667014404502,0.173280025583751,0.27946580386485376,0.2212439699908805
2024-09-05,220.53518676757812,223.60946073514918,219.6823205428289,219.79140861107143,36615400,0.006903804273627353,0.006927690467247949,0.170487424402684,0.2760903830366517,0.2161772832774717
2024-09-06,218.98812866210938,223.37145940933704,217.94683622588397,222.09215251756703,48423000,-0.007039738008126932,-0.007015017096111742,0.16612512606405114,0.23784233498846144,0.2113716545675113
2024-09-09,219.07737731933594,219.4343914347755,214.91222272734436,218.98812757352732,67180000,0.0004074671812445931,0.0004075502072728998,0.16013369832029128,0.23104284839373748,0.20493854722679236
2024-09-10,218.2839813232422,219.64261104358133,214.9320167570415,217.10385107030393,51591000,-0.003628106830726054,-0.00362153320348213,0.15934912683931696,0.23097914092492883,0.19919549848776943
2024-09-11,220.8128662109375,221.2392917639212,216.08243282408242,219.6228241682371,44587100,0.011518701912693349,0.011585297612610734,0.15285243228815348,0.23135232699539016,0.19825298203627653
2024-09-12,220.9219512939453,221.69547936785247,217.9964268983011,220.6541869199912,37455600,0.0004938939875349651,0.0004940159732522709,0.15272051541555315,0.22805238893440805,0.19222299142900667
2024-09-13,220.6541748046875,222.18139254741286,220.06907298412548,221.72521710949164,36766600,-0.0012128215555815799,-0.0012120863847591146,0.14455718404350631,0.22681650620909083,0.18642676385675244
2024-09-16,214.52545166015625,215.41797935337752,212.14535259122513,214.7436126542421,59357400,-0.02816826893274261,-0.027775242185905213,0.17245357848151618,0.22988495633182873,0.21134480540137493
2024-09-17,214.99156188964844,215.10064996456288,212.72056577105593,213.96019610771708,45519300,0.0021703932452490763,0.0021727502535717758,0.1730853730558211,0.22875014371037306,0.20508011492912315
2024-09-18,218.85919189453125,220.86243852013078,215.7353147340035,215.745241460142,59894900,0.017829783311183966,0.017989682808425833,0.1864059614164556,0.23137215339906597,0.2105731418334002
2024-09-19,226.9713134765625,227.9134444812765,222.76649775953877,223.12351184232415,66781300,0.03639507350202852,0.037065482659464966,0.2295293122671446,0.24240816956859526,0.24841207291754358
2024-09-20,226.30690002441406,231.15633305592988,225.7317097608303,228.06222073119503,318679900,-0.002931594363916145,-0.0029273014372234174,0.22757206557441895,0.2395503461323306,0.24111405907806258
2024-09-23,224.5912628173828,227.54653724680347,223.93673438033483,225.45404067299683,54146000,-0.007609902314426175,-0.007581020317304343,0.22658361966644863,0.24014217158055745,0.2356341201696145
2024-09-24,225.48377990722656,227.44736512534206,223.85738561877668,226.75316007712865,43556100,0.003966086430252994,0.0039739617590086596,0.226980866833336,0.23747165677487062,0.22897569189194306
2024-09-25,224.49208068847656,225.40444676008957,222.1615848378298,223.06402418257602,42308700,-0.004407795667316113,-0.004398095593208695,0.2270640259013976,0.23075611352869843,0.22266081111848116
2024-09-26,225.63253784179688,226.60440369502516,223.54004142995942,225.41436171300208,36636700,0.00506730601579775,0.005080166524461527,0.2265200590331854,0.22871606251651025,0.2167750256929072
2024-09-27,225.9002685546875,227.6159275297645,225.4143432340109,226.5647236129495,34026000,0.0011858750481634891,0.001186578476010114,0.22026762699928523,0.22846036462644448,0.2102217645932846
2024-09-30,231.0670623779297,231.0670623779297,227.7448474882838,228.1316114938428,54541900,0.022614369419050186,0.022872012752793047,0.2345106590235183,0.22895226225204923,0.22197773225712786
2024-10-01,224.33340454101562,227.74485413807125,221.88389405688537,227.615942887257,63285000,-0.029574623317748905,-0.029141573738885374,0.23780020774208532,0.23671873703234553,0.24401332129222697
2024-10-02,224.89866638183594,225.48376819979168,221.16986421787885,224.01605029183685,32880600,0.0025165707247126697,0.0025197399467851156,0.23522184420009712,0.2366453215316567,0.23678198370769782
2024-10-03,223.7978973388672,224.92843958391967,221.46740141968138,223.2722952944607,34044200,-0.00490652855537033,-0.004894511206659846,0.23524243899898373,0.23357667839762625,0.23036007588057672
2024-10-04,224.9185333251953,226.10857543260985,222.27068471823083,226.00939895190598,37245100,0.00499486196452074,0.005007357082677633,0.2338421408420249,0.2288531542191808,0.22418528545450378
2024-10-07,219.8509063720703,223.81772316941647,219.49389225502094,222.63759275105315,39505400,-0.022788644227231085,-0.022530944329954505,0.2490643561289276,0.23188659989819707,0.2347246321626127
2024-10-08,223.89706420898438,224.10531361949606,221.3979653574062,222.43925780658088,31855700,0.018236793152965686,0.01840409895816597,0.25661310546547633,0.2324283088308701,0.2383663835563705
2024-10-09,227.63577270507812,227.84403724277382,222.96485445261254,223.36153007501719,33591100,0.01656045201884928,0.016698336395353897,0.2598870718214837,0.23503514042117762,0.23990843927572775
2024-10-10,227.13992309570312,227.59611368544336,225.28544108575701,225.89038125247495,28183500,-0.0021806345872956035,-0.0021782587309658874,0.26020055274335535,0.22910892887277204,0.23275436367485497
2024-10-11,225.66232299804688,227.50689365452033,225.45405843087093,227.39780557308669,31759200,-0.006526492990164681,-0.006505241692072228,0.26158489710446725,0.22542381056549826,0.22708623088081664
2024-10-14,229.3811798095703,229.8076053434174,226.70358155060512,226.80274288926017,39882100,0.016345424498343992,0.016479741775748735,0.24250256774354448,0.22781971372086926,0.22915872481541244
2024-10-15,231.9100341796875,235.51983687729248,230.44230106244424,231.67201972311165,64751400,0.010964352355533486,0.011024681153949167,0.24394105010764608,0.22877264225325455,0.22623125175545022
2024-10-16,229.85719299316406,230.19436878170097,227.93328446814013,229.67869350471682,34082200,-0.008891296695296588,-0.008851886007368082,0.2419721652473961,0.2294640407749116,0.2220474239600076
2024-10-17,230.22412109375,231.91003031839952,228.60765355789445,231.49350124327563,32993800,0.001595057948003436,0.0015963307295623341,0.2060965009306264,0.22096722473005398,0.21537229030468166
2024-10-18,233.0504913330078,234.2206950473064,232.0686987091599,234.2206950473064,46431500,0.01220185708623628,0.012276603449848267,0.2095208330754634,0.2217962203801781,0.21413373393390261
2024-10-21,234.51821899414062,234.8851598599691,232.5050605584077,232.5050605584077,36254500,0.006278146717696215,0.006297895587937585,0.20732799168151642,0.22202411830661,0.20904070741423963
2024-10-22,233.9033660888672,234.2603802258017,230.67041566655348,231.94970749678197,38846600,-0.0026252131753571636,-0.002621770316654115,0.20788692048605353,0.22217571517867676,0.20292939532610338
2024-10-23,228.84567260742188,233.18934216580075,225.8705597881939,232.13813805749322,52287000,-0.021860207007758523,-0.021623004260330925,0.22348137472927776,0.2271708637017031,0.21432427093671486
2024-10-24,228.65724182128906,228.90516786821388,226.51515714412935,228.07212485007065,31109500,-0.0008237359406680336,-0.0008233967633552997,0.22302335974175233,0.22531729924858962,0.2078197754406647
2024-10-25,229.49026489257812,231.28524701350278,227.665532857223,227.83412074973037,38802300,0.003636488148799431,0.0036431081939671817,0.22326866094535294,0.2224016989553959,0.20198431398682412
2024-10-28,231.46377563476562,232.78274415861915,230.62083606612686,231.38445260776976,36087100,0.008562774710677517,0.008599540129126115,0.21024120725178255,0.22262261076742232,0.19864143199594853
2024-10-29,231.7315216064453,232.38605001867157,230.3927299983884,231.1662580738538,35417200,0.001156082555652911,0.0011567510766876676,0.17866776997357633,0.19631067822842835,0.19264247112574714
2024-10-30,228.19113159179688,231.53316974412917,227.64569128136466,230.68030356750913,47070900,-0.015395892863044106,-0.01527798199444419,0.18852068962816604,0.19805816588675146,0.1961336308702546
2024-10-31,224.03590393066406,227.92338265648337,223.50037517792762,227.43744214117888,64370100,-0.018377249820004677,-0.018209417833844443,0.1995979908737333,0.20101526240119535,0.2031420034123049
2024-11-01,221.06080627441406,223.48056715614828,218.44270756169647,219.13689753624155,65276700,-0.013368519229003065,-0.013279557446161605,0.20415944308864453,0.2006582777872358,0.2036980088507286
2024-11-04,220.16824340820312,220.94177147156717,217.88733586004025,219.15671602208408,44944500,-0.004045808336284445,-0.004037635079928936,0.18763643216664747,0.19907341002118542,0.19811814350378645
2024-11-05,221.59629821777344,222.09215031274817,219.3054639601429,219.9599923572388,28111300,0.006465253089991326,0.006486197952366046,0.17686543185412568,0.19898652433295777,0.19372082815415193
2024-11-06,220.8723602294922,224.19457534628128,219.35505401685137,220.76327216240406,54561100,-0.0032722707945051274,-0.0032669227514342536,0.1650861900052122,0.1960828074814245,0.1882498206589146
2024-11-07,225.59288024902344,225.9895710313294,222.70703236030374,222.7665321945981,42137700,0.021146980800385934,0.021372162703502173,0.1835590458296607,0.20074137867000133,0.20018316764813593
2024-11-08,225.32481384277344,227.01256271730918,224.77877343219782,225.53329235935942,38328800,-0.0011889816760012972,-0.0011882751173445394,0.1821461392985609,0.19892163725124032,0.19413983974378443
2024-11-11,222.61447143554688,224.07388164377818,219.90414468405433,223.37892800863307,42005600,-0.012101530600355096,-0.01202860155969232,0.17601957568887955,0.20012935105911567,0.19401840124434663
2024-11-12,222.61447143554688,223.96467356190874,221.75074442821315,222.9321731823864,40398300,0.0,0.0,0.1699213451481575,0.2001256690779132,0.18810781913606767
2024-11-13,223.49807739257812,225.0170530189228,221.15507983350162,222.39607398240116,48566200,0.0039613640765944445,0.003969220650091865,0.16917645431296444,0.20021539281199072,0.18302663109988002
2024-11-14,226.57574462890625,227.22105551450989,223.3789425502784,223.398802697962,44923900,0.013676490645774373,0.01377044166210939,0.17725832327824492,0.2021880870470199,0.18524838553571973
2024-11-15,223.37893676757812,225.28510187679902,222.65420045885568,224.76884409236825,47923700,-0.014209705038314794,-0.014109223679542482,0.17635672632129548,0.20360205319419086,0.18791197973569157
2024-11-18,226.37716674804688,228.08477571151616,223.54769435597734,223.62711979019133,44633700,0.01333289030285801,0.013422169627337555,0.18248356820442632,0.20436119535259928,0.1894203758141552
2024-11-19,226.63531494140625,228.501774994788,225.02699136706502,225.34467799276683,36211800,0.001139695843872354,0.0011403455439773502,0.18273778165708782,0.2043520878864896,0.1837033301690618
2024-11-20,227.35008239746094,228.27337458727712,224.26248896942784,226.41685256118353,35169600,0.0031488591960873846,0.003153822060959488,0.1667897515954932,0.20431109454232954,0.17852735996353974
2024-11-21,226.8735809326172,228.50176458087773,224.0838286281757,227.230987838277,42108300,-0.0020980925394624007,-0.0020958930818011368,0.16690130820042334,0.20386410358519647,0.17328085665721107
2024-11-22,228.21385192871094,229.05773399756174,226.41689485035167,226.41689485035167,38168300,0.005890186255613858,0.005907567512198897,0.16781194821179635,0.20204472787418049,0.1695560606230516
2024-11-25,231.19223022460938,231.5694972757357,228.08479132337303,229.79240040372403,90152800,0.012966393525867346,0.013050821721500183,0.17157504508732874,0.20363438769758777,0.17194879450496423
2024-11-26,233.366455078125,233.87279036398945,231.6489234928732,231.6489234928732,45986200,0.009360456697544855,0.009404402783792953,0.17478700742913528,0.1959610718200209,0.17063760159342772
2024-11-27,233.23739624023438,233.99193037541463,232.125470334311,232.78071887838198,33498400,-0.0005531837802757034,-0.0005530308023379282,0.16470046257840948,0.19497212534805258,0.16545327593855824
2024-11-29,235.62010192871094,236.0966394139658,232.28430923421996,233.11825362062933,28481400,0.010163967559907868,0.010215796123973053,0.15049557723655851,0.1955040680308097,0.1652098351323026
2024-12-02,237.8638153076172,239.0551666028684,235.45133007089746,235.5605381566453,48137100,0.00947753489435474,0.009522588949499422,0.13998630661840442,0.19549632010364382,0.1643616929281351
2024-12-03,240.90176391601562,241.01097200063165,237.17878168890522,238.08222901174219,38861000,0.012690926475756559,0.012771798032708892,0.14036813280549823,0.19685192928930934,0.16682056681369917
2024-12-04,241.25918579101562,242.35126670496282,239.5118714775545,241.12019505186365,44383900,0.001482583526046865,0.0014836830963371739,0.14055697568885533,0.19655251331660234,0.16184124936636587
2024-12-05,241.28895568847656,242.77814859306412,240.38552350615552,242.2321233137982,40033900,0.00012338622798313794,0.00012339384037685086,0.13865034761450842,0.19549774567973421,0.15691164643198555
2024-12-06,241.0903778076172,242.86748966267425,240.33585892461636,241.1598807416467,36870600,-0.0008233266986692869,-0.0008229878582414196,0.12473101949449306,0.19554469856715284,0.152165167649006
2024-12-09,244.9722442626953,245.4587194212017,240.00826768189094,240.08769312504634,44649200,0.015973040562157346,0.01610129151722406,0.131207345073245,0.19770281991414232,0.16007083084026272
2024-12-10,245.98487854003906,246.4217108653419,243.57237825215392,245.11121388943334,36914800,0.004125149290228035,0.004133669430149256,0.11629636953070492,0.18765710302299407,0.15602117005566427
2024-12-11,244.71409606933594,248.9930409884295,244.48574226451257,246.17350623578653,45205800,-0.005179490389872387,-0.005166099958035741,0.1206178010745108,0.1882790507522714,0.15260299879154327
2024-12-12,246.1735076904297,246.9478867446912,243.90992066775823,245.11120954102955,32777500,0.005946028825076649,0.005963741543847378,0.12065524936800376,0.18561043017451898,0.14974974537088778
2024-12-13,246.34230041503906,247.4939314395242,244.46591792091505,246.03453629863122,33155300,0.0006854307148722756,0.0006856656761848878,0.1167741372713036,0.17118052704227152,0.1452122263142196
2024-12-16,249.2313232421875,249.56888515433104,245.86574781090837,246.2033097230519,51694800,0.011659440364001286,0.011727676579625257,0.09719853874869326,0.1722248897108959,0.14790823702837494
2024-12-17,251.6537322998047,252.0012166921119,247.98039295462073,248.2782345553336,51356400,0.009672590217254027,0.009719520909750257,0.09409287785347237,0.17191565778405407,0.14825264884256373
2024-12-18,246.2628631591797,252.44797328398425,245.95509905753715,250.34325221557475,56774100,-0.021654549557595625,-0.021421773050449566,0.1338326470725669,0.17849069162662815,0.16658385307594156
2024-12-19,247.99032592773438,250.184410158509,245.3097817058068,245.71683140567848,60882300,0.006990222180880297,0.007014710811017011,0.13414469184999722,0.17841622712492256,0.16378028262308286
2024-12-20,252.65647888183594,253.16279902630112,243.919877297432,246.2529371403228,147495300,0.01864103806497716,0.018815866855472763,0.14095986511842007,0.18166278005433215,0.17455247123901393
2024-12-23,253.43084716796875,253.80809906094288,251.62395254537785,252.93444954402884,40858800,0.0030602184666539537,0.0030649057153011583,0.1411822808026876,0.18167256498260015,0.1696527310452454
2024-12-24,256.3397216796875,256.34962902881983,253.45066898797964,253.64924013847912,23234700,0.01141260897451737,0.011477981249026215,0.1401585519545223,0.1776270675493749,0.17036569658635772
2024-12-26,257.1537780761719,258.2260137599804,255.77380863027113,256.329771467171,27237100,0.0031706616689540874,0.0031756935333713265,0.13941998128319746,0.16522183751200364,0.16563515672008916
2024-12-27,253.74855041503906,256.8361595932908,251.23677948504655,255.9724022209019,42355300,-0.013330446533741757,-0.01324198962429457,0.15273309388454415,0.16828661145510207,0.16874756591310014
2024-12-30,250.38296508789062,251.67360197393796,248.9434149702759,250.4127477342041,35557500,-0.013352211577002587,-0.013263466221357989,0.16304593185522873,0.1706431414359492,0.17164735255149025
2024-12-31,248.61578369140625,251.45517870098834,247.63291094425557,250.62123433005314,39480700,-0.007082938740029979,-0.007057913847549724,0.16495739519954686,0.17149178032701015,0.168681905669008
2025-01-02,242.09312438964844,247.30529937932678,240.07775127221439,247.13651085819407,55740700,-0.026586203709362627,-0.026235901859931965,0.18902267372713885,0.17396386808119352,0.19347760269493067
2025-01-03,241.60665893554688,242.42074318433572,240.14724866814672,241.60665893554688,40244100,-0.002011436163035764,-0.0020094145809717023,0.18912653075989566,0.1706131060772711,0.18774648176870015
2025-01-06,243.23483276367188,245.54804748087855,241.4477983095151,242.54980162717402,45045600,0.00671633916018187,0.006738944345732412,0.19059255718432883,0.1680176416318415,0.18389091389369405
2025-01-07,240.46495056152344,243.78088314896328,239.61114601786818,241.22939201717418,40856000,-0.011453023445924242,-0.011387687243132882,0.19517836309127856,0.16985657359220344,0.18376678949205763
2025-01-08,240.95138549804688,241.95411831821167,238.32048434869313,240.17700647488417,37628900,0.002020850002923747,0.0020228932964556634,0.1859775846393251,0.16915138883190625,0.1783417128049072
2025-01-10,235.14353942871094,238.4296889806259,231.32127200767005,238.2807606174901,61710900,-0.02439905945966531,-0.024103808564250873,0.20271169997353303,0.1739995641852436,0.19722720340932415
2025-01-13,232.71121215820312,232.9792711307645,228.06493742769467,231.84748509521594,49630700,-0.010397881721473146,-0.01034401062609347,0.20454865849590423,0.1739745296301024,0.1954465877330801
2025-01-14,231.59927368164062,234.41880854341963,230.7951119565212,233.05868390458076,39435300,-0.004789642431911232,-0.004778190385629433,0.20219534668292788,0.17327507031724843,0.19040553967112625
2025-01-15,236.15621948242188,237.2383779015073,232.74100113522098,232.94949481929564,39832000,0.01948492339048293,0.01967599348798177,0.21725457241168797,0.1777441343324255,0.19954825588549868
2025-01-16,226.61546325683594,236.29521800986595,226.38712456587973,235.63998458586752,71759100,-0.0412389464077002,-0.04040019037608322,0.25126499126748036,0.1954766394369368,0.2512850465859109
2025-01-17,228.32308959960938,230.616444627629,226.83389644906615,230.44767122176347,68488300,0.007507098933263318,0.007535347845341489,0.24972854766954597,0.19567388227430993,0.24537244132024427
2025-01-21,221.03594970703125,222.80312416686704,217.79944241349193,222.38615194982364,98070400,-0.03243632887403628,-0.03191591312712594,0.26197517390456343,0.20633885563675308,0.26926411230603653
2025-01-22,222.2173614501953,222.5052654056773,218.2064601780486,218.2064601780486,64126500,0.005330651846216455,0.005344885050282411,0.26099824747716444,0.20204564025645383,0.2618828365584057
2025-01-23,222.048583984375,225.39429904989126,220.69838187044374,223.12080464680741,60234800,-0.0007598037872330465,-0.0007595152094276303,0.2458570986524869,0.2020452315082435,0.253922018899476
2025-01-24,221.17494201660156,224.00441476166836,219.8148172645265,223.16053267311034,54697900,-0.0039422234965909245,-0.003934463134585453,0.24350724945031796,0.20198128284300682,0.24666331305578143
2025-01-27,228.2039031982422,230.4773975200278,222.36626262781007,222.40598291880553,94863400,0.03128556035978423,0.031780097318226064,0.2718022299573044,0.21153366354063025,0.2683122644737355
2025-01-28,236.5434112548828,238.45951413038736,229.1470890329199,229.1868093297106,75707600,0.035892206622068185,0.03654410787792717,0.30848841005439465,0.22411468673150334,0.2952123481387001
2025-01-29,237.63548278808594,238.13188043636077,232.32402189200354,232.43322998057818,45486100,0.004606166481783559,0.004616791173381651,0.3079995426298741,0.22185263358315715,0.2867788489780561
2025-01-30,235.8782196044922,239.05516137192973,235.50096771104396,236.95044029141235,55658300,-0.007422261455178434,-0.007394784495044493,0.3061412726451511,0.2189511721165574,0.2795362981803195
2025-01-31,234.2996826171875,245.40906406001392,231.75812916176676,245.40906406001392,100959800,-0.006714662304453805,-0.006692169331918407,0.3060786551599918,0.21752449638850668,0.272275265551356
2025-02-03,226.3672637939453,230.1597493274262,224.07390894412586,228.3330095070948,73063300,-0.034442249588177154,-0.03385586670299778,0.31525255258004864,0.22912813868190154,0.29601042480699125
2025-02-04,231.1227569580078,231.45038123633566,225.01705656002386,225.61273982041166,45067300,0.02079024344874734,0.021007866086110605,0.3267257188478211,0.23258565217894508,0.29816140384922757
2025-02-05,230.79513549804688,230.9936915376493,226.62539807097704,226.8835194075747,39620300,-0.001418527059673362,-0.0014175214257263757,0.3250470244101078,0.23248137935432464,0.2891308252888116
2025-02-06,231.5397186279297,232.11554171369926,228.7698112868805,229.62361584180033,29925300,0.0032209718431172383,0.0032261647468263543,0.32393260922805156,0.22862881048477296,0.280602389401131
2025-02-07,225.989990234375,232.31409120281862,225.62264568638093,230.9241838961893,39707200,-0.024260722263638013,-0.02396879648313288,0.3330287672118204,0.23415084176701784,0.2879458429462694
2025-02-10,226.2583465576172,229.18037646801733,225.8111004860379,228.16662274990708,33115600,0.001186765468910829,0.001187469953708442,0.3236855682889985,0.23278527200572605,0.2792119896341878
2025-02-11,231.19793701171875,233.7919821040532,226.7353950927951,226.8049592810601,53718400,0.021596741036737827,0.02183163860805326,0.33238572916760645,0.2368502084218039,0.2834325911113268
2025-02-12,235.42196655273438,235.51142789245534,229.26980470124647,229.78663009476247,45243300,0.01810529253078947,0.01827018699047267,0.33819253000251653,0.23945912527487515,0.2836729668832275
2025-02-13,240.05348205566406,240.85852795215618,234.1299251101732,235.4617298072221,53614100,0.019482234085515703,0.01967325127195485,0.33819056141559906,0.24107584052059014,0.2852736222992773
2025-02-14,243.10472106933594,244.04891051069433,239.51678905976664,239.77519417214083,40896200,0.012630560995471437,0.012710663421930057,0.30139481386131073,0.24013421230572993,0.2809097488507613
2025-02-18,242.9755096435547,243.6811607859394,240.36158248040348,242.6574585849239,48822500,-0.0005316465087880448,-0.0005315052098243678,0.30133226071737135,0.23887178859038474,0.27235995193374113
2025-02-19,243.37307739257812,244.50610783818917,241.67353930691675,243.16436963880025,32204200,0.0016349089857629546,0.0016362461780887738,0.2707427938525663,0.23887359382471848,0.26413928423176986
2025-02-20,244.3271942138672,245.27138364211797,242.7966000469895,243.4426355672204,32316900,0.003912723014864793,0.003920387708908235,0.27075365566439447,0.23890550932999977,0.25654408185541155
2025-02-21,244.04891967773438,247.16972378813352,243.72093519653038,244.44646835255205,53197400,-0.0011395912221460647,-0.0011389421346574835,0.27085935982611625,0.23885705831612283,0.24876818494617886
2025-02-24,245.58944702148438,247.33868242018207,242.92582237394555,243.43269920852308,51326400,0.006292531516075729,0.006312371084388646,0.26894600088317455,0.2388921062079833,0.24242764705884737
2025-02-25,245.52978515625,248.4716967182176,243.41281661275679,246.48392314447185,48013300,-0.00024296285553030212,-0.0002429333424459612,0.251137902962624,0.2376492476947252,0.2350442229941658
2025-02-26,238.890625,243.48237703128345,237.66814851741972,242.83635669602367,44433600,-0.02741245313979255,-0.027040141594328326,0.2437972846298014,0.24399023040647586,0.2515807056885167
2025-02-27,235.84933471679688,240.97779411500133,235.61079643123784,237.94643641845556,41153600,-0.01281262226414769,-0.012730890059846955,0.2477093970294717,0.24548163673413942,0.2489526648184714
2025-02-28,240.36158752441406,240.61005923211764,228.7927454203557,235.5014815283524,56833400,0.018951215285013312,0.0191319293439407,0.2553338352600749,0.24765814175161469,0.2523670140885738
2025-03-03,236.5748748779297,242.5381957053339,234.66661403302143,240.31188380351972,47184000,-0.01587965071730676,-0.01575423380035612,0.2609885631145953,0.24910659146600558,0.25234990075759256
2025-03-04,234.48770141601562,238.60240725621293,233.24534293735957,236.25683384188991,53798100,-0.00886161298064582,-0.008822464612909697,0.22948000459418222,0.24829789969947708,0.24707689130928515
2025-03-05,234.29888916015625,235.1039350742086,227.82867612475383,233.98083809185871,47227600,-0.000805536121829528,-0.0008052117647073809,0.21825926126614237,0.24826612005782492,0.2395704113599664
2025-03-06,233.89138793945312,236.4059203890797,231.73465535282332,233.00682927336524,45170400,-0.0017407509020855914,-0.0017392366739927834,0.21830339236147758,0.248275909275707,0.2323707380683367
2025-03-07,237.60853576660156,239.89446338205195,233.32487071745646,233.67273718007357,46273600,0.015767658286873966,0.015892623751117663,0.2246999941677865,0.2505072601560455,0.233485567689557
2025-03-10,226.08937072753906,234.71631625547707,222.84930513729455,234.10009611136832,72071200,-0.049694144985495244,-0.04847959271285418,0.2754648771314773,0.2678971804918909,0.2976298730860999
2025-03-11,219.489990234375,224.45942498066412,216.12071408301142,222.44183568691165,76137400,-0.02962373790280091,-0.02918925587668164,0.2947710164437469,0.273821034697371,0.31070456141444197
2025-03-12,215.653564453125,220.39440897367027,213.5962265598192,218.7942505386503,62547500,-0.017633377060556475,-0.017478818861641043,0.28675235074048067,0.2756416730654697,0.30894406796619334
2025-03-13,208.39817810058594,215.5144112677834,207.14588618522245,214.6298526174969,61368300,-0.0342226843166088,-0.03364371171391467,0.2945615671169258,0.2828283389191169,0.3277622244642356
2025-03-14,212.18492126464844,212.6421007492463,208.29881981801313,209.95860913307365,60107600,0.018007597060427583,0.0181707114648324,0.29290504081938673,0.2859446992098579,0.32540038005999167
2025-03-17,212.6917724609375,213.904315554563,208.6864099217596,212.00598815128762,48073400,0.0023858754514305917,0.002388723917176483,0.2863679560773973,0.28461351456007405,0.3156237507156935
2025-03-18,211.3897705078125,213.8347233648863,210.1971094678613,212.8507852105428,42432400,-0.006140357040281897,-0.006121543574818422,0.28546080480893044,0.283534062339581,0.3069386504527796
2025-03-19,213.92420959472656,217.4226803637017,212.443312738742,212.91044076829724,54385400,0.01191810852687938,0.011989412168931679,0.2918312948616627,0.2823978347779505,0.30117489877718456
2025-03-20,212.79116821289062,216.16044383082547,210.9226561911479,212.6818400591608,48862900,-0.005310537672554603,-0.005296461695394106,0.28931359167096216,0.281785333217629,0.2927291441709544
2025-03-21,216.93568420410156,217.5021918152461,209.9884097524224,210.26669685360034,94127800,0.019289669605934746,0.019476917327059695,0.303460051406691,0.28199674593213253,0.29355570510764806
2025-03-24,219.38063049316406,220.1260455978378,217.24377992596973,219.64898417718916,44299500,0.011207336503279378,0.011270373972970704,0.3065622393086585,0.283179674085405,0.2879298408998611
2025-03-25,222.38217163085938,222.7300380772677,218.73460889257407,219.42039321145907,34493600,0.013589135676383642,0.013681887644081847,0.31364366669680893,0.28366798495352763,0.28411530504930804
2025-03-26,220.17575073242188,223.64442126802376,219.12223310716143,222.1436424317859,34466100,-0.009971301239309248,-0.0099217526398655,0.3030073121968521,0.2838504427323916,0.27817539452178375
2025-03-27,222.48158264160156,223.61461307047793,219.21168633594712,220.03661426059983,37094800,0.010418229142255594,0.010472687848272377,0.30533814867015074,0.28418382066906867,0.272726555962254
2025-03-28,216.5679473876953,222.44182255065115,216.34929105853038,220.31490521146458,39818600,-0.02693998058535311,-0.026580336150487605,0.3051978994183357,0.28780428191385315,0.28441258355243576
2025-03-31,220.7720947265625,224.24075018814546,214.90815310911736,215.6833836525119,65299300,0.01922658088657054,0.019412601862735634,0.3142299586226901,0.2910156495828163,0.2857032852109354
2025-04-01,221.8256072998047,222.31260214779184,217.5618242432653,218.46626491168394,36412700,0.004760596623475336,0.004771946266791671,0.3148420690381596,0.2867543699869381,0.2776174597288486
2025-04-02,222.5213165283203,223.8133724100327,219.66886624627372,219.9670353213626,35905900,0.0031313811784993775,0.0031362890740354032,0.31547829623235785,0.2869055651260446,0.26943538482643115
2025-04-03,201.94786071777344,206.22157697816277,200.0197179050274,204.28348559152053,103419000,-0.09701335281380875,-0.09245611221219108,0.46019269969862214,0.3468999582378839,0.45884959544312814
2025-04-04,187.22840881347656,198.65810753704542,186.19475800144227,192.70471987275084,125910900,-0.07568023981329257,-0.07288738713042187,0.5109675451214085,0.3771576545860929,0.5333949329350335
2025-04-07,180.35069274902344,192.96310261722135,173.5524959881376,176.11672557211514,160466300,-0.03742606053290872,-0.03673436156424825,0.5006892963466874,0.38301038911033486,0.5372320546262653
2025-04-08,171.36595153808594,189.17640027021665,168.17558356470508,185.55865310846366,120859500,-0.05110191118467445,-0.049818168558080855,0.5166635628469699,0.3926269997259382,0.5574815084170806
2025-04-09,197.6343994140625,199.38363475051753,170.83920418374143,170.89883496621582,184395900,0.14261751897179017,0.15328860628500296,0.7537652898804027,0.49577723773521465,0.7743872518737114
2025-04-10,189.25592041015625,193.58926741380884,181.88128226075605,187.9141823452429,121880000,-0.043318680896740624,-0.042393829357370905,0.7592162475092733,0.5027028050082174,0.7694594736605096
2025-04-11,196.93869018554688,198.32019241914816,184.9226007761468,184.96236474624945,87435900,0.039792287598220406,0.04059460733772813,0.7717375343823376,0.5083365175230217,0.7618958013615262
2025-04-14,201.281982421875,211.63828226401768,199.93029560984905,210.14745189040866,101352900,0.02181435957129201,0.022054032309426264,0.7768435650845308,0.5045016973478976,0.7435396409143146
2025-04-15,200.90426635742188,202.26588634734406,198.5785750100267,200.62597928160577,51343900,-0.0018783147193627682,-0.0018765517902216144,0.7767446673015698,0.5041147141023756,0.7209254261815471
2025-04-16,193.0823974609375,199.47308245703653,191.19400339685228,197.1473909296092,59732400,-0.03971148017381932,-0.03893331405202094,0.7855653213788657,0.5061988275319754,0.7158168250125089
2025-04-17,195.77581787109375,197.61451451967758,193.2314700862815,195.99447418061752,52164700,0.013853190590015867,0.013949590669968481,0.7884453115465774,0.5070448295051004,0.6960975477634739
2025-04-21,191.97918701171875,192.6152739871965,188.64966000796989,192.08851517151226,46742500,-0.019583253064361764,-0.019392746768525093,0.7851741180931759,0.5082964442504879,0.6791739583545551
2025-04-22,198.5189666748047,200.3576482646354,194.77200897005906,194.92108593270402,52976400,0.03349768039031173,0.034065045096199675,0.7956121191128803,0.5135829168072755,0.671242653582541
2025-04-23,203.34925842285156,206.72846769395255,201.56025903470575,204.7406939661261,52929200,0.024040339983121307,0.024331638578188874,0.7997045430456753,0.5118008417729193,0.6574732844309041
2025-04-24,207.09619140625,207.55338601533765,201.69939326414854,203.63746952607698,47311000,0.018258392568158636,0.018426096128695724,0.803400065889038,0.5074938253063637,0.6413855239334878
2025-04-25,208.00064086914062,208.46776890662989,204.9394675201618,205.10842646651815,38222300,0.004357782685278415,0.004367291627862091,0.8023386630310843,0.5074798193702842,0.6220771654498516
2025-04-28,208.85537719726562,210.2070638884643,206.1917677806294,208.71623364812058,38743100,0.004100876508606191,0.00410929660867132,0.7977946915981967,0.5075247430595755,0.6033369503621786
2025-04-29,209.91883850097656,210.94254069563792,207.09618845243054,207.4142395090872,36827600,0.005078935378040382,0.0050918550337657464,0.7944195701347974,0.5076350740744415,0.5852901642525333
2025-04-30,211.20095825195312,212.2743578831654,205.4065960245207,208.0205233254963,52286500,0.006089116314766413,0.006107692668900766,0.7945950434414571,0.5032912516967795,0.5679536170599081
2025-05-01,212.0159454345703,213.2483553954001,207.62295230903422,207.80185982414434,57365700,0.003851397157946778,0.0038588233186183096,0.7946662782749339,0.5013298496143012,0.5508550729146265
2025-05-02,204.09466552734375,205.72463931330321,200.92416412992952,204.83013207172814,101010600,-0.03807755324706034,-0.03736171772830699,0.7262053382632307,0.5069218821192836,0.5542177564829788
2025-05-05,197.6741485595703,202.85230555244996,196.99831280299983,201.85841873478097,69018500,-0.03196397223700498,-0.03145852416663597,0.680499738622584,0.5104755831768275,0.5515214579551962
2025-05-06,197.29649353027344,199.4234110025321,195.8156116766073,196.99833957685834,51216500,-0.0019123200771987334,-0.001910492758151805,0.6641964660602249,0.5084826289833206,0.5347715931379098
2025-05-07,195.05029296875,198.2207944248892,192.0686324392914,197.9524407308952,68536700,-0.011450202626053917,-0.0113848985419438,0.6344248017403173,0.508775871851401,0.520388467759528
2025-05-08,196.28271484375,198.82706269335065,193.48988012199126,196.51130456752412,50478900,0.006298604640156997,0.006318482562840622,0.37991335473811655,0.5066460775613155,0.5051294437380655
2025-05-09,197.3163299560547,199.3140368102294,196.33237664044202,197.78345792922866,36453900,0.0052521341297693015,0.005265950764576921,0.3445130318153362,0.5050708975003592,0.490166801730356
2025-05-12,209.776123046875,210.2538252478288,205.75556156059073,209.95526516858178,63775800,0.06123270457986428,0.0631462844134354,0.3820033751946039,0.520014907769662,0.5315442397892635
2025-05-13,211.9058380126953,212.3735786127325,207.99474788922345,209.4178625594749,51909300,0.010101134366084815,0.010152323033181476,0.37664097072487523,0.5197315764745539,0.5168458762571686
2025-05-14,211.3087158203125,212.9109724892217,209.56713314477625,211.40822571910564,49325800,-0.002821843356779967,-0.002817865699136779,0.37680368350122095,0.5197196906737616,0.5012207874287964
2025-05-15,210.43295288085938,211.93569971673273,208.53213606160298,209.93535780893234,45029500,-0.00415308357327187,-0.00414447144810548,0.3436189616651399,0.5196665798152819,0.4862198395844999
2025-05-16,210.24386596679688,211.54757782116647,208.7610423595207,211.33858120774948,54737900,-0.0008989652784505343,-0.0008985613302188167,0.3421676509671139,0.5195095207009136,0.47142058452771096
2025-05-19,207.7758026123047,208.47243269467637,203.2775387890809,206.90999202317107,46140500,-0.011808497154382657,-0.011739050474280921,0.33625341404302733,0.5198498437044105,0.4593598452343687
2025-05-20,205.8650360107422,207.46729276724128,204.04383620537516,206.67113760639387,42496600,-0.009238837244430798,-0.009196290316480504,0.32029164846611863,0.5196790633169942,0.4468124481334313
2025-05-21,201.1179656982422,206.04415370597744,199.74461367242378,204.18315305948536,59211800,-0.02332915915357061,-0.023059138183388672,0.32083449807049996,0.521318324204132,0.4425968108118017
2025-05-22,200.3914794921875,201.77479312617928,198.73946027881726,199.74461200022,46742400,-0.003618779122478993,-0.0036122392324945407,0.3131284091589605,0.5188976654022806,0.42934418084663833
2025-05-23,194.33079528808594,196.74910019358438,192.5295034494263,192.7384848883374,78432900,-0.030711013472803285,-0.030244221058998932,0.328573560211297,0.5216430187261067,0.4330553258868692
2025-05-27,199.24705505371094,199.77450469366767,196.48041207123393,197.34623795139206,56288500,0.02498370007410521,0.025298408100151493,0.342942915586439,0.5228835169535332,0.4309551967843795
2025-05-28,199.45602416992188,201.75491117265972,198.93852099816252,199.6252046868552,45339700,0.0010482444015869887,0.0010487940017713804,0.34208147539293526,0.5222705786491274,0.4178464464850412
2025-05-29,198.98826599121094,202.8297005493605,197.55518975609246,202.60081106845576,51396800,-0.0023479236879401554,-0.0023451694711033033,0.34056095079910165,0.5221206278847472,0.40522002219030223
2025-05-30,199.88394165039062,200.98860329086406,195.83351057352263,198.4110493394953,70819900,0.004491048247859938,0.004501148119051557,0.3407386073253277,0.5223170671214968,0.393263313135191
2025-06-02,200.7298583984375,201.15779807678393,199.15745607510846,199.31669015009302,35423300,0.004223109664034849,0.004232039557867218,0.31500535988614875,0.5225042646266131,0.38163638641739644
2025-06-03,202.29229736328125,202.78989241693247,199.99341064507593,200.38153417950807,46381600,0.007753652101768954,0.00778378950351466,0.29377615450436656,0.5215616593691391,0.3712365184888246
2025-06-04,201.84446716308594,205.24801554678163,201.1279290627925,201.9340306292736,43604000,-0.0022162318442874823,-0.0022137778157271804,0.2938202135231311,0.5122763283242592,0.3600303100517597
2025-06-05,199.6649932861328,203.765171611367,199.1872911078447,202.521183994692,55126100,-0.010856507745653134,-0.010797788552668885,0.29349018687930606,0.5093723798153468,0.35160576611359984
2025-06-06,202.9391632080078,204.71060036976428,201.0781625818177,202.023590138985,46607700,0.016265316954239512,0.016398317341402402,0.29789970594781673,0.5095460941272514,0.3467119455355905
2025-06-09,200.48106384277344,205.0091823144686,199.05794913802782,203.40692547634254,72862600,-0.012186447883674158,-0.01211249384484192,0.3015257316682416,0.5053961161692649,0.33947324873723844
2025-06-10,201.69517517089844,203.36710243054736,199.60528507808198,199.63513956616538,54672600,0.006037726243510588,0.0060559900513954545,0.20203049091529818,0.504102866514027,0.32996779840035706
2025-06-11,197.8238983154297,203.51638723180633,197.45568281643992,202.5211970741936,60989900,-0.01938029136132809,-0.019193700851736217,0.20574788854610354,0.5054787665336385,0.3286716142051934
2025-06-12,198.24188232421875,198.71956936233477,196.4107360236097,198.12246436103902,43904600,0.002110680520238856,0.00211290957436594,0.206686717724945,0.5054177013493814,0.3187646269047766
2025-06-13,195.50511169433594,199.40625545491926,194.7587190445596,198.769334334526,51447300,-0.013901387156723033,-0.013805209059743029,0.21015564090951924,0.5053535944976247,0.3137453623956842
2025-06-16,197.4656219482422,197.73432753277095,195.61456771612566,196.35101387226533,43020700,0.009977977247371364,0.010027923244132042,0.21554162221365042,0.5058323613222647,0.3066518073192151
2025-06-17,194.6990203857422,197.43579358003367,194.27109586617135,196.2515147499311,38856200,-0.0141096221430526,-0.014010547938441476,0.21692010634455694,0.5046707624853328,0.3023298238744414
2025-06-18,195.6344757080078,196.6197193940347,194.13174409281177,194.9975546383106,45394700,0.0047931172833160654,0.004804622644799528,0.21749980664323765,0.5041354341322919,0.29371157542031445
2025-06-20,200.03321838378906,200.72984844555882,195.9131318065836,197.28649906078425,96813500,0.022235446429915134,0.022484496456271597,0.21988369472650846,0.5055801023085282,0.29760049755023427
2025-06-23,200.53082275390625,201.3269779408771,198.00304635957568,200.6602023375907,55814300,0.002484519702133711,0.0024876086788869767,0.2197182239786836,0.5053609748794806,0.28869607909781275
2025-06-24,199.3365936279297,202.46149014710028,199.23706853700068,201.61557243039425,54064000,-0.005973143235657363,-0.0059553394813630645,0.1892387595516981,0.5048180697894589,0.28086323813518627
2025-06-25,200.5904998779297,202.69035144718822,199.65501882071575,200.48102836728987,39525700,0.006270694729914494,0.006290396696255751,0.16868069531170093,0.5023447548098864,0.2733965102247275
2025-06-26,200.03321838378906,201.66532960796235,198.50063224789568,200.4611428555203,50799100,-0.00278207119639068,-0.002778204822659891,0.16901381147119207,0.5005295139867559,0.26528840963641775
2025-06-27,200.1128387451172,202.24254507531293,199.03803155248616,200.91894034324127,73188600,0.0003979565009345682,0.00039803569612795187,0.16875760290517178,0.5003709071800826,0.25721131082273446
2025-06-30,204.18316650390625,206.39248990855162,198.3015889216639,201.03836190454115,91912800,0.020136064838529186,0.020340163001602463,0.18251042182390964,0.502284548129488,0.26137859677262004
2025-07-01,206.8204345703125,209.17903048404247,205.14850713857425,205.6759567295316,78788900,0.012833484940532585,0.012916187517131972,0.1869912807101096,0.46182319619172185,0.25828256510233877
2025-07-02,211.418212890625,212.31387801499196,207.13889190503232,207.90519262679368,67941800,0.02198727246252242,0.022230773907156554,0.19970395667098076,0.4357427564433984,0.26460707757513247
2025-07-03,212.52284240722656,213.61754237258577,210.79120621932267,211.12956719850303,34955800,0.00521125285074063,0.005224855046774168,0.19926226776939035,0.4279462926575511,0.2573451133702547
2025-07-07,208.940185546875,215.18997897032483,207.7957228576545,211.65705062020388,50229000,-0.017001458820508034,-0.01685774959421371,0.20584224958350816,0.41513745918589584,0.2581149877780072
2025-07-08,208.9998779296875,210.41304612040562,207.4473837253886,209.08945658408672,42848900,0.00028565044816167973,0.0002856912501358888,0.19913872109463748,0.29671493871837196,0.2502542304036473
2025-07-09,210.12445068359375,210.31353924447487,206.22330706177223,208.52219391164948,48749400,0.005366309592885226,0.005380734022651268,0.19281873461082752,0.2821197265294874,0.24352610516731968
2025-07-10,211.38833618164062,212.45318170934252,209.01977884626095,209.49746585002458,44443600,0.005996920260517435,0.006014937785369989,0.192808435008701,0.2709317612880565,0.23725603768832726
2025-07-11,210.14434814453125,211.1096837700706,208.85059795908091,209.55718962168862,39765800,-0.005902231047290831,-0.005884847099796642,0.17803365812169408,0.26785259521597454,0.2311703421812266
2025-07-14,207.61656188964844,209.89555581124029,206.54175471753558,208.92025854176603,38840100,-0.01210174070414454,-0.012028809136205187,0.18596838211468075,0.2690924447182856,0.22901462759910762
2025-07-15,208.10421752929688,210.87084499335577,207.9151289669034,208.21368905566166,42296300,0.002346074035577385,0.0023488282206871602,0.1758505323381223,0.2556870742532519,0.22222524409573335
2025-07-16,209.14918518066406,211.37840160704656,207.63649175890595,209.28851120731298,47490500,0.005008801985876881,0.005021367004347521,0.17415770671776584,0.25446438275240063,0.21633387991317884
2025-07-17,209.0098419189453,210.78127919114968,208.58190225319882,209.5571995447156,48068100,-0.0006664606422246865,-0.0006662386066595971,0.16294656866543278,0.25082377598321964,0.20975948748407383
2025-07-18,210.16424560546875,210.77131219576944,208.69136845628208,209.85573909301036,48974600,0.005508005572943266,0.0055232025244587035,0.1630388513861804,0.24193470660943103,0.2044940402313159
2025-07-21,211.4580078125,214.74213848423943,210.61210526026528,211.07984586548804,51377400,0.006137087201690622,0.006155957704908399,0.1479239398267365,0.23737580987759324,0.19969532040399765
2025-07-22,213.36875915527344,213.91611676733493,211.20919838168209,212.1148250502387,46404100,0.008995498287768371,0.009036079373582862,0.1495496607536498,0.2351902910469937,0.19674608726018428
2025-07-23,213.1199493408203,214.1151394198069,211.38832832203676,213.9658669821171,46989300,-0.001166782790370243,-0.001166102363992616,0.14662554400108657,0.23507546348254912,0.19080635623088837
2025-07-24,212.73184204101562,214.65256693634578,212.50295255730364,212.87116805528336,46022600,-0.001822734646709196,-0.0018210744747505503,0.1472951308569417,0.23499115349852612,0.18512934870165224
2025-07-25,212.85128784179688,214.20474714033003,212.37358560556336,213.66733592091674,40268800,0.0005613277196887625,0.0005614852935753589,0.14604577972224891,0.23478157052454734,0.1795028338173147
2025-07-28,213.02044677734375,213.8166019050196,212.03520309848784,213.00053872316795,37858000,0.0007944126397324161,0.0007947282690279334,0.14595504827423172,0.2344678637162599,0.17406186661685913
2025-07-29,210.25384521484375,213.77681196541135,209.80601264614248,213.14983725799084,51411700,-0.01307256790175664,-0.012987493005268913,0.1421742889962821,0.23588559712270055,0.17624859977461563
2025-07-30,208.04449462890625,211.36842593737322,206.72088996610802,210.88077731884883,45512500,-0.010563614150768893,-0.010508015126571957,0.1416167093224184,0.22339347897072562,0.1757469622477951
2025-07-31,206.5716094970703,208.83068001568543,206.16357792510368,207.48718253646683,80698400,-0.007104843796290979,-0.007079664061590107,0.11823403102837589,0.21364589034086573,0.17261811779809794
2025-08-01,201.40660095214844,212.5527283441607,200.530828701964,209.8557561748323,104434500,-0.025321374432513664,-0.02500347728081742,0.14340744195875132,0.2201709276959182,0.19417444323154395
2025-08-04,202.37193298339844,206.88014336875773,200.70995198839026,203.52634207300898,75109300,0.0047815016861833684,0.004792951306890725,0.13517650003911946,0.21896689835859434,0.18917498895639692
2025-08-05,201.9439697265625,204.35232790405936,201.18763073057525,202.42165671427045,44155100,-0.0021169754333031695,-0.00211473622120828,0.13500160010279408,0.21871283916802736,0.18359658881588753
2025-08-06,212.22430419921875,214.3440641251077,204.60114383647723,204.6409599471833,108483100,0.049653472685494957,0.05090686533782662,0.22640665490276418,0.24068208387674003,0.2626082849173759
2025-08-07,218.9716796875,219.78774287041324,215.5382768294147,217.8272171299369,90224800,0.03129865093982232,0.031793604006576714,0.2510327068766137,0.21527654921700803,0.2822002135978673
2025-08-08,228.2468719482422,229.88892965735022,218.19544514014734,219.76784743364436,113854000,0.041485409923810924,0.0423579536585692,0.2857925838776889,0.2302113337878778,0.31761746831367144
2025-08-11,226.3438720703125,228.71511750604432,223.9327805410339,227.08115402328403,61806100,-0.008372414173504787,-0.008337463123530675,0.28327856709120824,0.23090941418234256,0.3096576759455328
2025-08-12,228.80477905273438,229.95055565919736,226.23428798669784,227.17081559543826,55626200,0.010813746046473135,0.010872425923938556,0.28409018091312854,0.23147901804362894,0.3031545689932124
2025-08-13,232.47125244140625,234.1351043372746,229.58191650034667,230.2195756343437,69878500,0.015897425213632944,0.016024461568728166,0.28684197324663324,0.2333201428329596,0.3003494305656818
2025-08-14,231.92327880859375,234.25466305951576,230.0003892485326,233.1985666998313,51916300,-0.002359949785194589,-0.0023571672929779686,0.28737057445852565,0.2317864375500863,0.291344130510724
2025-08-15,230.73765563964844,233.417757832359,228.49593650929467,233.1387895567921,56038700,-0.005125246918470202,-0.00511213525022558,0.28968941916257435,0.23109950322994013,0.2831707837302661
2025-08-18,230.0402374267578,232.26202593201924,229.26310933608104,230.8472538899505,37476200,-0.0030271363099408618,-0.0030225591525460116,0.29089759303156926,0.22530534725545662,0.27479647765755927
2025-08-19,229.71145629882812,232.0129522601839,228.50591803460907,230.42880766374827,39402600,-0.0014302554551239941,-0.0014292331272452996,0.29097750040885423,0.2251068560974205,0.26648310982256473
2025-08-20,225.17819213867188,229.6217843388592,224.93908515924198,229.13358225147155,42263900,-0.01993192967431793,-0.019734601979358835,0.30252663665383456,0.21937113055864627,0.26973941884355196
2025-08-21,224.07228088378906,225.68632903786573,222.9564077521854,225.43724912794482,30621200,-0.004923371505183835,-0.004911271577319298,0.30334757926646605,0.21476700662449633,0.262221843843113
2025-08-22,226.9217529296875,228.2468598588307,224.58041092619504,225.33760837029214,42477800,0.012636574987018982,0.012716753873613929,0.3052949227338439,0.21586782544023592,0.2589383807771641
2025-08-25,226.32398986816406,228.45611344789907,225.39740462882727,225.64648455731327,30983100,-0.0026377011482110187,-0.0026342254711414492,0.3058961762569563,0.21589443094760893,0.2512595010012963
2025-08-26,228.46603393554688,228.64537936019502,223.8630424721864,226.03501179732243,54575100,0.009419995140618333,0.00946450293948331,0.3005663075259097,0.21635897761175657,0.24634356012806222
2025-08-27,229.6417236328125,230.05020313892598,227.41991984776428,227.7686378094015,31259500,0.005132819774613846,0.005146015261057624,0.2954939660003612,0.21640284416431313,0.2396714203296145
2025-08-28,231.70408630371094,232.55096405412047,228.4959359400532,229.9704999102399,38074700,0.0089406963910999,0.008980783797791325,0.2922921634315396,0.21654558727955223,0.23495633518815406
2025-08-29,231.28561401367188,232.52105569809,230.5184437223928,231.65424737322112,39418400,-0.0018076963859368106,-0.00180606348690171,0.27023466976942057,0.21651111368606513,0.2279070409260058
2025-09-02,228.87454223632812,230.00038826150748,226.1346633063032,228.4062708029861,44075600,-0.01047936814741251,-0.010424650869989782,0.2771740849314688,0.21641481664101772,0.224689914227979
2025-09-03,237.59234619140625,237.9709525201245,233.49747185558658,236.33698891571112,66427800,0.037382371037568494,0.038089880464190706,0.2963419807877093,0.2263446246119004,0.26188879714110225
2025-09-04,238.89752197265625,239.01707546456905,235.86871695735925,237.57241502764154,47549400,0.005478307652190442,0.005493341019489506,0.252482485448382,0.2242923604876713,0.2548026231958399
2025-09-05,238.80783081054688,240.43183651086895,237.61225041390915,239.11668743272676,54870400,-0.00037550830293499635,-0.00037543780851623243,0.23465910019211808,0.22429692336213283,0.24704462390081305
2025-09-08,237.00450134277344,239.2661357937392,235.4701607098454,238.41927329094256,48999500,-0.007580039357514406,-0.0075513833095535166,0.19247661060852286,0.2205824265171287,0.24132536794940956
2025-09-09,233.4875030517578,237.90119155812317,232.5011411802574,236.12774389612645,66313900,-0.014950578406501531,-0.014839373392023014,0.19844876707091091,0.22363024848943228,0.2410876946645344
2025-09-10,225.955322265625,231.56460664903227,225.118417424808,231.33545739080094,83440800,-0.03279126491668058,-0.032259460089661185,0.22940913992514478,0.2327927154249135,0.2662591177718791
2025-09-11,229.18341064453125,229.60186307827533,225.81584532196928,226.04500979013486,50208600,0.014185312195141271,0.014286401163462914,0.227848705533358,0.23353522833300022,0.26397495284555506
2025-09-12,233.20852661132812,233.6468944473401,228.17710979485463,228.37637066624734,55824200,0.017410414487113897,0.017562859176748713,0.23659210107459397,0.23290318379208047,0.2647357585954991
2025-09-15,235.828857421875,237.31337916896246,234.16500543557729,236.12775635652346,42699500,0.011173344217996163,0.01123599916616258,0.23872079039125518,0.2334783893920128,0.26032202387834075
2025-09-16,237.2735137939453,240.33222235518573,235.45026224943368,236.30708253667353,63421100,0.006107180813938619,0.006125867664642737,0.23883262397258898,0.2301527250333181,0.253506298403925
2025-09-17,238.11044311523438,239.21635855568803,236.85507060288438,238.09051246512186,46508000,0.003521070384509501,0.0035272766349128126,0.23866034106059517,0.23015558460648539,0.24616452533381136
2025-09-18,237.00450134277344,240.31227437025743,235.77901734043184,239.0868055705458,44249600,-0.004655478775517406,-0.004644658831388204,0.2260412462894932,0.2299552747276133,0.23935091012612908
2025-09-19,244.59646606445312,245.3935247988757,239.32594197772087,240.34217704154452,163741300,0.03153064137146085,0.032032998017618386,0.24617675977445821,0.23725497297809758,0.26245675573012905
2025-09-22,255.1374969482422,255.6954638689992,247.20680184487878,247.38614726921998,105517400,0.04219282822522297,0.04309559763227089,0.2794310331581617,0.249893071477426,0.30276671743401107
2025-09-23,253.49359130859375,256.3928850249964,252.64672876089196,254.9382669065294,60275200,-0.006464061681210428,-0.006443214577675049,0.2812981978950893,0.2507163752108816,0.29461737825034684
2025-09-24,251.38140869140625,254.79879299943292,250.11607847800005,254.2807025242173,42303700,-0.008367199564262733,-0.008332291977418138,0.2852105858432558,0.24965507619571664,0.2874891080105996
2025-09-25,255.9246063232422,256.22352044118514,250.7836088309123,252.27808820484515,55202100,0.017911552240696984,0.01807292613835698,0.28900255865591007,0.2506836964303299,0.28730096134672994
2025-09-26,254.51980590820312,256.6519291955366,252.84598111295833,253.16481067495934,46076300,-0.005504238769601875,-0.005489118202509746,0.29120748613473585,0.24836841686980468,0.2793696782242726
2025-09-29,253.49359130859375,254.06150078407975,252.07881928540593,253.62311772285494,40127700,-0.004040113906832495,-0.004031963626357271,0.29197555031129635,0.24875466724850237,0.27131415111013646
2025-09-30,253.69287109375,254.97811672142575,252.17846100632588,253.92202035086734,37704300,0.0007858245839893682,0.000786133425020763,0.28696227181445677,0.2453119965111571,0.263066575953013
2025-10-01,254.5098419189453,257.83756097799323,253.9917514638179,254.10134722927504,48713900,0.003215140368350492,0.0032203144758191637,0.2604633230859778,0.2452350355373253,0.2553587267938133
2025-10-02,256.18365478515625,257.229778167004,253.21461153357077,255.63566078088252,42630200,0.006555081944564943,0.006576613515574703,0.26060313817692216,0.24529025564334708,0.2488881021065236
2025-10-03,257.0703430175781,258.2858540075867,253.01533061199513,253.73268185864376,49155600,0.003455166908929536,0.0034611428787894027,0.26020337424861,0.24522633813934236,0.2416796958474351
2025-10-06,255.74526977539062,258.11651518827176,254.11130630837613,257.0404730386864,44664100,-0.005167846524758851,-0.00515451617885343,0.25895623173560134,0.24511372528136469,0.23517724214704652
2025-10-07,255.5360870361328,256.4526841311554,254.48993311029045,255.86485915808862,31955800,-0.0008182686426670921,-0.0008179339521764417,0.25008742787235105,0.2431738519024286,0.22803499492766302
2025-10-08,257.1102294921875,257.56852798749276,255.16739414069707,255.5758888188916,36496900,0.006141260954030339,0.006160157159454727,0.20764844527257365,0.2432238991816176,0.22237403957943214
2025-10-09,253.1050262451172,257.0504585775582,252.2083446799687,256.8611554198282,38322000,-0.015700375384075295,-0.015577766995038989,0.21964981376235163,0.24636664943974265,0.224076566585218
2025-10-10,244.3673095703125,255.436420799504,243.10197943699816,254.00171816056968,61999100,-0.03513206563064245,-0.034522098610332286,0.2562886139818052,0.25849152468935915,0.25663150860222933
2025-10-13,246.74851989746094,248.7710475029622,244.6562426215344,248.46219085423505,38142900,0.009697219450940967,0.009744389834039024,0.2556664037964303,0.258834827723425,0.2516544707312269
2025-10-14,246.8581085205078,247.93413549962378,243.79940008876653,245.69241642712313,35478000,0.00044403222541274074,0.00044413082231420375,0.2553271438774779,0.2587725040741105,0.24399417085185707
2025-10-15,248.42233276367188,250.89321639065437,246.559219921403,248.57178982967116,33893600,0.006316540342189272,0.0063365317531554055,0.25574340691751507,0.2585469592858888,0.23783278612367348
2025-10-16,246.53929138183594,248.1234359576197,244.22783772705108,247.33635013275978,39777000,-0.0076088746070518964,-0.007580000400476461,0.2569929698756624,0.25927697925024534,0.23247782710303785
2025-10-17,251.36148071289062,252.4474806979352,246.3599669580113,247.1072067041429,49147000,0.019370687428605825,0.019559516473121263,0.2416073590632284,0.26142208843570897,0.2376479822857812
2025-10-20,261.27484130859375,263.4069798400544,254.68918336894043,254.94822099113512,90483000,0.03868081981174429,0.03943866246963412,0.23393566987223205,0.27151743617706114,0.2751555954248783
2025-10-21,261.8028869628906,264.3136317818121,260.86634411857244,260.9161783410852,46695900,0.002018995667876844,0.002021035212009581,0.23218657790010627,0.27147852424674584,0.26688874068762536
2025-10-22,257.4988098144531,261.882609922878,254.4899051977633,261.6833338430701,45015300,-0.016576782761846234,-0.016440143950924413,0.23860663838171564,0.27248184806076253,0.266665791918811
2025-10-23,258.6246337890625,259.6608147081683,257.0604350924048,258.98332466328685,32754900,0.004362622059364062,0.004372152148666597,0.23073958270872566,0.2709324870434327,0.2590980063025304
2025-10-24,261.85272216796875,263.15789839957887,258.22610426270086,260.2287163700197,38253700,0.012404496504713917,0.01248175137693619,0.23327618533209735,0.2705816883725945,0.25579368218313264
2025-10-27,267.8206787109375,268.1295353654346,263.67598537979285,263.90514984178776,44888200,0.022535430692392146,0.022791271725411066,0.2438594049698241,0.2662071172840182,0.2630270126771589
2025-10-28,268.00994873046875,268.896687690681,267.16307106420925,267.9999758056659,41534800,0.0007064546806767953,0.0007067042785577904,0.24386804203272727,0.26633601564758663,0.2550289452133262
2025-10-29,268.7073974609375,270.4110953948544,266.1269030442272,268.28892986747474,51086700,0.0025989438500351207,0.002602324032269898,0.24386209476256165,0.26599696468748874,0.2474661700131055
2025-10-30,270.4011535644531,273.131090148023,267.49191714200913,270.98897852374654,69886500,0.006283564499940692,0.0063033475055775945,0.24380727344537692,0.24904287335714126,0.241168241497944
2025-10-31,269.37493896484375,276.29937269597025,268.16940070155243,275.9705701844509,86167100,-0.0038023760230779242,-0.0037951561451632365,0.24486810121657884,0.2429465231062647,0.23428828264277682
2025-11-03,268.0597839355469,269.8531775103368,265.2701011373342,269.42476736726525,50194600,-0.00489420425752579,-0.0048822471546564605,0.24475875804395925,0.23019393194002452,0.22794673136202906
2025-11-04,269.0461730957031,270.49081837885313,266.6350661079627,267.3424445625432,49274800,0.003672982048232747,0.0036797357129609853,0.24450641097874343,0.22904455734082851,0.22146356461248848
2025-11-05,269.14581298828125,270.7000692568828,265.94760492323326,267.6214146886098,43683100,0.00037027639315674913,0.00037034495392229694,0.24424830237846093,0.22849888905640986,0.21472171954760536
2025-11-06,268.7771301269531,272.3937751745226,266.90407480138714,266.90407480138714,51204000,-0.0013707648047970096,-0.0013698257358518706,0.2353871622232119,0.22697646740375677,0.20824865487330455
2025-11-07,267.4819030761719,271.28785094446636,265.78814772800683,268.8069946610708,48227400,-0.0048306116605628165,-0.004818963020289169,0.19058595854239266,0.2272549384523891,0.20277641488461515
2025-11-10,268.6985778808594,272.98692304032335,266.733924572705,268.2298525605972,41312400,0.00453831102080292,0.004548624750665864,0.18960411793628568,0.22675466519584828,0.19738944633212743
2025-11-11,274.5028076171875,275.16101963639426,269.0675899882029,269.07757258136417,46208300,0.021371265994227246,0.021601267048394046,0.19836577561268595,0.22969082573190755,0.20863990698346596
2025-11-12,272.7276611328125,274.9815360542478,270.9624767916609,274.2535066981436,48398000,-0.006487770006386278,-0.006466769865795197,0.20266227082910865,0.23033526668318452,0.20385090746155718
2025-11-13,272.2090759277344,275.9488963676571,271.3513946141157,273.36590026791555,49602800,-0.0019032864784390288,-0.0019014763772919885,0.19905832043266594,0.2256307072412059,0.1977793040632455
2025-11-14,271.6705322265625,275.21088338895913,268.8681625557137,270.31420819279356,47431300,-0.001980378999716703,-0.0019784193430598673,0.19287863238913844,0.2252606117003732,0.19190871025477949
2025-11-17,266.7339782714844,269.75575219797963,265.00869378967747,268.0903024129557,45018300,-0.01833822786066242,-0.018171105694162026,0.15980587814414549,0.22864344051892432,0.1992584496966834
2025-11-18,266.7139892578125,269.97510130800674,264.59974924229334,269.25705465795,45677300,-7.494269318828434e-05,-7.493988505480331e-05,0.159807541641876,0.22844842560113798,0.19318845438864085
2025-11-19,267.83099365234375,271.47107967039307,264.77930243197466,264.80921977983166,40424500,0.004179277913276381,0.004188023274068087,0.14604178859399491,0.22804570438197436,0.1880068179517403
2025-11-20,265.5272521972656,274.68232536305425,265.1981613886433,270.09480618650156,45823600,-0.008638680660609209,-0.008601474473370674,0.15043887462297523,0.22914896324514994,0.18534866347056556
2025-11-21,270.75299072265625,272.5879921198442,264.9488130991126,265.2280517805383,59030800,0.01948945166198309,0.01968061086817685,0.1592108460931412,0.23143941104229973,0.1950283081137384
2025-11-24,275.1710205078125,276.24807542504453,270.164627965921,270.164627965921,65585800,0.016185865239936655,0.016317565960635383,0.14947213473454513,0.2329102440605272,0.1992863514625965
2025-11-25,276.2181396484375,279.6188865292943,274.5028075356392,274.52274228722064,46914200,0.0037981174643085826,0.0038053394528705375,0.14969725801408515,0.23124028883536826,0.1937789034290372
2025-11-26,276.79656982421875,278.7712060098946,275.8790842359358,276.2081750495132,33431400,0.0020919168217879975,0.002094106406326013,0.14965907953502713,0.21995009573367105,0.1880516271747427
2025-11-28,278.0930480957031,278.242634823177,275.2407959413455,276.50736791500816,20135600,0.004672931656329052,0.00468386682792965,0.1490819429247658,0.2199104164434332,0.18322601977581382
2025-12-01,282.33148193359375,282.650620542313,275.390384584981,277.255303275414,46587700,0.015126085396804254,0.01524106361850519,0.1553270045130115,0.221325174776743,0.18712803256090924
2025-12-02,285.4131164550781,286.619823290159,281.86278279875575,282.231773534172,53669500,0.010855813667109464,0.010914951816139329,0.15564698790909018,0.22085999414431357,0.18627334413270114
2025-12-03,283.378662109375,287.8365294074879,282.5309633672564,285.4231155973949,43538700,-0.007153630197795877,-0.007128103890149506,0.15983990178857949,0.2187061350217438,0.18272835170388857
2025-12-04,279.93804931640625,283.9571086251454,277.8337611056945,283.32881389666403,43989100,-0.01221570568772077,-0.012141396841095942,0.16818883544675042,0.20803758545625337,0.18341900196823632
2025-12-05,278.0232238769531,280.37683325787106,277.2951945750906,279.77845592816414,47265800,-0.006863676920741724,-0.00684017568933204,0.17074485506033138,0.20792272685687674,0.1798229200809284
2025-12-08,277.1356506347656,278.9108174051644,275.4003533668138,277.374989388386,38211800,-0.0031975495274368187,-0.003192442810390217,0.1700143913721032,0.2061974890873395,0.17478757791876934
2025-12-09,276.42755126953125,279.26982065807096,276.16827776921565,277.4049018876359,32193300,-0.0025583338957931995,-0.0025550641485947434,0.17034920014992191,0.20575736206359332,0.16975457886178336
2025-12-10,278.0232238769531,278.9905919368044,275.68957968235776,276.9960211276047,33038300,0.005755883423229985,0.005772480348263054,0.15435735388798089,0.20573339005297225,0.1660980088829302
2025-12-11,277.2752380371094,278.83100071126506,273.06669274298736,278.342340640522,33248000,-0.0026939973492764928,-0.002690371794892954,0.1526123358999798,0.20601399175127258,0.16137834700465953
2025-12-12,277.52459716796875,278.4620479370953,276.0685689150702,277.14562382282355,39532900,0.0008989157235724109,0.0008993198694000615,0.15227123164702075,0.20549946300387928,0.15650115123265892
2025-12-15,273.3658752441406,279.3894873363706,272.0993337942639,279.3894873363706,50409100,-0.015098467426605677,-0.014985057058964357,0.16242040300967556,0.19962561031355927,0.1626956211538549
2025-12-16,273.8645324707031,274.752131096348,271.0522107383373,272.07941349564567,37648600,0.0018224768125210816,0.0018241385327160131,0.14672516447484862,0.1810634820153232,0.15789836329319845
2025-12-17,271.1020812988281,275.41036187784255,270.9026424636208,274.2634896625032,50138700,-0.010138143375682697,-0.010086925630541477,0.15223788203462843,0.18188075145719004,0.15808239194657897
2025-12-18,271.45111083984375,272.8872042261758,266.22534517191764,272.86723904028526,51630700,0.0012866188761625084,0.0012874469253185694,0.15173571667711824,0.1808029722698866,0.1533481970989619
2025-12-19,272.9271545410156,273.854622814086,269.1673684747946,271.41126100078174,144632000,0.005422873807698464,0.005437604202852997,0.148467032079941,0.17768087284926437,0.15016448212725067
2025-12-22,270.23443603515625,273.13654030849926,269.7756932559407,272.1192896847017,36571800,-0.009915062523911944,-0.009866070345355471,0.1371389714164655,0.1786056881553908,0.15060821152769618
2025-12-23,271.62066650390625,271.7603010837797,268.8282792538215,270.1048034873943,29642000,0.00511662061139001,0.005129732868573544,0.12478065576744574,0.17848815361203652,0.1473692710533245
2025-12-24,273.06671142578125,274.6823088952694,271.46109654935304,271.60070067851706,17910600,0.005309645046856358,0.005323766193815027,0.1256078040890644,0.17868927433739376,0.14436380420748773
2025-12-26,272.6578369140625,274.6224904749486,272.11929424741834,273.41578359787746,21521800,-0.0014984650753561758,-0.0014973429371301084,0.12524323945983099,0.17872632854723158,0.14008712966858577
2025-12-29,273.0168762207031,273.61522314661676,271.6107000753325,271.9497734782625,23715200,0.001315946478043144,0.0013168127155420706,0.12387360102297658,0.17837149704610933,0.13591586808635794
2025-12-30,272.33868408203125,273.3359694836473,271.54086793463244,272.06942798009953,22139600,-0.0024871571416660047,-0.0024840667289872664,0.10842527555765188,0.17844648692576348,0.13212973692396404
2025-12-31,271.12200927734375,272.9370761103812,271.0123224859311,272.3187639976345,27293600,-0.004477515493673457,-0.004467506365423368,0.09782706510620297,0.17835079035876078,0.12928224661244486
2026-01-02,270.27435302734375,277.0857995993762,268.26979943372277,271.52095990203577,37838100,-0.003131372878208183,-0.0031264752435974374,0.09635748082182415,0.17851294917497829,0.12593380972907672
2026-01-05,266.5345458984375,270.7730094869922,265.41759095171795,269.9053759278346,45647200,-0.01393370207740828,-0.013837077351279037,0.09884717885504855,0.18073905374277727,0.13357875406315914
2026-01-06,261.64776611328125,266.8236794412865,261.4084273717842,266.2751846804448,52352100,-0.01850466825035166,-0.01833450807918291,0.11331434183998344,0.18190688500255106,0.1481557236839747
2026-01-07,259.6233215332031,262.96423405428067,259.10474402829175,262.485556491205,48309800,-0.007767377881890955,-0.007737289754660592,0.11455540733822378,0.16701320035866815,0.14678328787434716
2026-01-08,258.33685302734375,258.5861744106298,255.00590778144198,256.32231677215987,50419300,-0.0049674519949829505,-0.004955134609102685,0.11467776298027177,0.16645806572510752,0.14361653227468923
2026-01-09,258.6659240722656,259.5036402038468,255.52448097015204,258.3767027680543,39997000,0.001272995441946236,0.0012738060445718347,0.11098338459285331,0.16645990975310437,0.13932935105377514
2026-01-12,259.54351806640625,260.5906555331263,256.1028713590674,258.45648066308013,45263800,0.0033870275674454044,0.0033927700267757377,0.11371340873024374,0.16615162481942608,0.13572532538915053
2026-01-13,260.34136962890625,261.0993163539261,257.68861696081353,258.01770778709204,45730800,0.003069341724501476,0.0030740569768183956,0.11503081745899299,0.16530161447758052,0.13213071367866153
2026-01-14,259.25433349609375,261.10930037675524,256.0131555781144,258.78560808748875,40019400,-0.004184167467870634,-0.004175426035293528,0.10624033344988365,0.1610587823662419,0.1291345178458269
2026-01-15,257.5090637207031,260.3313985459844,256.35220896361545,259.9424426175537,39388600,-0.006754644080745645,-0.006731882749481333,0.10581285306858403,0.14070278471957895,0.12792589086334297
2026-01-16,254.83636474609375,258.1972120398704,254.23798735410128,257.19992653146244,72142800,-0.010433286101296553,-0.010379048162390991,0.10607885913906455,0.1421549143491518,0.13049519469362209
2026-01-20,246.0303192138672,254.09835490933511,242.75922413209136,252.04394930256512,80267500,-0.03516685512367162,-0.03455568651279606,0.1541449052098308,0.1556295811928184,0.18629620635185548
2026-01-21,246.97775268554688,250.8771427168815,244.51445623630568,248.02490552393743,54641700,0.0038434852977142693,0.0038508809593345017,0.1528362392764024,0.15556022724782298,0.1812381259146148
2026-01-22,247.67584228515625,250.31864258405668,247.47637302553753,248.52352576906395,39708300,0.0028225411486548003,0.00282652826830998,0.1540809398863818,0.15331796937306982,0.17605930783290416
2026-01-23,247.36668395996094,248.7329754164565,244.01580413580567,246.6486524137701,41689000,-0.0012490174035430512,-0.0012482377059582772,0.1505043960293257,0.14531072008154997,0.1707649113681656
2026-01-26,254.7166748046875,255.86354695988197,249.12190294519746,250.7973351598156,55969200,0.02928006203750807,0.02971293759961724,0.19037095549106595,0.15824010225558433,0.20093213977623905
2026-01-27,257.56890869140625,261.2389423700868,257.5090739976807,258.4664899667647,49648300,0.011135442617066204,0.01119767242920311,0.19727070958361922,0.159991687410887,0.19956490751481726
2026-01-28,255.74388122558594,258.1572949521919,253.81911240916085,256.9505880888889,41288000,-0.007110811153218583,-0.0070855891539567395,0.19718017808119429,0.15984730557672736,0.19545103053654023
2026-01-29,257.578857421875,258.9451334735496,253.71936801028804,257.2996187429542,67253000,0.007149435917313261,0.007175054149860527,0.20062321167577024,0.1605804650055269,0.19152516612350626
2026-01-30,258.775634765625,261.1890484668085,251.49543285360957,254.47732177254832,92443400,0.0046354955940848324,0.0046462561241580325,0.20220577035608048,0.1607166593648346,0.18656331829298198
2026-02-02,269.2770690917969,269.7557466562268,258.50636737104884,259.3241487899344,73913400,0.03977943491276717,0.040581232988504023,0.25134891744972077,0.18060829797684583,0.2379988644327172
2026-02-03,268.7485046386719,271.1419837262723,266.88355520832346,268.4692659190308,64394700,-0.0019648308518361605,-0.0019629018353019,0.2462034704760333,0.1806520354254378,0.2308749089320128
2026-02-04,275.73944091796875,278.19278500760885,271.5508603406617,271.5508603406617,90545700,0.02568034988064631,0.02601293089498702,0.25108139166179655,0.1881422171495977,0.24510482115655854
2026-02-05,275.1610107421875,278.7412615768201,272.48829324857786,277.3749854862336,52977400,-0.002099945231847626,-0.0020977418894285726,0.24876604858220414,0.18789941001548627,0.2377781879714492
2026-02-06,277.36505126953125,280.1474864654567,276.1782790346459,276.36776572322356,50453400,0.007978093232017407,0.00801000302113608,0.24757290077078387,0.1883490769389749,0.2326124378561094
2026-02-09,274.13079833984375,277.70443813431814,271.2160169672847,277.41494619870406,44623400,-0.011729154483153429,-0.011660636099912192,0.25339493319794654,0.18488860254312126,0.23009158657320034
2026-02-10,273.19244384765625,274.87943562430115,272.4537718732244,274.40031021957236,34376900,-0.003428889326211829,-0.003423017398520134,0.2543755224792383,0.1845376878219206,0.2234801557702131
2026-02-11,275.00921630859375,279.6808719096702,273.9610989943363,274.2106536370846,51931300,0.006628141591757578,0.0066501563343039916,0.25478289409074556,0.18498399707580085,0.2181995256810038
2026-02-12,261.2637634277344,275.22883180172755,259.71650632997444,275.0990585104662,81077200,-0.051274126086131494,-0.0499817899391245,0.3185972210830892,0.2129090916621159,0.29069811735910056
2026-02-13,255.32435607910156,261.7628783299504,254.9949421084194,261.5432690161623,56290700,-0.022995763373036465,-0.022733375921363264,0.3284875526985882,0.21476755314986662,0.29568666747515215
2026-02-17,263.4099426269531,265.8156532326085,255.08478749757862,257.5903108294174,58469100,0.031176814356459727,0.03166790145686926,0.344491016091404,0.22450308152110443,0.3112576337294796
2026-02-18,263.8791198730469,266.3447212846438,261.9825104325609,263.13045584681157,34203300,0.001779583167113982,0.001781167564954833,0.3158903047313414,0.2243566118305141,0.30185479862884795
2026-02-19,260.11578369140625,264.00886051677537,259.5867290635135,262.13220471573277,30845300,-0.014364265239645745,-0.01426159138112626,0.322178279257529,0.2255747682112467,0.29794140678995096
2026-02-20,264.1086730957031,264.2783836675007,257.7001265171608,258.50868117461044,42070500,0.015233805180443597,0.015350431056632585,0.32529345020286626,0.2241407111273594,0.2948759358268241
2026-02-23,265.705810546875,268.95002088588865,262.91081074777924,263.0206001676805,37308200,0.006029062392291268,0.006047273769737682,0.32499540130039306,0.2218830021372289,0.28685242604710925
2026-02-24,271.6552429199219,274.4003442568012,267.233111068832,267.38283777638213,47014600,0.022144051735165694,0.02239105106810335,0.31843059165413456,0.22656640070614026,0.2911382557503925
2026-02-25,273.74151611328125,274.45024283739696,270.567157599074,271.29586819299504,33714300,0.007650516196371946,0.007679856169661159,0.31752048773974423,0.22710046191579425,0.2838323000338947
2026-02-26,272.4637756347656,275.61811956353745,270.31758130113775,274.4602128097023,32345100,-0.0046786174669959345,-0.004667689785084916,0.31660477267869047,0.22705471778988412,0.2757863244005846
2026-02-27,263.70941162109375,272.3240439665745,262.4217314181026,272.3240439665745,72366500,-0.032657888456674666,-0.03213037767415727,0.3405863212249566,0.2341587491586028,0.29600787256582267
2026-03-02,264.2484130859375,266.05518620599753,259.73647625260065,261.94253069595567,41827900,0.002041836021296492,0.0020439219879577752,0.34036127219436707,0.23292406032388732,0.2871000830548054
2026-03-03,263.2801818847656,265.08695529305965,259.6666350681776,263.0106738027697,38568900,-0.003670823904680181,-0.003664094667077511,0.3082059760664255,0.23265841424786488,0.2787195928608821
2026-03-04,262.0523376464844,265.67587606267574,260.95432154975975,264.17854815272653,39803100,-0.004674549655599,-0.004663640952734749,0.3084537679672723,0.231648102528421,0.27083930317596366
2026-03-05,259.8263244628906,261.09405110124777,256.79173142961054,260.3254337562426,49658600,-0.008530820840249429,-0.008494536639458317,0.29230311332847325,0.2318503691292244,0.264675365320958
2026-03-06,257.0013427734375,258.3090066542827,253.916851068475,258.16927189629365,41120000,-0.010932115299618045,-0.010872576884936036,0.2936318398968147,0.232685578349827,0.2601093511940097
2026-03-09,259.41705322265625,260.68477987096253,253.22808575123491,255.2345148744848,38218500,0.009355701068531801,0.009399602442343502,0.2943804688884787,0.23367993459371675,0.25479580596667695
2026-03-10,260.3653564453125,262.01244158439727,256.4922936817907,257.19102845716964,30590800,0.0036488509698246866,0.003655516130785408,0.2936314294205515,0.2334572875077795,0.2474408171028455
2026-03-11,260.34539794921875,261.6630538494394,259.08763272962494,260.624897946549,26218900,-7.665866677458683e-05,-7.665572857407099e-05,0.2937433660130266,0.23344227537425674,0.23990295818073276
2026-03-12,255.3043975830078,258.48873275942157,253.7272102811576,258.1992408199258,40794000,-0.019552653794765996,-0.01936274044373243,0.2977347170312807,0.23645618335036797,0.2447053215440037
2026-03-13,249.6744384765625,255.87336762960538,249.07551643845036,255.024890934378,36930000,-0.022298726148557768,-0.022051947243152514,0.2503437432875505,0.2386888910065573,0.2525985323170038
2026-03-16,252.36964416503906,253.43773019062647,249.4348789230203,251.66090222791988,32074200,0.01073703156524414,0.010794880344667579,0.2417907599674459,0.23991664855904396,0.24843660998552095
2026-03-17,253.77711486816406,254.67552076289968,251.7307636559193,252.5093881906664,32361600,0.005561526596100645,0.0055770205952525576,0.2124869957354414,0.23962108551309802,0.24183708270401477
2026-03-18,249.49476623535156,254.48585937367065,248.55643828829037,252.1799767808244,35757900,-0.017018443311607647,-0.01687444762321122,0.21860216575563102,0.24176907722333224,0.24362928924357036
2026-03-19,248.5165252685547,251.38140795985734,246.85947863088072,248.95572868612365,34864100,-0.003928594558615539,-0.003920887726655109,0.2143795812469704,0.2414002522280562,0.23670081671469176
2026-03-20,247.54823303222656,248.75606899357115,245.56177255944445,247.53824109812177,88331100,-0.003903899440107385,-0.003896289131202657,0.2041617009229624,0.2408254505479116,0.2299914679932185
2026-03-23,251.04200744628906,254.14646797882926,249.83415620831627,253.51758537106093,40546100,0.01401484151217423,0.01411350980480508,0.21082826531968724,0.2425478409590645,0.22954763658504282
2026-03-24,251.1917266845703,254.37604644028636,249.10545347620703,249.90403139868116,45152300,0.0005962134063950415,0.0005963911769359953,0.18978731591347983,0.2421902280791755,0.22256676554893087
2026-03-25,252.16998291015625,254.5457480998694,251.15181088451408,253.6473574345128,28476700,0.0038868965936841777,0.003894460372950048,0.18719768447226118,0.2424314378746675,0.21631513967372576
2026-03-26,252.43951416015625,256.5421934269488,250.32329549316128,251.67088153367666,41796700,0.0010682766662048293,0.001068847476965784,0.1880731786351307,0.24242054604308555,0.20976644260767094
2026-03-27,248.35679626464844,255.03488128462607,247.6281009352486,253.4477020992108,47900000,-0.016305265287713342,-0.016173054004998577,0.1619576574715358,0.2443544329893369,0.21302974290059506
2026-03-30,246.19065856933594,250.4230956915925,245.07264337813007,249.62453299565456,39446200,-0.008760136268299015,-0.008721878071757172,0.16203728048734647,0.2447319347322539,0.209330073541181
2026-03-31,253.33790588378906,255.02489784868362,246.65983587287727,247.4683905467953,49598100,0.028617923407992185,0.02903135056377537,0.19819084909563273,0.2524166313904246,0.23145841154522503
2026-04-01,255.1746368408203,255.72364490973627,252.8787309132899,253.6273948962928,40059400,0.00722396712094499,0.007250122916362178,0.20048826739086056,0.25153702792811866,0.22615849375409183
2026-04-02,255.464111328125,255.6737439434535,250.20349485503914,253.74717405681358,31289400,0.0011337741969299291,0.0011344171618641319,0.1988123341847635,0.2488134682382894,0.21931311030467
2026-04-06,258.39886474609375,261.6930045642991,256.0031460821725,256.0530752925303,29329900,0.011422443192802206,0.011487928393195235,0.1996054365466294,0.2494931931731352,0.2172212828496068
2026-04-07,253.0484161376953,255.7436185540334,245.2623079794448,255.70368128016966,62148000,-0.020923539949167975,-0.020706161436335524,0.2099946195552177,0.2529476195756502,0.22577296955660148
2026-04-08,258.4388122558594,259.28730423338584,256.07303883918246,257.9896321241455,41032800,0.021078124305621625,0.02130183701774646,0.22402443025261548,0.25671698411736016,0.23373628750799366
2026-04-09,260.0259704589844,260.6548530924392,255.61386101634736,258.5386343954405,28121600,0.006122549550145178,0.0061413306665165646,0.22521017849108568,0.25693292612084395,0.2278628434839856
2026-04-10,260.0159912109375,261.7229364827484,258.5585701252562,259.5168819122501,31291500,-3.837862627880075e-05,-3.837788982874457e-05,0.21313914628386577,0.25685488267353074,0.2209212737259712
2026-04-13,258.73828125,259.71651601158027,256.2027973984465,259.2673359057164,36234700,-0.00492608008275582,-0.004913966848681062,0.19630018175277503,0.2569107402446299,0.21504590802930157
2026-04-14,258.3689270019531,261.4634109961452,256.7318642110386,258.7881922504944,48370700,-0.0014285405616683605,-0.0014275206833038734,0.19367247473886812,0.25654719353132616,0.2085687268407211
2026-04-15,265.95538330078125,266.08515659729386,257.35074355126085,257.7001261657452,49913500,0.02894004962395038,0.029362881933440832,0.217062453385298,0.2622970000330315,0.23141793199149643
2026-04-16,262.9307861328125,266.68409800240715,260.80457553569033,266.3247234477873,43323100,-0.011437735816536928,-0.011372573588962043,0.21128713538208294,0.2527684869038514,0.22873353343485528
2026-04-17,269.7486267089844,271.8149160854778,266.24486962975914,266.4844323486072,61436200,0.02559968620376182,0.025930172257302875,0.22471538890780027,0.2576595204326798,0.24308164849809671
2026-04-20,272.5635681152344,273.7913879220191,269.80850557942483,269.84841238867654,36590200,0.01038135123703852,0.010435424419368289,0.22368653571418998,0.2582939027323731,0.23910852361089371
2026-04-21,265.69586181640625,272.3140256362382,264.9272139873882,271.0163536236942,50209800,-0.025519586387523795,-0.025196714096157535,0.24511107924313613,0.26415831608866497,0.2521693917888522
2026-04-22,272.68341064453125,273.2523721409737,266.39461467279705,267.3429346055621,43249200,0.025959176283094874,0.026299050276339386,0.258219804295278,0.2627339092227467,0.2645053609764793
2026-04-23,272.9429016113281,275.2787294551341,271.1660737405759,274.56001085217736,33399600,0.0009511674218491973,0.0009516199250387825,0.2584628125335248,0.26190608612662813,0.2564741316087868
2026-04-24,270.5771179199219,272.5735550213531,269.16962610782736,272.2741016414235,38157100,-0.008705470074050698,-0.008667687188198547,0.2622133455718712,0.2621364253021081,0.2509544056928878
2026-04-27,267.1332702636719,267.88193422863776,264.59781690250213,265.6159889280984,41466800,-0.012809478192957056,-0.012727786010601316,0.25899057366415124,0.26330565546480045,0.24835530558837882
2026-04-28,270.2277526855469,272.7432830913257,268.181416710472,271.8548539018017,40018900,0.011517458457321562,0.011584039752220443,0.25609549485042526,0.2641318095014071,0.24491882799556888
2026-04-29,269.688720703125,270.55716597281076,266.56429174844374,267.07336249706583,30047900,-0.001996724264136533,-0.001994732136373578,0.2407001963622262,0.251311012623828,0.2375845121510638
2026-04-30,270.86663818359375,275.50834883767226,267.6623648300734,270.018146234023,91848200,0.004358182101151443,0.0043676927881808325,0.24026783945061267,0.251431184476215,0.23096926615410243
2026-05-01,279.6409912109375,286.70836594964845,277.8741246788477,278.3632420760759,79915400,0.03188001650371888,0.032393627676644554,0.26101888638241283,0.2544251748171983,0.2559550465056957
2026-05-04,276.3368225097656,280.13007120517506,274.3703307853319,279.16179801165765,46668400,-0.011886113152468937,-0.011815752357562936,0.2659122940578286,0.255596410457219,0.2524249502965844
2026-05-05,283.67376708984375,284.0630869835518,276.00745521106614,276.43668191704,49311700,0.026204377379577717,0.026550730783693632,0.26142325976856745,0.2606834176331719,0.2650994067049776
2026-05-06,286.99786376953125,287.5169265187869,280.5693330033821,281.4178249779708,58336100,0.011649901959169793,0.011718026357490752,0.25616244111227726,0.26044992056869504,0.2609849102342208
2026-05-07,286.927978515625,291.6096265406606,285.2709318587503,288.75470528792926,45224300,-0.00024353409135020537,-0.0002435044393305219,0.256867543984104,0.2603126436655544,0.2530360304731988
2026-05-08,292.7974853515625,294.2349225642168,289.48339230776435,289.49338424193445,52692800,0.020249955441262655,0.020456376775462637,0.2617202528886583,0.2630933877089237,0.2576542576178729
2026-05-11,292.42779541015625,293.6267735875138,289.979924827367,291.72841688276577,42247300,-0.001263410870084823,-0.0012626131025762488,0.26002135576910346,0.23952355860071697,0.24985337326268597
2026-05-12,294.54595947265625,295.0155556946294,292.3078994315659,292.3078994315659,45748100,0.007217267345543894,0.007243374589372076,0.2584990404824833,0.23406341930167088,0.24386203176326315
2026-05-13,298.6124572753906,300.6607090744109,293.24708951115105,293.24708951115105,52684300,0.013711552929013165,0.013805987391627639,0.24637396485919744,0.2275318614467872,0.24237002735793944
2026-05-14,297.9530334472656,300.1911240450107,295.12548538387824,299.5616620172475,35324900,-0.002210734971933149,-0.002208293097152536,0.2399083384458591,0.22770205113438036,0.23514364348294614
2026-05-15,299.9713134765625,302.93875555297063,296.26448829773227,297.643304079477,54862800,0.006750980136725528,0.006773819369938039,0.22882088937719236,0.22531039260963384,0.22948657077537782
2026-05-18,297.5833435058594,300.4009207908792,294.6558756451712,299.98126929450746,34483000,-0.007992516349121775,-0.007960661114649215,0.23268202898261386,0.2246762634006896,0.22465553943369293
2026-05-19,298.7123718261719,300.2510533099592,296.09463441963413,296.7140952726279,42243600,0.003786811276571553,0.0037939903054091673,0.2042310347013241,0.2245510046132187,0.21830878269499787
2026-05-20,301.98956298828125,302.5390768782648,297.82314269813475,297.9230626302997,38229800,0.010911313869409937,0.010971059357449242,0.1911521436601589,0.2213945066291285,0.215868801575077
2026-05-21,304.7271728515625,305.27671719779084,300.1411318265125,300.80056674721834,42965100,0.009024403912911677,0.00906524661379593,0.19097387484718356,0.22156835826820734,0.21221392484359033
2026-05-22,308.55389404296875,311.13165741506583,305.57645096183757,305.85620846339293,43670200,0.012479664098423927,0.012557860054279724,0.18476670526054878,0.22221911074915618,0.21139414416140587
2026-05-26,308.0643005371094,311.5513139598484,307.4048960873393,309.29325163060713,48000500,-0.0015879959853538459,-0.001586735786880733,0.17308283101978195,0.21028019285261332,0.2050472231245322
2026-05-27,310.5821533203125,312.9900803339556,308.0343323058515,308.0643052358437,50430900,0.008139921177528297,0.008173140408717527,0.1723604957751402,0.210583322328842,0.20130456437466976
2026-05-28,312.24072265625,312.5304508120942,309.30325358892543,310.412282475935,48220400,0.0053259869555545925,0.00534019523725493,0.16924581559836013,0.21022900765612365,0.19626770486251213
2026-05-29,311.7911071777344,314.7285763294451,309.2632884033746,311.5113496628706,70026800,-0.0014410019964428765,-0.0014399642515899869,0.1718264408110041,0.20983924877979201,0.19037107903616826
2026-06-01,306.0460510253906,310.67206624496237,304.7571540774977,309.363197507879,48849900,-0.018597851122449393,-0.01842597822736758,0.1684116973271224,0.21316863323451818,0.19823315936782107
2026-06-02,314.92840576171875,315.1781903378333,306.42572903356995,307.1950545511415,44534700,0.028609745520348374,0.029022935295418106,0.17723167012616214,0.21770035337753246,0.2220688801482688
2026-06-03,309.9926452636719,316.6668815001487,308.5838566628498,313.9092501546009,50836700,-0.015796757454885936,-0.01567264307615801,0.17811709805590856,0.22083539180597883,0.22389443935780504
2026-06-04,310.9618225097656,313.26982953176514,309.38316692864953,312.96009909963743,44869100,0.003121575198772482,0.00312645238815068,0.17609714529970308,0.2208310975536324,0.21741280909931582
2026-06-05,307.0751647949219,314.8984348439246,306.8853260765596,312.5903972939029,65310500,-0.012577593355441377,-0.012498826008526143,0.18525283726559924,0.2230402910993443,0.21638888859783126
2026-06-08,301.2801818847656,317.1265012321255,300.9105055796523,308.4739595974908,77949100,-0.019051885469787897,-0.018871545388655542,0.1902817554430204,0.2228286641539748,0.22249241349356513
2026-06-09,290.29962158203125,300.4908444635933,287.5320194610898,300.0212482417878,70108800,-0.03712710112671881,-0.036446341189923515,0.23446475113501375,0.23184101345647323,0.2595658621354761
2026-06-10,291.3287353515625,294.4960172141002,287.1323727394638,290.4894628291428,52793300,0.003538736828077959,0.0035450055495178656,0.23324736978952074,0.23121884780719207,0.25203434919280654
2026-06-11,295.375244140625,296.7440586571729,289.3404406054596,293.4668864344149,42572500,0.013794257734621061,0.01388983748609407,0.2333146107043239,0.2323137580749567,0.250174122092934
2026-06-12,290.879150390625,296.88398158337014,289.3704417369658,295.7749221682621,38742100,-0.01533867189083751,-0.015221633631081977,0.23913864968435092,0.23173482735575182,0.24977834513091507
2026-06-15,296.1645812988281,297.5233947188816,291.4486474146935,293.8665449684006,45732600,0.01800742754428881,0.018170538868479413,0.2473020966827687,0.2334664017183793,0.2520888577260247
2026-06-16,298.9821472167969,300.2210994929347,293.71669913987887,294.99559499590845,39874400,0.009468545598219242,0.009513514092780229,0.2481808693939285,0.23340460940926067,0.2471667926666283
2026-06-17,295.6949768066406,301.8096980081642,294.10632015937927,300.59074812548096,42745100,-0.011055424053765445,-0.010994537435617069,0.25093990004287287,0.23407239833723784,0.24346240099146976
2026-06-18,297.7532043457031,300.31099586682666,295.3652492546472,297.8530937792582,85962200,0.0069365307945603305,0.006960644246616354,0.24892956284271772,0.23418633653850957,0.23758158599065132
2026-06-22,296.75408935546875,302.1594314563154,296.5043047694293,297.05381866220307,44879900,-0.0033611561756575186,-0.003355513813629196,0.24637737702541737,0.23451802105677333,0.2307143811052556
2026-06-23,294.04638671875,301.3800886038737,293.9264950024863,297.2836155142734,52010900,-0.009166281020203648,-0.009124398732296202,0.24223680085295457,0.23575932594251048,0.22650777295912694
2026-06-24,292.8274230957031,299.4417438827621,292.68755959702736,295.1054570720635,53081900,-0.004154097032731816,-0.004145480706800209,0.24229284660122577,0.23290807544732905,0.2202006892661064
2026-06-25,274.91290283203125,288.55113481081804,273.5141152813601,287.1523472601469,107013700,-0.06312910528852322,-0.06117774105404383,0.3201895016401767,0.2683372600210917,0.32532527726900906
2026-06-26,283.53546142578125,285.70360492137456,273.9737007161028,274.7630284991681,261775500,0.0308828692129702,0.03136469225316163,0.344233757030738,0.2693409500090682,0.33750121218156914
2026-06-29,281.4972229003906,288.12151489662153,279.6088673150861,286.4829438934296,66427000,-0.007214617571347412,-0.007188654692930396,0.3440917143947459,0.26974177413448114,0.3284199306009044
2026-06-30,289.11065673828125,289.69017405322865,280.45814550695326,280.9277417485351,65100200,0.026686927946559438,0.027046212958856453,0.357822018691077,0.2745785707326077,0.334897621177142
2026-07-01,294.1263427734375,296.33442991747245,288.95081360688545,293.1871503157195,50164200,0.017199902237751946,0.017348672275670385,0.34663583111117835,0.27567289516229226,0.33151181218949644
2026-07-02,308.3640441894531,309.15337194761725,293.4269150966668,293.866538367699,75352800,0.04727163430823289,0.04840675364798175,0.3867338969728078,0.2864989121209924,0.3702611791231754
2026-07-06,312.3905944824219,313.9292760509671,306.7354678654279,307.0951430290638,53590000,0.01297326356082142,0.01305778143996239,0.3894490925165862,0.2848268064569067,0.36250864886111533
2026-07-07,310.3923034667969,315.20815732134815,309.88273318392555,315.0183186077797,42490000,-0.006417317752291537,-0.006396770744445224,0.38737062492184754,0.28542844137460516,0.3523498837976663
2026-07-08,313.1199645996094,314.5487250421545,306.7854009831778,311.6412289475945,41323500,0.008749398121391793,0.008787785980344909,0.381245840535028,0.2856034625459183,0.3433058110837811
2026-07-09,315.947509765625,316.2572401947346,307.8944576262147,310.24243869469103,48124500,0.008989700861949937,0.00903022957872146,0.3526612851687209,0.2853574660582288,0.33467785364266317
2026-07-10,315.0483093261719,316.6369356310425,311.9010296470402,314.4488202226986,34132300,-0.0028501014457968927,-0.002846043762522954,0.35355616138875096,0.2854735504481848,0.3246714196212664
2026-07-13,317.03656005859375,323.171283634363,315.5078797345754,316.7468014245228,43257800,0.006291108635278855,0.006310939222858858,0.35177374136002193,0.28051738398542714,0.3157297245420704
2026-07-14,314.58868408203125,315.91755515351207,311.64124426456783,313.48965629761443,36336800,-0.007751077889289723,-0.007721115748007379,0.34737693648533113,0.27981183851394964,0.3075915165500309
2026-07-15,327.2178039550781,328.44675508114506,317.0465830462295,317.34631234952286,60957600,0.039359995560940185,0.04014486379221993,0.3666004034995476,0.2859154394079408,0.3352011820664725
2026-07-16,332.97283935546875,334.3915986652446,326.50841333986017,327.72736328456057,62970600,0.017434906842973087,0.017587781993612772,0.36897537904131,0.2870333868501876,0.33198548052253257
2026-07-17,333.452392578125,334.7013154010385,328.71648699084636,331.693929977533,63407100,0.0014391811187502526,0.0014402172368908062,0.3642270112131,0.2807050107000951,0.3219205102266301
2026-07-20,326.3085632324219,333.4224228207836,323.4010672140761,333.2226134619852,53468000,-0.021656657586981348,-0.02142383591993391,0.3771722164141071,0.28160034829636527,0.3232743255751012
2026-07-21,327.45758056640625,329.3159936819017,321.94234806189104,322.85156758462244,41338900,0.0035150750095092813,0.0035212601306020552,0.37604037265172857,0.2815699965860085,0.3137239729070607
2026-07-22,325.60919189453125,328.7164973399543,323.0613709608057,327.58746619388995,38755900,-0.005660657333930309,-0.005644666001250687,0.3745010715449835,0.2810964847075776,0.30496206008740123
2026-07-23,321.3828430175781,323.0214140443725,319.0748358849152,321.4527900194849,40840800,-0.01306479450939142,-0.012979820539962161,0.3787326268226665,0.28115862951164156,0.30000427014201764
2026-07-24,332.7330322265625,334.0818750563203,321.3428614810286,321.5127284115298,47489400,0.03470739356294198,0.03531672413627751,0.2968766491831546,0.2880624512208395,0.32064935408695927
2026-07-27,336.61968994140625,339.277401491225,333.73216560461384,334.2517370375488,49604300,0.01161331318603087,0.011681009513348384,0.2861941832313298,0.2883099444998253,0.31414370551123977
2026-07-28,339.78692626953125,342.59453283396704,335.31080637618777,339.73698155301014,51859000,0.00936495711319729,0.009408945533389002,0.28004261919454254,0.28854164932576576,0.30674281127058345
2026-07-29,337.8985900878906,344.2730974331505,337.0593175600121,339.43727163464206,56090800,-0.0055729125775482845,-0.005557412706758247,0.2770415545883299,0.2831199542151771,0.29818663674235385
2026-07-30,333.1426696777344,334.4615395264105,329.30598233808786,332.8129674612056,74817800,-0.01417498544145801,-0.014074993355015719,0.2851831717227539,0.283677602338703,0.29431007274857
2026-07-31,308.6438293457031,310.4222943774597,299.7415030462749,304.54735603914753,132489100,-0.07638287945805575,-0.07353858440208272,0.3733122455472456,0.32317335101173816,0.4118696386157483
2026-08-03,303.1585693359375,311.5313230344714,302.29929450581176,309.313234694189,75052000,-0.017931956478842527,-0.017772135672998512,0.37523109611406164,0.3248503716571811,0.40536442347056645
2026-08-04,309.1134033203125,310.1525156602479,301.0603512911937,302.46913991298527,68001000,0.01945221084485533,0.019642637836096544,0.38191133683621464,0.3270511419714463,0.40022784896704544
2026-08-05,310.7320251464844,311.4414048335362,305.40663118634393,309.09342362565195,49438800,0.005222674657279986,0.005236336596166957,0.38101857941685446,0.32476264040419095,0.38856635127319866
2026-08-06,312.14080810546875,316.0174696892129,308.96355554648414,314.06913775686996,46139900,0.004523508767764461,0.004533755277783991,0.37988961027904666,0.3248076168051988,0.3771394545929
2026-08-07,313.05999755859375,314.53873325457766,310.47223295908327,311.1816431226555,34437200,0.002940463630559811,0.0029447910342259576,0.3799919944871199,0.3245810483574882,0.36582899088589943
2026-08-10,308.260009765625,308.260009765625,304.6099853515625,306.8299865722656,44812500,-0.015451243263146633,-0.015332485243728322,0.38280462071975235,0.32521087786389646,0.35973707374150216
2026-08-11,304.9100036621094,309.9700012207031,302.7900085449219,307.75,37476700,-0.010926951292996926,-0.010867469011185404,0.38366807983855733,0.3260142066457,0.3513565400711834
2026-08-12,302.25,305.6600036621094,300.57000732421875,305.1000061035156,41657800,-0.00876217361050629,-0.008723897642456846,0.3523377314405331,0.32627039342296643,0.342352422999781
2026-08-13,305.260009765625,306.0,302.04998779296875,304.2099914550781,40349300,0.009909414983244762,0.009958675816790663,0.34725036119008323,0.32643044997124265,0.3341520638902014
2026-08-14,305.92999267578125,307.489990234375,304.29998779296875,306.0,28229400,0.0021923891943256765,0.002194794236790587,0.34742700760957634,0.32637665443131586,0.32408458932521433
2026-08-17,305.5899963378906,307.6600036621094,302.94000244140625,306.2099914550781,38169300,-0.0011119714123237288,-0.0011113534012042736,0.34142167877598717,0.3256517567936653,0.3142414157296668
2026-08-18,310.0299987792969,311.489990234375,305.739990234375,307.5799865722656,53424500,0.014424740792900279,0.014529279409058127,0.3464604754005165,0.3264640141833376,0.30978843312810544
2026-08-19,316.8299865722656,319.2799987792969,309.6000061035156,310.1400146484375,50505600,0.021696246991930904,0.021933322000267097,0.35684903868791207,0.3284743940808927,0.3119745745425673
2026-08-20,311.29998779296875,320.2799987792969,310.6499938964844,317.4599914550781,40959200,-0.017608271810496567,-0.017454152112068244,0.3591813242147543,0.33053145822366164,0.3101232363786663
2026-08-21,309.3500061035156,312.3800048828125,307.010009765625,312.04998779296875,46876800,-0.00628369652735619,-0.006263995393247401,0.3327322993410206,0.3303684867549348,0.30166678181268786
2026-08-24,310.3399963378906,313.3599853515625,309.9700012207031,311.4700012207031,34673600,0.0031951171478967837,0.0032002269754076718,0.3289328561147837,0.33024877647878853,0.29274055590391435
2026-08-25,309.8999938964844,313.5899963378906,308.2099914550781,310.7900085449219,25869800,-0.0014188137564350974,-0.0014178077160482694,0.32530077643406724,0.33024839529427785,0.2838761140668683
2026-08-26,313.45001220703125,315.42999267578125,308.79998779296875,310.29998779296875,34024500,0.01139025156549776,0.011455367474878742,0.3301666313252982,0.32878986680613675,0.27876898186493093
2026-08-27,314.5799865722656,315.3999938964844,309.3999938964844,310.54998779296875,32419200,0.0035984764637677197,0.003604958753321119,0.3287518520150008,0.323577862482586,0.270638515204058
2026-08-28,319.70001220703125,322.3699951171875,315.45001220703125,316.8500061035156,38609800,0.016144721120709464,0.01627575132974779,0.1884446206809776,0.3235467671543099,0.26979909581119027
