Date,Close,High,Low,Open,Volume,logReturn,pctReturn,rollingVol_20d,rollingVol_60d,ewmaVol
2021-10-29,62227.96484375,62927.609375,60329.96484375,60624.87109375,36856881767,0.026144375505153635,0.02648913766352501,0.5219477630711801,0.6039016638066018,0.5528920635220614
2021-10-30,61888.83203125,62330.14453125,60918.38671875,62239.36328125,32157938616,-0.0054647503804892625,-0.005449845794435637,0.5224579590523306,0.6042418287387574,0.5364697493258727
2021-10-31,61318.95703125,62406.171875,60074.328125,61850.48828125,32241199927,-0.009250698649359285,-0.009208042570786446,0.5002259344630763,0.6015081273341136,0.5213690678001888
2021-11-01,61004.40625,62419.00390625,59695.18359375,61320.44921875,36150572843,-0.005142950065019365,-0.005129747739996526,0.4898825273839767,0.601650285354591,0.5058814936228853
2021-11-02,63226.40234375,64242.79296875,60673.0546875,60963.25390625,37746665647,0.0357758773484733,0.03642353446805324,0.49791003003088574,0.6049102445378992,0.509817036850982
2021-11-03,62970.046875,63516.9375,61184.23828125,63254.3359375,36124731509,-0.004062805617150114,-0.004054563588107407,0.4984436371305588,0.6050263898466655,0.49453835342537755
2021-11-04,61452.23046875,63123.2890625,60799.6640625,62941.8046875,32615846901,-0.02439903425460908,-0.024103783966732184,0.4400617860893797,0.6040833652597447,0.48876908930622176
2021-11-05,61125.67578125,62541.46875,60844.609375,61460.078125,30605102446,-0.005328129187967981,-0.005313959884109654,0.43850105486969715,0.6035983998014334,0.47433189897633043
2021-11-06,61527.48046875,61590.68359375,60163.78125,61068.875,29094934221,0.006551908440948538,0.006573419146120196,0.4373945603041729,0.5496240941517488,0.4605869833452602
2021-11-07,63326.98828125,63326.98828125,61432.48828125,61554.921875,24726754302,0.028827681539784322,0.029247220896912562,0.44863695409055765,0.5502234421337574,0.4604098170593295
2021-11-08,67566.828125,67673.7421875,63344.06640625,63344.06640625,41125608330,0.06480556096155835,0.06695154718111462,0.4888370470809008,0.5635815940111271,0.5126001852583043
2021-11-09,66971.828125,68530.3359375,66382.0625,67549.734375,42357991721,-0.008845099182201409,-0.008806096371717143,0.48182407178904113,0.5585342543328304,0.4981729999888863
2021-11-10,64995.23046875,68789.625,63208.11328125,66953.3359375,48730828378,-0.02995816542044536,-0.029513867421399387,0.44352845638499955,0.5635536185654493,0.496845883322259
2021-11-11,64949.9609375,65579.015625,64180.48828125,64978.890625,35880633236,-0.0006967481072823624,-0.0006965054346836919,0.4322663366939881,0.563077720929672,0.48171757492502315
2021-11-12,64155.94140625,65460.81640625,62333.9140625,64863.98046875,36084893887,-0.012300437518712916,-0.01222509636324598,0.4345964014123541,0.5609062194932569,0.4694852289593371
2021-11-13,64469.52734375,64915.67578125,63303.734375,64158.12109375,30474228777,0.00487596370827555,0.0048878705639170406,0.43312938444883364,0.5545677328724858,0.45557751890568254
2021-11-14,65466.83984375,65495.1796875,63647.80859375,64455.37109375,25122092191,0.015351084638069591,0.015469517787564335,0.42016288938815205,0.5537757274230697,0.44571396531603935
2021-11-15,63557.87109375,66281.5703125,63548.14453125,65521.2890625,30558763548,-0.029592905846716044,-0.02915932332393234,0.40296349650466073,0.5576946471671129,0.4471939987310272
2021-11-16,60161.24609375,63721.1953125,59016.3359375,63721.1953125,46844335592,-0.05492245425158357,-0.05344145330150951,0.4362588483516993,0.570136525658584,0.48331422592756845
2021-11-17,60368.01171875,60823.609375,58515.41015625,60139.62109375,39178392930,0.00343096492223367,0.003436857419438999,0.41697826779319785,0.5690166702732409,0.4687804047865338
2021-11-18,56942.13671875,60948.5,56550.79296875,60360.13671875,41388338699,-0.058423750403308876,-0.05674983989800575,0.45261772089884145,0.5809485147745128,0.5081135534093552
2021-11-19,58119.578125,58351.11328125,55705.1796875,56896.12890625,38702407772,0.02046697304630566,0.020677857806173483,0.46111794252064425,0.5422475279470639,0.4990213849047344
2021-11-20,59697.1953125,59859.87890625,57469.7265625,58115.08203125,30624264863,0.02678245961804076,0.027144333086984274,0.4723880372103672,0.5309790433709833,0.49490057607742544
2021-11-21,58730.4765625,60004.42578125,58618.9296875,59730.5078125,26123447605,-0.016326255638854346,-0.01619370466132397,0.47524139793015385,0.5169197205464562,0.48400534122282374
2021-11-22,56289.2890625,59266.359375,55679.83984375,58706.84765625,35036121783,-0.042454514477448545,-0.041565940596482776,0.47411391308620743,0.523256835491858,0.4974510763893963
2021-11-23,57569.07421875,57875.515625,55632.76171875,56304.5546875,37485803899,0.022481248103212805,0.022735855747423095,0.4846572467155767,0.5138106150817099,0.4901549403229935
2021-11-24,56280.42578125,57803.06640625,55964.22265625,57565.8515625,36635566789,-0.02263871996463873,-0.02238438701660228,0.4837372737948585,0.5166803225886022,0.48330728280588897
2021-11-25,57274.6796875,59367.96875,57146.68359375,57165.41796875,34284016248,0.01751183816078035,0.017666069374003168,0.4899079260019407,0.5171728596974884,0.47350558677807764
2021-11-26,53569.765625,59183.48046875,53569.765625,58960.28515625,41810748221,-0.06687380102128215,-0.06468677053655503,0.5374403591635003,0.5347758796197788,0.5276109550080658
2021-11-27,54815.078125,55329.2578125,53668.35546875,53736.4296875,30560857714,0.02298046960742265,0.02324655494514305,0.5326607926962522,0.5317327987433228,0.5192839518438079
2021-11-28,57248.45703125,57393.84375,53576.734375,54813.0234375,28116886357,0.043435386277887976,0.044392510044424904,0.49865217486897423,0.5373700403851693,0.531038944837706
2021-11-29,57806.56640625,58872.87890625,56792.52734375,57291.90625,32370840356,0.009701684218223901,0.009748898117819094,0.5027057072564128,0.5285317948544715,0.5162415656933641
2021-11-30,57005.42578125,59113.40234375,56057.28125,57830.11328125,36708594618,-0.013955922421075117,-0.013858989986877734,0.4963329601501055,0.4956947447498308,0.5034480326631385
2021-12-01,57229.828125,59041.68359375,56553.08203125,56907.96484375,36858195307,0.003928780734843055,0.003936508510805847,0.4973280625081319,0.4951397662466994,0.4883499854673348
2021-12-02,56477.81640625,57349.234375,55895.1328125,57217.37109375,32379968686,-0.013227302108743101,-0.013140205787574133,0.4974865712137175,0.49601902448548685,0.47625831646939015
2021-12-03,53598.24609375,57482.16796875,52496.5859375,56509.1640625,39789134215,-0.05233158566534184,-0.05098586481791345,0.5212081398441566,0.5074175399933285,0.5045990677979968
2021-12-04,49200.703125,53904.6796875,42874.6171875,53727.87890625,61385677469,-0.08560843085516442,-0.08204639683653359,0.5781410514751464,0.5286123140807328,0.5917385520510905
2021-12-05,49368.84765625,49768.1484375,47857.49609375,49201.51953125,37198201161,0.003411696472447897,0.003417522933012007,0.5784181602392074,0.5065039526399986,0.5738651714449571
2021-12-06,50582.625,50929.51953125,47281.03515625,49413.48046875,37707308001,0.024288526851428814,0.02458589579002135,0.5698808323347304,0.506220930028546,0.5643418652300032
2021-12-07,50700.0859375,51934.78125,50175.80859375,50581.828125,33676814852,0.002319467736866812,0.002322159783127109,0.5695813511910125,0.5061995848179861,0.5472240683217503
2021-12-08,50504.796875,51171.375,48765.98828125,50667.6484375,28479699446,-0.0038592862213869153,-0.00385184874717448,0.5385213714320513,0.5046067582240517,0.53076560621094
2021-12-09,47672.12109375,50797.1640625,47358.3515625,50450.08203125,29603577251,-0.057721555808476536,-0.05608726213196957,0.558698629935521,0.5176315117481296,0.5614141826202281
2021-12-10,47243.3046875,50015.25390625,47023.69921875,47642.14453125,30966005122,-0.009035819421615396,-0.00899511908452133,0.5417092587773699,0.5068905866022217,0.5454440570704988
2021-12-11,49362.5078125,49458.2109375,46942.34765625,47264.6328125,25775869261,0.04388024071672512,0.044857216044006165,0.5759611275561074,0.5138025627552881,0.5556724360388259
2021-12-12,50098.3359375,50724.8671875,48725.8515625,49354.85546875,21939223599,0.014796607838164322,0.014906619570362878,0.5672308204798645,0.5121527643276219,0.5418080025323472
2021-12-13,46737.48046875,50205.0,45894.84765625,50114.7421875,32166727776,-0.06944137030817533,-0.0670851717099511,0.599328630917565,0.5303208496995693,0.5906375944985188
2021-12-14,46612.6328125,48431.3984375,46424.49609375,46709.82421875,34638619079,-0.002674827620426481,-0.00267125345649466,0.5981195631530318,0.5065919106000426,0.572738841933405
2021-12-15,48896.72265625,49473.95703125,46671.96484375,48379.75390625,36541828520,0.04783877809998121,0.04900151967252708,0.625303278520892,0.5176406733127393,0.5856200563419641
2021-12-16,47665.42578125,49425.57421875,47529.87890625,48900.46484375,27268150947,-0.025504064198459072,-0.025181582897818466,0.5897962315211432,0.5186555629344584,0.5763754970512113
2021-12-17,46202.14453125,48004.89453125,45618.21484375,47653.73046875,32902725329,-0.031180093256039692,-0.030699007215741814,0.5860168582816127,0.5209467576763399,0.5718180023422258
2021-12-18,46848.77734375,47313.828125,45598.44140625,46219.25390625,26098292690,0.01389869565630835,0.013995731563123393,0.5600714764111946,0.5156732806852944,0.5570260901408554
2021-12-19,46707.015625,48089.6640625,46502.953125,46853.8671875,25154053861,-0.0030305301841360094,-0.0030259427628138713,0.5559321714028445,0.511416081948226,0.5401853802013619
2021-12-20,46880.27734375,47401.71875,45579.80859375,46707.0625,30961902129,0.003702680378992096,0.003709543768351198,0.5580733902428846,0.49952972238563415,0.5239270207721355
2021-12-21,48936.61328125,49300.91796875,46698.7734375,46886.078125,27055803928,0.042928792887466996,0.04386356169401262,0.5871882167397873,0.5071425319822529,0.534690486489272
2021-12-22,48628.51171875,49544.796875,48450.94140625,48937.09765625,24447979559,-0.006315834406489169,-0.006295931447672265,0.5868576496417615,0.5061933903791072,0.5189830581021592
2021-12-23,50784.5390625,51332.33984375,48065.8359375,48626.34375,28223878108,0.043381939329586325,0.04433669194360079,0.5881848323770512,0.515297561408717,0.530696277300287
2021-12-24,50822.1953125,51814.02734375,50514.49609375,50806.05078125,24367912228,0.0007412156675569818,0.0007414904357732066,0.4999967208259393,0.5095551325321567,0.5145372030806203
2021-12-25,50429.859375,51176.59765625,50236.70703125,50854.91796875,19030650914,-0.0077497271989944395,-0.007719775485643066,0.5010352278780816,0.5028605932866269,0.49977165027667136
2021-12-26,50809.515625,51196.37890625,49623.10546875,50428.69140625,20964372926,0.007500204929835927,0.0075284019171428795,0.49421107709838047,0.49972007074936214,0.48542347157278376
2021-12-27,50640.41796875,51956.328125,50499.46875,50802.609375,24324345758,-0.003333620966693561,-0.003328070621613999,0.4943005071113794,0.4933114908152263,0.470813996120804
2021-12-28,47588.85546875,50679.859375,47414.2109375,50679.859375,33430376883,-0.062151426511976506,-0.06025942562091624,0.541316854359166,0.5041020445156321,0.5164991801027831
2021-12-29,46444.7109375,48119.7421875,46201.49609375,47623.87109375,30049226299,-0.024336011956341844,-0.02404227880624954,0.5085107517439452,0.5057419673161124,0.5096271284090724
2021-12-30,47178.125,47879.96484375,46060.3125,46490.60546875,26686491018,0.01566773871313257,0.01579112126431248,0.5110832146759445,0.5073777449564073,0.49784359925578975
2021-12-31,46306.4453125,48472.52734375,45819.953125,47169.37109375,36974172400,-0.018649172756865187,-0.018476352917798256,0.48741520618577266,0.5082200217864313,0.4880942163413071
2022-01-01,47686.8125,47827.3125,46288.484375,46311.74609375,24582667004,0.02937373314776973,0.029809396471367267,0.4972002939097748,0.5062133014635015,0.4868137088391358
2022-01-02,47345.21875,47881.40625,46856.9375,47680.92578125,27951569547,-0.007189054400021723,-0.007163274962024402,0.4306280785147949,0.5062370082148409,0.4728105025639437
2022-01-03,46458.1171875,47510.7265625,45835.96484375,47343.54296875,33071628362,-0.018914636695763702,-0.0187368774698079,0.43611248412614045,0.5054521113988935,0.4642695002823616
2022-01-04,45897.57421875,47406.546875,45752.46484375,46458.8515625,42494677905,-0.012138934663861074,-0.012065555013512697,0.39893027159201916,0.5056831310601321,0.45259406450887407
2022-01-05,43569.00390625,46929.046875,42798.22265625,45899.359375,36851084859,-0.05206628845481275,-0.050734060615097554,0.4286903769092833,0.5142713640282973,0.4832594414018776
2022-01-06,43160.9296875,43748.71875,42645.5390625,43565.51171875,30208048289,-0.009410297303589778,-0.009366159015892994,0.41753542295326085,0.5092354322671944,0.4699640819417818
2022-01-07,41557.90234375,43153.5703125,41077.4453125,43153.5703125,84196607520,-0.037847988650375176,-0.03714070469186992,0.4293295285283427,0.4910681180895887,0.4788248261306302
2022-01-08,41733.94140625,42228.94140625,40672.27734375,41561.46484375,28066355845,0.004227048332596754,0.004235994902819673,0.43076399903751994,0.49171378737981375,0.46452877681419363
2022-01-09,41911.6015625,42663.94921875,41338.16015625,41734.7265625,21294384372,0.004247935206112907,0.004256970472081845,0.43092497993381274,0.4901491483983093,0.4506801583344149
2022-01-10,41821.26171875,42199.484375,39796.5703125,41910.23046875,32104232331,-0.002157811766201214,-0.0021554853640055605,0.39149463232464093,0.49007405799537873,0.43703117717369183
2022-01-11,42735.85546875,43001.15625,41407.75390625,41819.5078125,26327648900,0.021633410637439378,0.021869109453241498,0.4052808504653467,0.49352820696993055,0.43198692364969976
2022-01-12,43949.1015625,44135.3671875,42528.98828125,42742.1796875,33499938689,0.027993907251911834,0.028389418684672707,0.3832647208272217,0.4981112964322732,0.4327411024870283
2022-01-13,42591.5703125,44278.421875,42447.04296875,43946.7421875,47691135082,-0.03137582795207003,-0.030888714484173407,0.39127926622902726,0.49860667066127407,0.43693677103159584
2022-01-14,43099.69921875,43346.6875,41982.6171875,42598.87109375,23577403399,0.011859664695822615,0.011930269358978673,0.3981311820680903,0.4978791694795469,0.42612858419121563
2022-01-15,43177.3984375,43724.671875,42669.03515625,43101.8984375,18371348298,0.0018011556222094572,0.001802778677309158,0.3957228854022855,0.4877719832068623,0.41320635011086365
2022-01-16,43113.87890625,43436.80859375,42691.0234375,43172.0390625,17902097845,-0.0014722123644015362,-0.0014711291913973579,0.3960776408159068,0.48749073268598486,0.40065931879019495
2022-01-17,42250.55078125,43179.390625,41680.3203125,43118.12109375,21690904261,-0.02022757169904886,-0.020024366790964976,0.3447501890321381,0.4759647961770057,0.39633651706705114
2022-01-18,42375.6328125,42534.40234375,41392.21484375,42250.07421875,22417209227,0.002956109256612036,0.0029604828561313745,0.33900814251710704,0.4733126008499022,0.3844343949675657
2022-01-19,41744.328125,42478.3046875,41242.9140625,42374.0390625,23091543258,-0.01500991044287061,-0.014897823244158781,0.332120585221404,0.46895547620675504,0.3772650429790162
2022-01-20,40680.41796875,43413.0234375,40672.82421875,41744.02734375,20382033940,-0.02581674309560386,-0.02548634039729203,0.33665096839264863,0.4702528803545383,0.3792976690708437
2022-01-21,36457.31640625,41060.52734375,35791.42578125,40699.60546875,43011992031,-0.10960468291543993,-0.10381165615712484,0.47385349708342794,0.5108016597939534,0.5629157118021952
2022-01-22,35030.25,36688.8125,34349.25,36471.58984375,39714385405,-0.039930188839646726,-0.039143484680769114,0.48231486239755933,0.5113050175575847,0.5674233717317132
2022-01-23,36276.8046875,36433.3125,34784.96875,35047.359375,26017975951,0.034966573781181565,0.03558509252717301,0.5135195110185528,0.5179807272664436,0.566690183789965
2022-01-24,36654.328125,37247.51953125,33184.05859375,36275.734375,41856658597,0.010352967106698903,0.010406744495611076,0.51982063389654,0.516721156798968,0.5508993733248436
2022-01-25,36954.00390625,37444.5703125,35779.4296875,36654.8046875,26428189594,0.008142486826951165,0.008175727030871549,0.5006913206274625,0.5025425770860633,0.5350543614856685
2022-01-26,36852.12109375,38825.41015625,36374.90625,36950.515625,31324598034,-0.0027608244495656064,-0.002757016878562668,0.501040278377722,0.49891682994058545,0.5188655186972468
2022-01-27,37138.234375,37148.32421875,35629.28125,36841.87890625,25041426629,0.007733837890785913,0.007763821260712289,0.49092884189294844,0.48888279653261807,0.5039568454749097
2022-01-28,37784.33203125,37952.87890625,36211.109375,37128.4453125,22238830523,0.017247505090414967,0.017397102127314046,0.4965369648597497,0.49024056673672906,0.49318555901855066
2022-01-29,38138.1796875,38576.26171875,37406.47265625,37780.71484375,17194183075,0.00932135173920975,0.00936493083845824,0.4981103822289063,0.4911676160768619,0.47953291479569415
2022-01-30,37917.6015625,38266.33984375,37437.7109375,38151.91796875,14643548444,-0.005800446457155093,-0.005783656346668664,0.4980299423105542,0.4906729267002105,0.4654711833165769
2022-01-31,38483.125,38647.26171875,36733.57421875,37920.28125,20734730465,0.014804408066392667,0.01491453610450133,0.49377630756520213,0.4924791620354884,0.45494777181669316
2022-02-01,38743.2734375,39115.1328125,38113.6640625,38481.765625,20288500328,0.006737318502634114,0.00676006528835682,0.48038370194636365,0.4837462263582842,0.44186552870808693
2022-02-02,36952.984375,38834.6171875,36832.73046875,38743.71484375,19155189416,-0.04731073995912287,-0.046209029430310355,0.4945358834540716,0.4625291497649643,0.4662334449596064
2022-02-03,37154.6015625,37154.6015625,36375.5390625,36944.8046875,18591534769,0.005441215831991581,0.005456046132945147,0.4917892844356391,0.46270117471555483,0.4525249859980005
2022-02-04,41500.875,41527.78515625,37093.62890625,37149.265625,29412210792,0.11062688345744714,0.116978066100073,0.6462988632294543,0.5165345676828884,0.6144390435260247
2022-02-05,41441.1640625,41847.1640625,41038.09765625,41501.48046875,19652846215,-0.0014398234837348135,-0.001438787435204647,0.6462992110575501,0.5164173821733297,0.5957470629911573
2022-02-06,42412.43359375,42500.78515625,41244.90625,41441.12109375,16142097334,0.02316687651757865,0.023437312952531153,0.6484003842337572,0.519268315825083,0.5845807525848378
2022-02-07,43840.28515625,44401.86328125,41748.15625,42406.78125,28641855926,0.033111582709537346,0.033665872045371525,0.6588570272410962,0.5116275381465538,0.5812123499954192
2022-02-08,44118.4453125,45293.8671875,42807.8359375,43854.65234375,33079398868,0.006324808965338507,0.0063448528050995545,0.6560271630540232,0.5116163880438785,0.5640427080919493
2022-02-09,44338.796875,44727.80078125,43232.96875,44096.703125,23245887300,0.00498211368199733,0.004994545046617338,0.6472807043731065,0.503136747266583,0.5472027287802135
2022-02-10,43565.11328125,45661.171875,43402.80859375,44347.80078125,32142048537,-0.01760339378138894,-0.01744935921313273,0.4976229514682713,0.5029564326815227,0.5349302332337325
2022-02-11,42407.9375,43810.83203125,42114.5390625,43571.12890625,26954925781,-0.026921126055171853,-0.026561982607033352,0.48260600078871313,0.48598537981660644,0.5290930997720458
2022-02-12,42244.46875,42992.55078125,41852.57421875,42412.30078125,18152390304,-0.00386212183286643,-0.0038546734323026133,0.4751135740155553,0.486002475868092,0.5131945707300432
2022-02-13,42197.515625,42693.0546875,41950.94140625,42236.56640625,14741589015,-0.001112080209543203,-0.001111462077505676,0.4759793913055362,0.47494476609352226,0.49757938725771145
2022-02-14,42586.91796875,42775.77734375,41681.95703125,42157.3984375,20827783012,0.009185768314632001,0.009228086961576842,0.4760258024949737,0.4730716417998377,0.48374159664021965
2022-02-15,44575.203125,44667.21875,42491.03515625,42586.46484375,22721659051,0.045630604487240684,0.04668769779745485,0.4934133159371777,0.47890460464532836,0.5014456257828925
2022-02-16,43961.859375,44578.27734375,43456.69140625,44578.27734375,19792547657,-0.01385529504989858,-0.013759752216496501,0.5003483422677866,0.4786940457711848,0.48914560919801314
2022-02-17,40538.01171875,44132.97265625,40249.37109375,43937.0703125,26246662813,-0.08108233071910446,-0.07788223029977337,0.5909193547506225,0.506012409983496,0.5694837205952847
2022-02-18,40030.9765625,40929.15234375,39637.6171875,40552.1328125,23310007704,-0.012586526423760572,-0.012507647384577658,0.5931780227959126,0.5062798051423822,0.5542998518226354
2022-02-19,40122.15625,40418.87890625,39713.05859375,40026.0234375,13736557863,0.002275138191892225,0.0022777282826873524,0.5923854536529161,0.49743163923531775,0.5374864567076068
2022-02-20,38431.37890625,40119.890625,38112.8125,40118.1015625,18340576452,-0.043054421746525254,-0.04214073972532317,0.6121405775461174,0.5040341513898469,0.5473443889748012
2022-02-21,37075.28125,39394.4375,36950.4765625,38423.2109375,29280402798,-0.03592381094835431,-0.03528620868790788,0.6244576549882632,0.4984167367201399,0.5487471117487813
2022-02-22,38286.02734375,38359.85546875,36488.93359375,37068.76953125,25493150450,0.03213453434150656,0.03265642371222732,0.6118886131822487,0.504146403181577,0.5465064765849853
2022-02-23,37296.5703125,39122.39453125,37201.81640625,38285.28125,21849073843,-0.026183634615420347,-0.025843815613622922,0.6196218180939248,0.506031378514876,0.5395509058134212
2022-02-24,38332.609375,38968.83984375,34459.21875,37278.56640625,46383802093,0.027399579951549815,0.027778400368163814,0.4768617927055545,0.5097651836512793,0.5338533621949398
2022-02-25,39214.21875,39630.32421875,38111.34375,38333.74609375,26545599159,0.022738450595305906,0.022998939789759643,0.4861956191525964,0.5128537943927294,0.5250876584681986
2022-02-26,39105.1484375,40005.34765625,38702.53515625,39213.08203125,17467554129,-0.0027852723260769346,-0.002781397053842838,0.47646909068200094,0.49846145820507354,0.5092065623978804
2022-02-27,37709.78515625,39778.94140625,37268.9765625,39098.69921875,23450127612,-0.036334517924426976,-0.03568234201898368,0.4683109415763587,0.5012259009901952,0.5135126340732681
2022-02-28,43193.234375,43760.45703125,37518.21484375,37706.0,35690014104,0.13576425730332167,0.1454118392886461,0.6913752160847793,0.5757089207760451,0.7256475365326247
2022-03-01,44354.63671875,44793.6015625,42952.5859375,43194.50390625,32479047645,0.026533380332524757,0.026888524570001016,0.6980729255040415,0.5773946874187216,0.711066292936176
2022-03-02,43924.1171875,45077.578125,43432.8515625,44357.6171875,29183112630,-0.009753715935407227,-0.009706302725009275,0.6959978723880563,0.5742445789433412,0.6904468099630636
2022-03-03,42451.7890625,44021.578125,41914.75,43925.1953125,24967782593,-0.03409447865241336,-0.03351981142193561,0.700187189147728,0.5780438447897426,0.6824146713549821
2022-03-04,39137.60546875,42479.61328125,38805.84765625,42458.140625,28516271427,-0.0812852755652355,-0.07806935036049167,0.7575148899423035,0.5996514953518526,0.73324669282465
2022-03-05,39400.5859375,39566.3359375,38777.03515625,39148.44921875,16975917450,0.0066969062286334315,0.00671938064683042,0.7583917068421574,0.5996487866862235,0.7113858164933289
2022-03-06,38419.984375,39640.17578125,38211.6484375,39404.19921875,19745229902,-0.025202937052357023,-0.024887994408395286,0.7606255546455457,0.5926595204362182,0.6966416842385411
2022-03-07,38062.0390625,39430.2265625,37260.203125,38429.3046875,28546143503,-0.0093603152707349,-0.009316643885282638,0.7366015792434826,0.5926568946401924,0.6763991457973154
2022-03-08,38737.26953125,39304.44140625,37957.38671875,38059.90234375,25776583476,0.01758473821596099,0.017740259990833174,0.7416659477675585,0.589252101194562,0.6593483966790629
2022-03-09,41982.92578125,42465.671875,38706.09375,38742.81640625,32284121034,0.08046083301385845,0.08378639716414904,0.7473545065055466,0.6124886092840254,0.7117176040595246
2022-03-10,39437.4609375,42004.7265625,38832.94140625,41974.0703125,31078064711,-0.06254685680053026,-0.060630954045771346,0.7803781057242689,0.6257104254300759,0.7316423467804485
2022-03-11,38794.97265625,40081.6796875,38347.43359375,39439.96875,26364890465,-0.016425482290646415,-0.016291319622939393,0.7822386341690968,0.6265045169149034,0.7122231495744017
2022-03-12,38904.01171875,39308.59765625,38772.53515625,38794.46484375,14616450657,0.002806706804667275,0.002810649293818468,0.7668555051532517,0.6247527938953117,0.6906122032378089
2022-03-13,37849.6640625,39209.3515625,37728.14453125,38884.7265625,17300745310,-0.027475269974984843,-0.027101257933814904,0.7620885278429224,0.6238848208715864,0.6780431004763047
2022-03-14,39666.75390625,39742.5,37680.734375,37846.31640625,24322159070,0.04689129940953424,0.0480080837903738,0.7718140741626796,0.6290054172238102,0.6822050014601663
2022-03-15,39338.78515625,39794.62890625,38310.2109375,39664.25,23934000868,-0.00830247189817811,-0.008268101563720931,0.7658106546396795,0.628576428048963,0.6622096960142493
2022-03-16,41143.9296875,41465.453125,39022.34765625,39335.5703125,39616916192,0.044865467674200424,0.04588714481344902,0.775737796689478,0.6357041570535994,0.6653161524213081
2022-03-17,40951.37890625,41287.53515625,40662.87109375,41140.84375,22009601093,-0.004690916877794194,-0.00467993171076464,0.7728384737973558,0.6357528292788082,0.6453057870450146
2022-03-18,41801.15625,42195.74609375,40302.3984375,40944.83984375,34421564942,0.020538517974936225,0.020750884742987363,0.7752867637807173,0.6359372366402198,0.6307237634350977
2022-03-19,42190.65234375,42316.5546875,41602.66796875,41794.6484375,19664853187,0.009274687432012266,0.009317830622209256,0.7611096953645465,0.6362020348790172,0.6125719040240806
2022-03-20,41247.82421875,42241.1640625,41004.7578125,42191.40625,20127946682,-0.022600322885966202,-0.022346848712323064,0.5903799654623105,0.6371526711659812,0.6003770392122778
2022-03-21,41077.99609375,41454.41015625,40668.04296875,41246.1328125,24615543271,-0.004125761887466681,-0.004117262624553253,0.5804647890616931,0.6349747430358109,0.5823081702647854
2022-03-22,42358.80859375,43124.70703125,40948.28125,41074.10546875,32004652376,0.03070379130997368,0.031180014163224357,0.5926328317293422,0.5952421501174757,0.5770544216933858
2022-03-23,42892.95703125,42893.5078125,41877.5078125,42364.37890625,25242943069,0.012531246090632069,0.012610091153007819,0.5819632389446306,0.5889459463894845,0.5615929335776265
2022-03-24,43960.93359375,44131.85546875,42726.1640625,42886.65234375,31042992291,0.024593725965785046,0.024898646221148013,0.5001837287771266,0.586949687023301,0.5528189379694699
2022-03-25,44348.73046875,44999.4921875,43706.28515625,43964.546875,30574413034,0.008782716407665668,0.008821397620525806,0.5002875203388413,0.586876793647549,0.5370647534817313
2022-03-26,44500.828125,44735.99609375,44166.2734375,44349.859375,16950455995,0.0034237154855725296,0.003429583093865096,0.4868092881630869,0.5867858978191036,0.5208737567795758
2022-03-27,46820.4921875,46827.546875,44437.29296875,44505.35546875,28160889722,0.050813175792382204,0.052126312256127294,0.5059040179858245,0.5947196695432844,0.5422826036701477
2022-03-28,47128.00390625,48086.8359375,46690.203125,46821.8515625,36362175703,0.0065464127633699815,0.0065678873583499,0.5053288612861371,0.5946927216793502,0.5263783547716532
2022-03-29,47465.73046875,48022.2890625,47100.4375,47100.4375,31397059069,0.00714059973919024,0.0071661546110000085,0.4308944560456899,0.5940893461713216,0.5110975083866793
2022-03-30,47062.6640625,47655.1484375,46746.2109375,47456.8984375,29333883962,-0.0085279952347302,-0.008491735032190584,0.352162433877513,0.5945070931204101,0.49663573274534734
2022-03-31,45538.67578125,47512.02734375,45390.5390625,47062.1484375,33327427106,-0.03291800954258311,-0.03238210822970233,0.37215336471298904,0.598901208700481,0.4982290534514129
2022-04-01,46281.64453125,46616.2421875,44403.140625,45554.1640625,38162644287,0.016183454010017757,0.016315115388267687,0.37269982240081645,0.5990234445961978,0.4871326816980812
2022-04-02,45868.94921875,47028.28125,45782.51171875,46285.5,29336594194,-0.008957035540670266,-0.008917040798352427,0.3542098547659903,0.5994769902045547,0.47357513586240557
2022-04-03,46453.56640625,47313.4765625,45634.10546875,45859.12890625,25414397610,0.012664841243046981,0.012745379989237415,0.32615273493770236,0.5905927823197376,0.46178157779277995
2022-04-04,46622.67578125,46791.08984375,45235.81640625,46445.2734375,32499785455,0.0036337857461326666,0.003640395949819908,0.3210009778281329,0.5905831209703155,0.44793676179127756
2022-04-05,45555.9921875,47106.140625,45544.80859375,46624.5078125,29640604055,-0.02314486060589607,-0.02287907280900814,0.30936215056082433,0.5494122097703593,0.44351781559020126
2022-04-06,43206.73828125,45544.35546875,43193.953125,45544.35546875,39393395788,-0.05294570510057487,-0.05156849392240015,0.37090206998431874,0.5606361654723946,0.47675011760117775
2022-04-07,43503.84765625,43860.69921875,42899.90625,43207.5,26101973106,0.0068529242315328075,0.006876459247305178,0.3653016820797611,0.5588372680195356,0.46299385332969845
2022-04-08,42287.6640625,43903.01953125,42183.2890625,43505.13671875,27215995394,-0.028353972258937266,-0.02795577079433975,0.3795008694792912,0.5576768542782187,0.4622306779086276
2022-04-09,42782.13671875,42786.81640625,42183.25390625,42282.078125,16050772496,0.011625235289932529,0.011693070951357853,0.37169586594082915,0.558063667834295,0.45042333042210103
2022-04-10,42207.671875,43376.37890625,42021.20703125,42781.08984375,17654475582,-0.013518646577317169,-0.013427680050824398,0.3751698671060826,0.5585733929866282,0.43985400251571544
2022-04-11,39521.90234375,42424.58984375,39373.05859375,42201.0390625,33949912166,-0.06574699455484899,-0.06363225953812457,0.4276476102306266,0.5732721624182008,0.49721421981620656
2022-04-12,40127.18359375,40617.5859375,39388.328125,39533.71484375,30991500854,0.015198991801760953,0.015315083892861292,0.429073663291008,0.5718303323864481,0.4856763561912988
2022-04-13,41166.73046875,41430.0546875,39712.74609375,40123.5703125,27691105228,0.02557641749549052,0.025906300465151855,0.4299352730339654,0.5743607200321135,0.48126856009908314
2022-04-14,39935.515625,41451.48046875,39695.74609375,41160.21875,24342001973,-0.030364373354540806,-0.029908006531745968,0.4377485857990594,0.5776282753320995,0.48131364855151265
2022-04-15,40553.46484375,40617.72265625,39866.83203125,39939.40234375,21756855753,0.015355179227128868,0.015473675726454417,0.4428994133345856,0.5782272732903369,0.47045517884810373
2022-04-16,40424.484375,40633.6796875,40078.42578125,40552.31640625,16833150693,-0.0031855728397045674,-0.0031805042860567623,0.3917437061307846,0.5700764728309804,0.45629138348907616
2022-04-17,39716.953125,40570.7265625,39620.89453125,40417.77734375,19087633042,-0.017657522881942136,-0.017502542356175654,0.38977712458567293,0.570477881724616,0.4476873388160608
2022-04-18,40826.21484375,40986.3203125,38696.19140625,39721.203125,33705182072,0.027546268364385663,0.027929174608607443,0.40702367755764995,0.5489409569749318,0.4470699333171173
2022-04-19,41502.75,41672.9609375,40618.6328125,40828.17578125,25303206547,0.016435294339235306,0.016571096753378534,0.41576685120414303,0.5492941184975318,0.43813631614814014
2022-04-20,41374.37890625,42126.30078125,40961.09765625,41501.74609375,27819532341,-0.003097867846210707,-0.003093074404708074,0.40373271985800335,0.5493345743234654,0.4249596792971106
2022-04-21,40527.36328125,42893.58203125,40063.828125,41371.515625,35372786395,-0.020684439708319406,-0.020471984048854197,0.39951252717601926,0.5436404639126613,0.41979080207031344
2022-04-22,39740.3203125,40777.7578125,39315.41796875,40525.86328125,28011716745,-0.019611085251918917,-0.019420038833716236,0.4021140945090099,0.5399382397096764,0.41408444764782976
2022-04-23,39486.73046875,39935.859375,39352.203125,39738.72265625,16138021249,-0.006401619327578674,-0.0063811726165236005,0.3952770359221531,0.5362582650464083,0.4022407272201685
2022-04-24,39469.29296875,39845.92578125,39233.5390625,39478.375,17964398167,-0.00044170158334548267,-0.0004416040475622163,0.3939315460951922,0.5333715070028207,0.3899906362887435
2022-04-25,40458.30859375,40491.75390625,38338.37890625,39472.60546875,35445730570,0.024749050076096804,0.025057850055308917,0.40652241118222504,0.5328373687173823,0.3901645404978809
2022-04-26,38117.4609375,40713.890625,37884.984375,40448.421875,34569088416,-0.05959955698854747,-0.057858267871623625,0.41727218366149565,0.5450037489646248,0.44362430873866876
2022-04-27,39241.12109375,39397.91796875,37997.3125,38120.30078125,30981015184,0.029052734994520196,0.029478882606909007,0.4336488584408268,0.5483224599765272,0.4446983069394764
2022-04-28,39773.828125,40269.46484375,38941.421875,39241.4296875,33903704907,0.013483906721524785,0.013575224570606004,0.4293733643569005,0.5436855572984649,0.4343273456036647
2022-04-29,38609.82421875,39887.26953125,38235.53515625,39768.6171875,30882994649,-0.02970235366082905,-0.02926557389929385,0.43563540846197824,0.4689800555716675,0.43664761916587996
2022-04-30,37714.875,38771.2109375,37697.94140625,38605.859375,23895713731,-0.023452178557919624,-0.023179313474195662,0.43958132380231424,0.467234717877779,0.43305605349887344
2022-05-01,38469.09375,38627.859375,37585.7890625,37713.265625,27002760110,0.019800580200401846,0.019997911964443782,0.38602622651672974,0.4692511853819381,0.42686448077222217
2022-05-02,38529.328125,39074.97265625,38156.5625,38472.1875,32922642426,0.0015645616058173508,0.001565786170879102,0.38127846438862006,0.46456956275670414,0.41390518163690665
2022-05-03,37750.453125,38629.99609375,37585.62109375,38528.109375,27326943244,-0.02042224184090012,-0.020215120218891713,0.3719496774510941,0.4358459059244543,0.40907764178120026
2022-05-04,39698.37109375,39902.94921875,37732.05859375,37748.01171875,36754404490,0.050312677532991644,0.051599856624237495,0.40576538554406116,0.44796282881047883,0.4422421199473187
2022-05-05,36575.140625,39789.28125,35856.515625,39695.74609375,43106256317,-0.08194136472907673,-0.07867402068901796,0.49348340757640186,0.47588627372896836,0.5341956031001773
2022-05-06,36040.921875,36624.359375,35482.1328125,36573.18359375,37795577489,-0.014713780107637159,-0.014606061408683924,0.4945662997315428,0.4764227834750171,0.5210724087342503
2022-05-07,35501.953125,36129.92578125,34940.82421875,36042.50390625,24375896406,-0.015067299056939674,-0.014954355270636377,0.49382330116219714,0.4757079308430914,0.5085843717306305
2022-05-08,34059.265625,35502.94140625,33878.96484375,35502.94140625,36763041910,-0.04148559878699712,-0.040636848764922684,0.4931448921638229,0.45102631691698875,0.5188072181148438
2022-05-09,30296.953125,34222.07421875,30296.953125,34060.015625,63355494961,-0.1170549632581505,-0.11046369999353145,0.6143586555508056,0.49335982340979034,0.6783682361927686
2022-05-10,31022.90625,32596.30859375,29944.802734375,30273.654296875,59811038817,0.023678692386482958,0.02396125848050934,0.6288457282875402,0.496021497598595,0.6641159121693682
2022-05-11,28936.35546875,32013.40234375,28170.4140625,31016.18359375,70388855818,-0.06962706368652095,-0.06725839173272163,0.658628714204156,0.5138395251808042,0.6984895270743681
2022-05-12,29047.751953125,30032.439453125,26350.490234375,28936.734375,66989173272,0.0038423156405122537,0.003849706798608521,0.6625715266552568,0.5119763754348957,0.6773755123383023
2022-05-13,29283.103515625,30924.802734375,28782.330078125,29030.91015625,42841124537,0.008069582993285078,0.008102229834508146,0.6672315799194135,0.501434203856036,0.6574890998018811
2022-05-14,30101.265625,30192.802734375,28702.91015625,29285.642578125,28579868620,0.02755654035085545,0.027939733537411415,0.6825310276914818,0.5058094261274441,0.6464023272454614
2022-05-15,31305.11328125,31308.19140625,29527.740234375,30098.5859375,25835372065,0.039214229608877514,0.03999325713567892,0.6951113908538016,0.5035832478843899,0.6449935490390367
2022-05-16,29862.91796875,31305.341796875,29251.884765625,31304.375,32613897286,-0.047163938825930986,-0.046069001557128786,0.6853456325648235,0.5110988685018357,0.6516817988424761
2022-05-17,30425.857421875,30694.490234375,29570.302734375,29862.408203125,29101473475,0.018675310971867837,0.018850785235190015,0.6780110219213957,0.5107112439446849,0.6359883470577418
2022-05-18,28720.271484375,30618.716796875,28720.271484375,30424.478515625,31285268319,-0.05768962303395388,-0.05605711989808215,0.6885137020345464,0.5208896158581812,0.6561501864187312
2022-05-19,30314.333984375,30430.751953125,28708.955078125,28720.359375,33773447707,0.054017472510896065,0.05550304428240649,0.7297651791161635,0.534214017016635,0.6699399522617328
2022-05-20,29200.740234375,30664.9765625,28793.60546875,30311.119140625,30749382605,-0.03742660999960213,-0.036734890846488066,0.7343214941227979,0.538289582718926,0.6656348281419233
2022-05-21,29432.2265625,29588.869140625,29027.39453125,29199.859375,17274840442,0.007896156156526583,0.007927413013061102,0.7285061729527184,0.5337136022597486,0.6460868843382953
2022-05-22,30323.72265625,30425.861328125,29275.18359375,29432.47265625,21631532270,0.02984011653578575,0.030289794482822652,0.7429739774746512,0.5374556675017342,0.6370603634011076
2022-05-23,29098.91015625,30590.5859375,28975.560546875,30309.396484375,31483454557,-0.04122961033666706,-0.04039123144227663,0.7497520560482557,0.5384955245753443,0.6381201684946722
2022-05-24,29655.5859375,29774.35546875,28786.58984375,29101.125,26616506245,0.01894978176706928,0.019130468401079792,0.7223829139468654,0.5401588771623281,0.6230529778566701
2022-05-25,29562.361328125,30157.78515625,29384.94921875,29653.134765625,27525063551,-0.0031485281301596416,-0.003143576713387941,0.6776998893907844,0.5398001964012852,0.6041963260823612
2022-05-26,29267.224609375,29834.16015625,28261.90625,29564.77734375,36774325352,-0.010033699544872113,-0.009983529917456657,0.6775306590370245,0.5262883143131526,0.587087911933022
2022-05-27,28627.57421875,29346.943359375,28326.61328125,29251.140625,36582005748,-0.022097889022563728,-0.02185551924250806,0.678630452820174,0.526220000877903,0.575652005859718
2022-05-28,28814.900390625,28814.900390625,28554.56640625,28622.625,35519577634,0.006522241153916333,0.006543557286537771,0.6711572959224061,0.5261439825847729,0.5586912538602209
2022-05-29,29445.95703125,29498.009765625,28841.107421875,29019.8671875,18093886409,0.02166399017895866,0.02190035821988534,0.541248417660381,0.529718809754611,0.5481824592095943
2022-05-30,31726.390625,31949.630859375,29303.572265625,29443.365234375,39277993274,0.07459222816391974,0.07744470968730455,0.5995953097476646,0.5532571315323395,0.6054762222145003
2022-05-31,31792.310546875,32249.86328125,31286.154296875,31723.865234375,33538210634,0.0020756074770069063,0.0020777630413166825,0.5382665961492881,0.5515914423329623,0.5870864565808525
2022-06-01,29799.080078125,31957.28515625,29501.587890625,31792.5546875,41135817341,-0.06474693067083527,-0.06269536357891181,0.5920974216290718,0.5644569487604408,0.622395221964136
2022-06-02,30467.48828125,30604.734375,29652.705078125,29794.890625,29083562061,0.02218263391098452,0.02243049790035867,0.5963488823990502,0.5662210575694138,0.6095681673139254
2022-06-03,29704.390625,30633.03515625,29375.689453125,30467.806640625,26175547452,-0.02536528971019155,-0.02504629358369581,0.5958352513887158,0.5670067429937163,0.5991720338502036
2022-06-04,29832.9140625,29930.564453125,29500.005859375,29706.138671875,16588370958,0.00431741536890466,0.004326748833952898,0.5774508545821532,0.5665660692037744,0.5811613687439736
2022-06-05,29906.662109375,30117.744140625,29574.44921875,29835.1171875,17264085441,0.002468985857085947,0.00247203631266113,0.5527789457589569,0.5587228628178076,0.5635386359456853
2022-06-06,31370.671875,31693.291015625,29894.1875,29910.283203125,31947336829,0.04779217112896654,0.048952630028413324,0.5749907202512415,0.5689917111361906,0.5771106582486283
2022-06-07,31155.478515625,31489.68359375,29311.68359375,31371.7421875,40770974039,-0.006883334658869973,-0.006859698773187373,0.5322868088295111,0.566998079914605,0.5601693487046826
2022-06-08,30214.35546875,31253.69140625,29944.404296875,31151.48046875,30242059107,-0.030672946983430784,-0.03020730515832104,0.5113634970851405,0.5682964871888305,0.5560464566791679
2022-06-09,30111.998046875,30609.310546875,30020.265625,30215.279296875,21692004719,-0.0033934595457949636,-0.003387708269364409,0.4923900745473802,0.5680876567543751,0.5392685023713021
2022-06-10,29083.8046875,30245.80859375,28978.146484375,30110.330078125,29867476527,-0.03474221923780006,-0.03414563715680452,0.5080965825566648,0.5575286938992,0.5400111630050053
2022-06-11,28360.810546875,29401.916015625,28236.212890625,29084.666015625,27246574439,-0.02517319741030233,-0.024858994495164377,0.5018774483661982,0.557386230588305,0.5326318837638535
2022-06-12,26762.6484375,28502.685546875,26762.6484375,28373.513671875,34163220274,-0.05800108151881945,-0.056351073137826724,0.521803551888714,0.5635844212926272,0.5635073176995083
2022-06-13,22487.388671875,26795.58984375,22141.2578125,26737.578125,68204556440,-0.17405255177667042,-0.15974726027617203,0.789422308347701,0.657877516151695,0.8697917819041497
2022-06-14,22206.79296875,23018.951171875,20950.818359375,22487.986328125,50913575242,-0.012556416941057361,-0.012477914053041661,0.7884389375357261,0.6558440987679542,0.8447066668167412
2022-06-15,22572.83984375,22642.671875,20178.376953125,22196.73046875,54912007015,0.01634917508386348,0.01648355417709846,0.7958615612309494,0.6579343097039188,0.8214372161880195
2022-06-16,20381.650390625,22868.921875,20265.2265625,22576.3046875,31183975654,-0.10211240133010355,-0.09707194434960298,0.8563904992579917,0.6845197055311023,0.8899038851539248
2022-06-17,20471.482421875,21243.3125,20326.51953125,20385.71875,27132421514,0.004397810882562394,0.004407495444594733,0.855649895161267,0.6805674212133578,0.862963279242272
2022-06-18,19017.642578125,20736.041015625,17708.623046875,20473.42578125,42009436760,-0.07366571122488891,-0.07101780974085614,0.8652374627749695,0.6897561461163639,0.8843494985788165
2022-06-19,20553.271484375,20683.822265625,18067.15234375,19010.90234375,35329942625,0.07765301952407,0.0807475952890373,0.8698189292290993,0.714132726607811,0.9090231372684837
2022-06-20,20599.537109375,20913.322265625,19689.169921875,20553.37109375,30818458597,0.002248480532576946,0.002251010260589048,0.869881832873954,0.7144414914218121,0.8813739966066707
2022-06-21,20710.59765625,21620.62890625,20415.0625,20594.294921875,28970212744,0.005376928208097346,0.0053914098304885805,0.8594045568068739,0.7150318004752932,0.854779535493165
2022-06-22,19987.029296875,20835.75,19848.078125,20719.4140625,28574793478,-0.03556200532463169,-0.034937106663198714,0.8477893867097077,0.7167501480366698,0.8401968656971996
2022-06-23,21085.876953125,21135.76171875,19950.1171875,19986.607421875,26188097173,0.053519949652552336,0.05497803800296652,0.8877981649786305,0.7286892122141085,0.8407641929240491
2022-06-24,21231.65625,21472.91796875,20777.51171875,21084.6484375,24957784918,0.006889809613761697,0.006913598955313738,0.8886690943758735,0.7259185875304504,0.8155912584756679
2022-06-25,21502.337890625,21520.9140625,20964.5859375,21233.609375,18372538715,0.01266838104662478,0.012748964915301864,0.8923634337995732,0.7202318376928669,0.7922779383324684
2022-06-26,21027.294921875,21783.724609375,21016.26953125,21496.494140625,18027170497,-0.02234031636729734,-0.02209261947079333,0.8594693400993987,0.7161587760756446,0.7730383615793958
2022-06-27,20735.478515625,21478.08984375,20620.19921875,21028.23828125,20965695707,-0.013975180844796839,-0.013877981325425726,0.8584015670255204,0.7144565961898519,0.7514559413839139
2022-06-28,20280.634765625,21164.423828125,20228.8125,20731.544921875,21381535161,-0.022179692795419582,-0.02193553187871977,0.8575768604541016,0.7137750473328288,0.7336504509443861
2022-06-29,20104.0234375,20364.15625,19937.791015625,20281.169921875,23552740328,-0.00874651225988825,-0.008708372798288844,0.8564173233155807,0.7132916681962204,0.7121131282658241
2022-06-30,19784.7265625,20141.16015625,18729.65625,20108.3125,26267239923,-0.016009711756282033,-0.01588223750298734,0.8547783675867694,0.7105675932024619,0.693220182455673
2022-07-01,19269.3671875,20632.671875,19073.708984375,19820.470703125,30767551159,-0.02639361166796203,-0.02604834458398897,0.8549012442845503,0.7107522828880428,0.6798925678838217
2022-07-02,19242.255859375,19371.748046875,19027.08203125,19274.8359375,18100418740,-0.0014079558563739067,-0.0014069651515379311,0.8444819432352038,0.7108065372893642,0.6592030359517493
2022-07-03,19297.076171875,19558.26953125,18966.951171875,19242.095703125,16390821947,0.0028449039765122944,0.002848954556089245,0.606719490671279,0.6998242263358774,0.6392167843920348
2022-07-04,20231.26171875,20258.748046875,19063.06640625,19297.314453125,21594638208,0.04727542718300751,0.04841073013105235,0.6367320192526879,0.6947687952890176,0.6464324386611964
2022-07-05,20190.115234375,20635.466796875,19341.232421875,20225.353515625,26715546990,-0.002035878126304793,-0.0020338071321012174,0.6320137866259142,0.6948770067565583,0.6267894967693705
2022-07-06,20548.24609375,20595.529296875,19823.51171875,20194.619140625,24598943708,0.017582449257883936,0.017737930428710857,0.5229302752671305,0.6970096900372075,0.6115287432296181
2022-07-07,21637.587890625,21771.81640625,20296.103515625,20547.814453125,25814972520,0.05165639338861742,0.053013857820514154,0.5537141940725054,0.7046292410084436,0.6259994490368029
2022-07-08,21731.1171875,22314.94140625,21257.453125,21637.154296875,49899834488,0.0043132227124235666,0.004322538045727464,0.47445726498743596,0.6669701850516401,0.6071606726411408
2022-07-09,21592.20703125,21877.138671875,21445.95703125,21716.828125,29641127858,-0.0064127411638449485,-0.006392223420980114,0.39479510881773905,0.664185210389496,0.5891920068927828
2022-07-10,20860.44921875,21591.080078125,20727.123046875,21591.080078125,28688807249,-0.03447747972502637,-0.03388990349346599,0.41601627948921455,0.6536347039869108,0.5867635643451212
2022-07-11,19970.556640625,20856.353515625,19924.5390625,20856.353515625,24150249025,-0.04359596339476734,-0.04265931997884009,0.4439833352958949,0.6579686490536051,0.5936086125925889
2022-07-12,19323.9140625,20043.4453125,19308.53125,19970.474609375,25810220018,-0.03291562138901987,-0.03237979740682695,0.44140768915084977,0.6595197203533079,0.5895850221932397
2022-07-13,20212.07421875,20223.052734375,18999.953125,19325.97265625,33042430345,0.044936759944821686,0.04596171114078618,0.4280180633991369,0.6643453877667911,0.5977339474158426
2022-07-14,20569.919921875,20789.89453125,19689.2578125,20211.466796875,31158743333,0.017549651263241726,0.017704551212910147,0.4326405150101117,0.6594242403742766,0.5835285188427232
2022-07-15,20836.328125,21138.244140625,20397.0,20573.15625,25905575359,0.012868197042892807,0.012951348577769028,0.43272838708511513,0.6552704556719006,0.5679603231309843
2022-07-16,21190.31640625,21514.404296875,20518.8984375,20834.103515625,24302954056,0.016846296291970084,0.01698899533192111,0.4301341097911395,0.6549869549260519,0.5545405432763169
2022-07-17,20779.34375,21600.640625,20778.1796875,21195.041015625,22927802083,-0.01958489970974724,-0.01939436147960416,0.43306916434024384,0.6467537805195815,0.5430136774835149
2022-07-18,22485.689453125,22633.033203125,20781.912109375,20781.912109375,39974475562,0.07891967823012867,0.08211740099467768,0.5065272137904282,0.6584323892110255,0.6093801397738196
2022-07-19,23389.43359375,23666.962890625,21683.40625,22467.849609375,48765202697,0.03940528200341783,0.0401919693193753,0.5177071267925282,0.661082584190011,0.6103617635158839
2022-07-20,23231.732421875,24196.818359375,23009.94921875,23393.19140625,42932549127,-0.006765243636369361,-0.006742410894342465,0.5131429113831719,0.6606669739513179,0.5923521026087045
2022-07-21,23164.62890625,23388.322265625,22431.1484375,23233.201171875,33631012204,-0.0028926217700481673,-0.0028884421706671937,0.4988134029904217,0.6569129563729023,0.574416804801974
2022-07-22,22714.978515625,23671.927734375,22603.416015625,23163.751953125,31421555646,-0.019601945764881813,-0.01941107679491816,0.5080432427631474,0.6532313601791866,0.5621094539504271
2022-07-23,22465.478515625,22977.2109375,22002.91015625,22706.984375,24021799169,-0.011044710597189035,-0.010983941711781742,0.5123934751644109,0.6515955446004786,0.5466748930449582
2022-07-24,22609.1640625,22974.001953125,22306.83984375,22465.509765625,23565495303,0.006375470790258249,0.006395837363315726,0.4904905599235032,0.6519801184232488,0.5306004234608852
2022-07-25,21361.701171875,22649.12109375,21361.642578125,22607.15625,35574561406,-0.056755659782032404,-0.05517510011323534,0.5378929001279313,0.6606567550366468,0.5597760437565553
2022-07-26,21239.75390625,21361.12109375,20776.81640625,21361.12109375,28624673855,-0.0057250438268413185,-0.005708686992848544,0.535767419197684,0.6597245944625509,0.5431793820198108
2022-07-27,22930.548828125,22986.529296875,21070.806640625,21244.169921875,31758955233,0.07659542154936112,0.0796052030234431,0.5726790925540809,0.6802512026920587,0.6050191010666376
2022-07-28,23843.88671875,24110.470703125,22722.265625,22933.640625,40212386158,0.03905783089201425,0.0398306162434614,0.5869179223726286,0.683956866961673,0.6059298638493318
2022-07-29,23804.6328125,24294.787109375,23481.173828125,23845.212890625,35887249746,-0.001647644691440151,-0.0016462880701044735,0.5859708039905541,0.6643337455013693,0.5875057333112617
2022-07-30,23656.20703125,24572.580078125,23580.5078125,23796.818359375,28148218301,-0.006254683466181995,-0.006235163651508224,0.5691529827926428,0.6641854976059057,0.5701269314634686
2022-07-31,23336.896484375,24121.642578125,23275.703125,23652.0703125,23553591896,-0.013589886059606543,-0.013497960448739299,0.5436672862649864,0.6526808875024808,0.555278733743895
2022-08-01,23314.19921875,23464.787109375,22890.796875,23336.71875,25849159141,-0.0009730647082914476,-0.0009725914343493569,0.5233933586419948,0.6504234268829373,0.5383760026838297
2022-08-02,22978.1171875,23415.041015625,22710.083984375,23308.43359375,28389250717,-0.01452024708261338,-0.014415336683737068,0.5122630877701613,0.6493134043815227,0.5250196769541241
2022-08-03,22846.5078125,23578.650390625,22747.8359375,22981.302734375,26288169966,-0.005744061707541017,-0.0057275961266136655,0.5122196450598094,0.6490718040074495,0.5095152544336241
2022-08-04,22630.95703125,23198.009765625,22485.701171875,22848.21484375,25120229769,-0.009479525568520927,-0.009434736504108754,0.5139500392186155,0.6489899327157199,0.4953666836538274
2022-08-05,23289.314453125,23422.828125,22612.177734375,22626.833984375,28881249043,0.028675899088160428,0.029091011085651708,0.5195169633616419,0.6435523865663044,0.4930498421945562
2022-08-06,22961.279296875,23326.5625,22961.279296875,23291.423828125,15978259885,-0.014185359813054537,-0.014085221654344782,0.5165110644580778,0.6438193051925798,0.48120138352060315
2022-08-07,23175.890625,23359.009765625,22894.556640625,22963.505859375,15886817043,0.009303252730044901,0.009346662498644243,0.43741284361881155,0.6422442635981807,0.46794244191328005
2022-08-08,23809.486328125,24203.689453125,23176.546875,23179.52734375,28575544847,0.02697154534457858,0.02733856978257987,0.4251820922475099,0.6454583862483171,0.465651351111806
2022-08-09,23164.318359375,23898.615234375,22982.0,23811.484375,23555719219,-0.02747099349637511,-0.02709709734425869,0.4363328996218669,0.6441457410830461,0.4639307069573268
2022-08-10,23947.642578125,24127.4140625,22771.51953125,23162.8984375,32837431722,0.03325679505388167,0.033815983988709775,0.4519041892161117,0.6469862389173763,0.46801788085003604
2022-08-11,23957.529296875,24822.62890625,23900.99609375,23948.345703125,37127036580,0.00041276206736784357,0.00041284726535173455,0.44494420203435453,0.6366999769894802,0.45376300931235436
2022-08-12,24402.818359375,24412.56640625,23657.265625,23957.203125,27265804688,0.018415982056898608,0.018586602023192844,0.4451954785839258,0.5271052359854845,0.44572944735254605
2022-08-13,24424.068359375,24860.05078125,24346.115234375,24402.1875,22987346289,0.0008704221288590054,0.0008708010561344626,0.4452570363969392,0.5263085201677578,0.4321639865367911
2022-08-14,24319.333984375,24974.9140625,24206.259765625,24429.056640625,22994133555,-0.0042973830773317305,-0.004288162539464846,0.3854584929237698,0.5255352297582637,0.41933160768497657
2022-08-15,24136.97265625,25135.58984375,23839.775390625,24318.31640625,35123501685,-0.00752687118445491,-0.007498615226969818,0.38626762632247963,0.4798472700358866,0.4076092033720988
2022-08-16,23883.291015625,24228.416015625,23733.5,24126.13671875,27753685646,-0.010565706274135412,-0.010510085263709001,0.28742716874023355,0.4806162056472737,0.3973216017877419
2022-08-17,23335.998046875,24407.05859375,23243.353515625,23881.31640625,30931623076,-0.023181944883864696,-0.02291530796119967,0.26514237653827594,0.45696799605208666,0.3956237034981047
2022-08-18,23212.73828125,23563.83203125,23177.6015625,23341.0390625,23747613147,-0.005295957030778942,-0.005281958173694035,0.26556253114864614,0.43024544398717507,0.3841238094101502
2022-08-19,20877.552734375,23213.3125,20868.84765625,23213.3125,40509610260,-0.10602664190168617,-0.10059931398792521,0.45735223369744893,0.4838862874926725,0.5555823653139103
2022-08-20,21166.060546875,21350.806640625,20856.73046875,20872.841796875,27595671000,0.013724431302661714,0.013819043648011897,0.46179183083002984,0.4845679327358681,0.5412942473270922
2022-08-21,21534.12109375,21668.845703125,21103.197265625,21160.392578125,23102307723,0.017239723512555944,0.01738918520335342,0.4683156877902727,0.47990824987374847,0.5290683135738659
2022-08-22,21398.908203125,21531.462890625,20939.18359375,21531.462890625,31666498758,-0.006298802571622582,-0.006279006699941081,0.4667661707226779,0.467575976536321,0.5135351675391134
2022-08-23,21528.087890625,21646.203125,20955.138671875,21401.044921875,31878280659,0.0060185938546632,0.006036741981122917,0.4679022998308628,0.4675265060821289,0.4984405331610874
2022-08-24,21395.01953125,21783.076171875,21195.005859375,21526.455078125,31962253368,-0.00620033327852915,-0.006181150878381003,0.4674419684980442,0.46698144000356384,0.4838570682334183
2022-08-25,21600.904296875,21789.63671875,21362.44140625,21395.458984375,31028679593,0.009577016652955654,0.009623023027591993,0.4551346835610515,0.46506120884483115,0.47059260274678544
2022-08-26,20260.01953125,21804.908203125,20199.482421875,21596.0859375,42326789564,-0.06408571655966329,-0.06207539958496022,0.5023126339952679,0.48270350524670147,0.5198725587938958
2022-08-27,20041.73828125,20340.775390625,19890.5234375,20262.48046875,30116729776,-0.010832449813926528,-0.010773990107132536,0.499114158585516,0.4810727704115766,0.5057920909964321
2022-08-28,19616.814453125,20139.0546875,19616.814453125,20041.03515625,24366810591,-0.0214299343072556,-0.021201944769558057,0.48443425531828777,0.48273483171174475,0.49741314947636767
2022-08-29,20297.994140625,20357.462890625,19600.78515625,19615.154296875,32637854078,0.034134991629983055,0.03472427641744291,0.5034198436054665,0.4867351346296022,0.5001924022991493
2022-08-30,19796.80859375,20542.64453125,19617.640625,20298.611328125,34483360283,-0.02500132778356697,-0.024691382971281484,0.48435048069044606,0.4864157130826509,0.4946027666620555
2022-08-31,20049.763671875,20420.990234375,19799.58203125,19799.58203125,33225232872,0.012696624168793951,0.012777568511970205,0.4896247151179934,0.4870440673043566,0.4820699030985674
2022-09-01,20127.140625,20198.390625,19653.96875,20050.498046875,30182031010,0.0038518173635346637,0.0038592451457939436,0.4815087389601488,0.48706750947609423,0.4676240325514987
2022-09-02,19969.771484375,20401.568359375,19814.765625,20126.072265625,29123998928,-0.007849479691159277,-0.007818752974256604,0.4799787157932387,0.4775627559108616,0.4544045668362512
2022-09-03,19832.087890625,20037.009765625,19698.35546875,19969.71875,23613051457,-0.006918477935497839,-0.006894600364241943,0.47965086154973224,0.4777469873353041,0.4413821741241205
2022-09-04,19986.712890625,19999.689453125,19636.81640625,19832.470703125,25245861652,0.007766470822269511,0.007796708085036963,0.4838344151179086,0.4765999840019948,0.4290001624944269
2022-09-05,19812.37109375,20031.16015625,19673.046875,19988.7890625,28813460025,-0.008761151996171085,-0.008722884940063236,0.4838208268002558,0.4643059784673901,0.4173239134696767
2022-09-06,18837.66796875,20155.26953125,18800.171875,19817.724609375,43403978910,-0.0504480646723607,-0.04919669232863699,0.5034469072810991,0.47483706215300164,0.44965564950718695
2022-09-07,19290.32421875,19427.171875,18644.466796875,18837.68359375,35239757134,0.02374515374913594,0.024029314602578067,0.5179322533370456,0.47775682881042253,0.4456275751380814
2022-09-08,19329.833984375,19417.3515625,19076.71484375,19289.94140625,32194477850,0.00204607030353663,0.0020481649337233954,0.37147772867077183,0.4729519518349792,0.4321252110254471
2022-09-09,21381.15234375,21439.41015625,19310.962890625,19328.140625,48469528171,0.10086009766789074,0.10612188190716765,0.5237241394809794,0.5090159601698437,0.5738818578447973
2022-09-10,21680.5390625,21760.275390625,21168.72265625,21376.912109375,36913738894,0.01390523841339878,0.014002365912589188,0.5224432081555822,0.5046627824306329,0.5590201258150141
2022-09-11,21769.255859375,21770.552734375,21406.9453125,21678.54296875,34493951963,0.004083651963045384,0.004092001431295067,0.5219933639984723,0.4966702958297014,0.5422226805918322
2022-09-12,22370.44921875,22439.181640625,21603.896484375,21770.1484375,50212088965,0.027242163871664303,0.027616624254801714,0.5301490133734523,0.4984241090281335,0.5362706386448443
2022-09-13,20296.70703125,22673.8203125,20062.669921875,22371.48046875,51091116622,-0.09728219892342403,-0.09270006906083372,0.6365559897211643,0.5372088113455668,0.6429806206707408
2022-09-14,20241.08984375,20467.201171875,19793.396484375,20184.5546875,37872380889,-0.0027439686753737906,-0.0027402074343571003,0.6349212885473434,0.5360156796562406,0.6234841440082544
2022-09-15,19701.2109375,20318.166015625,19636.734375,20242.2890625,36389011503,-0.02703458624126178,-0.026672422800232853,0.6005264275165346,0.5373487090847628,0.6135627646955566
2022-09-16,19772.583984375,19870.62890625,19400.076171875,19704.005859375,30123362273,0.0036162281734326176,0.003622774615297697,0.5997054745639813,0.5110991154421238,0.5950373400832782
2022-09-17,20127.576171875,20162.53125,19777.033203125,19777.033203125,24957448100,0.017794492715736767,0.017953757980268437,0.59786156360735,0.5054836162290283,0.5810446856907454
2022-09-18,19419.505859375,20127.234375,19387.4921875,20127.234375,31254779144,-0.03581280604750071,-0.035179114785287124,0.5984438044061519,0.5100147431907907,0.5803002793101756
2022-09-19,19544.12890625,19639.48046875,18390.318359375,19418.572265625,40177002624,0.006396912022913548,0.006417415961943007,0.5929385231832043,0.5103773078568652,0.5631715786746209
2022-09-20,18890.7890625,19602.45703125,18813.455078125,19545.591796875,36791346508,-0.03400047754708742,-0.033428956945789956,0.6021037736265008,0.5132429537885003,0.5617932933059226
2022-09-21,18547.400390625,19674.630859375,18290.314453125,18891.283203125,46363793975,-0.018344813515223775,-0.018177571658806957,0.6039172089799898,0.513944843807257,0.5493299270428269
2022-09-22,19413.55078125,19456.91015625,18415.591796875,18534.650390625,41135767926,0.045641677549128984,0.04669928789927913,0.6288320300592497,0.5232828311259239,0.5613866645104821
2022-09-23,19297.638671875,19464.671875,18617.552734375,19412.400390625,38896078052,-0.00598857629671097,-0.005970680514919002,0.628732693808572,0.5110163141641089,0.5447824677072883
2022-09-24,18937.01171875,19310.197265625,18861.974609375,19296.990234375,26149643168,-0.018864440709329067,-0.01868762076318642,0.6307055435131366,0.5121672297215537,0.5332554470400637
2022-09-25,18802.09765625,19134.732421875,18696.46875,18936.310546875,23359966112,-0.007149858037088313,-0.007124358610731463,0.6305259896017976,0.48539434842097273,0.517757308973689
2022-09-26,19222.671875,19274.873046875,18721.28515625,18803.900390625,44148798321,0.022121968157295297,0.022368473265013344,0.6097901744415056,0.4802948169108917,0.509301208559571
2022-09-27,19110.546875,20338.455078125,18915.66796875,19221.83984375,58571439619,-0.005850034170169328,-0.005832956039052206,0.6041796710988713,0.4802994208437683,0.49430952653441995
2022-09-28,19426.720703125,19688.34375,18553.296875,19104.62109375,53071298734,0.016409099157190264,0.016544467837213528,0.607116406095612,0.48201933845439937,0.48347966099185297
2022-09-29,19573.05078125,19589.265625,18924.353515625,19427.779296875,41037843771,0.007504185755091534,0.007532412719634118,0.47880448457257824,0.48203135699497124,0.4696582557896696
2022-09-30,19431.7890625,20109.849609375,19265.662109375,19573.431640625,43975248085,-0.007243323491751529,-0.0072171538473359,0.4739305047225503,0.4820938338510356,0.4562208089443402
2022-10-01,19312.095703125,19471.154296875,19231.08203125,19431.10546875,18719537670,-0.006178716506548767,-0.0061596674907298254,0.47258328389982385,0.4815478889373933,0.4429745028469958
2022-10-02,19044.107421875,19370.30859375,18970.62109375,19311.849609375,20765955327,-0.013973887936277964,-0.013876706359042923,0.4565173773299478,0.4820508284533865,0.4329033391743612
2022-10-03,19623.580078125,19653.54296875,19025.2265625,19044.068359375,30484729489,0.0299741763073446,0.030427924155919772,0.3335205684304383,0.4865576815271076,0.43559794057502893
2022-10-04,20336.84375,20380.34375,19523.83984375,19623.583984375,35887278685,0.035702295702777984,0.036347275524413414,0.35886154630536604,0.48868144996521584,0.44456000621980923
2022-10-05,20160.716796875,20343.748046875,19801.80078125,20335.900390625,33223790572,-0.00869820607502516,-0.008660486125090072,0.3460544873922311,0.48823867596437875,0.4323419295775883
2022-10-06,19955.443359375,20408.392578125,19900.087890625,20161.0390625,34711412966,-0.010234041758595132,-0.01018185214187517,0.34823226273982716,0.48791976286368466,0.42105578473719607
2022-10-07,19546.849609375,20041.0859375,19395.79296875,19957.55859375,29227315390,-0.02068782806747579,-0.02047530303595302,0.34961442758779143,0.4853964425900826,0.41607913577692907
2022-10-08,19416.568359375,19601.6953125,19299.4140625,19546.328125,16437423167,-0.0066873874171619555,-0.006665076603316944,0.32616104703678517,0.48283581177476315,0.404240918500599
2022-10-09,19446.42578125,19542.5390625,19349.259765625,19417.478515625,16837262532,0.0015365479891413887,0.0015377290838616275,0.32535052905973877,0.47701976378726413,0.3919716507506713
2022-10-10,19141.484375,19515.466796875,19102.978515625,19446.416015625,27425022774,-0.01580535214708789,-0.01568110303046133,0.3061616899361252,0.4776134752405286,0.3849680284632152
2022-10-11,19051.41796875,19241.9609375,18925.603515625,19139.0,28711532910,-0.004716403712704758,-0.00470529894576166,0.2986721664425686,0.4753775949125324,0.3736906424543162
2022-10-12,19157.4453125,19203.19921875,19029.7578125,19052.646484375,24950173846,0.005549896374470987,0.005565325579645286,0.249687900996536,0.47568429790493877,0.3629486615086588
2022-10-13,19382.904296875,19453.328125,18319.822265625,19156.966796875,44219840004,0.011700026522297709,0.011768739552548313,0.252562971154663,0.47677701086474833,0.35482053663969776
2022-10-14,19185.65625,19889.146484375,19115.408203125,19382.533203125,38452356727,-0.010228526229371489,-0.010176392755898878,0.24567418609630384,0.47689979567749347,0.3463028333557772
2022-10-15,19067.634765625,19212.541015625,19019.25,19185.4375,16192235532,-0.006170546675591737,-0.0061515479500473536,0.24528597757910808,0.47671953925414257,0.33660929431391634
2022-10-16,19268.09375,19389.603515625,19068.9140625,19068.9140625,17988916650,0.010458171486817167,0.010513049302600663,0.235057084456276,0.4758479653824939,0.32887869049577967
2022-10-17,19550.7578125,19635.802734375,19173.333984375,19268.5625,27472552998,0.014563494131467007,0.014670058500208416,0.2393130525699087,0.4772115908689784,0.32384935285036914
2022-10-18,19334.416015625,19666.994140625,19144.76953125,19550.466796875,30580012344,-0.011127327349328565,-0.011065647631146036,0.23594623533012438,0.42652450754587323,0.31695081391261026
2022-10-19,19139.53515625,19348.416015625,19127.6875,19335.02734375,22425387184,-0.010130621895940859,-0.010079479991405349,0.236574091845914,0.425741329261297,0.30980979224913424
2022-10-20,19053.740234375,19315.19921875,18971.458984375,19138.0859375,24493974420,-0.004492679159130498,-0.004482602172654282,0.23583010664059195,0.4239427295329895,0.300879320527967
2022-10-21,19172.46875,19237.384765625,18770.970703125,19053.203125,32459287866,0.00621191065339352,0.006231244583192241,0.23630987362451936,0.42418112408135866,0.2927116527226938
2022-10-22,19208.189453125,19248.068359375,19132.244140625,19172.380859375,16104440957,0.0018613913940529582,0.0018631248583989013,0.23083441989594627,0.4239380277913008,0.283886759788917
2022-10-23,19567.0078125,19646.65234375,19124.197265625,19207.734375,22128794335,0.01850815095417208,0.018680488353712166,0.21437076696112678,0.425887308101715,0.2844917781145681
2022-10-24,19345.572265625,19589.125,19206.32421875,19567.76953125,30202235805,-0.011381303255268389,-0.011316781236911488,0.1706355759938262,0.42572731061100927,0.279352810170905
2022-10-25,20095.857421875,20348.412109375,19261.447265625,19344.96484375,47761524910,0.038050125599863024,0.03878330120960949,0.22127956849189448,0.41321525614831617,0.30862052964250275
2022-10-26,20770.44140625,20938.134765625,20076.1171875,20092.236328125,58895950537,0.033017194358947406,0.03356831063305088,0.24693815884284714,0.4181097269539306,0.32559895040165254
2022-10-27,20285.8359375,20854.044921875,20255.373046875,20772.802734375,49625110402,-0.023607984321621485,-0.0233314959115013,0.2506859231105769,0.41862329381360225,0.32875633864504394
2022-10-28,20595.3515625,20724.98046875,20086.068359375,20287.95703125,43994715910,0.015142492579417856,0.015257721000682789,0.2527865096184799,0.4138998081283631,0.3241339661619639
2022-10-29,20818.4765625,20988.39453125,20566.484375,20595.103515625,40369840645,0.010775490653264773,0.01083375534148523,0.2542260427083013,0.4110644873713836,0.3170404700741361
2022-10-30,20635.603515625,20917.005859375,20547.462890625,20817.982421875,31486345556,-0.008822978719624204,-0.008784170461560437,0.248367429048997,0.4107787420387191,0.3092907948543926
2022-10-31,20495.7734375,20795.3203125,20287.458984375,20633.6953125,45668466815,-0.006799218852899474,-0.006776156462742766,0.24941781383955883,0.41098522810650534,0.3010317860544759
2022-11-01,20485.2734375,20647.2890625,20359.845703125,20494.8984375,39819303159,-0.0005124320157945651,-0.0005123007449325812,0.24973468836128165,0.41063855388870674,0.2918679467690647
2022-11-02,20159.50390625,20742.810546875,20087.134765625,20482.958984375,55552169483,-0.01603042401585493,-0.015902620594443806,0.2567389978677965,0.4117575976894017,0.2897604852310526
2022-11-03,20209.98828125,20382.095703125,20086.240234375,20162.689453125,43228750179,0.002501116490787244,0.0025042468919260763,0.2526648656041391,0.4114896230192447,0.2811015028398217
2022-11-04,21147.23046875,21209.560546875,20188.01953125,20208.76953125,64072727950,0.04533199824767065,0.0463751969796804,0.2920242238510352,0.421282868784964,0.32457421553412924
2022-11-05,21282.69140625,21446.88671875,21097.634765625,21144.83203125,37846047609,0.006385182519711849,0.006405611254872046,0.29140428964834836,0.4074624819664214,0.3156643263184286
2022-11-06,20926.486328125,21345.376953125,20920.19140625,21285.056640625,35082693210,-0.01687848726805324,-0.01673684363155281,0.2989536041129962,0.40672173738563633,0.3130060141310799
2022-11-07,20602.81640625,21053.24609375,20489.97265625,20924.62109375,53510852236,-0.015587859865227252,-0.015466997985227438,0.30222980652010534,0.4081969697978426,0.3094645010045305
2022-11-08,18541.271484375,20664.607421875,17603.544921875,20600.671875,118992465607,-0.10542864681146098,-0.10006131594948431,0.48929846906796787,0.4116963921226356,0.5080196829008896
2022-11-09,15880.7802734375,18590.458984375,15682.6923828125,18543.76171875,102905151606,-0.15488954817014716,-0.14349022466876316,0.7321228666814418,0.5154455478400253,0.7780356244819416
2022-11-10,17586.771484375,18054.3125,15834.0185546875,15883.158203125,83202283721,0.1020374090112842,0.10742489862358795,0.8310502864148118,0.5601261768447279,0.8523162297479702
2022-11-11,17034.29296875,17650.943359375,16543.482421875,17583.251953125,55871616488,-0.03191845360130116,-0.03141443647663533,0.8363530987196219,0.559353897793182,0.8356197986455317
2022-11-12,16799.185546875,17066.67578125,16651.775390625,17036.875,29717699419,-0.013898139747380939,-0.013802006476365758,0.8316527427064664,0.5253762884556531,0.8119638996508857
2022-11-13,16353.365234375,16920.765625,16320.634765625,16799.72265625,27209183682,-0.026896704984698754,-0.026538209918333333,0.8344010570616647,0.5276230851724815,0.7941451724277432
2022-11-14,16618.19921875,17109.32421875,15872.94140625,16352.0283203125,49630243054,0.016064732404599078,0.016194463988263186,0.8217209015953011,0.5268237170249424,0.7724821454769106
2022-11-15,16884.61328125,17051.962890625,16542.55078125,16617.484375,36599436183,0.01590431717951544,0.016031463998783302,0.8121665397422158,0.5280669857599006,0.7514981759302994
2022-11-16,16669.439453125,16960.294921875,16430.111328125,16884.341796875,33925512989,-0.012825680370738035,-0.0127437818409466,0.8107337373172536,0.526735056413141,0.73030935147018
2022-11-17,16687.517578125,16726.439453125,16460.68359375,16670.42578125,27868914022,0.0010839194206494296,0.0010845070736082985,0.8065180991101266,0.5223697605422789,0.708073730708548
2022-11-18,16697.77734375,16947.05859375,16564.611328125,16687.912109375,26862218609,0.0006146278457023498,0.0006148167681003791,0.8037614504437516,0.5220821811295945,0.6865071124724546
2022-11-19,16711.546875,16797.876953125,16570.41015625,16696.220703125,16106223492,0.0008242927596795972,0.0008246325823211276,0.804841286324059,0.5180049664913118,0.6656010576614814
2022-11-20,16291.83203125,16746.779296875,16248.6923828125,16712.919921875,21313378652,-0.02543603029442077,-0.025115259939095247,0.8064078570679046,0.5191607121113163,0.6528597057837271
2022-11-21,15787.2841796875,16291.2236328125,15599.046875,16291.2236328125,37429485518,-0.03145906258707414,-0.030969374751391165,0.8083063483615877,0.5128458123531136,0.6446829435520831
2022-11-22,16189.76953125,16253.0478515625,15656.6064453125,15782.30078125,30726828760,0.02517471508039186,0.025494274188105903,0.819431096182844,0.5161519484008246,0.6326623728251656
2022-11-23,16610.70703125,16638.193359375,16170.5029296875,16195.5888671875,32958875628,0.025667956985737504,0.02600021570334854,0.8285559753670214,0.5183426403651318,0.6214561117477776
2022-11-24,16604.46484375,16771.474609375,16501.767578125,16611.63671875,26129037414,-0.00037586363225689277,-0.0003757930043709612,0.8037261829730791,0.5182513807635651,0.6025258276238568
2022-11-25,16521.841796875,16603.31640625,16388.404296875,16602.26953125,18678255976,-0.004988374895103048,-0.004975953615638518,0.8012684857761991,0.5158182430196967,0.5844924079097071
2022-11-26,16464.28125,16666.86328125,16416.228515625,16521.576171875,18000008764,-0.0034899891216231276,-0.0034839061881034583,0.8017429562609276,0.5157759085893812,0.5668488814258754
2022-11-27,16444.626953125,16594.40625,16437.025390625,16463.8828125,20443898509,-0.0011944668045808346,-0.0011937537130568554,0.8025140859011443,0.5142812619357321,0.5496000069010757
2022-11-28,16217.322265625,16482.93359375,16054.5302734375,16440.22265625,27743025156,-0.013918848240971523,-0.013822428939733733,0.7217914828581674,0.5143259707496396,0.5355985630079801
2022-11-29,16444.982421875,16522.2578125,16139.396484375,16217.6396484375,23581685468,0.01394046411034608,0.014038085481754337,0.4652441659778729,0.5154342300017318,0.5221036678030252
2022-11-30,17168.56640625,17190.9375,16445.4765625,16445.4765625,29523576583,0.043059766583943886,0.044000289316970864,0.3215228244134815,0.5238569732115173,0.533171037502148
2022-12-01,16967.1328125,17197.498046875,16888.388671875,17168.001953125,22895392882,-0.011802068595367332,-0.011732697360023692,0.3034563463716477,0.5236631238708426,0.5189615794285467
2022-12-02,17088.66015625,17088.66015625,16877.880859375,16968.68359375,19539705127,0.007136986045805121,0.007162515027905547,0.3000270443705549,0.5197985933787793,0.5039166742659364
2022-12-03,16908.236328125,17116.041015625,16888.140625,17090.09765625,16217776704,-0.010614234867796273,-0.010558102652595158,0.28525551168744484,0.5139675978282896,0.49030556073972686
2022-12-04,17130.486328125,17157.767578125,16903.439453125,16908.169921875,16824520830,0.01305884246336571,0.013144481522908036,0.28343721539811806,0.5148845928316387,0.4780732525669922
2022-12-05,16974.826171875,17378.15234375,16922.431640625,17128.89453125,22209086834,-0.009128269217154126,-0.00908673304822849,0.28049849324484893,0.5148206011850839,0.46486629394930845
2022-12-06,17089.50390625,17091.86328125,16939.921875,16975.23828125,19889922369,0.006733035250819497,0.006755753090715411,0.27696027048693334,0.513793631819,0.4514643701136661
2022-12-07,16848.126953125,17109.376953125,16750.55859375,17089.505859375,19675404389,-0.014224977832437721,-0.01412428087141393,0.2823563598961988,0.5143043230134207,0.44119202706703764
2022-12-08,17233.474609375,17267.916015625,16788.783203125,16847.349609375,20496603770,0.022614200081039638,0.022871839541696026,0.29309122910311913,0.5167952279407739,0.4366964384875224
2022-12-09,17133.15234375,17280.546875,17100.8359375,17232.1484375,20328426366,-0.005838370505888547,-0.005821360340788395,0.2942705609679192,0.5160622798788879,0.42400111033499116
2022-12-10,17128.724609375,17216.826171875,17120.68359375,17134.220703125,12706781969,-0.00025846420531521353,-0.00025843080632004245,0.2770604702797377,0.5160372929877527,0.4110855569635327
2022-12-11,17104.193359375,17245.634765625,17091.8203125,17129.7109375,14122486832,-0.00143319679738864,-0.0014321702613265819,0.2471250691947985,0.5158124304518811,0.3986011945762891
2022-12-12,17206.4375,17212.564453125,16899.39453125,17102.5,19617581341,0.0059599279123048595,0.005977723618808328,0.23437822056388352,0.5153003980301831,0.387152439199691
2022-12-13,17781.318359375,17930.0859375,17111.763671875,17206.44140625,26634741631,0.03286478873072886,0.033410801008343594,0.244754093358887,0.5199033472002488,0.3965158469757592
2022-12-14,17815.650390625,18318.53125,17739.513671875,17782.06640625,25534481470,0.0019289306421712124,0.0019307922256450727,0.24441837566463134,0.519842033983447,0.38450953952129036
2022-12-15,17364.865234375,17846.744140625,17322.58984375,17813.64453125,20964448341,-0.02562838102102438,-0.02530276169357326,0.2641336508779834,0.5216630414198029,0.38588567892568304
2022-12-16,16647.484375,17505.525390625,16584.701171875,17364.546875,24031608960,-0.04218980898149945,-0.04131220425223303,0.30785448088709444,0.5270288629941825,0.40851755053387595
2022-12-17,16795.091796875,16800.58984375,16614.029296875,16646.982421875,14463581825,0.008827572352892032,0.008866650272798315,0.3091525568446885,0.5272492542699294,0.3975570844259559
2022-12-18,16757.9765625,16815.38671875,16697.8203125,16795.609375,10924354698,-0.002212331171359141,-0.0022098857704312413,0.3043885457673075,0.5269996194393628,0.38554187933597117
2022-12-19,16439.6796875,16807.52734375,16398.13671875,16759.041015625,17221074814,-0.01917645189485355,-0.01899375344110854,0.3092981651855472,0.5281286883208249,0.3811615946611166
2022-12-20,16906.3046875,17012.984375,16427.8671875,16441.787109375,22722096615,0.027988705082472278,0.028384068842582266,0.28514279083754235,0.5315305841287781,0.38524230020377614
2022-12-21,16817.53515625,16916.80078125,16755.912109375,16904.52734375,14882945045,-0.005264509420176635,-0.005250676176186131,0.2827219891490969,0.531504569629433,0.3740668172572618
2022-12-22,16830.341796875,16866.673828125,16592.408203125,16818.380859375,16441573050,0.0007612154110786702,0.0007615052090579333,0.28135739213763444,0.5297907389155079,0.36268331366909934
2022-12-23,16796.953125,16905.21875,16794.458984375,16829.64453125,15329265213,-0.0019858084288219657,-0.001983838015767403,0.2790071175965395,0.5294686549123252,0.3517192909012981
2022-12-24,16847.755859375,16864.703125,16793.52734375,16796.9765625,9744636213,0.0030199561547248985,0.003024520816182319,0.27486245302576623,0.5228768866200557,0.34120663601467854
2022-12-25,16841.986328125,16860.5546875,16755.25390625,16847.505859375,11656379938,-0.0003425096739709631,-0.000342451024228807,0.2731089625382756,0.5175210392316099,0.3308147882479301
2022-12-26,16919.8046875,16920.123046875,16812.369140625,16842.25,11886957804,0.004609855984671537,0.004620497716771643,0.2724774771711183,0.5160657937929658,0.32123734271059856
2022-12-27,16717.173828125,16959.845703125,16642.072265625,16919.291015625,15748580239,-0.012048246868378581,-0.011975957353969946,0.2711293573952304,0.5149849801402375,0.3149549928958003
2022-12-28,16552.572265625,16768.169921875,16497.556640625,16716.400390625,17005713920,-0.009895050300250239,-0.009846255365429935,0.25882357445177995,0.5142833876995859,0.3077747202843576
2022-12-29,16642.341796875,16651.755859375,16508.68359375,16552.322265625,14472237479,0.00540864482551941,0.0054232979508825885,0.25969789034576024,0.5145192388728359,0.2991388870319919
2022-12-30,16602.5859375,16643.427734375,16408.474609375,16641.330078125,15929162910,-0.002391695878759684,-0.002388838052975517,0.25967811469234575,0.5144809030623205,0.2901749797508441
2022-12-31,16547.49609375,16628.986328125,16517.51953125,16603.673828125,11239186456,-0.003323665649558149,-0.0033181483870876605,0.25975257313387684,0.5144431774655691,0.2816317713818017
2023-01-01,16625.080078125,16630.439453125,16521.234375,16547.9140625,9244361700,0.00467760631157723,0.0046885633896178724,0.259293488491845,0.5140491162019402,0.27365725458087287
2023-01-02,16688.470703125,16759.34375,16572.228515625,16625.509765625,12097775227,0.003805700684704715,0.0038129515588565255,0.22630739658209528,0.514118000511941,0.26573291812288485
2023-01-03,16679.857421875,16760.447265625,16622.37109375,16688.84765625,13903079207,-0.0005162548994983624,-0.000516121662866742,0.2257422168885578,0.5041248019757887,0.2576454434232653
2023-01-04,16863.23828125,16964.5859375,16667.763671875,16680.205078125,18421743322,0.010934153962035356,0.010994150293785143,0.21480646072208892,0.5046092954136041,0.2533890024754251
2023-01-05,16836.736328125,16884.021484375,16790.283203125,16863.47265625,13692758566,-0.0015728177184386805,-0.0015715814888571655,0.1518273589146714,0.503899639583926,0.2457458658151996
2023-01-06,16951.96875,16991.994140625,16716.421875,16836.47265625,14413662913,0.006820792235553174,0.006844106816741524,0.15054056861420947,0.5037199103957251,0.23973109856036945
2023-01-07,16955.078125,16975.017578125,16914.19140625,16952.1171875,7714767174,0.00018340582830352,0.00018342264818071996,0.1502153294989131,0.4565057841557397,0.23242901764180704
2023-01-08,17091.14453125,17091.14453125,16924.05078125,16954.146484375,9768827914,0.00799308234902105,0.008025112314249405,0.13275458682200877,0.32616966839225936,0.22748156090735222
2023-01-09,17196.5546875,17389.95703125,17093.9921875,17093.9921875,18624736866,0.006148589187306557,0.006167530562816603,0.09243741153368441,0.24985258425275558,0.22184364487735034
2023-01-10,17446.29296875,17484.720703125,17162.990234375,17192.94921875,15808338949,0.014418133870887372,0.014522576515372032,0.10115817325069627,0.24281262083866192,0.22227215588332372
2023-01-11,17934.896484375,17934.896484375,17337.994140625,17446.359375,18372283782,0.02762115049773119,0.02800615102017323,0.1362280276622716,0.24723991648044905,0.24078224037709317
2023-01-12,18869.587890625,19030.087890625,17995.203125,18117.59375,34971338710,0.05080318049018759,0.052115795988246116,0.21549707893581493,0.26059160879014875,0.3058131534788529
2023-01-13,19909.57421875,19964.322265625,18753.1640625,18868.90625,29225029694,0.053649212803668606,0.05511441660269112,0.27382375974500056,0.2797012803839169,0.36253185078165734
2023-01-14,20976.298828125,21075.142578125,19907.828125,19910.537109375,38967784639,0.052192440560842025,0.05357847423830919,0.3124773583710309,0.2962431796450703,0.40587095380054306
2023-01-15,20880.798828125,20993.748046875,20606.986328125,20977.484375,19298407543,-0.0045631527773636734,-0.004552757413617381,0.31662492402933506,0.2947647147298061,0.393906323131859
2023-01-16,21169.6328125,21360.875,20715.74609375,20882.224609375,26792494050,0.013737719952276949,0.013832516023570829,0.3052774590439394,0.2954151211700596,0.38562414493300495
2023-01-17,21161.51953125,21438.66015625,20978.533203125,21175.833984375,24999983362,-0.00038332437933474676,-0.00038325091993141047,0.2980918151062081,0.29547053848401067,0.3738794511365916
2023-01-18,20688.78125,21564.501953125,20541.544921875,21161.05078125,30005625418,-0.02259283115330066,-0.022339524368838015,0.3222477970789517,0.30038460974344544,0.3729832247681294
2023-01-19,21086.79296875,21163.01171875,20685.380859375,20686.74609375,21152848261,0.019055334102897954,0.019238045679950355,0.31951172258098526,0.29584647722388574,0.369133655819211
2023-01-20,22676.552734375,22692.357421875,20919.126953125,21085.373046875,28799154319,0.0726845526110478,0.07539125404137925,0.3795749258893967,0.3182226815577145,0.4560303768758867
2023-01-21,22777.625,23282.34765625,22511.833984375,22677.427734375,32442278429,0.004447222994453112,0.004457126566322689,0.3796649687660363,0.3157234226774045,0.44247590055964503
2023-01-22,22720.416015625,23056.73046875,22387.900390625,22777.986328125,24746386230,-0.002514790230431855,-0.002511630794474806,0.38294946582471195,0.3133808462022975,0.4291077355052449
2023-01-23,22934.431640625,23126.486328125,22654.3046875,22721.087890625,26518700512,0.00937544219856928,0.009419529327844067,0.37907745594707704,0.3132742727415875,0.417629588710455
2023-01-24,22636.46875,23134.01171875,22549.744140625,22929.626953125,26405069715,-0.013077079200906103,-0.012991945703908492,0.39260787035411376,0.3148526288138366,0.4080873389005456
2023-01-25,23117.859375,23722.099609375,22406.076171875,22639.267578125,30685366709,0.021043184701323544,0.021266153759075257,0.3883432379183256,0.3159570056988594,0.40402788494232444
2023-01-26,23032.77734375,23237.078125,22911.373046875,23108.955078125,26357839322,-0.003687148593844675,-0.003680359408276712,0.3933434699250084,0.31622905363519666,0.3919818583574714
2023-01-27,23078.728515625,23417.720703125,22654.59375,23030.716796875,25383335641,0.001993046474165044,0.0019950339114214177,0.3924709186277395,0.31370211427041095,0.3801195217643085
2023-01-28,23031.08984375,23165.896484375,22908.845703125,23079.96484375,14712928379,-0.002066314313093378,-0.0020641809553220147,0.39659737275503154,0.31366071590877637,0.36862712455533614
2023-01-29,23774.56640625,23919.890625,22985.0703125,23031.44921875,27423687259,0.03177133538504421,0.03228143207915801,0.3995045540393781,0.3087188455578127,0.3781470559887403
2023-01-30,22840.138671875,23789.34765625,22657.58203125,23774.6484375,27205595568,-0.040096914665951826,-0.03930367092328346,0.4467882437905947,0.32067718207892904,0.39840287924360085
2023-01-31,23139.283203125,23225.021484375,22765.568359375,22840.796875,22837828665,0.013012288539514132,0.013097316769725253,0.44364943222495307,0.3210738177941814,0.38956575323315257
2023-02-01,23723.76953125,23764.5390625,22877.75,23137.8359375,26683255504,0.024945734590003956,0.025259482888651652,0.4232505913389074,0.32193242117312043,0.3899548786731854
2023-02-02,23471.87109375,24167.2109375,23468.595703125,23720.82421875,32066936882,-0.010674749877368259,-0.01061797692681965,0.39907966379575427,0.32326939820644585,0.3803470090132385
2023-02-03,23449.322265625,23678.103515625,23279.955078125,23469.412109375,27083066007,-0.000961136247671562,-0.0009606745041729203,0.36452417481542165,0.3221493355473879,0.3687790449939405
2023-02-04,23331.84765625,23556.94921875,23291.794921875,23446.3203125,15639298538,-0.0050223137428644544,-0.005009723012217249,0.3646971075063653,0.32283933184418717,0.3580774865182961
2023-02-05,22955.666015625,23423.435546875,22841.759765625,23332.248046875,19564262605,-0.016254488231275857,-0.01612309690031044,0.37124608289749644,0.323386942871897,0.35287554178720637
2023-02-06,22760.109375,23119.279296875,22692.025390625,22954.021484375,23825006542,-0.008555376421285297,-0.008518883333286542,0.3736657760054018,0.32250733562187467,0.34373911536752844
2023-02-07,23264.291015625,23310.974609375,22756.2578125,22757.267578125,27187964471,0.02191019571493288,0.022151986720186922,0.36552877944042483,0.3236697338347616,0.343984943875141
2023-02-08,22939.3984375,23367.958984375,22731.09765625,23263.416015625,25371367758,-0.014063722484005989,-0.013965290320121615,0.36857163070955523,0.3258746507826914,0.33795955684436085
2023-02-09,21819.0390625,22996.4375,21773.974609375,22946.56640625,32572572185,-0.05007294792111713,-0.04883996317743455,0.32054176318114036,0.3445998066398386,0.38114831765990453
2023-02-10,21651.18359375,21941.185546875,21539.392578125,21819.005859375,27078406594,-0.0077228177249046275,-0.007693073387383564,0.32024256707019483,0.34541713439467275,0.37075515287786887
2023-02-11,21870.875,21891.41015625,21618.44921875,21651.841796875,16356226232,0.010095720621826006,0.010146854341645195,0.32336680034708326,0.3403571769615014,0.3615977113235878
2023-02-12,21788.203125,22060.994140625,21682.828125,21870.90234375,17821046406,-0.0037871607629455096,-0.003779998514005456,0.3206404868678321,0.3406677498704869,0.3508911376117279
2023-02-13,21808.1015625,21898.4140625,21460.087890625,21787.0,23918742607,0.0009128497942385424,0.0009132665684197239,0.3183940635908397,0.3353236106047323,0.34022009706035544
2023-02-14,22220.8046875,22293.140625,21632.39453125,21801.822265625,26792596581,0.018747466050136215,0.018924303145655852,0.3163008152264529,0.3226445516281103,0.33781491963002974
2023-02-15,24307.841796875,24307.841796875,22082.76953125,22220.5859375,32483312909,0.08977000786319626,0.09392266116037784,0.4537208001388601,0.36659583755968156,0.47866338686278354
2023-02-16,23623.474609375,25134.1171875,23602.5234375,24307.349609375,39316664596,-0.028558101481565734,-0.028154173176657027,0.46710935288961875,0.3730849582521199,0.4771822134890115
2023-02-17,24565.6015625,24924.041015625,23460.755859375,23621.283203125,41358451255,0.03910624942610064,0.03988096453648349,0.4858185885745329,0.3755830286591294,0.48699454821384125
2023-02-18,24641.27734375,24798.8359375,24468.373046875,24565.296875,19625427158,0.0030758236488141917,0.0030805588480080637,0.47398940184744964,0.37301145548204667,0.4723101885840665
2023-02-19,24327.642578125,25093.0546875,24327.642578125,24640.02734375,25555105670,-0.01280971909443967,-0.012728023845912761,0.4513630548729025,0.3743269614983291,0.4606227562805247
2023-02-20,24829.1484375,25020.458984375,23927.91015625,24336.623046875,28987376573,0.02040504474431612,0.020614650916729094,0.4542580034320835,0.37528198874456464,0.45358392371714945
2023-02-21,24436.353515625,25126.8515625,24200.36328125,24833.048828125,31252098714,-0.015946381537723795,-0.01581991113645098,0.45186662497064245,0.37770995824443404,0.4441158565235694
2023-02-22,24188.84375,24472.33984375,23644.318359375,24437.41796875,30199996781,-0.010180396881003117,-0.01012875204423358,0.4516936351114033,0.3791578180299156,0.43240213279102063
2023-02-23,23947.4921875,24572.08984375,23693.919921875,24190.71875,30476264066,-0.010027916762018151,-0.00997780485063493,0.4534930357418202,0.3803704844242208,0.4210389079268445
2023-02-24,23198.126953125,24103.705078125,23007.072265625,23946.0078125,26811744928,-0.03179206740644356,-0.03129201289670536,0.46797231895060054,0.38812096448378497,0.42652040723108536
2023-02-25,23175.375,23210.2109375,22861.55859375,23200.125,16100721565,-0.000981248083164121,-0.0009807668166905703,0.4641856964761834,0.386673013063415,0.4135444795620459
2023-02-26,23561.212890625,23654.3671875,23084.220703125,23174.150390625,16644534842,0.016511545833869257,0.016648614774302573,0.4662404254059172,0.385985176179429,0.4060542787688946
2023-02-27,23522.87109375,23857.890625,23205.87890625,23561.451171875,22660763494,-0.001628652491694882,-0.0016273269569350157,0.46017472794941744,0.3862915370528914,0.3937351630262259
2023-02-28,23147.353515625,23585.384765625,23077.650390625,23521.837890625,20535363434,-0.016092730875103014,-0.01596393470118429,0.4610849580413015,0.38854145605954515,0.38683517525014577
2023-03-01,23646.55078125,23880.6328125,23088.626953125,23150.9296875,24662841200,0.021336804939163678,0.02156606219747892,0.4256129540898879,0.389424844601584,0.3841178014968098
2023-03-02,23475.466796875,23739.138671875,23245.021484375,23647.01953125,20386398516,-0.007261350209481709,-0.007235050302163204,0.4254471819890583,0.390358950057792,0.37348484797770964
2023-03-03,22362.6796875,23479.34765625,22213.23828125,23476.6328125,26062404610,-0.04856242572977136,-0.047402129167592566,0.4636204846820005,0.40591671508805455,0.40838598257447756
2023-03-04,22353.349609375,22405.177734375,22198.98046875,22362.923828125,11166012913,-0.0004173035221196778,-0.0004172164631153219,0.4633023998419686,0.405911149296635,0.39594822533764856
2023-03-05,22435.513671875,22613.685546875,22307.142578125,22354.14453125,13317001733,0.00366895467532336,0.0036756935285233716,0.46337668826781586,0.40572132126106564,0.3841510524425309
2023-03-06,22429.7578125,22584.29296875,22331.314453125,22436.81640625,17353192895,-0.0002565841781915384,-0.00025655126328649747,0.45883839505601015,0.40564255110033015,0.37244960015954137
2023-03-07,22219.76953125,22527.41796875,22011.26171875,22428.322265625,22765452204,-0.009406138966041635,-0.00936203961743065,0.31548584306007077,0.406655832662188,0.3629508660786185
2023-03-08,21718.080078125,22268.896484375,21708.05078125,22216.44140625,22536575684,-0.022837315061132093,-0.022578517406286358,0.3103086213734683,0.410421244301721,0.3629256960579003
2023-03-09,20363.021484375,21802.716796875,20210.306640625,21720.080078125,30364664171,-0.06442451332853331,-0.06239311158608585,0.33526314297950127,0.43368148166381204,0.43193516657243186
2023-03-10,20187.244140625,20370.595703125,19628.25390625,20367.001953125,39578257695,-0.00866965688311379,-0.008632183779056501,0.3320518338598104,0.43427306697119494,0.42013137545981677
2023-03-11,20632.41015625,20792.525390625,20068.66015625,20187.876953125,30180288176,0.021812221244110887,0.022051846825845045,0.3503605463750149,0.435390192755597,0.4160690303068891
2023-03-12,22163.94921875,22185.03125,20448.806640625,20628.029296875,29279035521,0.07160391184533008,0.07422977009964415,0.4412268557975331,0.45499102746135656,0.49015169998478797
2023-03-13,24197.533203125,24550.837890625,21918.19921875,22156.40625,49466362688,0.08778363436848541,0.09175187888693825,0.5495458616990088,0.4771735810568472,0.5851051021634923
2023-03-14,24746.07421875,26514.716796875,24081.18359375,24201.765625,54622230164,0.02241616479750579,0.022669294883089997,0.5540853363520296,0.46752946180811195,0.573937859475943
2023-03-15,24375.9609375,25240.615234375,23964.91015625,24770.92578125,43655701450,-0.015069419825617957,-0.014956444322371198,0.5557194972045424,0.4579074751647049,0.5595301137966697
2023-03-16,25052.7890625,25190.326171875,24225.111328125,24373.45703125,33866061747,0.027387721969650478,0.027766213062754286,0.54922914170173,0.4604759941620102,0.5528388838971631
2023-03-17,27423.9296875,27787.8125,24955.169921875,25055.123046875,50730261335,0.09043081735478727,0.0946457745317153,0.6286778810441191,0.49371350107332795,0.6410462545673747
2023-03-18,26965.87890625,27725.953125,26636.26171875,27448.1171875,35723036817,-0.016843655914946763,-0.01670259464889101,0.6341069643027963,0.4955315238713077,0.6249588455916393
2023-03-19,28038.67578125,28440.560546875,26907.716796875,26969.50390625,37769448859,0.03901251239696352,0.039783493752593824,0.6433288536214378,0.49746942821949597,0.6246210244219382
2023-03-20,27767.236328125,28527.724609375,27242.880859375,28041.6015625,44774027664,-0.009728058677075274,-0.00968089417783835,0.6404553333525236,0.4975097222075236,0.6067727925676638
2023-03-21,28175.81640625,28439.5625,27439.646484375,27768.392578125,36102192830,0.014607259457310753,0.014714466837708162,0.6391940577707619,0.4773865391382057,0.5910236996674496
2023-03-22,27307.4375,28803.3359375,26759.99609375,28158.720703125,33382021890,-0.031304934786025286,-0.030820008681536337,0.6527424755635579,0.4827146509652337,0.5858054768921831
2023-03-23,28333.97265625,28729.84375,27183.36328125,27301.95703125,24220433689,0.03690243092144147,0.03759177902540278,0.6251979530217195,0.4875185933167401,0.5858056240760166
2023-03-24,27493.28515625,28388.4375,27039.265625,28324.111328125,25980310960,-0.03011973318555565,-0.02967065403073854,0.6415924840098296,0.49224411846789784,0.5799094534097042
2023-03-25,27494.70703125,27791.826171875,27196.234375,27487.337890625,13383005987,5.171583626720892e-05,5.17171735541222e-05,0.6422201133821613,0.4911442865531097,0.5622431112459845
2023-03-26,27994.330078125,28178.14453125,27445.046875,27495.5234375,13878363192,0.01800847790347154,0.018171608313816145,0.6415603727112422,0.4907136443981283,0.5495941893380206
2023-03-27,27139.888671875,28037.92578125,26606.689453125,27994.068359375,18188895178,-0.030997440056033318,-0.03052194511765327,0.6551390709135407,0.49551674855775146,0.5463135243448426
2023-03-28,27268.130859375,27460.71875,26677.818359375,27132.888671875,17783600385,0.004714100093914092,0.004725228944394866,0.6440279999158287,0.4955307302574577,0.5299877042850646
2023-03-29,28348.44140625,28619.54296875,27259.662109375,27267.03125,20684945906,0.03885339931269162,0.0396180637553154,0.5843788926869173,0.5008884130479025,0.5355919142972586
2023-03-30,28033.5625,29159.90234375,27720.16015625,28350.140625,22435349951,-0.011169598741333131,-0.0111074503792854,0.5858748728412831,0.49824629096792417,0.5210888091044816
2023-03-31,28478.484375,28639.896484375,27583.71484375,28032.26171875,19001327598,0.015746414888453637,0.015871042968584437,0.5855296353635828,0.490825034149695,0.508911123707177
2023-04-01,28411.03515625,28802.45703125,28297.171875,28473.33203125,10876469901,-0.0023712364214005313,-0.0023684272611504964,0.550372222474371,0.4905878204357292,0.4934937852565927
2023-04-02,28199.30859375,28518.958984375,27884.087890625,28462.845703125,12284641999,-0.007480171844976413,-0.00745226498561502,0.4762373087016265,0.4890093696755129,0.47934325700965336
2023-04-03,27790.220703125,28475.623046875,27276.720703125,28183.080078125,19556501327,-0.014613274150394037,-0.014507018470504951,0.47914193889719014,0.4895419959268682,0.4682014555860236
2023-04-04,28168.08984375,28433.7421875,27681.3046875,27795.2734375,15284538859,0.01350558587463783,0.0135971982612757,0.473334794007354,0.4899630087565608,0.45696580581191765
2023-04-05,28177.984375,28739.23828125,27843.763671875,28169.7265625,17052315986,0.0003512057047058866,0.000351267384649967,0.46775967809437013,0.489708297991615,0.4430468912018388
2023-04-06,28044.140625,28178.384765625,27738.759765625,28175.2265625,13837809380,-0.004761257346579407,-0.004749940528704033,0.34564429787146533,0.4883281136288167,0.42994869328419283
2023-04-07,27925.859375,28111.59375,27794.03125,28038.966796875,10861680497,-0.00422660089629551,-0.004217681389550476,0.3398002860888716,0.48795829131795926,0.41717458234058635
2023-04-08,27947.794921875,28159.86328125,27883.38671875,27920.513671875,9373255556,0.0007851839396583646,0.0007854922772632111,0.3099849823003206,0.48645548530393645,0.4044772872621217
2023-04-09,28333.05078125,28532.830078125,27828.48046875,27952.3671875,12175322951,0.01369069252890777,0.013784839213681899,0.3115423694480788,0.4856079783060662,0.3957521718102331
2023-04-10,29652.98046875,29771.46484375,28189.271484375,28336.02734375,19282400094,0.045533646757390224,0.04658621825410658,0.346793367375285,0.48003784972864555,0.42257672317202993
2023-04-11,30235.05859375,30509.083984375,29609.30078125,29653.6796875,20121259843,0.019439489564332186,0.019629666758571807,0.3273119276026032,0.48016326215423644,0.4166180208742429
2023-04-12,30139.052734375,30462.48046875,29725.57421875,30231.58203125,18651929926,-0.0031803678161343176,-0.003175315803583212,0.3058666350576937,0.4803990850156266,0.40411542368308945
2023-04-13,30399.06640625,30539.845703125,29878.623046875,29892.740234375,17487721001,0.008590133768281546,0.00862713483952482,0.27988605287539936,0.4800637596862323,0.39322567304180756
2023-04-14,30485.69921875,31005.607421875,30044.498046875,30409.5625,22659995079,0.002845797962018112,0.002849851088919886,0.2794030723604995,0.4800003389854421,0.3814069931993458
2023-04-15,30318.49609375,30601.740234375,30245.8828125,30490.75,11940685378,-0.0054997371675221595,-0.005484641300179338,0.27752325760812113,0.47973207826181863,0.3704056601625178
2023-04-16,30315.35546875,30555.537109375,30157.83203125,30315.9765625,12854816417,-0.00010359312238552485,-0.00010358775680330279,0.2457123786035037,0.44623296403327506,0.3591218374819527
2023-04-17,29445.044921875,30319.197265625,29275.37109375,30317.146484375,17872186762,-0.02912872327682135,-0.028708571396173888,0.2748463304107496,0.4464105439122882,0.3661412844865521
2023-04-18,30397.552734375,30470.302734375,29154.849609375,29449.091796875,19480529496,0.03183646099781629,0.032348662229154,0.2639011076244052,0.4441889187338295,0.3759533278958713
2023-04-19,28822.6796875,30411.0546875,28669.8984375,30394.1875,24571565421,-0.05319953662867234,-0.0518092051895368,0.32900655841096943,0.4591654513472641,0.4191096918670626
2023-04-20,28245.98828125,29076.400390625,28037.2578125,28823.68359375,21340360360,-0.020211126619281063,-0.020008250880993006,0.33292801947790285,0.46047590494220314,0.41387210721780415
2023-04-21,27276.91015625,28349.96875,27177.365234375,28249.23046875,20759504330,-0.034910877271712444,-0.034308522518338824,0.35478904624416796,0.4652134617600475,0.42360418608102235
2023-04-22,27817.5,27872.142578125,27169.5703125,27265.89453125,13125734602,0.019624756556398195,0.01981858797984626,0.3622409235270921,0.4652055334588441,0.41772868928803497
2023-04-23,27591.384765625,27820.244140625,27400.314453125,27816.14453125,12785446832,-0.008161741227378502,-0.008128524647254443,0.3596647410418524,0.46499516769777777,0.406244540102837
2023-04-24,27525.33984375,27979.982421875,27070.849609375,27591.73046875,17703288330,-0.0023965485595713668,-0.002393679129772508,0.3559445812570684,0.46440110719063965,0.3939789203370393
2023-04-25,28307.59765625,28371.078125,27207.931640625,27514.873046875,17733373139,0.02802320777395386,0.02841955147295372,0.3707422842673523,0.46180624623396693,0.3972152626973801
2023-04-26,28422.701171875,29995.837890625,27324.548828125,28300.05859375,31854242019,0.004057925868580612,0.004066170397882152,0.3704892882967526,0.4617213537415848,0.38543760126818166
2023-04-27,29473.787109375,29871.546875,28402.88671875,28428.46484375,27153445027,0.03631313286229464,0.036980508331842854,0.3907734948888052,0.46588734242385865,0.39948254944540507
2023-04-28,29340.26171875,29572.791015625,28929.609375,29481.013671875,17544464887,-0.004540602889751968,-0.00453030993708059,0.3915756089012538,0.4660686291467471,0.3877149198066862
2023-04-29,29248.48828125,29452.455078125,29088.04296875,29336.56640625,10662634333,-0.0031328032278842735,-0.0031279011203009244,0.3897087094013791,0.4644739410163602,0.3761008934766843
2023-04-30,29268.806640625,29952.029296875,29114.021484375,29245.515625,14652199272,0.0006944394889976754,0.000694680667924441,0.3534662531160486,0.4630883529542081,0.36465334320711396
2023-05-01,28091.568359375,29329.935546875,27680.79296875,29227.103515625,18655599976,-0.041052856211014906,-0.04022160164248023,0.37256712015775756,0.47156009958725903,0.38791240319948733
2023-05-02,28680.537109375,28881.298828125,27924.123046875,28087.17578125,16432924527,0.020749270291120427,0.020966033026897257,0.38253938140726035,0.46045801787048357,0.3846519436230172
2023-05-03,29006.30859375,29259.533203125,28178.388671875,28680.494140625,19122972518,0.011294600825028724,0.01135862564681589,0.3836961216069595,0.4605877104950789,0.3755110104202986
2023-05-04,28847.7109375,29353.185546875,28694.0390625,29031.3046875,15548678514,-0.005482697825375376,-0.005467695268338013,0.3833405022554197,0.4610265062809801,0.3646950981830989
2023-05-05,29534.384765625,29668.908203125,28845.509765625,28851.48046875,17936566518,0.02352452363535224,0.023803407820215394,0.3942790599718732,0.46262020112063307,0.36522571148534905
2023-05-06,28904.623046875,29820.126953125,28468.966796875,29538.859375,15913866714,-0.02155362050914689,-0.021323001096775096,0.40070783672398763,0.4648539126816548,0.3638826136171
2023-05-07,28454.978515625,29157.517578125,28441.3671875,28901.623046875,11301355486,-0.015678412319992844,-0.015556145829018653,0.3915400203549887,0.463292281585613,0.35802599041120414
2023-05-08,27694.2734375,28663.271484375,27310.134765625,28450.45703125,19122903752,-0.027097480312589104,-0.026733637409259936,0.38029283039087647,0.44554832943769734,0.36275869062423644
2023-05-09,27658.775390625,27821.400390625,27375.6015625,27695.068359375,14128593256,-0.0012826051136456092,-0.0012817829272578907,0.3342647866067265,0.44482807107701644,0.35174295886808365
2023-05-10,27621.755859375,28322.6875,26883.669921875,27654.63671875,20656025026,-0.0013393336115541375,-0.0013384371045779275,0.32731394597140595,0.44367480954962796,0.3410672148449133
2023-05-11,27000.7890625,27621.94140625,26781.826171875,27621.0859375,16724343943,-0.0227376278728039,-0.022481076150133283,0.3131920856904209,0.42478422181956305,0.3422926673554778
2023-05-12,26804.990234375,27055.646484375,25878.4296875,26987.662109375,19313599897,-0.007278017155925187,-0.007251596524522896,0.3046978237601151,0.38701757690138944,0.333069532181621
2023-05-13,26784.078125,27030.482421875,26710.873046875,26807.76953125,9999171605,-0.0007804618022563855,-0.0007801573211611013,0.30379628402958486,0.38462796819827355,0.3229371523616778
2023-05-14,26930.638671875,27150.9765625,26661.35546875,26788.974609375,10014858959,0.0054570113859458225,0.005471927993601522,0.3047611996144743,0.38319010685174854,0.31381739624936095
2023-05-15,27192.693359375,27646.34765625,26766.09765625,26931.384765625,14413231792,0.009683688179724162,0.009730726801279843,0.28801601650221953,0.379816175341086,0.306578434999672
2023-05-16,27036.650390625,27299.3046875,26878.947265625,27171.513671875,12732238816,-0.005754943306692564,-0.005738415341494774,0.28738000729939983,0.33156747827842353,0.2980799917976406
2023-05-17,27398.802734375,27465.927734375,26600.14453125,27035.470703125,15140006925,0.013305949198470446,0.013394867282656264,0.2560654193603375,0.33087424789362907,0.2935941938708077
2023-05-18,26832.208984375,27466.52734375,26415.1015625,27401.650390625,15222938600,-0.020896322938492334,-0.02067950762275983,0.2632992044023337,0.3236085895672983,0.2960201700507904
2023-05-19,26890.12890625,27128.619140625,26700.2109375,26826.75390625,11258983301,0.0021562704301694635,0.0021585968530852817,0.26432226297603817,0.3231138146769048,0.28712465077917887
2023-05-20,27129.5859375,27155.158203125,26843.27734375,26888.841796875,7044911360,0.008865600285434393,0.008905016115201336,0.2678976506376257,0.32217745240668594,0.280504092787411
2023-05-21,26753.826171875,27265.91796875,26706.921875,27118.423828125,8647416921,-0.01394736681453699,-0.013850552916312875,0.2328897804849144,0.31704177164506925,0.277313671511296
2023-05-22,26851.27734375,27045.734375,26549.734375,26749.892578125,11056770492,0.0036358955711424203,0.0036425134576618667,0.21771789899578514,0.307538139216652,0.26923703771975127
2023-05-23,27225.7265625,27434.68359375,26816.1796875,26855.9609375,13697203143,0.013848962643426162,0.013945303754316907,0.22016328729763227,0.3028579213965457,0.26653177911412634
2023-05-24,26334.818359375,27224.603515625,26106.576171875,27224.603515625,16299104428,-0.03327040018789596,-0.03272302765106416,0.2447601929825919,0.3103632238105507,0.28898695678950237
2023-05-25,26476.20703125,26591.51953125,25890.59375,26329.4609375,13851122697,0.005354526205137628,0.005368887301425707,0.22479465977026974,0.3081778251811026,0.2809557942099052
2023-05-26,26719.291015625,26916.669921875,26343.94921875,26474.181640625,12711619225,0.009139332662057487,0.009181223884829448,0.2220451033393762,0.3023744877177946,0.27470515669151296
2023-05-27,26868.353515625,26888.8828125,26621.140625,26720.181640625,7892015141,0.00556333034484893,0.005578834405180588,0.21993161797596875,0.30243916150625805,0.2672136251604061
2023-05-28,28085.646484375,28193.44921875,26802.751953125,26871.158203125,14545229578,0.04430949975360071,0.0453058267244435,0.25830889576667576,0.30564166972712903,0.3111342323202462
2023-05-29,27745.884765625,28432.0390625,27563.876953125,28075.591796875,15181308984,-0.012171112107334788,-0.0120973437068298,0.2622793406761814,0.3058026721387238,0.3053457970163493
2023-05-30,27702.349609375,28044.759765625,27588.501953125,27745.123046875,13251081851,-0.0015702994220325468,-0.0015690671469931194,0.2622981006660939,0.30400656269379484,0.2961066968428308
2023-05-31,27219.658203125,27831.677734375,26866.453125,27700.529296875,15656371534,-0.017577792723265092,-0.01742420455507676,0.2569118225265038,0.3060055501348263,0.2951104619820102
2023-06-01,26819.97265625,27346.10546875,26671.720703125,27218.412109375,14678970415,-0.014792581991188054,-0.014683709247646393,0.261240136196116,0.3070612795819635,0.29184471791054845
2023-06-02,27249.58984375,27303.861328125,26574.64453125,26824.556640625,14837415000,0.01589161106579633,0.01601855426947596,0.26719125254115883,0.3075788543595913,0.28962284740714167
2023-06-03,27075.12890625,27317.052734375,26958.00390625,27252.32421875,8385597470,-0.006422915434419119,-0.0064023326039167605,0.2678082594196671,0.3064602335609151,0.2819082620589436
2023-06-04,27119.06640625,27407.01953125,26968.224609375,27075.123046875,9360912318,0.0016214839752998166,0.001622799291266075,0.2655682802579196,0.3064891841911567,0.2733929146549605
2023-06-05,25760.09765625,27129.982421875,25445.16796875,27123.109375,21513292646,-0.051410345698891795,-0.05011119223804861,0.321862719426426,0.32360211870207006,0.33199635863530413
2023-06-06,27238.783203125,27313.8203125,25434.8671875,25732.109375,21929670693,0.05581511856233619,0.057402171630208665,0.3795985593535731,0.34411880483278634,0.38821648395631714
2023-06-07,26345.998046875,27332.181640625,26146.98828125,27235.650390625,19530045082,-0.03332542412080894,-0.03277624957004588,0.3909404908313215,0.3506491433482817,0.39807203439842126
2023-06-08,26508.216796875,26797.513671875,26246.6640625,26347.654296875,11904824295,0.006138366063704449,0.0061572444403654725,0.3916102848658582,0.34963933496335725,0.38668252935634984
2023-06-09,26480.375,26770.2890625,26339.314453125,26505.923828125,11015551640,-0.001050860137740086,-0.0010503081775867784,0.38997107858789876,0.33585837348856723,0.37492488970611
2023-06-10,25851.240234375,26531.044921875,25501.8359375,26481.76171875,19872933189,-0.024045314677471934,-0.02375852931180167,0.3959467304080224,0.3358885441588168,0.3753353049926196
2023-06-11,25940.16796875,26203.439453125,25668.986328125,25854.03125,10732609603,0.0034340762243438776,0.0034399794195076883,0.39591119625653837,0.33611408962814177,0.3641459927580275
2023-06-12,25902.5,26087.919921875,25675.197265625,25934.28515625,11677889997,-0.0014531650030546537,-0.001452109670044499,0.39162992238889816,0.3353279321190306,0.3530978540429556
2023-06-13,25918.728515625,26376.3515625,25728.365234375,25902.94140625,14143474486,0.0006263269559741463,0.0006265231396582749,0.3744007408294001,0.33520288595463826,0.3423497337724207
2023-06-14,25124.67578125,26041.80078125,24902.15234375,25920.2578125,14265717766,-0.031115354032620144,-0.030636253390914137,0.38856683451476176,0.34018879296898175,0.35328430262413707
2023-06-15,25576.39453125,25735.30859375,24797.16796875,25121.673828125,15837384409,0.017819375410116443,0.017979087727655774,0.39324425458649637,0.34284285611164217,0.349459963785104
2023-06-16,26327.462890625,26463.173828125,25245.357421875,25575.283203125,16324646965,0.0289427732653721,0.029365685552642073,0.4078406112798553,0.3444712458715262,0.3570164061645361
2023-06-17,26510.67578125,26769.39453125,26174.4921875,26328.6796875,11090276850,0.0069349007932065195,0.006959002900740696,0.37282357257153825,0.33778075742919844,0.34718904834608216
2023-06-18,26336.212890625,26675.92578125,26325.890625,26510.45703125,9565695129,-0.006602603438313832,-0.006580854145875503,0.3715057638260109,0.32085331457370647,0.3375899407285188
2023-06-19,26851.029296875,26984.611328125,26312.83203125,26335.44140625,12826986222,0.019359247201741925,0.019547852547670663,0.3796202620380728,0.3212470545466517,0.3358506073148569
2023-06-20,28327.48828125,28388.96875,26668.791015625,26841.6640625,22211859147,0.05352849528514009,0.05498705349618893,0.4214346017218712,0.3321343717038397,0.386459862983209
2023-06-21,30027.296875,30737.330078125,28283.41015625,28311.310546875,33346760979,0.05827421320682117,0.06000562340273241,0.46080206405870344,0.35051167551540513,0.4378766003102659
2023-06-22,29912.28125,30495.998046875,29679.158203125,29995.935546875,20653160491,-0.0038377235796951737,-0.0038303689299371557,0.46030651906422393,0.3501263060476711,0.42479930706405916
2023-06-23,30695.46875,31389.5390625,29845.21484375,29896.3828125,24115570085,0.02584590576815378,0.02618280743799839,0.46423506013086696,0.3536036789658521,0.4239428123948087
2023-06-24,30548.6953125,30804.1484375,30290.146484375,30708.73828125,12147822496,-0.004793067902493928,-0.0047815994828226405,0.4656441223604989,0.34958856208122474,0.41145013915310036
2023-06-25,30480.26171875,31041.271484375,30327.943359375,30545.150390625,12703464114,-0.0022426607224285255,-0.002240147837737516,0.4152919517758177,0.3496124035823575,0.3990110154351031
2023-06-26,30271.130859375,30636.029296875,29955.744140625,30480.5234375,16493186997,-0.006884835938176551,-0.006861189753050945,0.37836731841259547,0.3421931118456662,0.3877807442570873
2023-06-27,30688.1640625,31006.787109375,30236.650390625,30274.3203125,16428827944,0.013682563415242948,0.013776598074988877,0.35052625505039686,0.3430958920910503,0.3797132140296955
2023-06-28,30086.24609375,30703.279296875,29921.822265625,30696.560546875,14571500779,-0.01980891791303767,-0.01961401038928634,0.36383659459214,0.3455947071252952,0.3761172463939721
2023-06-29,30445.3515625,30796.25,30057.203125,30086.1875,13180860821,0.011865197537731036,0.011935868224670187,0.3632492686874944,0.34638296031524524,0.3675662793178105
2023-06-30,30477.251953125,31256.86328125,29600.275390625,30441.353515625,26387306197,0.0010472432791648364,0.0010477918298796851,0.3453041309125578,0.3352984532001351,0.3563919947102501
2023-07-01,30590.078125,30641.2890625,30328.865234375,30471.84765625,9086606733,0.0036951443630783326,0.0037019798257575953,0.34525726837856247,0.33289892916220193,0.3458334693590564
2023-07-02,30620.76953125,30766.140625,30264.01953125,30587.26953125,10533418042,0.001002809469143997,0.0010033124506771962,0.3444514795400024,0.33221684539785207,0.3353206618967537
2023-07-03,31156.439453125,31375.61328125,30586.513671875,30624.515625,15271884873,0.017342426317960315,0.01749367929268808,0.3445798794852271,0.3336332342441431,0.33202565706005893
2023-07-04,30777.58203125,31325.197265625,30659.35546875,31156.865234375,12810828427,-0.012234379050443955,-0.012159843310882601,0.32098917597830134,0.33149313287900267,0.3254070324905919
2023-07-05,30514.166015625,30877.330078125,30225.61328125,30778.724609375,12481622280,-0.008595533521292817,-0.0085586975402272,0.32626610876709056,0.328832829555597,0.31725930485643766
2023-07-06,29909.337890625,31460.052734375,29892.2265625,30507.150390625,21129219509,-0.020020299639946313,-0.019821224171432172,0.3324587285180635,0.3298866758742297,0.3172925180014965
2023-07-07,30342.265625,30434.64453125,29777.28515625,29907.998046875,13384770155,0.01437090998029806,0.014474667943441766,0.3336695680357452,0.3258134213592762,0.3126606755450916
2023-07-08,30292.541015625,30374.4375,30080.16015625,30346.921875,7509378699,-0.0016401345457067653,-0.0016387902600796256,0.33149362669204063,0.32582738972075126,0.30320285218852067
2023-07-09,30171.234375,30427.58984375,30085.591796875,30291.611328125,7903327692,-0.004012544787339061,-0.004004505286051452,0.3303134565932533,0.3259734711759608,0.29437984169721126
2023-07-10,30414.470703125,31026.083984375,29985.39453125,30172.423828125,14828209155,0.008029538805166095,0.008061862007427312,0.27860682600056424,0.32229143336014554,0.28711454325126146
2023-07-11,30620.951171875,30788.314453125,30358.09765625,30417.6328125,12151839152,0.006765948365584515,0.006788889103658935,0.1904879852744218,0.32185240198636134,0.2796083681075341
2023-07-12,30391.646484375,30959.96484375,30228.8359375,30622.24609375,14805659717,-0.007516669538967959,-0.007488490028050299,0.19216205647811876,0.32241604602420204,0.2726614640863253
2023-07-13,31476.048828125,31814.515625,30268.3515625,30387.48828125,23686079548,0.03505911799946575,0.03568093437476372,0.21004298908800273,0.32936283874146266,0.29743611228620437
2023-07-14,30334.068359375,31582.25390625,29966.38671875,31474.720703125,20917902660,-0.036955452769762046,-0.036280934592069825,0.24962401525344116,0.3388116057528983,0.322194992882288
2023-07-15,30295.806640625,30407.78125,30263.462890625,30331.783203125,8011667756,-0.0012621409438578614,-0.001261344778969442,0.249549797189924,0.3385074347222177,0.3124181857519124
2023-07-16,30249.1328125,30437.560546875,30089.669921875,30297.47265625,8516564470,-0.0015417915284865274,-0.001540603578530031,0.24839892614656223,0.3377367823023805,0.3029599932210509
2023-07-17,30145.888671875,30336.400390625,29685.783203125,30249.626953125,13240156074,-0.003418965294113633,-0.0034131272874816654,0.24323568128669304,0.3346386314566423,0.2940313157080831
2023-07-18,29856.5625,30233.65625,29556.427734375,30147.0703125,13138897269,-0.009643886494910275,-0.009597533349379406,0.23529683187454684,0.335478931389798,0.2875297871291125
2023-07-19,29913.923828125,30184.181640625,29794.26953125,29862.046875,12128602812,0.0019193869502834365,0.0019212301525000086,0.2310401377434942,0.3351510000248626,0.27887036156043465
2023-07-20,29792.015625,30195.53125,29638.095703125,29915.25,14655207121,-0.004083626307646249,-0.0040752996439197275,0.23119014639984464,0.3337999723633848,0.2708407262972145
2023-07-21,29908.744140625,30045.998046875,29733.8515625,29805.111328125,10972789818,0.003910458253167224,0.0039181140710413676,0.23125109012989878,0.3338069220237876,0.2630297080906013
2023-07-22,29771.802734375,29991.615234375,29664.12109375,29908.697265625,7873300598,-0.004589155219131938,-0.004578641136054662,0.23142009085631193,0.3331016496178187,0.25564033743481807
2023-07-23,30084.5390625,30330.640625,29741.52734375,29790.111328125,9220145050,0.010449658783391701,0.010504447141318263,0.22522424308856095,0.32558056341928276,0.25116109804454756
2023-07-24,29176.916015625,30093.39453125,28934.294921875,30081.662109375,15395817395,-0.030633538164858885,-0.03016908602087709,0.2451697748242344,0.3323826933270697,0.271082640328395
2023-07-25,29227.390625,29353.16015625,29062.43359375,29178.970703125,10266772793,0.0017284554802405464,0.0017299501204297574,0.2445987623866261,0.3320132957825673,0.26291029248848063
2023-07-26,29354.97265625,29675.552734375,29113.912109375,29225.759765625,13497554655,0.004355653333464597,0.004365152978824893,0.23614199096896096,0.3319593154241421,0.2554630402385654
2023-07-27,29210.689453125,29560.966796875,29099.3515625,29353.798828125,10770779217,-0.004927238584293436,-0.004915119656712763,0.22939062548378383,0.31994190739227574,0.24842053368202327
2023-07-28,29319.24609375,29521.513671875,29125.845703125,29212.1640625,11218474952,0.0037094442045335473,0.0037163327075591113,0.23025544731785277,0.31887634730709274,0.2412841617332654
2023-07-29,29356.91796875,29396.84375,29264.166015625,29319.4453125,6481775959,0.0012840607690722545,0.001284885528077373,0.2302970005855821,0.3188348168968687,0.23398695249832244
2023-07-30,29275.30859375,29443.169921875,29059.501953125,29357.09375,8678454527,-0.0027837737874393067,-0.002779902682116475,0.227627814975259,0.3165932197855354,0.2271168667848329
2023-07-31,29230.111328125,29489.873046875,29131.578125,29278.314453125,11656781982,-0.0015450628224417467,-0.0015438698273756435,0.2253271461634259,0.31489209324554474,0.22027991660758445
2023-08-01,29675.732421875,29675.732421875,28657.0234375,29230.873046875,18272392391,0.01513023382608844,0.015245275282999904,0.2326270672962211,0.3147466197168239,0.22152466605902651
2023-08-02,29151.958984375,29987.998046875,28946.509765625,29704.146484375,19212655598,-0.01780750751690934,-0.01764989082843693,0.19619879847244395,0.31681646840005206,0.2256622470652921
2023-08-03,29178.6796875,29375.70703125,28959.48828125,29161.8125,12780357746,0.0009161807791750279,0.0009166006009861949,0.1526212783996377,0.31681606015844554,0.21881666824145704
2023-08-04,29074.091796875,29302.078125,28885.3359375,29174.3828125,12036639988,-0.0035908335462961935,-0.0035843942133476636,0.15270758708907825,0.29745166144483665,0.2126096160005453
2023-08-05,29042.126953125,29102.46484375,28957.796875,29075.388671875,6598366353,-0.0011000318899209226,-0.0010994270766331304,0.15273544516391882,0.27554776462210673,0.2061770456373528
2023-08-06,29041.85546875,29160.822265625,28963.833984375,29043.701171875,7269806994,-9.347994530765627e-06,-9.347950838400898e-06,0.15280548438202607,0.2660826438900712,0.19989606554443104
2023-08-07,29180.578125,29244.28125,28724.140625,29038.513671875,13618163710,0.004765273802377892,0.004776645775930843,0.1516328336376918,0.2659980024421931,0.19469019814885052
2023-08-08,29765.4921875,30176.796875,29113.814453125,29180.01953125,17570561357,0.01984638697905339,0.020044635853149417,0.16881685911287098,0.26854366663054285,0.20392515413968468
2023-08-09,29561.494140625,30093.435546875,29376.80078125,29766.6953125,18379521213,-0.006877101417061734,-0.006853508270246889,0.16994594806941057,0.2637069790786941,0.19951299101265776
2023-08-10,29429.591796875,29688.564453125,29354.447265625,29563.97265625,11865344789,-0.004471948989328098,-0.004461964714047806,0.16973830903754306,0.2640509942408378,0.19421504134239118
2023-08-11,29397.71484375,29517.7734375,29253.517578125,29424.90234375,10195168197,-0.0010837469218066252,-0.001083159880198692,0.16915756699399395,0.2640308259331809,0.18834561820853132
2023-08-12,29415.96484375,29465.11328125,29357.587890625,29399.787109375,6194358008,0.0006206039371356436,0.0006207965516027425,0.1641408072634063,0.2640309635179129,0.1826237964808093
2023-08-13,29282.9140625,29441.43359375,29265.806640625,29416.59375,7329897180,-0.004533340724443713,-0.004523080645381872,0.12286037668956151,0.25521676016316497,0.1779356563250704
2023-08-14,29408.443359375,29660.25390625,29124.10546875,29283.263671875,14013695304,0.004277614074716283,0.004286776125049352,0.12361701626110108,0.25325825062249985,0.17331502362682638
2023-08-15,29170.34765625,29439.12109375,29088.853515625,29408.048828125,12640195779,-0.008129120118753778,-0.008096168172366025,0.126114624256143,0.24795792133160707,0.17098239789442324
2023-08-16,28701.779296875,29221.9765625,28701.779296875,29169.07421875,14949271904,-0.016193584838703763,-0.016063173634291772,0.1374135151987003,0.2503943517027031,0.17732972756438525
2023-08-17,26664.55078125,28745.947265625,25409.111328125,28699.802734375,31120851211,-0.07362412009606191,-0.07097917151940503,0.29124621489581126,0.29342994569637826,0.33394192544117035
2023-08-18,26049.556640625,26808.1953125,25668.921875,26636.078125,24026236529,-0.023334248653811243,-0.02306411031148714,0.2975285751804344,0.29457009335968326,0.33624220861770426
2023-08-19,26096.205078125,26249.44921875,25802.408203125,26047.83203125,10631443812,0.0017891559507894222,0.0017907574452629138,0.29862018047519434,0.27227411936784995,0.32607314179409297
2023-08-20,26189.583984375,26260.681640625,26004.314453125,26096.861328125,9036580420,0.003571869420107809,0.00357825614760654,0.30012390725376237,0.2425515645899253,0.31644458745403664
2023-08-21,26124.140625,26220.201171875,25846.087890625,26188.69140625,13371557893,-0.002501958864606914,-0.002498831574187843,0.29042436370003577,0.24253034944984495,0.3069586201125489
2023-08-22,26031.65625,26135.5078125,25520.728515625,26130.748046875,14503820706,-0.0035464695192522202,-0.0035401882238949023,0.2873733764007014,0.23535791689863902,0.29792675237045596
2023-08-23,26431.640625,26786.8984375,25804.998046875,26040.474609375,16985265785,0.015248455549160829,0.015365306423789304,0.29609456311525195,0.23818058013938884,0.2948734670811257
2023-08-24,26162.373046875,26554.91015625,25914.92578125,26431.51953125,12871532023,-0.01023956576112509,-0.01018731988472621,0.29663168953026703,0.23871943170619356,0.28864970525295947
2023-08-25,26047.66796875,26248.103515625,25786.8125,26163.6796875,12406045118,-0.004393992436939317,-0.004384352975912553,0.2962468000973838,0.23858060188314925,0.2803773485955055
2023-08-26,26008.462890625,26107.384765625,25983.87890625,26047.234375,6034817316,-0.0015062619864454853,-0.0015051281432193475,0.29593026833107167,0.23619780798969614,0.27189901578659065
2023-08-27,26089.693359375,26165.373046875,25965.09765625,26008.2421875,6913768611,0.003118365040993392,0.0031232321991347956,0.2952283103869034,0.23378968353800977,0.2638946005710812
2023-08-28,26106.150390625,26198.578125,25880.599609375,26089.615234375,11002805166,0.0006305878251208892,0.0006307866874213364,0.28078918459318347,0.23199363318634605,0.25586705714088076
2023-08-29,27727.392578125,28089.337890625,25912.62890625,26102.486328125,29368391712,0.060249892570851026,0.062101924766441385,0.3674942971661984,0.26526876033226765,0.3412128707166553
2023-08-30,27297.265625,27760.16015625,27069.20703125,27726.083984375,16343655235,-0.015634289371322937,-0.015512708305083889,0.37013219648644563,0.26658278649249295,0.3363576170340585
2023-08-31,25931.47265625,27456.078125,25752.9296875,27301.9296875,20181001451,-0.05132914544958933,-0.0500340578984273,0.4064970881350203,0.2850820921102535,0.3823409984217063
2023-09-01,25800.724609375,26125.869140625,25362.609375,25934.021484375,17202862221,-0.005054814300673318,-0.005042060225742162,0.4057190146712361,0.28201167181835884,0.3712140812005774
2023-09-02,25868.798828125,25970.28515625,25753.09375,25800.91015625,10100387473,0.0026349868784771645,0.0026384615075991658,0.40698908891727364,0.28161053265526076,0.3600512199023102
2023-09-03,25969.56640625,26087.1484375,25817.03125,25869.47265625,8962524523,0.0038877655416867615,0.0038953327054152,0.4068583280936891,0.2816934308855078,0.3494097919006692
2023-09-04,25812.416015625,26081.525390625,25657.025390625,25968.169921875,10680635106,-0.006069712504034206,-0.006051329012069284,0.4067956815803377,0.27946922979599914,0.3395865318779811
2023-09-05,25779.982421875,25858.375,25589.98828125,25814.95703125,11094740040,-0.0012573014244295709,-0.0012565113521479931,0.40533992365897803,0.2772770025409951,0.32927765438128787
2023-09-06,25753.236328125,25953.015625,25404.359375,25783.931640625,12752705327,-0.001038013801593385,-0.0010374752516241204,0.31506109193122944,0.27728972424779824,0.3192720448784313
2023-09-07,26240.1953125,26409.302734375,25608.201171875,25748.3125,11088307100,0.01873210550195057,0.018908652030005024,0.3121898296542426,0.2807283700271478,0.3180000691566453
2023-09-08,25905.654296875,26414.005859375,25677.48046875,26245.208984375,10817356400,-0.012831149860508746,-0.012749181613965876,0.31559990476328825,0.28069674277082995,0.3123234446124161
2023-09-09,25895.677734375,25921.9765625,25810.494140625,25905.42578125,5481314132,-0.00038518556307899995,-0.0003851113886439439,0.31525736490785833,0.2800513562995953,0.3028125184569015
2023-09-10,25832.2265625,25978.130859375,25640.26171875,25895.2109375,7899553047,-0.0024532679048573473,-0.0024502611024840304,0.3152534429904723,0.2798788082416143,0.2937425677837028
2023-09-11,25162.654296875,25883.947265625,24930.296875,25831.71484375,14600006467,-0.026261881067480307,-0.02592003689674205,0.3281533283965682,0.27265594186144576,0.3025486286304649
2023-09-12,25833.34375,26451.939453125,25133.078125,25160.658203125,18657279324,0.0263051279529175,0.026654161568650414,0.3379276830894925,0.2705456657323879,0.3106540903401872
2023-09-13,26228.32421875,26376.11328125,25781.123046875,25837.5546875,13072077070,0.015173852958685846,0.01528956036711282,0.34088372600841077,0.272998477340653,0.30691517185729766
2023-09-14,26539.673828125,26774.623046875,26171.451171875,26228.27734375,13811359124,0.011800835130971608,0.011870739692642074,0.3428770303604684,0.2745432842713706,0.301082570344454
2023-09-15,26608.693359375,26840.498046875,26240.701171875,26533.818359375,11479735788,0.0025972414093191217,0.0026006171627044328,0.3427988107876886,0.2747041718789567,0.29208503169271877
2023-09-16,26568.28125,26754.76953125,26473.890625,26606.19921875,7402031417,-0.0015199103541191222,-0.001518755875352329,0.34283929707311717,0.27425293285091107,0.28324860974445554
2023-09-17,26534.1875,26617.998046875,26445.07421875,26567.927734375,6774210670,-0.0012840741866492755,-0.0012832501161511578,0.34292726462074336,0.2741387035999635,0.27466510332798216
2023-09-18,26754.28125,27414.734375,26415.515625,26532.994140625,15615339655,0.008260511389751386,0.008294723552398242,0.2639832871708771,0.2749038147736372,0.26822787494798983
2023-09-19,27211.1171875,27488.763671875,26681.60546875,26760.8515625,13807690550,0.016931102662432373,0.017075246134672373,0.2666216500234033,0.2773418108516914,0.2682606090243942
2023-09-20,27132.0078125,27379.505859375,26864.08203125,27210.228515625,13281116604,-0.0029114788993918343,-0.00290724465500225,0.1868253301084721,0.2772852511781038,0.2603345865203861
2023-09-21,26567.6328125,27152.939453125,26389.30078125,27129.83984375,13371443708,-0.021020467716698094,-0.02080107760178318,0.2030137151113588,0.2789650150929971,0.2653084530794498
2023-09-22,26579.568359375,26726.078125,26495.533203125,26564.056640625,10578746709,0.0004491505408555205,0.0004492514240630463,0.2029948412638194,0.2725721430833339,0.2572320178561686
2023-09-23,26579.390625,26634.185546875,26520.51953125,26578.556640625,7404700301,-6.686902016047694e-06,-6.686879658768241e-06,0.2028210672541516,0.2725060845393277,0.2493956956842289
2023-09-24,26256.826171875,26716.05859375,26221.05078125,26579.373046875,8192867686,-0.012210127075315798,-0.01213588594546644,0.20685537595513262,0.2730783576337098,0.2464153379085505
2023-09-25,26298.48046875,26421.5078125,26011.46875,26253.775390625,11997833257,0.001585160786217759,0.0015864178176880905,0.20671669849552826,0.2730919681650481,0.23898803355006842
2023-09-26,26217.25,26389.884765625,26090.712890625,26294.7578125,9985498161,-0.003093569595525136,-0.0030887894396227633,0.20711330262218158,0.27286683740577844,0.23201953448513202
2023-09-27,26352.716796875,26817.841796875,26111.46484375,26209.498046875,11718380997,0.005153782852789497,0.005167086436411061,0.1969609191318729,0.2731725859558663,0.2258421795468339
2023-09-28,27021.546875,27259.5,26327.322265625,26355.8125,14079002707,0.02506320623495958,0.02537992888096885,0.20922255509247192,0.27865028132517294,0.23967113505211968
2023-09-29,26911.720703125,27225.9375,26721.763671875,27024.841796875,10396435377,-0.004072674570297436,-0.004064392478456136,0.21021261701410637,0.2787065561020685,0.23290879840026008
2023-09-30,26967.916015625,27091.794921875,26888.96875,26911.689453125,5331172801,0.002085958120685116,0.0020881352448591795,0.20957543903762726,0.27668134997301536,0.2259590855347276
2023-10-01,27983.75,28047.23828125,26965.09375,26967.396484375,9503917434,0.036976120856382695,0.037668241913332734,0.21598059149372326,0.28560548917282724,0.2620431807183055
2023-10-02,27530.78515625,28494.458984375,27347.787109375,27976.798828125,19793041322,-0.01631914578851585,-0.016186709920936293,0.21402048393979814,0.2873723807938941,0.2618650537559815
2023-10-03,27429.978515625,27667.19140625,27216.001953125,27508.251953125,11407814187,-0.0036683170659445614,-0.003661597010505724,0.21043857513376735,0.2873754441570132,0.25428796871531645
2023-10-04,27799.39453125,27826.658203125,27248.10546875,27429.07421875,11143355314,0.013377719302482879,0.013467601347721292,0.21146075560245156,0.2888752828100483,0.25196935325997233
2023-10-05,27415.912109375,28091.861328125,27375.6015625,27798.646484375,11877253670,-0.013890662255842758,-0.01379463216164356,0.2191326964566107,0.29012567677469536,0.25019323174628627
2023-10-06,27946.59765625,28252.537109375,27215.552734375,27412.123046875,13492391599,0.019171883788155934,0.01935684447622399,0.22750695173967822,0.29282971156667886,0.2537683555412467
2023-10-07,27968.83984375,28028.091796875,27870.423828125,27946.78125,6553044316,0.0007955652201821253,0.0007958817661306572,0.22716418100335828,0.28970085041144394,0.2460569962200585
2023-10-08,27935.08984375,28102.169921875,27740.662109375,27971.677734375,7916875290,-0.0012074286830624696,-0.001206700034343422,0.2265384484083228,0.2894456309965914,0.2386073047330295
2023-10-09,27583.677734375,27989.470703125,27302.5625,27934.47265625,12007668568,-0.012659387727925962,-0.012579594744121514,0.2252943218891503,0.29035688633885104,0.23651759299479203
2023-10-10,27391.01953125,27715.84765625,27301.654296875,27589.201171875,9973350678,-0.0070090060125914885,-0.006984500217130485,0.22662621328636615,0.29061105873474896,0.2309262330429122
2023-10-11,26873.3203125,27474.115234375,26561.099609375,27392.076171875,13648094333,-0.019081220842271783,-0.018900326735168282,0.22427900563145253,0.292886156748539,0.2358652064041643
2023-10-12,26756.798828125,26921.439453125,26558.3203125,26873.29296875,9392909295,-0.00434538164717781,-0.0043359541366684295,0.22495853295764928,0.29287811391876606,0.22930318982179004
2023-10-13,26862.375,27092.697265625,26686.322265625,26752.87890625,15165312851,0.0039380057832304975,0.003945769916393171,0.22531519090424357,0.2928503071210739,0.22284441877838942
2023-10-14,26861.70703125,26969.0,26814.5859375,26866.203125,5388116782,-2.4866641728645306e-05,-2.4866332556272575e-05,0.2202724498643439,0.2925386529103295,0.21605570168659646
2023-10-15,27159.65234375,27289.169921875,26817.89453125,26858.01171875,7098201980,0.011030760315870677,0.011091823470242623,0.22306043579223397,0.29196806096444033,0.2138200848268952
2023-10-16,28519.466796875,29448.138671875,27130.47265625,27162.62890625,27833876539,0.04885439730476576,0.05006744695824206,0.27798430575840016,0.2686684805661365,0.2811824661165021
2023-10-17,28415.748046875,28618.751953125,28110.185546875,28522.09765625,14872527508,-0.0036433994327744555,-0.0036367703063566736,0.2793381413427381,0.26400323024638733,0.27298438199063463
2023-10-18,28328.341796875,28889.009765625,28174.251953125,28413.53125,12724128586,-0.0030807197496875486,-0.0030759792019486865,0.26853757541339246,0.2641650294720895,0.2649391361330052
2023-10-19,28719.806640625,28892.474609375,28177.98828125,28332.416015625,14448058195,0.013724231161473081,0.013818840741083749,0.2703068295702496,0.26534355113009633,0.26235300924656635
2023-10-20,29682.94921875,30104.0859375,28601.669921875,28732.8125,21536125230,0.03298576898255148,0.033535830870205396,0.2900708456826169,0.2728958716559647,0.28486985979264895
2023-10-21,29918.412109375,30287.482421875,29481.751953125,29683.380859375,11541146996,0.007901299916077796,0.007932597562652743,0.2645255843114259,0.27288753419814843,0.277895189896276
2023-10-22,29993.896484375,30199.43359375,29720.3125,29918.654296875,10446520040,0.002519829955235934,0.002523007395046406,0.25420488495710314,0.27155527051399037,0.2696074877737041
2023-10-23,33086.234375,34370.4375,30097.828125,30140.685546875,38363572311,0.09812340552916099,0.10309890521346299,0.41677567782096725,0.33411343613808925,0.46249900608644423
2023-10-24,33901.52734375,35150.43359375,32880.76171875,33077.3046875,44934999645,0.024342751787773464,0.02464145540134477,0.4199778636358696,0.3362452796708603,0.4582910239246032
2023-10-25,34502.8203125,35133.7578125,33709.109375,33916.04296875,25254318008,0.017581001125127033,0.017736456610143003,0.41107367848849535,0.3370894546923407,0.4495578804267174
2023-10-26,34156.6484375,34832.91015625,33762.32421875,34504.2890625,19427195376,-0.010083818433932462,-0.010033147199696724,0.4169039744318892,0.33843889822708795,0.43762267251934023
2023-10-27,33909.80078125,34238.2109375,33416.88671875,34156.5,16418032871,-0.007253169256571986,-0.007226928505637331,0.4202349584861776,0.33920770625029456,0.4252272654386951
2023-10-28,34089.57421875,34399.390625,33874.8046875,33907.72265625,10160330825,0.0052875149613998505,0.005301518539129857,0.41864266708379694,0.3186034443446048,0.41278548398758363
2023-10-29,34538.48046875,34743.26171875,33947.56640625,34089.37109375,11160323986,0.013082482218137433,0.013168432293093613,0.4100838723811786,0.31668895956164184,0.4034304806520556
2023-10-30,34502.36328125,34843.93359375,34110.97265625,34531.7421875,17184860315,-0.001046255776520464,-0.0010457086417764438,0.4070994126496126,0.2952608470806143,0.39116151993950815
2023-10-31,34667.78125,34719.25390625,34083.30859375,34500.078125,15758270810,0.004782938801692802,0.004794395311462418,0.3918177016226464,0.29455165267361527,0.37970091826942404
2023-11-01,35437.25390625,35527.9296875,34170.69140625,34657.2734375,22446272005,0.021952875620689455,0.022195613001625203,0.3877123373483331,0.29656430790780774,0.3779010224444877
2023-11-02,34938.2421875,35919.84375,34401.57421875,35441.578125,20998158544,-0.014181643038139046,-0.014081557224217889,0.3991458563463777,0.2992177591407395,0.3705152507894151
2023-11-03,34732.32421875,34942.47265625,34133.44140625,34942.47265625,17158456701,-0.005911206955145199,-0.005893770145759425,0.40225616864624475,0.2991930143144025,0.3599624794372448
2023-11-04,35082.1953125,35256.03125,34616.69140625,34736.32421875,9561294264,0.010022958693683921,0.010073356782761111,0.4023324687621978,0.2990870205244011,0.351165997905832
2023-11-05,35049.35546875,35340.33984375,34594.2421875,35090.01171875,12412743996,-0.0009365213169939803,-0.0009360829177728069,0.3814268098203331,0.29907814573234237,0.34048754152157445
2023-11-06,35037.37109375,35286.02734375,34765.36328125,35044.7890625,12693436420,-0.0003419870125084872,-0.0003419285416157436,0.38000251757810244,0.2979271108207785,0.3301175977388761
2023-11-07,35443.5625,35892.41796875,34545.81640625,35047.79296875,18834737789,0.011526405303600254,0.011593090279608864,0.3766144191836306,0.29593910356936487,0.3231838236782945
2023-11-08,35655.27734375,35994.41796875,35147.80078125,35419.4765625,17295394918,0.005955525293475274,0.005973294692089626,0.37693434067038045,0.2957109331724911,0.3141929300138443
2023-11-09,36693.125,37926.2578125,35592.1015625,35633.6328125,37762672382,0.02869223982446583,0.029107827327892632,0.3738806841710907,0.2990790067121049,0.3244096548836836
2023-11-10,37313.96875,37493.80078125,36362.75390625,36702.25,22711265155,0.01677834605033404,0.01691989303173269,0.3743581139583381,0.2922710343121377,0.321222044264025
2023-11-11,37138.05078125,37407.09375,36773.66796875,37310.0703125,13924272142,-0.004725682318407844,-0.0047145338500075296,0.37741742736896583,0.29023164446328104,0.3119779584639151
2023-11-12,37054.51953125,37227.69140625,36779.1171875,37133.9921875,11545715999,-0.002251742592082081,-0.002249209321512735,0.19123848578560032,0.29008885551171126,0.3026005541719192
2023-11-13,36502.35546875,37405.1171875,36399.60546875,37070.3046875,19057712790,-0.015013537055029228,-0.014901395821212304,0.19127979545929447,0.2928950244436609,0.2991341051116921
2023-11-14,35537.640625,36753.3515625,34948.5,36491.7890625,23857403554,-0.02678435783979465,-0.026428838121854925,0.21224420466164454,0.3001578002694624,0.3081549215295024
2023-11-15,37880.58203125,37964.89453125,35383.78125,35548.11328125,27365821679,0.06384619927627835,0.06592844558740318,0.30206262562918934,0.3232624887962539,0.38845348011431113
2023-11-16,36154.76953125,37934.625,35545.47265625,37879.98046875,26007385366,-0.046629756190665436,-0.04555929205565723,0.3517936510968134,0.34047361027351203,0.4179931487185478
2023-11-17,36596.68359375,36704.484375,35901.234375,36164.82421875,22445028430,0.01214874696667944,0.012222842746045792,0.3531726456958575,0.3407181882853999,0.40800339198633695
2023-11-18,36585.703125,36839.28125,36233.3125,36625.37109375,11886022717,-0.000300085015663709,-0.000300039994658885,0.35157211209241057,0.34001802642978174,0.3955756860215078
2023-11-19,37386.546875,37509.35546875,36414.59765625,36585.765625,12915986553,0.021653391391504333,0.021889527372586093,0.357395792195005,0.34132153654568276,0.39265840201561825
2023-11-20,37476.95703125,37756.8203125,36882.53125,37374.07421875,20888209068,0.002415334454994771,0.0024182537251242753,0.3574270550445862,0.33694099372615616,0.3808122780345417
2023-11-21,35813.8125,37631.140625,35813.8125,37469.16015625,25172163756,-0.045392621921948366,-0.04437779006078835,0.3906950641079725,0.3527391173474323,0.4092328460973946
2023-11-22,37432.33984375,37856.98046875,35670.97265625,35756.5546875,24397247860,0.04420138946783627,0.045192824521265385,0.41570340128866284,0.36159898248682104,0.4323934839801498
2023-11-23,37289.62109375,37643.91796875,36923.86328125,37420.43359375,14214948217,-0.003819999415433914,-0.003812712499291715,0.41514487182750437,0.3602295879069119,0.4194841051930995
2023-11-24,37720.28125,38415.33984375,37261.60546875,37296.31640625,22922957823,0.01148288092363248,0.011549062275727495,0.4154788903727405,0.36030058769774975,0.40914859249444774
2023-11-25,37796.79296875,37892.4296875,37617.41796875,37721.4140625,9099571165,0.002026342935600158,0.0020283973558654633,0.4151804357780288,0.3599005298932363,0.3967625236952822
2023-11-26,37479.12109375,37820.30078125,37162.75,37796.828125,13744796068,-0.00844024984109134,-0.008404730932136117,0.4172351503855539,0.3611288515549469,0.38607303194511344
2023-11-27,37254.16796875,37559.35546875,36750.12890625,37454.19140625,19002925720,-0.00602017674392167,-0.006002091789647501,0.4173336749864368,0.35968841113362504,0.3750429706838394
2023-11-28,37831.0859375,38368.48046875,36891.08984375,37247.9921875,21696137014,0.015367313611233842,0.01548599794884531,0.4197004321667138,0.35971915022891654,0.3684948432495399
2023-11-29,37858.4921875,38366.11328125,37612.6328125,37826.10546875,20728546658,0.0007241750284948421,0.0007244373065387055,0.4085524547531515,0.35978802090507306,0.35728010286752304
2023-11-30,37712.74609375,38141.75390625,37531.140625,37861.1171875,18115982627,-0.0038571889984724806,-0.0038497596002547985,0.4049098924563677,0.354294461176559,0.3467204660012322
2023-12-01,38688.75,38954.109375,37629.359375,37718.0078125,23512784002,0.02555073011462817,0.025879947957747618,0.4138596130480596,0.3539379073876187,0.350532615557312
2023-12-02,39476.33203125,39678.9375,38652.59375,38689.27734375,15534035612,0.020152443138720524,0.020356874575942596,0.4183904399922283,0.3546193425531393,0.3487710949575794
2023-12-03,39978.390625,40135.60546875,39298.1640625,39472.20703125,15769696322,0.012637770520489717,0.012717964611113297,0.41394483454817055,0.3545574311333963,0.341698206495747
2023-12-04,41980.09765625,42371.75,39978.62890625,39978.62890625,39856129827,0.04885656688656327,0.05006972516793251,0.424940026702081,0.3627064559063983,0.38189409798730456
2023-12-05,44080.6484375,44408.6640625,41421.1484375,41986.265625,36312154535,0.04882523455973004,0.05003682455553493,0.40161740922325484,0.37189615035355433,0.4160975093937143
2023-12-06,43746.4453125,44265.76953125,43478.08203125,44080.0234375,29909761586,-0.007610515703398493,-0.007581629055975703,0.35266398984899733,0.3729501458212998,0.40450544955194456
2023-12-07,43292.6640625,44042.58984375,42880.6484375,43769.1328125,27635760671,-0.010427160036986542,-0.010372985662227885,0.3594795468539333,0.3743408740635514,0.3942728893427924
2023-12-08,44166.6015625,44705.515625,43125.296875,43293.13671875,24421116687,0.01998568323480024,0.02018673414826888,0.3601782040325692,0.3728814394117414,0.3900812593729941
2023-12-09,43725.984375,44361.2578125,43627.59765625,44180.01953125,17368210171,-0.010026349184727985,-0.009976252913108663,0.3634415459827879,0.3734457007144077,0.38020200429528
2023-12-10,43779.69921875,44034.625,43593.28515625,43728.3828125,13000481418,0.001227688266422679,0.0012284421841561866,0.36370064948095626,0.36950135920521965,0.36865042976965245
2023-12-11,41243.83203125,43808.375,40234.578125,43792.01953125,40632672038,-0.05966864669683699,-0.05792335792051162,0.39367385957177203,0.39406048722518233,0.4261236952746276
2023-12-12,41450.22265625,42048.3046875,40667.5625,41238.734375,24779520132,0.004991678164292342,0.005004157345118276,0.368399702729077,0.39402901266543733,0.41359794757660373
2023-12-13,42890.7421875,43429.78125,40676.8671875,41468.46484375,26797884674,0.03416274957103686,0.03475299863154757,0.3806718433252358,0.3975540473121912,0.4224285970362274
2023-12-14,43023.97265625,43390.859375,41767.08984375,42884.26171875,25578530178,0.003101461159203954,0.0031062756659134827,0.38052444414458086,0.39761086900243126,0.4097372385145694
2023-12-15,41929.7578125,43087.82421875,41692.96875,43028.25,19639442462,-0.025761678809584642,-0.025432678020983368,0.39734534066048177,0.39398657844965357,0.40969028480761666
2023-12-16,42240.1171875,42664.9453125,41723.11328125,41937.7421875,14386729590,0.007374628549158558,0.007401888090740938,0.3941031278300503,0.3934308011344484,0.3982432235568118
2023-12-17,41364.6640625,42359.49609375,41274.54296875,42236.109375,16678702876,-0.02094342240847231,-0.02072563201266564,0.40357581951134847,0.3969964490318995,0.39460593579942843
2023-12-18,42623.5390625,42720.296875,40530.2578125,41348.203125,25224642008,0.029979669511789556,0.030433584522719714,0.41169397126130686,0.3996818842363223,0.3999507173698783
2023-12-19,42270.52734375,43354.296875,41826.3359375,42641.51171875,23171001281,-0.008316570718615267,-0.008282083715112631,0.4144615023390162,0.39698104587533956,0.38911273663912305
2023-12-20,43652.25,44275.5859375,42223.81640625,42261.30078125,27868908174,0.032164737244750545,0.032687613405284255,0.4232913329786831,0.40060332343534394,0.3974505022954441
2023-12-21,43869.15234375,44240.66796875,43330.05078125,43648.125,22452766169,0.0049565656400486135,0.0049688697318006625,0.4177993883752645,0.4005363290930915,0.3858242461506556
2023-12-22,43997.90234375,44367.95703125,43441.96875,43868.98828125,21028503216,0.0029305657871948458,0.002934864092908329,0.4146775139904982,0.35192351000599886,0.3742440137210674
2023-12-23,43739.54296875,44015.69921875,43351.35546875,44012.19921875,13507796558,-0.005889392398977758,-0.005872083923035065,0.415615490247849,0.350184348948526,0.363564991759751
2023-12-24,43016.1171875,43945.5234375,42786.91796875,43728.3671875,18830554085,-0.016677702596480784,-0.01653939964043194,0.38695446356568275,0.35164770334971296,0.3584052133959399
2023-12-25,43613.140625,43765.09375,42765.76953125,43010.57421875,21115795370,0.013783631646973108,0.013879063861056418,0.34778480276666623,0.3510602970521057,0.35159588352380206
2023-12-26,42520.40234375,43603.17578125,41676.48828125,43599.84765625,30026850982,-0.025374479539831175,-0.025055253200995553,0.35814140073100265,0.35549384025192116,0.3548770382490529
2023-12-27,43442.85546875,43683.16015625,42167.58203125,42518.46875,25260941032,0.021462391204340153,0.021694364920222586,0.365322593664224,0.3573292543285197,0.3540427081459264
2023-12-28,42627.85546875,43804.78125,42318.55078125,43468.19921875,22992093014,-0.018938483263033618,-0.01876027694786908,0.36344740885469956,0.35988532566055764,0.35106765302742304
2023-12-29,42099.40234375,43124.32421875,41424.0625,42614.64453125,26000021055,-0.01247437935200907,-0.012396896798793966,0.36428762727218356,0.3612623733673803,0.3438115944847493
2023-12-30,42156.90234375,42584.125,41556.2265625,42091.75390625,16013925945,0.001364883236683238,0.0013658151137276864,0.36430355270047604,0.36127103616317774,0.3333799557479627
2023-12-31,42265.1875,42860.9375,41998.25390625,42152.09765625,16397498810,0.0025653289520551383,0.002568622223877659,0.29348290046798425,0.3591651124235802,0.32337774598732427
2024-01-01,44167.33203125,44175.4375,42214.9765625,42280.234375,18426978443,0.044021664837326654,0.0450049945064126,0.33049656071769734,0.3670374302076936,0.35721132410186374
2024-01-02,44957.96875,45899.70703125,44176.94921875,44187.140625,39335274536,0.01774260401360504,0.017900939051301412,0.31484571438454884,0.3675358199436766,0.3531341249724051
2024-01-03,42848.17578125,45503.2421875,40813.53515625,44961.6015625,46342323118,-0.04806495357875531,-0.04692812036242189,0.36207680286041305,0.3826420445699739,0.3900670619473613
2024-01-04,44179.921875,44770.0234375,42675.17578125,42855.81640625,30448091210,0.030607357718285957,0.03108057856532498,0.36458378937400976,0.38657934150760564,0.3964690990307795
2024-01-05,44162.69140625,44353.28515625,42784.71875,44192.98046875,32336029347,-0.0003900828451526924,-0.0003900067727314882,0.3642806677463525,0.3865815862125665,0.3843940457736666
2024-01-06,43989.1953125,44227.6328125,43475.15625,44178.953125,16092503468,-0.00393630412750998,-0.003928567037593367,0.3548133553388473,0.3865702840940381,0.3729980323973019
2024-01-07,43943.09765625,44495.5703125,43662.23046875,43998.46484375,19330573863,-0.0010484808007761193,-0.0010479313368322307,0.3404109207095045,0.3866544833906213,0.361657990149818
2024-01-08,46970.50390625,47218.0,43244.08203125,43948.70703125,42746192015,0.06662426635587364,0.06889378335779228,0.4087539889069873,0.40461494066911424,0.4359624523795879
2024-01-09,46139.73046875,47893.69921875,45244.71484375,46987.640625,39821290992,-0.01784541710643821,-0.017687130611972357,0.40362907820931226,0.4062055571489841,0.4283393083020524
2024-01-10,46627.77734375,47647.22265625,44483.15234375,46121.5390625,50114613298,0.01052203275194838,0.010577584004972662,0.4045112749640242,0.40608251403926204,0.41730093749447045
2024-01-11,46368.5859375,48969.37109375,45678.64453125,46656.07421875,45833734549,-0.005574241147522551,-0.005558733892443213,0.40566923396266724,0.4063507375238759,0.40516845782097055
2024-01-12,42853.16796875,46498.13671875,41903.76953125,46354.79296875,43332698900,-0.07884262883299366,-0.07581464687080208,0.4980982874812131,0.4386983453521542,0.4982972320756517
2024-01-13,42842.3828125,43234.66015625,42464.14453125,42799.4453125,20601860469,-0.0002517086641866489,-0.0002516769882185965,0.4946521505688697,0.43443792613899085,0.4831180824252443
2024-01-14,41796.26953125,43065.59765625,41724.61328125,42842.26171875,17521429522,-0.024720775355358247,-0.0244177193838242,0.49907551862369526,0.419206970236063,0.4781620872600861
2024-01-15,42511.96875,43319.72265625,41705.41796875,41715.06640625,22320220558,0.01697856404641987,0.01712351907901466,0.49554091160946884,0.40804399640030414,0.46827268759129226
2024-01-16,43154.9453125,43566.2734375,42085.99609375,42499.3359375,24062872740,0.015011364505806485,0.015124600939588229,0.49235228198304415,0.4083691774221095,0.4577441515081821
2024-01-17,42742.65234375,43189.890625,42189.30859375,43132.1015625,20851232595,-0.009599712825861542,-0.009553782672285682,0.4887744960175883,0.40910964644287484,0.4453664800801635
2024-01-18,41262.05859375,42876.34765625,40631.171875,42742.3125,25218357242,-0.03525390600438047,-0.034639725632667706,0.5030484250690509,0.41437437847120556,0.45303634772429496
2024-01-19,41618.40625,42134.16015625,40297.45703125,41278.4609375,25752407154,0.008599127738074015,0.00863620644230223,0.504154550719725,0.41461727219083083,0.4405059191263888
2024-01-20,41665.5859375,41877.89453125,41446.82421875,41624.58984375,11586690904,0.0011329834535463317,0.0011336255217606617,0.5040592913112838,0.4028198528993408,0.4271090559904255
2024-01-21,41545.78515625,41855.3671875,41497.0078125,41671.48828125,9344043642,-0.002879434924556738,-0.0028752933279206916,0.47553696248635524,0.39346031430472994,0.414248933717662
2024-01-22,39507.3671875,41651.20703125,39450.1171875,41553.65234375,31338708143,-0.05030891028125471,-0.049064374667218136,0.4969256766191249,0.40754783336503375,0.4467376898368877
2024-01-23,39845.55078125,40127.3515625,38521.89453125,39518.71484375,29244553045,0.008523584257922188,0.008560013431039293,0.4741667579287187,0.4072665932265734,0.43439449837355454
2024-01-24,40077.07421875,40483.78515625,39508.796875,39877.59375,22359526178,0.005793705727985713,0.005810521700930993,0.4583174622189139,0.4073837268290269,0.42176320232832576
2024-01-25,39933.80859375,40254.48046875,39545.6640625,40075.55078125,18491782013,-0.003581157289492955,-0.0035747525934159974,0.4580433479907877,0.40702555299627957,0.40915162981886655
2024-01-26,41816.87109375,42209.38671875,39825.69140625,39936.81640625,25598119893,0.04607657449481696,0.04715459322091098,0.4927217081887291,0.4170362129129245,0.4352715010842499
2024-01-27,42120.0546875,42195.6328125,41431.28125,41815.625,11422941934,0.007224112855396914,0.007250269707417489,0.493925666677701,0.4162483347798918,0.42294524765241936
2024-01-28,42035.59375,42797.17578125,41696.91015625,42126.125,16858971687,-0.002007256017307645,-0.002005242826170095,0.4220935536722901,0.41631583829920815,0.4101349060992638
2024-01-29,43288.24609375,43305.8671875,41818.33203125,42030.9140625,20668476578,0.029364415736914624,0.029799801358818767,0.43686159815873676,0.4199579051917585,0.4137094495801765
2024-01-30,42952.609375,43838.9453125,42711.37109375,43300.2265625,23842814518,-0.007783744989935841,-0.007753530092744043,0.43406467615555805,0.4176245917642298,0.40224650258886047
2024-01-31,42582.60546875,43717.40625,42298.9453125,42946.25,24673628793,-0.008651552809046921,-0.00861423582021903,0.4343401902162699,0.41637130010843665,0.3914407187918865
2024-02-01,43075.7734375,43243.16796875,41879.19140625,42569.76171875,21423953779,0.011514890294239742,0.011581441842771323,0.335793837897399,0.41624661199622454,0.3821479919478245
2024-02-02,43185.859375,43422.48828125,42584.3359375,43077.640625,18603843039,0.002552374530244358,0.0025556346111748063,0.33588477493228813,0.4042687342015634,0.3706391283645022
2024-02-03,42992.25,43359.94140625,42890.80859375,43184.96484375,11169245236,-0.004493245492150753,-0.0044831659668692625,0.32325756852087256,0.39159919931612597,0.35977246031722243
2024-02-04,42583.58203125,43097.64453125,42374.83203125,42994.94140625,14802225490,-0.009551086228745845,-0.009505619472114146,0.32001240713424867,0.39177161974130037,0.3507839011735814
2024-02-05,42658.66796875,43494.25,42264.81640625,42577.62109375,18715487317,0.0017617075316479283,0.0017632602500394778,0.31523567161828975,0.3912416745992077,0.34016659336010746
2024-02-06,43084.671875,43344.1484375,42529.01953125,42657.390625,16798476726,0.009936804708699247,0.009986338686479135,0.315448047400946,0.3895605997413529,0.33205942644615305
2024-02-07,44318.22265625,44341.94921875,42775.95703125,43090.01953125,21126587775,0.02822864621028068,0.028630850081180936,0.30041428587744967,0.3933986715112962,0.3401413304925542
2024-02-08,45301.56640625,45575.83984375,44332.125,44332.125,26154524080,0.021945671282114807,0.022188248784866804,0.30703866095379767,0.39590768486860917,0.34064106922917053
2024-02-09,47147.19921875,48152.49609375,45260.82421875,45297.3828125,39316770844,0.0399329954084116,0.040741037427910465,0.33172810307641043,0.38360948336494216,0.36494544371981813
2024-02-10,47771.27734375,48146.171875,46905.3203125,47153.52734375,16398681570,0.013149960695064189,0.013236801662479536,0.3308004500348294,0.3842242486211768,0.35750334103127407
2024-02-11,48293.91796875,48535.9375,47617.40625,47768.96875,19315867136,0.010881064258583886,0.010940478338881565,0.2522211816246291,0.37892079492008984,0.3491851824114698
2024-02-12,49958.22265625,50280.4765625,47745.76171875,48296.38671875,34511985805,0.03388147853165121,0.034461993507690414,0.2658890208218585,0.38451998421663236,0.36327888389176655
2024-02-13,49742.44140625,50358.390625,48406.49609375,49941.359375,35593051468,-0.004328588760117502,-0.004319233922406296,0.2710513333043626,0.38027927686093654,0.3526138869134913
2024-02-14,51826.6953125,52021.37109375,49296.83203125,49733.4453125,39105608050,0.041046849510408934,0.041900916949929146,0.28554487506416665,0.3881706985122979,0.37729457872212535
2024-02-15,51938.5546875,52820.06640625,51371.62890625,51836.78515625,38564360533,0.0021560092291083846,0.0021583350882306007,0.25950977113454166,0.38485353460893557,0.36589672125772754
2024-02-16,52160.203125,52537.96875,51641.3671875,51937.7265625,28180567298,0.0042584326097615645,0.004267512618200353,0.26026994994392094,0.38096895067218883,0.3551362778197956
2024-02-17,51662.99609375,52191.9140625,50669.66796875,52161.67578125,20009091006,-0.00957802949778828,-0.009532306269177337,0.2664817390016327,0.3811428944312632,0.3463257969716838
2024-02-18,52122.546875,52356.96484375,51233.70703125,51661.96875,17595377311,0.008855834280713763,0.008895163192163213,0.25680119672660584,0.37658097711823496,0.3375364606933546
2024-02-19,51779.14453125,52483.32421875,51711.8203125,52134.8125,21362184346,-0.006610163694046543,-0.006588364620277343,0.2557983960305358,0.377064249460298,0.3282615844599723
2024-02-20,52284.875,52945.05078125,50792.3125,51777.7265625,33353758256,0.009719679337319471,0.009767068832988945,0.2468106341559524,0.37733374709184403,0.3204976550905114
2024-02-21,51839.1796875,52368.81640625,50671.7578125,52273.53515625,28624907020,-0.00856090431522995,-0.008524364120598982,0.25559170266917086,0.37763841095349593,0.31251200462341694
2024-02-22,51304.97265625,52009.61328125,50926.29296875,51854.64453125,25413900611,-0.010358547640014263,-0.010305082651198116,0.26405380187518646,0.3764642895725566,0.30565715504627683
2024-02-23,50731.94921875,51497.93359375,50561.77734375,51283.90625,21427078270,-0.011231806115512574,-0.011168964874795462,0.26951700228994313,0.37687630459973565,0.2995465891820597
2024-02-24,51571.1015625,51684.1953125,50585.4453125,50736.37109375,15174077879,0.016405594130217752,0.016540904827679226,0.2623995607059384,0.373378642850941,0.29734478227959993
2024-02-25,51733.23828125,51950.02734375,51306.171875,51565.21484375,15413239245,0.0031390133682369275,0.003143945229742817,0.2619007201034139,0.3714374398494008,0.2885447415193165
2024-02-26,54522.40234375,54938.17578125,50931.03125,51730.5390625,34074411896,0.052511187656945416,0.053914352844811164,0.3029219579268156,0.3821926722914336,0.34634498293404437
2024-02-27,57085.37109375,57537.83984375,54484.19921875,54519.36328125,49756832031,0.045936216440473146,0.04700762695380023,0.321624627567936,0.3900383181988789,0.3803456485909394
2024-02-28,62504.7890625,63913.1328125,56738.42578125,57071.09765625,83239156760,0.09069529297704289,0.09493531994124749,0.42418728616302914,0.4275677881804026,0.5102496080557009
2024-02-29,61198.3828125,63585.64453125,60498.73046875,62499.18359375,65496611844,-0.02112241427001975,-0.020900898468654838,0.4339324508781539,0.43125400553799964,0.5014770855231602
2024-03-01,62440.6328125,63155.1015625,60802.52734375,61168.0625,40186368423,0.0200954657884248,0.020298739001094468,0.43465507042004703,0.42502687635549885,0.4924392214017395
2024-03-02,62029.84765625,62458.69921875,61657.2890625,62431.65234375,23888473685,-0.006600547312091193,-0.006578811548619723,0.4403849821468706,0.4250260508608642,0.47812690784720735
2024-03-03,63167.37109375,63230.2109375,61435.0234375,62031.578125,26253811450,0.01817220465901261,0.01833832389535761,0.4337568199240264,0.4109042551737437,0.46891585857408996
2024-03-04,68330.4140625,68537.03125,62386.51953125,63137.00390625,70670471105,0.0785670808490068,0.08173591649219114,0.48930227242088004,0.4340417233975231,0.5477423524953416
2024-03-05,63801.19921875,69170.625,59323.91015625,68341.0546875,102802940877,-0.06858298181492034,-0.06628402455760396,0.5636046280597496,0.4608518835164529,0.5942551637140764
2024-03-06,66106.8046875,67637.9296875,62848.671875,63776.05078125,68750229073,0.03549970020086634,0.03613733749494208,0.5695376097004214,0.46424634686376376,0.5924571763307337
2024-03-07,66925.484375,68029.921875,65655.53125,66099.7421875,46989543159,0.012308140052515397,0.012384196927533564,0.5687913232873475,0.4640902243359879,0.5763989147711074
2024-03-08,68300.09375,70083.0546875,66230.453125,66938.09375,59202881172,0.020331312236987975,0.020539401213709896,0.5633010921514839,0.448114369432968,0.5644037595041279
2024-03-09,68498.8828125,68673.0546875,68053.125,68299.2578125,21609650379,0.002906296632019191,0.0029105240064184468,0.564410680911728,0.44536005674736245,0.5473264286573074
2024-03-10,69019.7890625,70005.203125,68239.9765625,68500.2578125,35683977532,0.007575825657206857,0.007604594828588107,0.5598812310808939,0.44528975858592623,0.531469689190559
2024-03-11,72123.90625,72850.7109375,67194.8828125,69020.546875,65716656765,0.04399229858274628,0.04497430707429584,0.5692443382102024,0.45108067667451807,0.5429313975040166
2024-03-12,71481.2890625,72825.65625,68728.8515625,72125.125,62554434520,-0.008949836049347838,-0.008909905479502545,0.5694692980336099,0.41535750450721126,0.5275406502625318
2024-03-13,73083.5,73637.4765625,71334.09375,71482.1171875,48212536929,0.02216689906407544,0.022414410239567806,0.5610950168766958,0.4158743103094173,0.5186817185905995
2024-03-14,71396.59375,73750.0703125,68563.0234375,73079.375,59594605698,-0.0233524614583823,-0.0230819028918976,0.5709446214628064,0.415411012862276,0.5110130957473694
2024-03-15,69403.7734375,72357.1328125,65630.6953125,71387.875,78320453976,-0.028308923292000562,-0.027911980219644583,0.5932752840816958,0.4219767021221064,0.5075267633038
2024-03-16,65315.1171875,70046.2734375,64801.39453125,69392.484375,46842198371,-0.060717725206296765,-0.05891115205258901,0.6505303289915756,0.4446624526444391,0.5457750817996104
2024-03-17,68390.625,68845.71875,64545.31640625,65316.34375,44716864318,0.046012240704610304,0.04708722796395115,0.6455065912586142,0.4504134700948861,0.5585778039752503
2024-03-18,67548.59375,68897.1328125,66594.2265625,68371.3046875,49261579492,-0.012388507554368627,-0.0123120859035869,0.6371831011051298,0.4434546597852318,0.5436995099444959
2024-03-19,61912.7734375,68106.9296875,61536.1796875,67556.1328125,74215844794,-0.08712073185700822,-0.08343356981432348,0.6452098292000249,0.48458190282915015,0.6266049306436066
2024-03-20,67913.671875,68115.2578125,60807.78515625,61930.15625,66792634382,0.09251085296877404,0.09692504638897836,0.7188595542240841,0.5153701539801627,0.7060287348724976
2024-03-21,65491.390625,68199.9921875,64580.91796875,67911.5859375,44480350565,-0.03631867422621332,-0.03566706353999505,0.7311480838425352,0.522925654551485,0.6989363039595762
2024-03-22,63778.76171875,66623.75,62355.37109375,65489.9296875,41401116964,-0.02649844665215931,-0.02615044343853401,0.737772994480322,0.5138645799004239,0.6854327208550596
2024-03-23,64062.203125,65976.3984375,63038.4921875,63802.72265625,24738964812,0.0044342886654000135,0.004444134671348854,0.7352355866480743,0.5139145153975726,0.6647753283772507
2024-03-24,67234.171875,67622.7578125,63825.8515625,64070.75390625,27206630673,0.04832709315067971,0.04951388799118828,0.699739017805364,0.5205150342197779,0.6713594736977657
2024-03-25,69958.8125,71162.59375,66414.8359375,67234.09375,42700139523,0.0397250476948794,0.04052464020923141,0.6653751833517707,0.5237346034186147,0.6689848212728347
2024-03-26,69987.8359375,71535.7421875,69335.609375,69931.328125,36010437368,0.0004147786065640333,0.00041486463910467286,0.6553494146717671,0.5183891433591153,0.648606853873887
2024-03-27,69455.34375,71727.6875,68381.9296875,69991.8984375,40827113309,-0.007637444542951766,-0.007608353371227561,0.6553568828368004,0.5194492693398921,0.6295485349780018
2024-03-28,70744.953125,71546.0234375,68895.5078125,69452.7734375,34374900617,0.018397189971880865,0.018567460837021654,0.6546692747550342,0.5193970765135622,0.6145477525743275
2024-03-29,69892.828125,70913.09375,69076.65625,70744.796875,25230851763,-0.012118158012204417,-0.01204502883045766,0.6564896534651902,0.5192972048668852,0.5976865165428044
2024-03-30,69645.3046875,70355.4921875,69601.0625,69893.4453125,17130241883,-0.0035477570486820652,-0.0035414711944022903,0.6562008452555353,0.5188201642484116,0.5796427613835989
2024-03-31,71333.6484375,71377.78125,69624.8671875,69647.78125,20050941373,0.023952858696302478,0.02424203264779501,0.6422726391438224,0.51863858984645,0.5696503553089229
2024-04-01,69702.1484375,71342.09375,68110.6953125,71333.484375,34873527352,-0.023137002333257977,-0.022871394296192005,0.6466923739755683,0.5226527853347572,0.5595761675814485
2024-04-02,65446.97265625,69708.3828125,64586.59375,69705.0234375,50705240709,-0.06299090436988572,-0.061047985989492126,0.6757693997119373,0.5424672872862805,0.5952578525896777
2024-04-03,65980.8125,66914.3203125,64559.8984375,65446.671875,34488018367,0.00812374307331999,0.008156830210526378,0.6739859094822579,0.5419486080336269,0.5779877540679355
2024-04-04,68508.84375,69291.2578125,65113.796875,65975.6953125,34439527442,0.03759886271186141,0.038314642609167615,0.6829296548557263,0.5443556315269215,0.5791376445345222
2024-04-05,67837.640625,68725.7578125,66011.4765625,68515.7578125,33748230056,-0.009845630418288566,-0.009797320875087778,0.6464839760804371,0.5454356308377569,0.5627984235812835
2024-04-06,68896.109375,69629.6015625,67491.71875,67840.5703125,19967785809,0.015482496362565016,0.015602971156545964,0.6276601949373142,0.5456497708272157,0.5489644086622827
2024-04-07,69362.5546875,70284.4296875,68851.6328125,68897.109375,21204930369,0.006747455363626304,0.006770270726916605,0.6261755860240005,0.5439921361569441,0.5328870352579259
2024-04-08,71631.359375,72715.359375,69064.2421875,69362.5546875,37261432669,0.03218579409702191,0.03270935878474601,0.5399399305642011,0.5455588675498304,0.5315953987489546
2024-04-09,69139.015625,71742.5078125,68212.921875,71632.5,36426900409,-0.035413761203788405,-0.03479403115822832,0.45666809923618257,0.548353111481086,0.5334796727802218
2024-04-10,70587.8828125,71093.4296875,67503.5625,69140.2421875,38318601774,0.020739301242534747,0.0209558550176423,0.43959474612758076,0.548973498297116,0.523476762681844
2024-04-11,70060.609375,71256.234375,69571.8125,70575.734375,30153382941,-0.00749778258451207,-0.007469744331340511,0.42725662757007393,0.5496397903921142,0.5083662488485079
2024-04-12,67195.8671875,71222.7421875,65254.8359375,70061.3828125,44129299406,-0.041748970181434676,-0.04088948430588779,0.45797876760031037,0.5551975789068052,0.5189256914431053
2024-04-13,63821.47265625,67931.4296875,60919.10546875,67188.375,52869738185,-0.05152204971523435,-0.05021729270691988,0.4622647006100057,0.5668645605340674,0.5415378172769026
2024-04-14,65738.7265625,65824.4296875,62205.8515625,63836.23046875,49084320047,0.02959850149495867,0.03004089104268326,0.4512318222190747,0.5641612464469907,0.5375068492630264
2024-04-15,63426.2109375,66878.6484375,62332.0703125,65739.6484375,43595917654,-0.03581099949650861,-0.03517737178558533,0.46557195958950576,0.570016016756539,0.5394155196327435
2024-04-16,63811.86328125,64355.66796875,61716.40234375,63419.296875,42847528078,0.0060619201772289105,0.006080330797783695,0.4670494901106584,0.5700405420423791,0.5235136764403557
2024-04-17,61276.69140625,64486.36328125,59768.5859375,63831.84765625,41915247049,-0.04053958534994488,-0.03972884891052719,0.4759367114816641,0.576536570187901,0.5314806298612538
2024-04-18,63512.75390625,64125.6875,60833.48046875,61275.31640625,36006307335,0.03584120208614769,0.03649124077498622,0.49921935031799697,0.5803780434835917,0.5338036978509899
2024-04-19,63843.5703125,65481.59765625,59651.390625,63510.75,49920425401,0.005195142876912206,0.005208661031110617,0.5004700575996157,0.580021735420097,0.5179359863466159
2024-04-20,64994.44140625,65442.45703125,63172.40234375,63851.1015625,23097485495,0.017865871886504233,0.018026421268684478,0.4963540691957456,0.5806353253711667,0.506940201794095
2024-04-21,64926.64453125,65723.2421875,64277.72265625,64992.81640625,20506644853,-0.0010436624765665994,-0.0010431180502996629,0.4916148558041574,0.5801655784638594,0.4915135148513968
2024-04-22,66837.6796875,67233.9609375,64548.1796875,64935.6328125,28282686673,0.029008901759275917,0.029433758205850147,0.4508517498366271,0.5816837897798416,0.48970820990629016
2024-04-23,66407.2734375,67199.2421875,65864.8671875,66839.890625,24310975583,-0.006460398489914604,-0.006439574982440521,0.4507895617772698,0.5812178466426617,0.4754538280824027
2024-04-24,64276.8984375,67075.3671875,63589.87109375,66408.71875,30276655120,-0.03260630131627199,-0.03208044676017341,0.44259890834937843,0.5855881185186199,0.4780879687558498
2024-04-25,64481.70703125,65275.20703125,62783.6328125,64275.01953125,32155786816,0.0031812827691917772,0.0031863484195515657,0.442415505448264,0.5855879610199721,0.46368851871166594
2024-04-26,63755.3203125,64789.65625,63322.3984375,64485.37109375,24139372950,-0.011328935219016097,-0.011265004482557628,0.43814787636616087,0.5774045389941619,0.45171583192605874
2024-04-27,63419.140625,63898.36328125,62424.71875,63750.98828125,19530783039,-0.005286917956356649,-0.005272966802647994,0.4363560917541361,0.5704881368191573,0.4384369828678099
2024-04-28,63113.23046875,64321.484375,62793.59765625,63423.515625,17334827993,-0.004835296290154387,-0.004823625063903991,0.41433029751509176,0.5396339122788494,0.42549603480347953
2024-04-29,63841.12109375,64174.87890625,61795.45703125,63106.36328125,26635912073,0.011467091787556437,0.011533090916022948,0.40397318946998567,0.5382752321304395,0.4149364473141956
2024-04-30,60636.85546875,64703.33203125,59120.06640625,63839.41796875,37840840057,-0.051494629716542104,-0.050191249309274655,0.426100409698268,0.5471812847702668,0.4493724256811455
2024-05-01,58254.01171875,60780.5,56555.29296875,60609.49609375,48439780271,-0.040089923480657194,-0.03929695449375714,0.44142884613641264,0.5530518331614687,0.46273138649851675
2024-05-02,59123.43359375,59602.296875,56937.203125,58253.703125,32711813559,0.014814392549697799,0.014924669552331737,0.43171296860388947,0.5525960689656025,0.45231785862845547
2024-05-03,62889.8359375,63320.50390625,58848.3125,59122.30078125,33172023048,0.06175720649824811,0.06370405294167747,0.4609478608582081,0.5432393044124747,0.4999829208520253
2024-05-04,63891.47265625,64494.95703125,62599.3515625,62891.03125,20620477992,0.015801344389047563,0.015926845790239064,0.45140857551734437,0.5259042049205921,0.48862986507248884
2024-05-05,64031.1328125,64610.890625,62955.3046875,63892.453125,18296164805,0.002183511056964741,0.002185896653241981,0.4327850285131121,0.5207116445227009,0.47382030799957875
2024-05-06,63161.94921875,65494.90234375,62746.23828125,64038.3125,28697928697,-0.013667364763724113,-0.013574390387488533,0.4350669743678765,0.5206970376031902,0.46244968562360084
2024-05-07,62334.81640625,64390.45703125,62285.98046875,63162.76171875,25930730982,-0.01318192999564668,-0.01309542885757653,0.4119048377997302,0.5193707001954259,0.4512819847932403
2024-05-08,61187.94140625,62986.0859375,60877.12890625,62332.640625,26088172222,-0.018569986258493817,-0.018398626419713127,0.3955676664990406,0.5204521763200654,0.4434525354334524
2024-05-09,63049.9609375,63404.9140625,60648.07421875,61191.19921875,25453338161,0.02997730860417905,0.03043115176709965,0.41091729788390535,0.524202096082637,0.44546443658546614
2024-05-10,60792.77734375,63446.7421875,60208.78125,63055.19140625,27804954694,-0.036456454635488925,-0.035799920573900024,0.42354354601463223,0.5202898662803499,0.4545633459108368
2024-05-11,60793.7109375,61451.15234375,60492.625,60793.35546875,13842272968,1.5356866757304103e-05,1.5356984674586016e-05,0.4236364221783814,0.5201652233812344,0.4407155192238141
2024-05-12,61448.39453125,61818.15625,60632.6015625,60793.50390625,13800459405,0.01071136415279376,0.010768936188532141,0.4098904552690919,0.5183528661072515,0.4293147174049372
2024-05-13,62901.44921875,63422.66015625,60769.83984375,61451.21875,27889181179,0.02337149423787631,0.023646747788683697,0.4212332748495237,0.519318410381374,0.426041555882132
2024-05-14,61552.7890625,63092.125,61123.765625,62900.7734375,28186271527,-0.021674038111579395,-0.02144084393922019,0.4126429291563024,0.5180653291145317,0.4215727143571559
2024-05-15,66267.4921875,66454.453125,61330.41015625,61553.98828125,39815167074,0.07380429766149847,0.07659609250545496,0.49308631393930885,0.5262335736814137,0.49941956760126605
2024-05-16,65231.58203125,66712.4296875,64613.0546875,66256.109375,31573077994,-0.015755724397151206,-0.01563225228621834,0.49484516434825104,0.5184545600563958,0.4880657149853815
2024-05-17,67051.875,67459.4609375,65119.31640625,65231.296875,28031279310,0.027522834905047706,0.02790508695432159,0.502829923101523,0.5210857840565111,0.48514858652442044
2024-05-18,66940.8046875,67387.328125,66663.5,67066.2109375,16712277406,-0.001657856805292211,-0.0016564833198177142,0.5023174858667845,0.48856279139249237,0.4704131791337799
2024-05-19,66278.3671875,67694.296875,65937.1796875,66937.9296875,19249094538,-0.0099451595532183,-0.009895869986810912,0.5032481474475039,0.45050399975883537,0.4577190265637795
2024-05-20,71448.1953125,71483.5625,66086.171875,66278.7421875,43850655717,0.07510908882529838,0.07800174241430358,0.5253481503911689,0.4700192967565042,0.5312569041727201
2024-05-21,70136.53125,71946.4609375,69191.125,71443.0625,46932005990,-0.01852885718229531,-0.018358253231772315,0.5042097162163558,0.4682756991070601,0.5200873395789961
2024-05-22,69122.3359375,70623.6953125,68977.6953125,70135.3203125,32802561717,-0.014565869510184994,-0.01446030042296964,0.5106777136744242,0.46939928728605124,0.507414345883424
2024-05-23,67929.5625,70041.2734375,66356.953125,69121.3046875,41895680979,-0.017406596587757724,-0.017255976976508713,0.4758939355956037,0.46049789908682603,0.4965907390678074
2024-05-24,68526.1015625,69220.296875,66622.671875,67928.1328125,29197308153,0.008743394668047938,0.008781729788116976,0.47420034511610065,0.4534552027763261,0.48266147379824487
2024-05-25,69265.9453125,69579.3203125,68515.8203125,68526.921875,15473071741,0.010738658385428567,0.010796524727518797,0.4748569066593449,0.45402231308756674,0.46981697756105245
2024-05-26,68518.09375,69506.2265625,68183.890625,69264.2890625,15628433737,-0.010855523058038129,-0.010796814497022966,0.4735780972505737,0.4542961141653835,0.45745610681133536
2024-05-27,69394.5546875,70597.8828125,68232.5,68512.1796875,25870990717,0.01271054899375939,0.012791671360530277,0.46997284750306667,0.45344910518845855,0.4462654838568326
2024-05-28,68296.21875,69514.640625,67227.15625,69392.1953125,32722265965,-0.015953999045957543,-0.015827408107827234,0.46829460401462486,0.4539432135191413,0.43709518877550896
2024-05-29,67578.09375,68852.4609375,67101.4921875,68296.3515625,26707072906,-0.010570529093847765,-0.01051485738366742,0.46225887766001383,0.45438013934272614,0.4257681545368946
2024-05-30,68364.9921875,69500.5390625,67118.078125,67576.0859375,29509712534,0.011577009906272178,0.011644282841286824,0.43804635875715886,0.4522380167137073,0.41524486844179187
2024-05-31,67491.4140625,68999.5625,66633.421875,68362.515625,27387283769,-0.012860492770805693,-0.012778150001159894,0.4426883882103912,0.45054840381710853,0.4056887155304455
2024-06-01,67706.9375,67839.765625,67386.1953125,67489.609375,11641495604,0.0031882581048550507,0.0031933460054698326,0.4422571792184468,0.43137193279060937,0.3935251307339023
2024-06-02,67751.6015625,68409.1640625,67315.5234375,67710.2734375,17110588415,0.0006594499605225849,0.0006596674454519835,0.4369577769346947,0.43108448735027866,0.38154538669292454
2024-06-03,68804.78125,70230.8203125,67589.8359375,67753.8984375,32401285324,0.015425138658129584,0.015544720172089965,0.42812342557789257,0.4252771337308606,0.3747530452283299
2024-06-04,70567.765625,71047.40625,68564.640625,68804.5703125,33149696545,0.025300225248925362,0.025622992224831664,0.35374990277352913,0.4278680861529503,0.37641969574644374
2024-06-05,71082.8203125,71735.4140625,70390.7109375,70568.3515625,32810771409,0.007272217816602819,0.007298724608017615,0.34680823554758183,0.4269829831481133,0.3660463134671799
2024-06-06,70757.1640625,71625.734375,70119.125,71082.84375,25223152007,-0.0045918902720176475,-0.004581363662391591,0.3368733636056236,0.42690907620720175,0.3553439481481911
2024-06-07,69342.5859375,71907.8515625,68507.2578125,70759.1875,36188381096,-0.020194557079892095,-0.01999201273457618,0.3463390127017005,0.4237000649964868,0.35335449996778784
2024-06-08,69305.7734375,69533.3203125,69210.7421875,69324.1796875,14262185861,-0.0005310196389050046,-0.0005308786729295578,0.3437204210493563,0.4174218050214385,0.3425961208979352
2024-06-09,69647.9921875,69817.5234375,69160.84375,69297.4921875,13534028500,0.004925659126589219,0.00493781012787653,0.21103120812974904,0.4153252900950167,0.3327110144745194
2024-06-10,69512.28125,70146.0703125,69232.421875,69644.3125,20597699541,-0.0019504270460231217,-0.0019485261992140401,0.20102235072633487,0.4150658127911954,0.322664440229027
2024-06-11,67332.03125,69549.4140625,66123.6015625,69508.078125,37116136345,-0.03186737491787959,-0.03136496113771259,0.22508104157635525,0.41131091718781304,0.3364824034648201
2024-06-12,68241.1875,69977.890625,66902.453125,67321.375,34497940694,0.013412234174301008,0.013502581655740586,0.22242198798815882,0.39785447048755596,0.3303741671457291
2024-06-13,66756.3984375,68365.78125,66304.5625,68243.1015625,28955204146,-0.021998155421161833,-0.021757960505889518,0.23331482898103859,0.3961257192283369,0.3315344895908056
2024-06-14,66011.09375,67294.6484375,65056.89453125,66747.5703125,27403884779,-0.011227334405387725,-0.011164543099157487,0.23129186802955218,0.38971746710713684,0.32438577751381137
2024-06-15,66191.0,66402.1875,65871.7734375,66006.7421875,14121265576,0.0027216870164859935,0.0027253941690672523,0.22972959373085658,0.3895800210602977,0.31468169204278
2024-06-16,66639.046875,66894.84375,66018.25,66189.359375,13281140541,0.00674619312119944,0.006768999939568809,0.22569804639375202,0.3801866116432039,0.30622087033302575
2024-06-17,66490.296875,67188.3203125,65094.96484375,66636.515625,30006354476,-0.0022346697987336212,-0.0022321747830370553,0.2196415614871432,0.37340062328354096,0.29701928157680024
2024-06-18,65140.74609375,66556.703125,64066.95703125,66490.9765625,39481285950,-0.020505771883152002,-0.02029695827328193,0.2278570479589297,0.3758049325241635,0.2988059320365235
2024-06-19,64960.296875,65695.3515625,64693.30078125,65146.66015625,21103423504,-0.002773987515326679,-0.0027701435671353414,0.22227799455133368,0.3740690822625577,0.2899038365058983
2024-06-20,64828.65625,66438.9609375,64547.84765625,64960.296875,25641109124,-0.002028534277712279,-0.00202647819256907,0.21891679517619883,0.3740861651907345,0.28118285584203745
2024-06-21,64096.19921875,65007.546875,63378.89453125,64837.98828125,26188171739,-0.011362664075990998,-0.011298352821403679,0.22041982819250217,0.3698282488857799,0.2761740678522527
2024-06-22,64252.578125,64475.46875,63929.7578125,64113.86328125,9858198793,0.002436781820078235,0.0024397531859308152,0.2208732261791324,0.3696856064077761,0.2679282925375251
2024-06-23,63180.796875,64491.703125,63180.796875,64248.96484375,11170471802,-0.016821441362000096,-0.01668075089399379,0.21546392254067973,0.3652278960900537,0.2678746057294658
2024-06-24,60277.4140625,63292.52734375,58601.69921875,63173.3515625,43152133651,-0.047042933993412646,-0.04595356431233677,0.23586909050429472,0.3774889812273104,0.31766731847690516
2024-06-25,61804.640625,62258.26171875,60239.75,60266.28125,29201215431,0.025020978589857558,0.025336630415439876,0.25833629535649555,0.38062921103255,0.32299170296289653
2024-06-26,60811.27734375,62434.13671875,60695.1875,61789.67578125,22506003064,-0.016203198264060435,-0.016072632592061153,0.2601859700584138,0.38186883237072233,0.3194274276228398
2024-06-27,61604.80078125,62293.86328125,60585.33203125,60811.2265625,21231745045,0.01296454786345771,0.013048951973404943,0.26542381858691305,0.3827867576732695,0.3137725461005068
2024-06-28,60320.13671875,62126.09765625,59985.40234375,61612.8046875,24952866877,-0.021073812008611803,-0.020853310881755127,0.2698753236852753,0.38428305900355325,0.3150569694517716
2024-06-29,60887.37890625,61097.62109375,60300.96484375,60319.875,12652903396,0.009359920064692571,0.009403861104374522,0.27290382812510033,0.3700671144297928,0.30761969196854433
2024-06-30,62678.29296875,62892.828125,60632.94921875,60888.4453125,17333226409,0.028989272731724976,0.029413551620566913,0.30075513654232927,0.3650947462054193,0.31883945293572047
2024-07-01,62851.98046875,63777.2265625,62495.51171875,62673.60546875,25468379421,0.0027672625269042988,0.002771094932125795,0.28468311760536147,0.3640119832891554,0.3093135399572217
2024-07-02,62029.015625,63203.359375,61752.74609375,62844.41015625,20151616992,-0.01318017605629068,-0.013093697885290578,0.2794015240673497,0.3423584537196408,0.304238353431718
2024-07-03,60173.921875,62187.703125,59419.38671875,62034.33203125,29756701685,-0.030363202506616574,-0.02990687070088416,0.2876963602924349,0.3461766668694671,0.3177212757146654
2024-07-04,56977.703125,60399.67578125,56777.8046875,60147.13671875,41149609230,-0.05457904895434864,-0.05311634426354228,0.3367363000835144,0.3630804619639893,0.37407292601956416
2024-07-05,56662.375,57497.15234375,53717.375,57022.80859375,55417544033,-0.005549607840752044,-0.005534237213954074,0.33472641342378257,0.3623414383375269,0.3633185774598409
2024-07-06,58303.5390625,58472.546875,56038.9609375,56659.07421875,20610320577,0.028552385625087485,0.02896391234041995,0.355571232258968,0.36681388134227794,0.3693328782061482
2024-07-07,55849.109375,58371.12109375,55793.32421875,58239.4296875,20553359505,-0.043009217189319104,-0.042097439142912196,0.3775839412069207,0.37510690703628263,0.3952103680430894
2024-07-08,56705.09765625,58131.3359375,54321.01953125,55849.57421875,39766159899,0.015210533790654032,0.015326802715911692,0.38402720677167607,0.37100897084210754,0.3877085622239492
2024-07-09,58009.2265625,58239.1953125,56316.875,56704.59765625,27849512607,0.022737964112148894,0.02299844211812685,0.39811201204383084,0.36718338335524764,0.38615556508921717
2024-07-10,57742.49609375,59359.43359375,57178.4140625,58033.8828125,26175260526,-0.0046086733698468725,-0.004598069730556098,0.3979052636940639,0.36726281849791476,0.3748203570515973
2024-07-11,57344.9140625,59299.43359375,57120.37890625,57729.890625,28707803842,-0.006909245978268808,-0.006885432015347748,0.39739138112535916,0.36666680296464654,0.3643935726355387
2024-07-12,57899.46484375,58532.5546875,56590.17578125,57341.1953125,25604805221,0.009623984558104185,0.009670444019596935,0.40012038485832807,0.3638109153986937,0.3552691176312381
2024-07-13,59231.953125,59787.078125,57796.44140625,57908.73828125,17080061806,0.022753003242582143,0.023013827240820017,0.4094335592175005,0.36461860984440814,0.35562731677005766
2024-07-14,60787.79296875,61329.52734375,59225.25,59225.25,22223416061,0.025927850263005585,0.026266900915231206,0.3871889632659854,0.33485434416052734,0.3592311412256885
2024-07-15,64870.15234375,64870.15234375,60704.9296875,60815.45703125,38094526099,0.06499862039498035,0.06715755212726138,0.44287631893773693,0.3600558881553098,0.4303295020491663
2024-07-16,65097.1484375,65354.33984375,62487.96875,64784.41796875,41617346768,0.0034931297826731934,0.003499237870556282,0.4373753815910253,0.35552326891688246,0.4174409719753331
2024-07-17,64118.79296875,66066.734375,63896.0859375,65091.83203125,32525071311,-0.01514324245482322,-0.01502916014346345,0.44059558617379363,0.3567839197822723,0.40898512466154197
2024-07-18,63974.06640625,65104.66015625,63246.1640625,64104.73828125,27239305337,-0.0022597141603525025,-0.0022571629283560934,0.4325148969101772,0.3562822650242873,0.3966231330129646
2024-07-19,66710.15625,67442.640625,63329.34375,63972.32421875,37003855410,0.041879420109635544,0.042768734230136385,0.45379656252959555,0.3317933774714039,0.4176003697230106
2024-07-20,67163.6484375,67610.734375,66299.6171875,66709.921875,19029581250,0.006774946348331885,0.0067979482134701286,0.44469955389188787,0.3301789328279431,0.40573472999403415
2024-07-21,68154.5234375,68372.90625,65842.296875,67164.9140625,26652190004,0.014645375370143716,0.014753144342986024,0.44645096065761086,0.3303746849892051,0.3974751244974784
2024-07-22,67585.25,68480.0625,66611.296875,68152.9765625,42649109453,-0.008387766690112852,-0.00835268752223095,0.4443168830468063,0.32888618136862047,0.3867441636598425
2024-07-23,65927.671875,67779.015625,65484.4609375,67584.8046875,35605668666,-0.024831503546284737,-0.02452573786440093,0.4389969045585324,0.33221783918207465,0.387194823301133
2024-07-24,65372.1328125,67113.984375,65146.99609375,65927.859375,27470942309,-0.008462196557576013,-0.008426492953570563,0.38361806243253005,0.3317379690724772,0.37683864707707343
2024-07-25,65777.2265625,66112.421875,63473.47265625,65375.875,38315761670,0.006177613679945953,0.00619673448871394,0.3808301657194585,0.3314052026682367,0.3661474391362032
2024-07-26,67912.0625,68207.6015625,65743.765625,65771.8125,30488630457,0.03193999219319689,0.032455548053117234,0.383499352309301,0.33701945686298324,0.37609171281286957
2024-07-27,67813.3359375,69398.5078125,66705.21875,67911.8125,34691905492,-0.001454798896138238,-0.0014537411892032726,0.3361738801775193,0.3354603122831424,0.36467832185356086
2024-07-28,68255.8671875,68301.8515625,67085.828125,67808.65625,18043166945,0.006504525639670648,0.006525726007755361,0.3357030112636806,0.33501280414388945,0.3544722437561878
2024-07-29,66819.9140625,69987.5390625,66532.59375,68259.0546875,40780682628,-0.021262245664086656,-0.021037797689324123,0.3483833908306401,0.3369895323808981,0.3534784768964224
2024-07-30,66201.015625,66987.671875,65323.19140625,66819.0546875,31380492109,-0.009305346230673276,-0.009262185475442442,0.3508616733516712,0.33650562302823367,0.34461492186871573
2024-07-31,64619.25,66810.2109375,64532.046875,66201.2734375,31292785994,-0.024183450577486682,-0.023893373992326827,0.3649132605000018,0.33994413068787604,0.34709746131804586
2024-08-01,65357.5,65593.2421875,62248.94140625,64625.83984375,40975554494,0.011359846111043197,0.011424614182306447,0.36519561977134907,0.34084350164652466,0.3394101145836187
2024-08-02,61415.06640625,65523.22265625,61184.89453125,65353.5,43060875727,-0.06221701386487153,-0.06032105869640059,0.43209897625200283,0.36175238843267143,0.40843131535228894
2024-08-03,60680.09375,62148.37109375,59836.52734375,61414.80859375,31753030589,-0.012039486792085179,-0.011967302150066583,0.4249499546152149,0.3578360509607818,0.39874654047539365
2024-08-04,58116.9765625,61062.98828125,57210.8046875,60676.09375,31758917219,-0.04315788272420938,-0.04223983565450573,0.37581925127608823,0.36675793323152495,0.42145157525880317
2024-08-05,53991.45703125,58268.828125,49121.23828125,58110.296875,108991085584,-0.07363198582120066,-0.07098647891315102,0.44474387131031445,0.39402974531672086,0.49893865838473406
2024-08-06,56034.31640625,57059.91796875,53973.2734375,53991.34765625,49300484106,0.03713846509911699,0.03783671505322772,0.47350518667576297,0.401723889230129,0.5048345208684505
2024-08-07,55027.4609375,57726.8828125,54620.5078125,56040.6328125,41637562185,-0.018131945621423673,-0.017968550940289485,0.47486384611071425,0.40277668675235545,0.49450721301854184
2024-08-08,61710.13671875,62673.765625,54766.7265625,55030.02734375,45298472567,0.11461585743295792,0.12144256099404904,0.6224897462021313,0.47008656283900635,0.6545941320414634
2024-08-09,60880.11328125,61751.86328125,59587.859375,61728.20703125,33425553115,-0.013541633552667406,-0.013450358103773374,0.6220480450426049,0.4706794066992712,0.6368331898784514
2024-08-10,60945.8125,61464.51171875,60287.56640625,60881.23046875,15745822278,0.0010785754296191252,0.001079157301276501,0.6182434047282943,0.4666382414388339,0.6174469292986026
2024-08-11,58719.484375,61778.66015625,58348.82421875,60944.890625,22759754812,-0.03721354652343721,-0.036529632368097475,0.6283582977206466,0.4711657360463842,0.6158775611340452
2024-08-12,59354.515625,60680.33203125,57688.8984375,58719.39453125,37078637820,0.01075659964060797,0.010814659848586317,0.6276846935902635,0.47015833828777354,0.5985785755935797
2024-08-13,60609.56640625,61572.3984375,58506.25390625,59356.20703125,30327698167,0.02092453927711503,0.021144992390795814,0.6343235608134693,0.47206453199723664,0.5860192983261974
2024-08-14,58737.26953125,61687.7578125,58472.875,60611.05078125,29961696180,-0.0313783013916643,-0.0308911115194338,0.6404809727946088,0.4759426891987357,0.5811201421730827
2024-08-15,57560.09765625,59838.6484375,56161.59375,58733.26171875,35682112440,-0.02024486209713598,-0.020041310813293967,0.6264825451702929,0.47703947660653756,0.5688897798465434
2024-08-16,58894.10546875,59847.359375,57110.01953125,57560.2734375,29350938673,0.022911430101342656,0.023175912946963972,0.6358974999494315,0.4798611862959771,0.5587078334799531
2024-08-17,59478.97265625,59694.66796875,58814.83203125,58893.53125,13589684021,0.009881840637262366,0.00993082725079053,0.6369644796928086,0.4789018538245782,0.5430484843077831
2024-08-18,58483.96484375,60262.71875,58445.40234375,59468.1328125,17740625837,-0.01687023792647201,-0.016728732324455264,0.6358391692580009,0.47993029710149204,0.5305758979045334
2024-08-19,59493.453125,59612.66015625,57864.7109375,58480.7109375,25911207712,0.017113663556006083,0.01726094125025579,0.6412750122849817,0.48148373635510605,0.5186987988546236
2024-08-20,59012.79296875,61396.328125,58610.8828125,59493.453125,31613400008,-0.008112024604757306,-0.008079210921579816,0.6375386065570811,0.4812433834175568,0.5038854116148244
2024-08-21,61175.19140625,61834.3515625,58823.4453125,59014.98828125,32731154072,0.035987487774751865,0.03664287570061453,0.6515238511367342,0.48725354298236667,0.5081814426109791
2024-08-22,60381.9140625,61408.109375,59815.25390625,61168.31640625,27625734377,-0.013052114105543453,-0.012967304646127387,0.6149072843779398,0.48678577762158093,0.49530726227121075
2024-08-23,64094.35546875,64947.0625,60372.05078125,60380.953125,42530509233,0.05966667778992524,0.061482671821355916,0.6493154234629994,0.49253608159212175,0.5333276920290243
2024-08-24,64178.9921875,64513.7890625,63619.91796875,64103.87109375,21430585163,0.0013196308130850045,0.0013205019089592707,0.6264092219997124,0.4899922986950261,0.5171058419832502
2024-08-25,64333.54296875,64996.421875,63833.51953125,64176.3671875,18827683555,0.0024052261605437084,0.0024081210374646833,0.5538199625800474,0.48874458159476325,0.5014399421777348
2024-08-26,62880.66015625,64489.70703125,62849.55859375,64342.2265625,27682040631,-0.022842512079134417,-0.022583597070127692,0.5539855114171812,0.4904872698568023,0.49421130469545993
2024-08-27,59504.1328125,63210.796875,58116.75,62879.70703125,39103882198,-0.05519287756090793,-0.05369739018896724,0.5896590486824661,0.501705819002454,0.5250233150225583
2024-08-28,59027.625,60236.44921875,57890.67578125,59507.92578125,40289564698,-0.00804021450926693,-0.00800797843742207,0.4207929817566417,0.5015529434882351,0.5099881818086454
2024-08-29,59388.1796875,61184.08203125,58786.2265625,59027.46875,32224990582,0.006089656742738993,0.006108236397788236,0.41955694979491,0.4979817986752941,0.4950185629937464
2024-08-30,59119.4765625,59896.88671875,57768.53125,59388.6015625,32292756405,-0.004534788620027655,-0.004524521990973862,0.4196185571412805,0.49797705423347827,0.48026212361610865
2024-08-31,58969.8984375,59432.59375,58768.78515625,59117.48046875,12403470760,-0.0025333050495830443,-0.002530098940268344,0.3979940267370656,0.4973442591427534,0.46573558976171203
2024-09-01,57325.48828125,59062.0703125,57217.82421875,58969.80078125,24592449997,-0.028281771257721453,-0.027885585694078285,0.4082682691206058,0.49683460696525744,0.4647460844469982
2024-09-02,59112.48046875,59403.0703125,57136.02734375,57326.96875,27036454524,0.030696731082648924,0.031172733823612075,0.41684662772486963,0.4880748868349282,0.466129812210712
2024-09-03,57431.0234375,59815.05859375,57425.16796875,59106.19140625,26666961053,-0.028857442236703133,-0.02844504270361159,0.4145196783405835,0.49165615503095494,0.4656517921634805
2024-09-04,57971.5390625,58511.5703125,55673.1640625,57430.34765625,35627680312,0.009367548966836616,0.00941156177702851,0.4097026130051714,0.48849681854628546,0.4529332078506568
2024-09-05,56160.48828125,58300.58203125,55712.453125,57971.703125,31030280656,-0.031738730145491646,-0.031240343288065575,0.4156804208215342,0.48479997907171934,0.45614763819966014
2024-09-06,53948.75390625,56976.109375,52598.69921875,56160.19140625,49361693566,-0.04017885990554018,-0.03938239218868078,0.4336919818024221,0.49067650544118574,0.46903652353377856
2024-09-07,54139.6875,54838.14453125,53740.0703125,53949.0859375,19061486526,0.003532917856170691,0.003539165966313096,0.43225489296871866,0.4883093001611531,0.45495523427458195
2024-09-08,54841.56640625,55300.859375,53653.7578125,54147.93359375,18268287531,0.012880905395702242,0.012964221602682846,0.42978507275411837,0.4890951264996973,0.44393004546466824
2024-09-09,57019.53515625,58041.125,54598.43359375,54851.88671875,34618096173,0.03894551366544674,0.039713831911113884,0.4556011447529231,0.4956564440547205,0.4562704877969087
2024-09-10,57648.7109375,58029.9765625,56419.4140625,57020.09765625,28857630507,0.010973955159393974,0.011034389872275785,0.4363916742068025,0.4957772097292689,0.444423963409929
2024-09-11,57343.171875,57991.3203125,55567.33984375,57650.2890625,37049062672,-0.005314110423381013,-0.005300015516934153,0.4348820636634325,0.49358995908805475,0.43138020934442495
2024-09-12,58127.01171875,58534.359375,57330.1015625,57343.171875,33835707949,0.013576697629400721,0.013669279499548104,0.37387645079405796,0.4914053061206728,0.4215573174518769
2024-09-13,60571.30078125,60648.0234375,57650.11328125,58130.32421875,32490528356,0.0411907229072504,0.04205082955798245,0.40789393220159786,0.4800926298015458,0.43897798745056915
2024-09-14,60005.12109375,60656.72265625,59517.8828125,60569.1171875,16428405496,-0.009391286288541528,-0.00934732588201681,0.4080110525075809,0.4802873346656325,0.4271687026005786
2024-09-15,59182.8359375,60381.91796875,58696.30859375,60000.7265625,18120960867,-0.013798343779418605,-0.013703582981947293,0.4035579823637537,0.48013033805583966,0.4176164222505213
2024-09-16,58192.5078125,59205.51171875,57501.33984375,59185.2265625,32032822113,-0.016874951656180977,-0.016733367188517922,0.3582449346943185,0.48118366590243195,0.41017666821201654
2024-09-17,60308.5390625,61316.08984375,57628.0703125,58192.5078125,38075570118,0.035717088660707746,0.0363626062794542,0.38003395696137254,0.4789671567506527,0.4212350255895401
2024-09-18,61649.6796875,61664.06640625,59218.25390625,60309.0,40990702891,0.02199433056839477,0.02223798894564699,0.3869488401441893,0.4811255422459081,0.4172612115964661
2024-09-19,62940.45703125,63872.44140625,61609.8671875,61651.15625,42710252573,0.020721119053916288,0.020937291974474137,0.3917607670096423,0.4821525109418948,0.41249545327973497
2024-09-20,63192.9765625,64119.53125,62364.60546875,62941.42578125,35177164222,0.0040040116474054175,0.004012038411551844,0.39119387840702485,0.48204616493150015,0.40023212580959544
2024-09-21,63394.83984375,63543.359375,62783.10546875,63184.33984375,14408616220,0.0031893030164782386,0.003194394254405042,0.37284724277953973,0.47957325042436016,0.38823756214806837
2024-09-22,63648.7109375,63993.421875,62440.7265625,63396.8046875,20183348802,0.003996604788029707,0.004004601863112578,0.3603057925832533,0.4793863903914478,0.3767309515720338
2024-09-23,63329.80078125,64733.55859375,62628.078125,63643.1015625,31400285425,-0.005023067643079772,-0.005010473135318549,0.34116854239674443,0.47927501707847414,0.3657760696837039
2024-09-24,64301.96875,64695.21484375,62737.41796875,63326.83984375,29938335243,0.015234244172186632,0.01535087678718594,0.3428216294081454,0.47563478588481833,0.35954650319532955
2024-09-25,63143.14453125,64804.50390625,62945.375,64302.58984375,25078377700,-0.01818596455888868,-0.018021597802944433,0.3264473241493173,0.47695070239116266,0.35569353916437607
2024-09-26,65181.01953125,65790.796875,62669.26953125,63138.546875,36873129847,0.03176403065562404,0.032273891570151925,0.28969625528060294,0.48147884990015005,0.3663088850474052
2024-09-27,65790.6640625,66480.6953125,64852.9921875,65180.6640625,32058813449,0.009309629648678252,0.00935309904070647,0.28885404521727753,0.4799950334402081,0.3569897837140853
2024-09-28,65887.6484375,66255.53125,65458.03515625,65792.1796875,15243637984,0.0014730503557602514,0.0014741358273548943,0.2900476158429101,0.47963549855072013,0.3461618290354914
2024-09-29,65635.3046875,66069.34375,65450.015625,65888.8984375,14788214575,-0.0038372626776130244,-0.003829909793174213,0.2709330741447951,0.47707381079735595,0.3359478633528763
2024-09-30,63329.5,65635.0546875,62873.6171875,65634.65625,37112957475,-0.03576247704956806,-0.035130555094979754,0.30991089415218415,0.48213845886275875,0.35415689308618686
2024-10-01,60837.0078125,64110.98046875,60189.27734375,63335.60546875,50220923500,-0.04015297041725014,-0.039357521968434894,0.347263159071147,0.4720959065854116,0.3771987081753609
2024-10-02,60632.78515625,62357.6875,59996.94921875,60836.32421875,40762722398,-0.0033625289659382266,-0.0033568819965540397,0.34559428441282347,0.4714976728362613,0.3659413741708344
2024-10-03,60759.40234375,61469.0390625,59878.8046875,60632.484375,36106447279,0.0020860853737759526,0.0020882627636797935,0.31331254122747776,0.4628524849484116,0.35488604151656755
2024-10-04,62067.4765625,62465.9921875,60459.94140625,60754.625,29585472513,0.021300283559387175,0.021528753876634443,0.31978370248574284,0.43791643102919814,0.35390313895290715
2024-10-05,62089.94921875,62371.0234375,61689.58203125,62067.609375,13305410749,0.0003620026165009027,0.0003620681473552878,0.3145957674150987,0.4318724979664249,0.3431247109565268
2024-10-06,62818.953125,62959.5703125,61833.1484375,62084.98828125,14776233667,0.011672701783517451,0.011741093613744757,0.30764373556375624,0.4303404403118865,0.33575381304282353
2024-10-07,62236.66015625,64443.70703125,62152.55078125,62819.109375,34253562610,-0.00931261159307203,-0.009269383518558882,0.2865295160461698,0.3615201469667816,0.3275333014867967
2024-10-08,62131.96875,63174.3046875,61843.5625,62221.64453125,28134475157,-0.0016835665376192953,-0.001682150134457161,0.2762918986443243,0.3604182808522369,0.31762278860265
2024-10-09,60582.1015625,62508.8359375,60314.61328125,62131.7265625,27670982363,-0.025261155468464205,-0.024944762232405493,0.2796053175975058,0.36420991839509015,0.32323311470275023
2024-10-10,60274.5,61236.72265625,58895.20703125,60581.9296875,30452813570,-0.005090366975952731,-0.005077433013489285,0.2789169722197135,0.35608778799891655,0.3140105963396408
2024-10-11,62445.08984375,63400.87109375,60046.125,60275.4609375,30327141594,0.03537847936044716,0.036011743668549645,0.30917955489577653,0.36265067358100644,0.33408269003474117
2024-10-12,63193.0234375,63448.78515625,62443.26953125,62444.6171875,16744110886,0.01190629833225701,0.011977460447594401,0.3120531978823076,0.36098517520274054,0.32719715684346307
2024-10-13,62851.375,63272.65234375,62035.63671875,63192.9453125,18177529690,-0.005421094129359057,-0.005406426515387475,0.31213528442926414,0.3550045016474734,0.3179290033866629
2024-10-14,66046.125,66482.4921875,62442.15234375,62848.3984375,43706958056,0.049580549288290116,0.050830232433260125,0.35569275454280347,0.3657281940839659,0.3635692105264504
2024-10-15,67041.109375,67881.6796875,64809.1953125,66050.3671875,48863870879,0.014952642422039789,0.015064992457922477,0.3509866949602357,0.3641720776048029,0.35725644725480565
2024-10-16,67612.71875,68375.2890625,66758.7265625,67042.4609375,38195189534,0.008490108547449185,0.008526251733136592,0.3350457384381626,0.36405717631087864,0.3479426934700712
2024-10-17,67399.8359375,67912.2109375,66647.390625,67617.078125,32790898511,-0.0031535287872272158,-0.0031485616380424464,0.3342760689141469,0.36207844623085156,0.33756574972779885
2024-10-18,68418.7890625,68969.75,67177.8203125,67419.109375,36857165014,0.01500489704966544,0.015118035686984221,0.337850179590504,0.3617371900606916,0.33244220389453544
2024-10-19,68362.734375,68668.0078125,68024.640625,68418.9765625,14443497908,-0.000819623721527923,-0.0008192879217548965,0.33734173514813626,0.361146350825052,0.3223304316289098
2024-10-20,69001.703125,69359.0078125,68105.71875,68364.1796875,18975847518,0.009303330181939204,0.009346740674458287,0.30692678324439227,0.3546446323761445,0.3145977721571533
2024-10-21,67367.8515625,69462.734375,66829.8515625,69002.0,37498611780,-0.023963262921302488,-0.023678423698328066,0.2800372201848199,0.35731835595469197,0.3189293508841446
2024-10-22,67361.40625,67801.578125,66581.3671875,67360.703125,31808472566,-9.56779931777652e-05,-9.567341618454961e-05,0.2789661370709849,0.33637449045776435,0.3092137018580321
2024-10-23,66432.1953125,67402.7421875,65188.03515625,67362.375,32263980353,-0.013890438213698968,-0.01379441121005398,0.28702633985359843,0.33772126387941487,0.30462049181091566
2024-10-24,68161.0546875,68798.9609375,66454.1015625,66653.703125,31414428647,0.02569154796745315,0.02602442034118191,0.2908407873362692,0.34160966568179985,0.31177887455719566
2024-10-25,66642.4140625,68722.15625,65521.79296875,68165.296875,41469984306,-0.02253213347279499,-0.022280180844656217,0.30629464394981304,0.34151786269414347,0.31472222967267577
2024-10-26,67014.6953125,67317.921875,66360.59375,66628.734375,19588098156,0.00557070573324996,0.00558625096700216,0.3049078995264331,0.3209211643068271,0.3059024228510016
2024-10-27,67929.296875,68221.3125,66847.2265625,67023.4765625,16721307878,0.013555484057566741,0.01364777618155344,0.30322911459618374,0.3210925842641857,0.3012308618419344
2024-10-28,69907.7578125,70212.265625,67535.1328125,67922.671875,38799856657,0.028709215102556977,0.029125296867722028,0.314167757388192,0.3255359908429208,0.3126624728990711
2024-10-29,72720.4921875,73577.2109375,69729.9140625,69910.046875,58541874402,0.03944659057776213,0.04023493905417541,0.31301619330270847,0.33372605570019487,0.3397345718144235
2024-10-30,72339.5390625,72905.296875,71411.734375,72715.3671875,40646637831,-0.00525236341818716,-0.005238593875544262,0.313114324718005,0.3339807356982888,0.33001746140091104
2024-10-31,70215.1875,72662.3125,69590.5,72335.046875,40627912076,-0.029806220896924952,-0.029366396164960396,0.32585286247782447,0.3346125225439759,0.3403081026049405
2024-11-01,69482.46875,71559.015625,68779.703125,70216.8984375,49989795365,-0.010490161236778449,-0.010435331387529279,0.33001587035140945,0.3308767393988561,0.33245283255854086
2024-11-02,69289.2734375,69867.3515625,69033.71875,69486.0234375,18184612091,-0.00278436278553029,-0.0027804900426771084,0.32907004956115804,0.324510866399243,0.32250676455941446
2024-11-03,68741.1171875,69361.65625,67482.5234375,69296.3828125,34868307655,-0.00794258611024876,-0.00791112711687536,0.28594673316323177,0.32502802443197953,0.3142034638065941
2024-11-04,67811.5078125,69433.1796875,66803.6484375,68742.1328125,41184819348,-0.013615611362265724,-0.013523338185854272,0.28676313023663175,0.31885642729542524,0.30919800604828307
2024-11-05,69359.5625,70522.7890625,67458.8671875,67811.171875,46046889204,0.022572112490931908,0.02282879023690776,0.29612451977474835,0.30819782737026813,0.3123633245014621
2024-11-06,75639.078125,76460.15625,69322.03125,69358.5,118592653963,0.08666903126846402,0.09053568676993895,0.4228416560173998,0.3514961962176547,0.4530902701856674
2024-11-07,75904.859375,76943.1171875,74480.421875,75637.0859375,63467654989,0.0035076496874788744,0.003513808689745934,0.4214772863135392,0.3511886536657968,0.4394990055602134
2024-11-08,76545.4765625,77252.75,75648.7421875,75902.8359375,55176858003,0.008404323339316332,0.008439738809541852,0.4210039201944859,0.344243718934833,0.4273614149816091
2024-11-09,76778.8671875,76932.765625,75773.7890625,76556.1875,29009480361,0.0030444063813357424,0.0030490452928257916,0.420870313677989,0.34403044413127915,0.41451133957543873
2024-11-10,80474.1875,81474.421875,76565.4296875,76775.546875,82570594495,0.04700704537184314,0.048129393514959595,0.4306155037932612,0.35404054316126127,0.44149809262898965
2024-11-11,88701.484375,89604.5,80283.25,80471.4140625,117966845037,0.09734014312496264,0.10223522760015435,0.5308769975874007,0.40060764495181805,0.5713920687380842
2024-11-12,87955.8125,89956.8828125,85155.109375,88705.5625,133673285375,-0.008442066269106777,-0.008406532091926988,0.5274544499731048,0.395417851992164,0.5549568829243468
2024-11-13,90584.1640625,93434.3515625,86256.9296875,87929.96875,123559027869,0.02944485048776148,0.029882636380625716,0.5287215454906216,0.39687763036432927,0.5500977564041957
2024-11-14,87250.4296875,91765.21875,86682.8125,90574.8828125,87616705248,-0.03749692231881138,-0.03680261786927608,0.544938025615454,0.40503534254348145,0.5529105706690952
2024-11-15,91066.0078125,91868.7421875,87124.8984375,87284.1796875,78243109518,0.04280211829142622,0.04373133907381366,0.5537326236885357,0.4087919387301586,0.5613088772870902
2024-11-16,90558.4765625,91763.9453125,90094.2265625,91064.3671875,44333192814,-0.00558881224411838,-0.005573223886622736,0.5586955911356456,0.4053487510443126,0.5446428801436701
2024-11-17,89845.8515625,91433.0390625,88741.6640625,90558.4609375,46350159305,-0.007900350440318173,-0.007869224693816235,0.5613459029014866,0.4051846822413987,0.5289437000271086
2024-11-18,90542.640625,92596.7890625,89393.59375,89843.71875,75535775084,0.007725465406075372,0.007755383808848215,0.5524059302945538,0.40407978235519976,0.5137090185157951
2024-11-19,92343.7890625,94002.8671875,90426.984375,90536.8125,74521048295,0.019697543183651734,0.019892819836786257,0.5497872744710859,0.4050175044110375,0.5039142741173025
2024-11-20,94339.4921875,94902.0234375,91619.5,92341.890625,71730956426,0.021381444998432572,0.02161166598491282,0.5274783065597778,0.40613093736418804,0.49558669545878575
2024-11-21,98504.7265625,99014.21875,94132.6015625,94334.640625,106024505582,0.04320463738221239,0.044151545428309014,0.5278131735318342,0.4129387930409105,0.5090121900364472
2024-11-22,98997.6640625,99655.5,97222.6640625,98496.4296875,78473580551,0.004991722095061175,0.005004201495724558,0.5245708404959044,0.41217383233252347,0.49388718797536124
2024-11-23,97777.28125,99014.6796875,97232.890625,99006.7421875,44414644677,-0.012404002529793906,-0.012327389984975179,0.5277088544504436,0.41383170574290823,0.4812644111860707
2024-11-24,98013.8203125,98647.1796875,95788.078125,97778.09375,51712020623,0.0024162403264788948,0.002419161787646784,0.5181050312789955,0.41062085565972856,0.4666977408469278
2024-11-25,93102.296875,98935.03125,92642.9140625,98033.4453125,80909462490,-0.05140963729329047,-0.05011051933125821,0.5737993799103638,0.42462097226589873,0.4946713966151057
2024-11-26,91985.3203125,94991.75,90770.8125,93087.28125,91656519855,-0.012069852534281012,-0.011997304040733403,0.5134585664741922,0.4261545639455806,0.48189262813951
2024-11-27,95962.53125,97361.1796875,91778.6640625,91978.140625,71133452438,0.04232881330495687,0.04323745271515378,0.5255158467553874,0.43264643286350907,0.49535664798332624
2024-11-28,95652.46875,96650.203125,94677.3515625,95954.9453125,52260008261,-0.003236310003132818,-0.0032310787967048116,0.528109151045962,0.4325882371785246,0.4804309300617919
2024-11-29,97461.5234375,98693.171875,95407.8828125,95653.953125,54968682476,0.018736162907207532,0.018912786163713058,0.5278553622317246,0.42430616678710104,0.4714581933849232
2024-11-30,96449.0546875,97499.34375,96144.21875,97468.8125,31634227866,-0.010442730465097628,-0.010388394458550332,0.5164850712755213,0.4144017906182114,0.45889574392342886
2024-12-01,97279.7890625,97888.125,95770.1875,96461.3359375,36590695296,0.008576311620290235,0.008613193542348574,0.3976879577707888,0.41376476763125797,0.4461639931160076
2024-12-02,95865.3046875,98152.6015625,94482.8671875,97276.0078125,72680784305,-0.014647119798360832,-0.01454037255458307,0.40098643702898407,0.41617948906426766,0.43630538224739684
2024-12-03,96002.1640625,96297.203125,93629.5625,95854.59375,67067810961,0.0014266034685602644,0.0014276215513644441,0.3898683062063922,0.41537741925978644,0.42305013363537264
2024-12-04,98768.53125,99207.328125,94660.5234375,95988.53125,77199817112,0.028408310872006196,0.02881567529768403,0.3689099896723881,0.4173574898792537,0.42477694898496143
2024-12-05,96593.5703125,103900.46875,91998.78125,98741.5390625,149218945580,-0.022266865312221884,-0.022020788503929523,0.3553387164659271,0.4217630291175235,0.4208396677631797
2024-12-06,99920.7109375,102039.8828125,96514.875,97074.2265625,94534772658,0.03386480176780916,0.03444474217316973,0.3700621930997477,0.42383289166547894,0.42874194495370993
2024-12-07,99923.3359375,100563.3828125,99030.8828125,99916.7109375,44177510897,2.62704848226063e-05,2.627082989481444e-05,0.3674809387515054,0.4236823796452575,0.41568075066789034
2024-12-08,101236.015625,101399.9921875,98771.515625,99921.9140625,44125751925,0.013051327819741106,0.013136868131795154,0.3684292625666829,0.4181058647272118,0.40620014169629454
2024-12-09,97432.71875,101272.5078125,94355.9140625,101237.0625,110676473908,-0.03829250346621322,-0.03756861480096407,0.39547197180107807,0.4281511633502979,0.4210336530866611
2024-12-10,96675.4296875,98270.15625,94321.2578125,97441.234375,104823780634,-0.007802793553987951,-0.007772430783165474,0.3907092378855401,0.42549650201004346,0.4093332830943152
2024-12-11,101173.03125,101913.359375,95747.2265625,96656.0625,85391409936,0.04547294957076326,0.04652269534294651,0.39401088069878204,0.4325560526493028,0.4344714999708751
2024-12-12,100043.0,102524.9140625,99339.953125,101167.8046875,72073983533,-0.011232138149604486,-0.011169293200355757,0.39621705904511256,0.4334801547226705,0.4234939296521167
2024-12-13,101459.2578125,101888.8046875,99233.28125,100046.6484375,56894751583,0.014057223472297039,0.014156490833941326,0.3958979519906558,0.42486533473936566,0.4142150137128324
2024-12-14,101372.96875,102618.8828125,100634.0546875,101451.4375,40422968793,-0.0008508417934171539,-0.0008504799301751742,0.39600562465512895,0.4248609609287801,0.40160998341449
2024-12-15,104298.6953125,105047.5390625,101227.03125,101373.53125,51145914137,0.02845237769652882,0.02886101293644905,0.3531354698733691,0.4271452639493145,0.40478803778752526
2024-12-16,106029.71875,107780.578125,103322.984375,104293.578125,91020417816,0.016460567443030164,0.016596788984881483,0.3486103435930018,0.42700122027341897,0.3976417010897955
2024-12-17,106140.6015625,108268.4453125,105291.734375,106030.6875,68589364868,0.0010452246330361938,0.001045771070669721,0.32315571013213384,0.42691881212843746,0.3855493556163694
2024-12-18,100041.5390625,106470.609375,100041.5390625,106147.296875,93865656139,-0.059179154653770175,-0.057462106019896764,0.3951516114884513,0.4479077223118388,0.43895586696581784
2024-12-19,97490.953125,102748.1484375,95587.6796875,100070.6875,97221662392,-0.025825905125142587,-0.025495268879325628,0.40208183437484757,0.45267750637180826,0.4372711011182272
2024-12-20,97755.9296875,98098.9140625,92175.1796875,97484.6953125,105634083408,0.002714273553183173,0.002717960528709318,0.4002512881937008,0.4484777591540201,0.4240814169570406
2024-12-21,97224.7265625,99507.1015625,96426.5234375,97756.1953125,51765334294,-0.00544879117211963,-0.005433973434635808,0.39967391055101076,0.4489329333529395,0.41170772146436946
2024-12-22,95104.9375,97360.265625,94202.1875,97218.3203125,43147981314,-0.022044180382015402,-0.021802983021374844,0.40410038168998763,0.45079207581653663,0.4082652996226206
2024-12-23,94686.2421875,96416.2109375,92403.1328125,95099.390625,65239002919,-0.0044121754491209825,-0.004402456102765462,0.40428213823855,0.44938926119114947,0.39619952933006103
2024-12-24,98676.09375,99404.0625,93448.015625,94684.34375,47114953674,0.041273994068279446,0.04213760595334648,0.4188798807137966,0.45142288019210197,0.4163090041357111
2024-12-25,99299.1953125,99478.75,97593.46875,98675.9140625,33700394629,0.006294761562737073,0.0063146152104343045,0.410979722486743,0.451418667029866,0.4043680389679072
2024-12-26,95795.515625,99884.5703125,95137.8828125,99297.6953125,47054980873,-0.035921593296803764,-0.03528406928650052,0.4124746839108939,0.4594573356709939,0.4161886069571562
2024-12-27,94164.859375,97294.84375,93310.7421875,95704.9765625,52419934565,-0.01716880486495554,-0.017022260795415023,0.4157971881492107,0.45927673279761577,0.40899519461468575
2024-12-28,95163.9296875,95525.8984375,94014.2890625,94160.1875,24107436185,0.010553910906912645,0.010609799867287384,0.4146138745126532,0.45379580101174366,0.3986534670619934
2024-12-29,93530.2265625,95174.875,92881.7890625,95174.0546875,29635885267,-0.017316317368601404,-0.017167251608511402,0.3973194571145263,0.45557125103677215,0.39233011212795293
2024-12-30,92643.2109375,94903.3203125,91317.1328125,93527.1953125,56188003691,-0.00952898919172895,-0.00948373223930199,0.3976983715162095,0.45096282131512855,0.3821785742173879
2024-12-31,93429.203125,96090.6015625,91914.03125,92643.25,43625106843,0.00844829005287248,0.008484077565384274,0.358725573484285,0.44992151716120815,0.3719892521837497
2025-01-01,94419.7578125,94929.8671875,92788.125,93425.1015625,24519888919,0.010546386456946345,0.010602195613021781,0.3612083835103429,0.4497739887661206,0.3629809701311856
2025-01-02,96886.875,97739.8203125,94201.5703125,94416.2890625,46009564411,0.02579371069354611,0.026129247147606893,0.3707883043462669,0.4508896564000808,0.3659363935552605
2025-01-03,98107.4296875,98956.9140625,96034.6171875,96881.7265625,35611391163,0.01251903875349227,0.012597729955682757,0.37450263143513385,0.4492810550005509,0.3581125236709345
2025-01-04,98236.2265625,98734.4296875,97562.9765625,98106.9921875,22342608078,0.001311953703357832,0.0013128146911018934,0.3575903836560123,0.4480740888272992,0.34724044942642607
2025-01-05,98314.9609375,98813.3046875,97291.765625,98233.90625,20525254825,0.0008011590284728617,0.0008014800420892421,0.35054154631368806,0.41523535878871015,0.33667651951735894
2025-01-06,102078.0859375,102482.875,97926.1484375,98314.953125,51823432705,0.03756185651681786,0.03827621924594227,0.3799371509760992,0.42076147729128976,0.3576069311539029
2025-01-07,96922.703125,102712.484375,96132.875,102248.8515625,58685738547,-0.05182428297869528,-0.05050430525956884,0.36588086935978553,0.43645395745315463,0.40102168211624484
2025-01-08,95043.5234375,97258.3203125,92525.84375,96924.1640625,63875859171,-0.019578857696565647,-0.019388436629511285,0.3610308994606453,0.4391053986354563,0.3961884160175329
2025-01-09,92484.0390625,95349.71875,91220.84375,95043.484375,62777261693,-0.027298849179035745,-0.026929603222076492,0.3721830489528723,0.4340775007710233,0.3985162231136506
2025-01-10,94701.453125,95770.609375,92250.09375,92494.4921875,62058693684,0.02369326562915915,0.023976181025154863,0.3836033913613102,0.3891316754159037,0.3972080013325916
2025-01-11,94566.59375,94977.6875,93840.046875,94700.8359375,18860894100,-0.0014250624978636736,-0.001424047578467369,0.3757266302578821,0.3886628865363335,0.3851473098523358
2025-01-12,94488.4375,95367.5390625,93712.5078125,94565.7265625,20885130965,-0.0008268095689983134,-0.0008264678561502592,0.37541955079307915,0.38419493119635423,0.37342801115334145
2025-01-13,94516.5234375,95837.0,89260.1015625,94488.890625,72978998252,0.000297197889065057,0.00029724205673309356,0.3422272553349821,0.37586168755067173,0.36205373391400464
2025-01-14,96534.046875,97352.6640625,94322.15625,94519.0078125,53769675818,0.02112109307155958,0.021345722040169157,0.35101536787261967,0.3681928012765961,0.36050377601819267
2025-01-15,100504.4921875,100697.234375,96501.640625,96534.046875,57805923627,0.04030666140622702,0.041129999632577796,0.35587509516797977,0.37661737366177417,0.3830529385243796
2025-01-16,99756.90625,100781.5859375,97364.4453125,100505.296875,54103781805,-0.007466135920999606,-0.0074383335632930425,0.35042388762724225,0.37657096512104155,0.37251660024160793
2025-01-17,104462.0390625,105884.2265625,99948.90625,100025.765625,71888972663,0.046087453886957834,0.04716598568833419,0.3820145242007873,0.3872295505841636,0.40318505416702
2025-01-18,104408.0703125,104913.203125,102226.6171875,104124.953125,50445655726,-0.0005167685444558994,-0.000516635042589142,0.3737610375378712,0.3855815658101436,0.3909075778510038
2025-01-19,101089.609375,106299.796875,99570.53125,104411.2890625,76789928525,-0.032299629277246486,-0.03178356737719257,0.3940925535607736,0.3897560649398203,0.3992673202929904
2025-01-20,102016.6640625,109114.8828125,99471.359375,101083.75,126279678351,0.009128828074566006,0.009170622908047932,0.3941935211146845,0.380191497945983,0.38872813412612056
2025-01-21,106146.265625,107180.921875,100103.953125,102052.578125,88733878242,0.03968183425876291,0.040479676535688514,0.4133246185740431,0.38846631627132666,0.4072488991194702
2025-01-22,103653.0703125,106294.34375,103360.265625,106136.3828125,53878181052,-0.023768546993042258,-0.023488299826845638,0.4190136855375671,0.3908522913968525,0.4055151249158597
2025-01-23,103960.171875,106820.328125,101257.8046875,103657.671875,104104515428,0.002958402684215798,0.002962783076025932,0.4176185391351627,0.3908624235622795,0.39332975732532166
2025-01-24,104819.484375,107098.546875,102772.125,103965.671875,52388229265,0.00823181116278129,0.008265785680243276,0.4179923394656229,0.375527594918926,0.3826883488804413
2025-01-25,104714.6484375,105243.7890625,104120.375,104824.03125,23888996502,-0.0010006574570037008,-0.0010001569662844156,0.41818084900212277,0.3744428956937179,0.37105052205157113
2025-01-26,102682.5,105438.6484375,102507.7109375,104713.2109375,22543395879,-0.019597313563924395,-0.019406534499448846,0.40480898486133216,0.36751159978172804,0.36772909535087267
2025-01-27,102087.6875,103214.109375,97795.9375,102680.3046875,89006608428,-0.005809577851448121,-0.005792734886665207,0.35627505286521,0.3676799206075294,0.35724154906599953
2025-01-28,101332.4765625,103730.8203125,100238.1875,102095.4140625,47180685494,-0.007425167615395995,-0.007397669160641884,0.3487751468580397,0.3662218295031988,0.34755984463366213
2025-01-29,103703.2109375,104750.8046875,101283.8203125,101317.5234375,47432049818,0.023126120746530303,0.023395602825692086,0.33597932694741894,0.36833488858904484,0.34876412497948994
2025-01-30,104735.3046875,106418.765625,103321.6484375,103709.3359375,41915744521,0.009903181107726793,0.009952379879751394,0.3297049533512745,0.3684582667839123,0.3403249824515672
2025-01-31,102405.0234375,106026.3515625,101543.8828125,104737.5625,45732764360,-0.022500491172309005,-0.022249243050878498,0.3433855828312795,0.37025088896048175,0.3413600185392348
2025-02-01,100655.90625,102755.7265625,100297.7109375,102402.796875,27757944848,-0.017227936971828707,-0.017080384621634526,0.35127619201699933,0.3721494577155352,0.3376724832196673
2025-02-02,97688.9765625,101430.6640625,96216.078125,100661.5390625,63091816853,-0.029919108206548826,-0.02947596219670423,0.3703983135440475,0.37285723264913695,0.3474421642097358
2025-02-03,101405.421875,102514.171875,91242.890625,97681.1015625,115400897748,0.03733783666464687,0.03804365081173988,0.385854999258225,0.3777561188249597,0.36681343815358447
2025-02-04,97871.8203125,101745.6171875,96208.109375,101398.71875,73002130211,-0.03546789334061943,-0.034846278405663456,0.38100013857758763,0.3785658407501853,0.3814439682977518
2025-02-05,96615.4453125,99113.2109375,96174.828125,97878.0078125,49125911241,-0.012920048753753386,-0.012836943218062724,0.38265392965119827,0.3794403148556758,0.37322041357602415
2025-02-06,96593.296875,99168.609375,95707.3515625,96610.640625,45302471947,-0.00022926951799646017,-0.00022924323774897726,0.33891710354039334,0.3783800032379735,0.3618517144614444
2025-02-07,96529.0859375,100154.140625,95653.8828125,96581.3203125,55741290456,-0.0006649766736617645,-0.0006647556256734743,0.33889779749882937,0.3702176541993984,0.3508377822243356
2025-02-08,96482.453125,96877.8046875,95702.4921875,96533.2578125,22447526395,-0.00048321269944663663,-0.00048309597099249757,0.3219588801473234,0.3698756004315027,0.340155039514278
2025-02-09,96500.09375,97325.28125,94745.2578125,96481.3125,27732901800,0.00018282093727943363,0.00018283765004545316,0.3192900419928248,0.357515437721014,0.32979331287306063
2025-02-10,97437.5546875,98333.21875,95320.84375,96499.4609375,40078962391,0.009667728227994938,0.009714611676219231,0.2819406661078439,0.3574734295377615,0.32194875647451654
2025-02-11,95747.4296875,98492.8984375,94875.0390625,97438.1328125,37488783272,-0.01749792436938306,-0.017345724709743937,0.2770277522384797,0.35785688292683643,0.31947041072558885
2025-02-12,97885.859375,98151.0234375,94101.203125,95745.6953125,49340445530,0.022088315919347463,0.02233406885677658,0.29132378833210704,0.360962770247556,0.32142590977663527
2025-02-13,96623.8671875,98111.0859375,95269.7109375,97888.75,37147280860,-0.012976316589520155,-0.012892487184132717,0.29019360700735003,0.3566889267776665,0.31569243989321794
2025-02-14,97508.96875,98819.46875,96342.8046875,96623.3671875,32697987277,0.009118577917229297,0.009160278803397981,0.29381394432205654,0.3554449621461043,0.3081220835536877
2025-02-15,97580.3515625,97975.0390625,97240.1953125,97508.3828125,17047266288,0.0007317962415499838,0.0007320640697474623,0.2879031059127223,0.35543634711566613,0.2987489956807113
2025-02-16,96175.03125,97725.59375,96060.9765625,97580.4921875,16536755396,-0.014506383627455663,-0.014401672980240199,0.29084971273178867,0.3356607346957754,0.29508928205568047
2025-02-17,95773.3828125,97032.234375,95243.546875,96179.0078125,27336550690,-0.004184968400662239,-0.004176223623530095,0.2904204620716921,0.33163572456020707,0.28656209519765274
2025-02-18,95539.546875,96695.375,93388.8359375,95773.8125,37325720482,-0.0024445399934847232,-0.0024415545387781457,0.27382983416590184,0.3316042231067998,0.2779948166236454
2025-02-19,96635.609375,96855.59375,95011.96875,95532.53125,28990872862,0.01140703518992484,0.011472343504350446,0.2748997461478054,0.33230277122312074,0.27315137235060527
2025-02-20,98333.9375,98767.1953125,96442.671875,96632.6796875,31668022771,0.01742191135803241,0.017574558032842136,0.27583637252274446,0.33101244978501854,0.2733573477592088
2025-02-21,96125.546875,99497.96875,94852.9609375,98340.671875,49608706470,-0.02271409470424543,-0.02245807176184722,0.28049402881152247,0.3342946041241405,0.27935935331540546
2025-02-22,96577.7578125,96950.15625,95765.34375,96134.203125,18353824477,0.00469334730219672,0.0047043783073406065,0.26156483855009116,0.32334831319669977,0.27146308279813464
2025-02-23,96273.921875,96671.875,95270.453125,96577.8046875,16999478976,-0.0031509830703417255,-0.0031460239332733453,0.21989997435311273,0.32309757058489846,0.2634782625965408
2025-02-24,91418.171875,96503.453125,91371.7421875,96277.9609375,44046480529,-0.05175320553649131,-0.05043681513571874,0.25670561640746775,0.3320135674617457,0.32519666162611394
2025-02-25,88736.171875,92511.078125,86008.234375,91437.1171875,92139104128,-0.029776669354997204,-0.029337712021491935,0.2715327764377986,0.33565723078249854,0.33587772355650614
2025-02-26,84347.0234375,89286.25,82131.8984375,88638.890625,64597492134,-0.05072808622097089,-0.04946290046952739,0.3169715712355639,0.349851140903854,0.3807281130847073
2025-02-27,84704.2265625,87000.78125,83144.9609375,84076.859375,52659591954,0.00422598066095089,0.004234922709094535,0.3186935035157142,0.34860923891002327,0.36949518140994164
2025-02-28,84373.0078125,85036.3203125,78248.9140625,84705.625,83610570576,-0.003917962993897036,-0.003910297790814532,0.31806117025922215,0.34825719839304553,0.3585626671900765
2025-03-01,86031.9140625,86522.3046875,83794.234375,84373.8671875,29190628396,0.019470783362415745,0.019661575342751147,0.33071869111178903,0.3503363749779196,0.35578830723349425
2025-03-02,94248.3515625,95043.4375,85040.2109375,86036.2578125,58398341092,0.09121501495686515,0.09550452979612856,0.47591631262276146,0.3978462669175781,0.49476388931325377
2025-03-03,86065.671875,94429.75,85081.3046875,94248.421875,70072228536,-0.09082270482945609,-0.08682040111941614,0.570121256876722,0.4355154569778904,0.5956720029780292
2025-03-04,87222.1953125,88911.2734375,81529.2421875,86064.0703125,68095241474,0.013348200634372372,0.013437685575495406,0.5653706518210793,0.435636608159276,0.5798531062793393
2025-03-05,90623.5625,90998.2421875,86379.7734375,87222.953125,50498988027,0.03825541905303624,0.03899657851208138,0.5855919363290776,0.4433329429558224,0.5815355715039046
2025-03-06,89961.7265625,92804.9375,87852.140625,90622.359375,47749810486,-0.007329931515325766,-0.007303133084179958,0.5839089267077778,0.4434780214406089,0.5645396084038066
2025-03-07,86742.671875,91191.046875,84717.6796875,89963.28125,65945677657,-0.0364383782693103,-0.0357824911826653,0.5946973745382736,0.4415793942487456,0.5653833505702903
2025-03-08,86154.59375,86847.265625,85247.484375,86742.65625,18206118081,-0.006802656950121629,-0.006779571257010009,0.5938444752252743,0.4296717734841789,0.5487973472755383
2025-03-09,80601.0390625,86471.1328125,80052.484375,86154.3046875,30899345977,-0.06663174322153219,-0.0644603432710168,0.6321437301132292,0.44832707186653503,0.5918086087999562
2025-03-10,78532.0,83955.9296875,77420.59375,80597.1484375,54061099422,-0.026005355987276976,-0.02567012890361897,0.6346166313314985,0.44803225936263996,0.5826221032607098
2025-03-11,82862.2109375,83577.7578125,76624.25,78523.875,54702837196,0.05367293406512474,0.05513944554449135,0.6700935359455001,0.45964504040068616,0.6021951976933931
2025-03-12,83722.359375,84358.578125,80635.25,82857.375,40353484454,0.010326959815815329,0.010380466895202334,0.6670335630334261,0.4603629168074019,0.5852291873915142
2025-03-13,81066.703125,84301.6953125,79931.8515625,83724.921875,31412940153,-0.032233767760911476,-0.0317197970748182,0.6706566716995085,0.4644933657264644,0.5810796230496209
2025-03-14,83969.1015625,85263.2890625,80797.5625,81066.9921875,29588112414,0.03517658147592443,0.03580259620308812,0.6871479901867761,0.4708641372918001,0.5797444970978036
2025-03-15,84343.109375,84672.671875,83639.59375,83968.40625,13650491277,0.00444422215127116,0.004454112352525463,0.6882395505910007,0.46860567066295866,0.562348733253206
2025-03-16,82579.6875,85051.6015625,82017.90625,84333.3203125,21330270174,-0.021129378542194648,-0.020907717157540473,0.6699424786598357,0.4616378819090027,0.5513730729408141
2025-03-17,84075.6875,84725.328125,82492.15625,82576.3359375,25092785558,0.017953698574085318,0.018115835083536647,0.6680302929444427,0.4635872415180704,0.5391152374518641
2025-03-18,82718.5,84075.71875,81179.9921875,84075.71875,24095774594,-0.01627415768219446,-0.016142449028442418,0.6460067574346927,0.4529645329354816,0.5265083378319652
2025-03-19,86854.2265625,87021.1875,82569.7265625,82718.8046875,34931960257,0.048787879453061046,0.049997601050550955,0.6696962049940168,0.4656258660039039,0.5445804408926778
2025-03-20,84167.1953125,87443.265625,83647.1953125,86872.953125,29028988961,-0.0314259156183106,-0.030937253791171848,0.6795591567749153,0.465394971948988,0.5419466010356769
2025-03-21,84043.2421875,84782.2734375,83171.0703125,84164.5390625,19030452299,-0.0014737866362900664,-0.0014727011460912154,0.6756052735874051,0.46471632754990455,0.525467974878642
2025-03-22,83832.484375,84513.875,83674.78125,84046.2578125,9863214091,-0.0025108802510379665,-0.0025077306278807887,0.5808971444838934,0.45603908375811403,0.5095536491897192
2025-03-23,86054.375,86094.78125,83794.9140625,83831.8984375,12594615537,0.02615878981767563,0.026503933905394295,0.4961935556029008,0.45823733346233114,0.5043932734121788
2025-03-24,87498.9140625,88758.7265625,85541.1953125,86070.9296875,34582604933,0.016647018673748026,0.016786352378946434,0.49750756326196377,0.45986629323058786,0.4932929383806284
2025-03-25,87471.703125,88542.3984375,86346.078125,87512.8203125,30005840049,-0.0003110343685901033,-0.0003109860024155253,0.4767393346626066,0.4593181208276216,0.47826677745541224
2025-03-26,86900.8828125,88292.15625,85861.453125,87460.234375,26704046038,-0.006547157036869115,-0.00652577110204744,0.47662633733947507,0.4593548564935658,0.4643951836564877
2025-03-27,87177.1015625,87786.7265625,85837.9375,86896.2578125,24413471941,0.0031735085032361422,0.003178549412391707,0.4587745706804244,0.45823263576278206,0.4504169060872276
2025-03-28,84353.1484375,87489.859375,83557.640625,87185.234375,34198619509,-0.032929565500329085,-0.032393289916566204,0.4732470406228312,0.46236354864111995,0.4550805785204757
2025-03-29,82597.5859375,84567.3359375,81634.140625,84352.0703125,16969396135,-0.02103168000812764,-0.020812056603918605,0.41333148379504353,0.46373592964883725,0.4487320873493212
2025-03-30,82334.5234375,83505.0,81573.25,82596.984375,14763760943,-0.0031899515997126566,-0.0031848691098436133,0.40115165177128165,0.46042909024611545,0.4352386873968567
2025-03-31,82548.9140625,83870.125,81293.890625,82336.0625,29004228247,0.002600512811616096,0.0026038970780313253,0.3525297543127556,0.4597404092584,0.42210070318562504
2025-04-01,85169.171875,85487.3671875,82429.359375,82551.921875,28175650319,0.03124852053156838,0.0317418810684309,0.36827799618550305,0.4636652998106775,0.4268993913645677
2025-04-02,82485.7109375,88466.953125,82343.5390625,85180.609375,47584398470,-0.03201445832298525,-0.031507420800550134,0.368017371600687,0.46657466475877496,0.4322098785512776
2025-04-03,83102.828125,83909.296875,81282.1015625,82487.4765625,36852112080,0.007453656492041082,0.007481504135517403,0.3462517812889055,0.46375177830957054,0.4200441383190627
2025-04-04,83843.8046875,84696.1484375,81670.75,83100.25,45157640207,0.008876865806506007,0.008916382019940938,0.34744983992938105,0.45687507243843184,0.40870807490899663
2025-04-05,83504.796875,84207.015625,82377.734375,83844.703125,14380803631,-0.004051522069073574,-0.004043325726492686,0.33905579896562843,0.45189850181080704,0.39657022746537707
2025-04-06,78214.484375,83704.71875,77097.7421875,83504.5078125,36294853736,-0.06544922522509501,-0.06335339642726368,0.4051136873197145,0.46948016692365696,0.4610855852893371
2025-04-07,79235.3359375,81119.0625,74436.6796875,78221.3359375,91262424987,0.012967507560798076,0.013051950296130821,0.406288343766429,0.4706529561618752,0.44987380950582684
2025-04-08,76271.953125,80823.890625,76198.0234375,79218.4765625,48314590749,-0.03811707626174969,-0.03739976334343409,0.3778934602873573,0.4759851781625655,0.460663955321032
2025-04-09,82573.953125,83541.0,74589.671875,76273.5625,84213627038,0.07938900944238107,0.0826253916648998,0.47355030555037797,0.5056726824880342,0.5429310628709348
2025-04-10,79626.140625,82700.9296875,78456.1328125,82565.9765625,44718000633,-0.0363518545774045,-0.0356990599146636,0.48995612372652714,0.5103373225173863,0.5450395632762365
2025-04-11,83404.8359375,84247.4765625,78936.3203125,79625.046875,41656778779,0.04636385379527456,0.04745546227457886,0.5199996133537461,0.5197447947912747,0.5583422739843935
2025-04-12,85287.109375,85856.1875,82769.375,83404.515625,24258059104,0.022317029488567466,0.022567917271733462,0.5175845054024704,0.5212703915215743,0.5482443271731198
2025-04-13,83684.9765625,86015.1875,83027.0078125,85279.46875,28796984817,-0.018963852136872177,-0.01878516957885823,0.5174205364862486,0.5199796400582544,0.5366331171120898
2025-04-14,84542.390625,85785.0,83690.640625,83694.5234375,34090769777,0.010193602875445013,0.010245734631468162,0.5192770420044437,0.5201752413901292,0.5217927830825525
2025-04-15,83668.9921875,86429.3515625,83598.8203125,84539.6953125,28040322885,-0.010384627625774925,-0.01033089354397465,0.5199300823742788,0.5198940021176145,0.5075058563122349
2025-04-16,84033.8671875,85428.28125,83100.6171875,83674.5078125,29617804112,0.004351453244225117,0.004360934564412222,0.5200991700273747,0.5200445319968772,0.49233602543103877
2025-04-17,84895.75,85449.0703125,83749.75,84030.671875,21276866029,0.010204134780153822,0.01025637449930672,0.5083002795300574,0.5200717047661333,0.4789837540503488
2025-04-18,84450.8046875,85095.046875,84298.8828125,84900.1875,12728372364,-0.005254861395886236,-0.005241078764249063,0.5025629008757094,0.520094829989974,0.46484129291410803
2025-04-19,85063.4140625,85597.703125,84353.4609375,84450.8671875,15259300427,0.007227854353502602,0.007254038339443714,0.5027413224886804,0.5204448505845891,0.4515558427768755
2025-04-20,85174.3046875,85306.3828125,83976.84375,85066.0703125,14664050812,0.0013027740444132617,0.0013036230231544543,0.5027292108062755,0.5197499154165444,0.43782893961770675
2025-04-21,87518.90625,88460.09375,85143.8359375,85171.5390625,41396190190,0.027155041278542923,0.027527099529631727,0.499724581247947,0.5216908374394861,0.43742652080020344
2025-04-22,93441.890625,93817.3828125,87084.53125,87521.875,55899038456,0.06548491099549585,0.06767662701452015,0.5321499300998173,0.5377574139429999,0.49467174952982645
2025-04-23,93699.109375,94535.734375,91962.9609375,93427.5859375,41719568821,0.0027489316822658697,0.0027527134594511615,0.5322691484882176,0.5376924033966091,0.4797211560603505
2025-04-24,93943.796875,94016.1953125,91696.7109375,93692.3984375,31483175315,0.0026080137382399186,0.0026114175645013393,0.532284977828099,0.5377008597944914,0.4652174615819232
2025-04-25,94720.5,95768.390625,92898.59375,93954.25,40915232364,0.008233751969906927,0.008267742531563593,0.5310888368671496,0.5271858747227073,0.45217994736630446
2025-04-26,94646.9296875,95251.359375,93927.25,94714.6484375,17612825123,-0.0007770112983303527,-0.0007767095032226168,0.46007131816567653,0.5233871388826262,0.43841513564216184
2025-04-27,93754.84375,95301.203125,93665.3984375,94660.90625,18090367764,-0.009470108357138424,-0.00942540809771053,0.46472144142717814,0.5126655579786453,0.4266513418814497
2025-04-28,94978.75,95598.4921875,92860.8046875,93755.3046875,32363449569,0.012969852186459676,0.013054325526514532,0.43103970630957966,0.5131579679121528,0.4167168433258428
2025-04-29,94284.7890625,95485.4140625,93796.6328125,94981.859375,25806129921,-0.0073333094254447225,-0.007306486319308303,0.35093890343643563,0.5133712774090534,0.40502699485214927
2025-04-30,94207.3125,95249.3203125,92979.640625,94286.46875,28344679831,-0.0008220669855229902,-0.0008217291810309613,0.31393219263609873,0.5120793782916855,0.39270125104543646
2025-05-01,96492.3359375,97437.9609375,94153.6328125,94212.859375,32875889623,0.023965778896188162,0.02425526614507767,0.2869204467627785,0.47925846267038186,0.39197667993999163
2025-05-02,96910.0703125,97905.8984375,96375.9453125,96494.96875,26421924677,0.004319853436324106,0.0043291974532626565,0.28147745384737594,0.4399696013382107,0.3804065337260745
2025-05-03,95891.796875,96943.8828125,95821.2890625,96904.6328125,15775154889,-0.010562998380901132,-0.010507405827035687,0.2728906226651913,0.44005919796789217,0.3710978662044516
2025-05-04,94315.9765625,96318.921875,94173.4296875,95877.1875,18198688416,-0.016569841900567834,-0.016433317174712747,0.2847646735548018,0.43485596575211144,0.3655162797904187
2025-05-05,94748.0546875,95193.1875,93566.265625,94319.5625,25816260327,0.004570714740087168,0.0045811763897039,0.27860262288826443,0.43460523830942543,0.3548265776613061
2025-05-06,96802.4765625,96889.1796875,93399.859375,94748.3828125,26551275827,0.021451265529472022,0.02168299794413664,0.28364980528366535,0.42954655257240054,0.3539849670668536
2025-05-07,97032.3203125,97625.8046875,95829.3359375,96800.1953125,76983822462,0.002371543824223951,0.0023743581586117557,0.2838654333767697,0.4291704756354133,0.3433250263275729
2025-05-08,103241.4609375,103969.5390625,96913.875,97034.25,69895404397,0.062026403533745514,0.06399043746457878,0.34104932424995676,0.42225614989206073,0.41106026721013095
2025-05-09,102970.8515625,104297.4921875,102343.09375,103239.125,58198593958,-0.002624571996284568,-0.002621130818400763,0.34390987496611225,0.4178255369337646,0.3986683621256736
2025-05-10,104696.328125,104961.765625,102830.484375,102973.7109375,42276713994,0.016618093181868365,0.016756941758927724,0.3433335724020622,0.4059371593112118,0.3918875218987053
2025-05-11,104106.359375,104937.9921875,103364.7421875,104701.0703125,46285517406,-0.005650983970075977,-0.005635047193781384,0.34174070736851914,0.40617698156271115,0.3805839150076421
2025-05-12,102812.953125,105747.453125,100814.40625,104106.9609375,63250475404,-0.012501714607270616,-0.01242389281274392,0.27550373053864335,0.4007113442039736,0.37217820670586116
2025-05-13,104169.8125,104997.421875,101515.09375,102812.4921875,52608876410,0.013111031807523908,0.013197358248725033,0.2769428114859273,0.39589210017436904,0.3644238407657474
2025-05-14,103539.4140625,104303.5625,102618.296875,104167.328125,45956071155,-0.006070027639406428,-0.006051642240404331,0.2797590557545113,0.39638163302607576,0.35410951912757693
2025-05-15,103744.640625,104153.6171875,101440.8125,103538.828125,50408241840,0.0019801487371228356,0.00198211052629782,0.2796402886459092,0.393084692503382,0.3434082465500173
2025-05-16,103489.2890625,104533.484375,103137.4765625,103735.65625,44386499364,-0.002464381118651062,-0.0024613470244020386,0.28013033754046124,0.39217134744099635,0.3330845189528165
2025-05-17,103191.0859375,103716.9453125,102659.1796875,103489.2890625,37898552742,-0.0028856472892223486,-0.0028814878109744146,0.27674035767150024,0.39024857352461784,0.32313229891093787
2025-05-18,106446.0078125,106597.171875,103142.6015625,103186.953125,49887082058,0.031055414958406476,0.03154266519659865,0.2909095746407084,0.38312221791962964,0.33575575687226955
2025-05-19,105606.1796875,107068.71875,102112.6875,106430.53125,61761126647,-0.007920998372646527,-0.007889709931436006,0.29126602895710724,0.37697801279134957,0.32698115369332326
2025-05-20,106791.0859375,107307.1171875,104206.515625,105605.40625,36515726122,0.011157568710076757,0.011220046530480143,0.2908284264162261,0.3771146289454664,0.3199749731337177
2025-05-21,109678.078125,110724.4609375,106127.234375,106791.3125,78086364051,0.026675054496876065,0.027034018449719976,0.29316460908354186,0.37969949590936214,0.3271081005356898
2025-05-22,111673.28125,111970.171875,109285.0703125,109673.4921875,70157575642,0.01802796394236439,0.018191448638679386,0.29589732333943114,0.3780787675124037,0.32479815274502355
2025-05-23,107287.796875,111798.90625,106841.3046875,111679.359375,67548133399,-0.04006256233899459,-0.03927066820202352,0.3351619759887362,0.3879308089981251,0.3513288263302802
2025-05-24,107791.15625,109454.5234375,106895.2890625,107278.5078125,45903627163,0.004680702474076876,0.004691674073487251,0.3248355267845628,0.3878618333598914,0.341111845689674
2025-05-25,109035.390625,109313.3046875,106683.375,107802.2734375,47518041841,0.011476897551184374,0.011543009819045436,0.3251663772258427,0.387630200075181,0.3337176167898854
2025-05-26,109440.3671875,110376.8828125,108735.640625,109023.78125,45950461571,0.0037072948540294247,0.003714175371671846,0.3207942167979427,0.38762816628568075,0.32387221353768897
2025-05-27,108994.640625,110744.2109375,107609.5546875,109440.40625,57450176272,-0.00408109657520394,-0.004072780217708405,0.32261088529140564,0.38039697545572604,0.31440649952004346
2025-05-28,107802.328125,109298.2890625,106812.9296875,108992.171875,49155377493,-0.010999457493792041,-0.010939184653144474,0.2497576053175444,0.3780953821688497,0.30781439158883594
2025-05-29,105641.7578125,108910.046875,105374.3984375,107795.5703125,56022752042,-0.020245528009254558,-0.020041963379443528,0.2617789312695477,0.38116835734384513,0.30864562936024287
2025-05-30,103998.5703125,106308.9453125,103685.7890625,105646.2109375,57655287183,-0.015676574887611795,-0.015554336978341854,0.2617826337200459,0.3833209369260403,0.3053886256148351
2025-05-31,104638.09375,104927.1015625,103136.1171875,103994.71875,38997843858,0.006130518270315466,0.006149348357177731,0.2619494604796801,0.3790856134957311,0.29704332798444477
2025-06-01,105652.1015625,105884.546875,103826.953125,104637.296875,37397056873,0.009643965283822335,0.009690618169351017,0.25942872637782055,0.3719959029562868,0.2904253881842478
2025-06-02,105881.53125,105958.3125,103727.546875,105649.8125,45819706290,0.0021692037754339633,0.0021715582000447764,0.25573750524977623,0.3719516060143214,0.2817041676378705
2025-06-03,105432.46875,106813.578125,104920.84375,105888.4765625,46196508367,-0.004250198055930138,-0.004241178746647534,0.25516865054061477,0.3721949182806048,0.2736218818651277
2025-06-04,104731.984375,105997.6953125,104232.703125,105434.3671875,44544857105,-0.006666084188030525,-0.0066439151364365845,0.25652797939021976,0.3724695202479031,0.2665495840528099
2025-06-05,101575.953125,105936.6875,100436.8828125,104750.78125,57479298400,-0.030597731847037197,-0.030134359325224014,0.27923442119613545,0.35103549755627783,0.28450206391035604
2025-06-06,104390.34375,105376.7734375,101169.5703125,101574.3671875,48856653697,0.02733035306445883,0.027707252931573167,0.29649740938901714,0.353763947242679,0.2955990454489868
2025-06-07,105615.625,105972.7578125,103987.3125,104390.6484375,38365033776,0.011669145986995247,0.011737496074678777,0.2774402738246505,0.3426282329365524,0.2901636481837207
2025-06-08,105793.6484375,106497.0625,105075.328125,105617.5078125,36626232328,0.0016841596083658347,0.0016855786016509722,0.2760745421664327,0.3060356018628536,0.28140030638696184
2025-06-09,110294.1015625,110561.421875,105400.234375,105793.0234375,55903193732,0.041659964564867834,0.04253991795791734,0.3112814828722349,0.3037120736334687,0.3172956358342983
2025-06-10,110257.234375,110380.125,108367.7109375,110295.6875,54700101509,-0.00033431842692466013,-0.0003342625487465778,0.2968713095785262,0.29166940760327653,0.30763227924380454
2025-06-11,108686.625,110384.21875,108086.328125,110261.796875,50842662052,-0.01434738860972619,-0.014244955298426398,0.2933993659570676,0.2918634221678601,0.3034333158780387
2025-06-12,105929.0546875,108780.6953125,105785.6875,108685.9140625,54843867968,-0.02569916684533185,-0.025371753999169577,0.27190979137261406,0.2944458714966933,0.31069829716785613
2025-06-13,106090.96875,106182.546875,102822.0234375,105924.59375,69550440846,0.0015273471943905203,0.0015285141831733462,0.27132156748117897,0.29419381387891425,0.30129171533207244
2025-06-14,105472.40625,106203.7578125,104379.3671875,106108.0859375,38007870453,-0.005847555254663668,-0.0058304915798971235,0.26787599089276565,0.29340640089848424,0.2929967707487882
2025-06-15,105552.0234375,106157.1015625,104519.8828125,105464.84375,36744307742,0.0007545779547483326,0.0007548627203146641,0.26729556234354473,0.2934732416239063,0.28408606152706356
2025-06-16,106796.7578125,108915.375,104997.625,105555.59375,50366626945,0.011723623976989297,0.011792615001237072,0.2713698927965367,0.29363135068750595,0.2791786892352764
2025-06-17,104601.1171875,107750.1953125,103396.53125,106794.1171875,55964092176,-0.020773336361813687,-0.020559056941174436,0.27826781798788497,0.2973793923308295,0.28246956017629105
2025-06-18,104883.328125,105581.8515625,103602.265625,104602.0703125,47318089133,0.0026943395038619066,0.0026979724986506692,0.2695573023666552,0.29728610495233704,0.27406472300697615
2025-06-19,104684.2890625,105250.890625,103940.7734375,104886.7734375,37333806920,-0.0018995217392710328,-0.0018977187896134229,0.2635437220948829,0.29745916265064754,0.26581824575748586
2025-06-20,103309.6015625,106539.3828125,102372.2109375,104681.03125,50951862476,-0.013218729770939191,-0.013131746055793259,0.2668234066971044,0.295208794190849,0.2627960612724237
2025-06-21,102257.40625,104015.78125,100973.0625,103315.078125,38360555118,-0.010237095073649533,-0.010184874363913243,0.2659926545657273,0.2658193407224961,0.2578810018945778
2025-06-22,100987.140625,103351.6328125,98286.203125,102212.03125,65536997201,-0.012500036871865046,-0.012422235919953284,0.26829826246518607,0.26734658528924077,0.25470565052123934
2025-06-23,105577.7734375,106116.859375,99705.75,100987.4765625,65237759656,0.0444546821160779,0.04545759771084712,0.3153401732597869,0.2816292206489079,0.30143473254598396
2025-06-24,106045.6328125,106316.828125,104740.2421875,105571.515625,48822986421,0.004421629398587352,0.004431419225533917,0.3146546987636063,0.2813739340223073,0.2927571216910464
2025-06-25,107361.2578125,108168.3984375,105881.390625,106047.40625,51624120283,0.012329889288552448,0.012406215749838134,0.2944060524675758,0.2821259702916196,0.2878592782093017
2025-06-26,106960.0,108305.546875,106666.3515625,107375.0703125,43891990613,-0.00374445620028651,-0.003737454466123835,0.2803508957043773,0.28136597707932076,0.2794694670369477
2025-06-27,107088.4296875,107772.46875,106449.9921875,106954.921875,45353692675,0.00120000602760066,0.0012007263229245613,0.2776232531920472,0.2804735751486284,0.27099587643410883
2025-06-28,107327.703125,107567.8828125,106883.9765625,107090.546875,30037708335,0.002231861322037002,0.002234353778444831,0.2776560079790866,0.27979827495355675,0.26288353877837367
2025-06-29,108385.5703125,108526.3046875,107230.109375,107327.8203125,35534874438,0.009808164803266642,0.009856422495764683,0.23512815430075984,0.28016234336107576,0.25771269880768344
2025-06-30,107135.3359375,108798.7890625,106759.6484375,108383.4375,42064804590,-0.011602107852204922,-0.011535062936840146,0.23816809843359393,0.277907492665978,0.25390189382346484
2025-07-01,105698.28125,107550.6796875,105270.2265625,107144.3828125,44110692247,-0.013504224993731051,-0.013413452013053329,0.23757994021652484,0.27959735093401455,0.2517052769952488
2025-07-02,108859.3203125,109763.65625,105157.3984375,105703.1015625,56248657737,0.02946777720135706,0.02990624847553991,0.24335854032036786,0.2842502327919987,0.26959908023625484
2025-07-03,109647.9765625,110541.4609375,108605.796875,108845.015625,50494742270,0.007218611789243165,0.007244728772290987,0.2442459989623421,0.28174138524563536,0.26288880266298364
2025-07-04,108034.3359375,109751.984375,107296.3828125,109635.65625,42616442656,-0.014825919147368482,-0.014716556343200904,0.24991435665573114,0.2839313165691442,0.26131855337027804
2025-07-05,108231.1796875,108381.34375,107842.2734375,108015.8359375,30615537520,0.0018203901235928528,0.0018220480395592098,0.2499177986332933,0.2810783999548878,0.253456600065688
2025-07-06,109232.0703125,109731.625,107847.015625,108231.1875,36746020463,0.009205212306969758,0.009247710575546852,0.24867520448824007,0.28148013709687253,0.24832849322243794
2025-07-07,108299.8515625,109710.25,107527.0546875,109235.328125,45415696597,-0.008570920982479692,-0.008534295352390808,0.23796334888147483,0.2528793687239992,0.24305913620568972
2025-07-08,108950.2734375,109198.96875,107499.5546875,108298.2265625,44282204127,0.005987787747688724,0.006005750382996888,0.23842571061772144,0.2529975481457006,0.23680199647679617
2025-07-09,111326.5546875,111925.375,108357.6796875,108950.2734375,57927418065,0.021576245274881944,0.021810695604753683,0.24783750276025332,0.2545093571716202,0.24443721878822014
2025-07-10,115987.203125,116608.78125,110660.75,111329.1953125,95911605728,0.04101205071842649,0.041864660687494615,0.27393277884275885,0.2669452395284685,0.28565056249138127
2025-07-11,117516.9921875,118856.4765625,115245.6875,115986.234375,86928361085,0.013103070357299034,0.013189291760499877,0.2682944541266767,0.2662421961804162,0.28159621600210377
2025-07-12,117435.2265625,118219.8984375,116977.0234375,117530.7109375,45524560304,-0.000696019205401959,-0.0006957770402219454,0.26008842600710746,0.2653336712652205,0.2730310749875254
2025-07-13,119116.1171875,119449.5703125,117265.4375,117432.203125,49021091807,0.014211873752884076,0.014313342548076147,0.22262070660885994,0.265954628222526,0.2704202423090771
2025-07-14,119849.703125,123091.609375,118959.1953125,119115.7890625,181746419401,0.00613969178492453,0.006158578325259345,0.22253933408296378,0.266067464412184,0.2632668640932688
2025-07-15,117777.1875,119935.5625,115765.6875,119853.8515625,98321661181,-0.017443885857792257,-0.01729262210051885,0.2361940933513775,0.2689933386817551,0.2641055229098534
2025-07-16,118738.5078125,120065.515625,117064.8203125,117777.1875,72162029070,0.008129063950949825,0.00816219450392297,0.23436393552951687,0.2690588254113566,0.25800344689570254
2025-07-17,119289.84375,120999.609375,117508.21875,118738.5078125,72363841798,0.0046325315439855776,0.004643278306736054,0.2338986275637405,0.2623800000389117,0.2507913721858685
2025-07-18,118003.2265625,120851.9140625,116925.984375,119284.109375,77945799785,-0.010844225617985717,-0.01078563897020779,0.24074915647728842,0.26291512617285895,0.2467804767955028
2025-07-19,117939.9765625,118541.3984375,117388.4140625,117998.125,47564562765,-0.000536145993420385,-0.0005360022928398989,0.24066174443865845,0.26223829526981907,0.2392716318036215
2025-07-20,117300.7890625,118865.03125,116550.1328125,117944.109375,57515447231,-0.005434339336073631,-0.00541960002562214,0.23623739932568594,0.25736437968427955,0.23294287596830698
2025-07-21,117439.5390625,119671.5625,116584.3984375,117306.46875,69820091744,0.0011821574696331473,0.0011828564931994912,0.22693426177400136,0.2549415153448728,0.22589327258756953
2025-07-22,119995.4140625,120269.96875,116233.2265625,117426.5,79217583118,0.021529885923986695,0.02176332622218302,0.2172492706216554,0.2437379481441859,0.23446698808435454
2025-07-23,118754.9609375,120113.3515625,117391.390625,119997.4453125,66608604537,-0.010391307548023082,-0.010337504434577038,0.22362347062164942,0.24494865076985406,0.23088726468200638
2025-07-24,118368.0,119535.453125,117247.96875,118770.984375,72627318560,-0.0032638027078905844,-0.0032584822936673197,0.214292332761689,0.24427559518539313,0.22421297389650083
2025-07-25,117635.8828125,118486.9765625,114759.8203125,118368.0,104857024569,-0.0062043007703418435,-0.006185093838706357,0.2175255084289253,0.24471447309133879,0.21871714524975175
2025-07-26,117947.3671875,118335.6875,117181.2265625,117644.84375,48508954046,0.002644369296284202,0.002647868724685587,0.2167550472105104,0.24448217827018165,0.21230329179250357
2025-07-27,119448.4921875,119815.59375,117859.6875,117944.7265625,54683390892,0.012646766556765231,0.012727075099638885,0.21370766175545974,0.24419735639728243,0.2116285186198156
2025-07-28,117924.4765625,119819.7890625,117441.4375,119457.5234375,64822943193,-0.012840860304521964,-0.012758768211219684,0.22269739077916162,0.24181373691331667,0.21116944386731598
2025-07-29,117922.1484375,119273.8671875,116987.3671875,117938.5859375,68463107433,-1.9742703547879838e-05,-1.9742508661990676e-05,0.2130201196863227,0.2390848972868979,0.20473638630010468
2025-07-30,117831.1875,118780.7265625,115800.828125,117921.9921875,68896148592,-0.0007716619716275345,-0.0007713643170961237,0.15845790234809093,0.23900562068793357,0.19852196853535584
2025-07-31,115758.203125,118919.984375,115505.21875,117833.6328125,69370346018,-0.01774942596736902,-0.017592832754910526,0.16439098708342997,0.24182998514783047,0.20447432738344168
2025-08-01,113320.0859375,116060.7734375,112724.4453125,115738.953125,91294530181,-0.0212871264623786,-0.021062154747402473,0.1798195338519433,0.24629860727773942,0.2148317221248267
2025-08-02,112526.9140625,114021.6015625,112005.765625,113320.390625,56870866000,-0.0070240041801152295,-0.006999393518263508,0.1703139192346921,0.24662286933878547,0.21007017546108836
2025-08-03,114217.671875,114747.421875,111943.8046875,112525.8046875,48099615826,0.014913601071925728,0.015025363723748075,0.17907530371465957,0.2476889024379627,0.211765512335643
2025-08-04,115071.8828125,115729.46875,114130.40625,114223.921875,35783028986,0.007450970809323143,0.007478798363486527,0.17305121644230667,0.238779003908084,0.20734842851546204
2025-08-05,114141.4453125,115117.4375,112701.109375,115072.1875,61039182286,-0.008118573366820805,-0.008085706753543476,0.1710807998690881,0.23376640470096435,0.2034953228211156
2025-08-06,115028.0,115737.8359375,113372.25,114140.9140625,56379133510,0.007737149330479471,0.007767158415357134,0.17301498033500726,0.233173129069154,0.19957670565341382
2025-08-07,117496.8984375,117676.90625,114279.7109375,115030.0546875,64051649681,0.021236359971131914,0.021463456180234486,0.1876736302950752,0.23668326799749362,0.21038030440997194
2025-08-08,116688.7265625,117689.203125,115917.4609375,117505.5,59713005166,-0.006902004196733544,-0.0068782400705657,0.18917247459968975,0.2221871069269157,0.2057293405983265
2025-08-09,116500.359375,117906.609375,116363.8359375,116678.2734375,54004312429,-0.0016155749975506003,-0.0016142706587778388,0.1883441149665982,0.22223398765674438,0.1995608988167278
2025-08-10,119306.7578125,119320.7109375,116485.1640625,116497.71875,64755458694,0.02380361527108938,0.02408918266480664,0.20696887153018473,0.22478002450273035,0.21448136084041275
2025-08-11,118731.4453125,122321.09375,118159.03125,119306.8125,90528784177,-0.004833792329587668,-0.004822128356753663,0.19258430450799882,0.2179381112280659,0.20879512922756605
2025-08-12,120172.90625,120302.46875,118228.71875,118717.6640625,72803657984,0.012067410412961721,0.012140515376580119,0.19382702776245947,0.2189290206401887,0.2078015693593734
2025-08-13,123344.0625,123682.453125,118939.6328125,120168.9765625,90904808795,0.02604611531030144,0.026388279596092357,0.2130592586561435,0.22370312767308692,0.22549503886032407
2025-08-14,118359.578125,124457.1171875,117254.8828125,123339.3984375,104055627395,-0.04125044324166835,-0.040411222672351976,0.2618241314597485,0.24107882453058357,0.27115550833462626
2025-08-15,117398.3515625,119332.3125,116864.5703125,118365.78125,68665353159,-0.008154397097906272,-0.008121240187970669,0.2633468493261824,0.24106419402276594,0.26480027058463473
2025-08-16,117491.3515625,117996.0625,117271.953125,117398.421875,48036922378,0.000791861061786004,0.0007921746665282559,0.2589826292913119,0.23653282469654568,0.25675185142075324
2025-08-17,117453.0625,118595.7734375,117279.5234375,117492.7890625,45852169525,-0.000325941461445338,-0.00032588834829794244,0.25506241135981844,0.2365724968017959,0.24893338211575836
2025-08-18,116252.3125,117614.171875,114723.6796875,117453.90625,72787808090,-0.01027584894774574,-0.01022323279139703,0.25755209658139777,0.23776487209610428,0.2446350879376049
2025-08-19,112831.1796875,116764.5,112730.3984375,116241.859375,71657600353,-0.029870220205219213,-0.029428514056440758,0.2775734948238461,0.24459238902327038,0.26409480325909973
2025-08-20,114274.7421875,114625.796875,112387.9609375,112828.0234375,67993811526,0.012712851606869349,0.012794003430595335,0.27595040867373033,0.24442291006362968,0.2607775759783545
2025-08-21,112419.03125,114802.6484375,111986.234375,114275.6875,57817883700,-0.016372327846506683,-0.01623902974513114,0.27159128493996426,0.24552042040919245,0.26072516304751586
2025-08-22,116874.0859375,117377.3984375,111678.9453125,112433.734375,82528088240,0.03886392642477823,0.03962900798880531,0.3036933695242029,0.24160677452770568,0.2945102277305514
2025-08-23,115374.328125,116996.25,114536.109375,116866.3671875,55377142586,-0.012915297318543016,-0.012832252765613172,0.30393678610944125,0.24337684474757343,0.2899210029380448
2025-08-24,113458.4296875,115615.0859375,111060.546875,115387.390625,73961489632,-0.01674535783150271,-0.016605933647771742,0.30869956542821064,0.24509072092482542,0.2885319577491726
2025-08-25,110124.3515625,113637.84375,109324.28125,113456.8984375,85706860190,-0.029826315528831894,-0.029385900493979156,0.32480950062261255,0.25291490843699826,0.3028308748561823
2025-08-26,111802.65625,112397.015625,108762.0390625,110124.1015625,69396320317,0.01512512333952803,0.015240086898922645,0.32871920176030034,0.2546866922227969,0.2994380388385124
2025-08-27,111222.0625,112619.4140625,110398.265625,111795.7109375,62137056409,-0.00520655346926939,-0.005193022862549412,0.3177628835790743,0.2549539258737414,0.2910210073629669
2025-08-28,112544.8046875,113450.078125,110900.921875,111219.0546875,58860155962,0.011822640333317674,0.01189280397942638,0.3214432775966472,0.25529807846456815,0.28587589697045396
2025-08-29,108410.8359375,112619.0546875,107559.625,112550.5234375,77843379644,-0.03742335971466304,-0.036731759955323295,0.34539653138857185,0.2658476461911644,0.31304505344729194
2025-08-30,108808.0703125,108929.3515625,107444.4453125,108409.40625,51486264208,0.0036574608046354446,0.003664157476186425,0.3313140713243177,0.26439234482221086,0.30384146144651647
2025-08-31,108236.7109375,109491.0,108104.65625,108818.4609375,47986191770,-0.005264910692760397,-0.00525107534173741,0.3313215433214233,0.25762440652561547,0.29529573524775315
2025-09-01,109250.59375,109890.5859375,107271.1796875,108228.75,66870372995,0.00932367209897638,0.009367272930950854,0.329626706610748,0.2579156293171779,0.28858619441111183
2025-09-02,111200.5859375,111748.015625,108454.03125,109243.0703125,74776999491,0.017691382281182146,0.017848801737061493,0.3204762669693744,0.2585729816589915,0.2881274117721757
2025-09-03,111723.2109375,112600.2265625,110582.9609375,111190.6953125,61119643565,0.004688830576405435,0.004699840343410866,0.2921359650034883,0.2587032138497705,0.27994423781913313
2025-09-04,110723.6015625,112208.328125,109347.2265625,111718.1484375,60131132901,-0.00898746169776838,-0.008947195185422974,0.29235014482503807,0.258783928899561,0.2736566455679677
2025-09-05,110650.984375,113357.4921875,110233.3984375,110723.015625,60241647677,-0.0006560571512495267,-0.0006558419928113235,0.29215098299604136,0.2581423126825665,0.2653322255170025
2025-09-06,110224.6953125,111275.015625,110024.0859375,110650.5703125,21500719036,-0.0038599957441809024,-0.0038525555367432407,0.2919913703725504,0.2580138826981878,0.2576866313163548
2025-09-07,111167.6171875,111591.078125,110211.625,110221.328125,24618007520,0.008518160055379413,0.008554542812086785,0.29354707144710007,0.2547590528448063,0.25202251647153295
2025-09-08,112071.4296875,112869.234375,110630.609375,111163.015625,40212813407,0.008097306013038336,0.008130177859939192,0.27658977170850346,0.24065393922239436,0.24636515848211474
2025-09-09,111530.546875,113225.4375,110776.703125,112077.578125,45984480722,-0.004837916692699648,-0.004826232823193166,0.2725935461455221,0.23910317505035644,0.23959952849810878
2025-09-10,113955.359375,114275.25,110940.078125,111531.25,56377473784,0.02150827089182057,0.02174124101370767,0.2777719525850318,0.24346318716616813,0.24689685386913063
2025-09-11,115507.5390625,115522.546875,113453.8359375,113961.4296875,45685065332,0.013529013824572132,0.013620945043858246,0.2440954297765689,0.24329088806142343,0.24508784220200758
2025-09-12,116101.578125,116769.3828125,114794.484375,115507.7890625,54785725894,0.005129680319349263,0.005142859655061782,0.24038463181547373,0.2431817107712817,0.2384571854833153
2025-09-13,115950.5078125,116334.6328125,115248.2734375,116093.5625,34549454947,-0.0013020381457220277,-0.0013011908618274504,0.23195108926362448,0.2406229018686753,0.23124824872093722
2025-09-14,115407.65625,116181.5,115222.3984375,115950.2890625,32798036057,-0.0046927460797969575,-0.004681752350561785,0.20285753279031019,0.24014777934346943,0.22494483322526992
2025-09-15,115444.875,116747.8828125,114461.0625,115399.6328125,52937859416,0.00032244610982561805,0.0003224981011604733,0.19721322525571586,0.239918645753034,0.21809571147559323
2025-09-16,116843.1875,117005.2734375,114813.09375,115423.7578125,45781744593,0.012039614740681204,0.012112382641498831,0.19881024076682793,0.2403065965464157,0.2165720991437618
2025-09-17,116468.5078125,117328.609375,114794.9765625,116840.5078125,60528025996,-0.003211840787451935,-0.0032066883445814875,0.19657498674314394,0.24038681475077953,0.21034553099386646
2025-09-18,117137.203125,117911.7890625,116188.796875,116461.265625,49457272032,0.005725006775122414,0.005741425944741474,0.13155012325230722,0.24043867646957454,0.20514896170218147
2025-09-19,115688.859375,117479.7578125,115141.8203125,117137.671875,38828473971,-0.012441583362179643,-0.012364506846338497,0.14374365855476817,0.24176438607384854,0.2046983165690233
2025-09-20,115721.9609375,116191.1484375,115473.5234375,115691.125,22864449614,0.0002860848311332532,0.0002861257573012477,0.1407969931136376,0.23747203299745537,0.19846549888361775
2025-09-21,115306.09375,115901.0859375,115252.578125,115730.2265625,22495852193,-0.0036001483649767967,-0.003593675600818802,0.14098998692374515,0.23668313171145802,0.1929279978236273
2025-09-22,112748.5078125,115431.3125,112037.6484375,115309.21875,70684158591,-0.02243053331974822,-0.02218083931492132,0.15557395078655017,0.2408646682794073,0.20638616096459947
2025-09-23,112014.5,113351.9140625,111535.5703125,112757.4765625,47211853279,-0.006531416615244119,-0.00651013327573835,0.15684290615720659,0.24089688579259777,0.20170409704523048
2025-09-24,113328.6328125,113986.2734375,111229.640625,112007.6640625,48044595085,0.011663525697123141,0.011731809832655538,0.15804598322148924,0.24215608793468202,0.20074950115518625
2025-09-25,109049.2890625,113541.0859375,108713.3984375,113330.1640625,75528654284,-0.038491879643615556,-0.03776048156409062,0.21175807973476254,0.25260190894167306,0.24552903582776395
2025-09-26,109712.828125,110359.1953125,108728.9765625,109041.296875,57738288949,0.00606632543055882,0.0060847628462732395,0.21274064064666245,0.2519531329551236,0.2392150864564982
2025-09-27,109681.9453125,109778.5,109144.296875,109707.140625,26308042910,-0.00028152733285390487,-0.0002814877077529365,0.2102179643731392,0.2519484531303982,0.2319302147383785
2025-09-28,112122.640625,112375.484375,109236.9453125,109681.9453125,33371048505,0.022008506441889,0.02225248016477188,0.22330744566258595,0.2564026800686731,0.24059897609468606
2025-09-29,114400.3828125,114473.5703125,111589.953125,112117.875,60000147466,0.020111147409077906,0.02031473906432546,0.23343580547768567,0.25746822848760637,0.24602846177139895
2025-09-30,114056.0859375,114836.6171875,112740.5625,114396.5234375,58986330258,-0.0030141158842399056,-0.003009577997342028,0.221144028557343,0.2537718780598419,0.23882120376404334
2025-10-01,118648.9296875,118648.9296875,113981.3984375,114057.59375,71328680132,0.03947865276779501,0.04026829179914837,0.2582084082927712,0.2657998410124429,0.2778109453811953
2025-10-02,120681.2578125,121086.40625,118383.15625,118652.3828125,71415163912,0.016983874858595087,0.017128920845327356,0.2638812135092388,0.26629999950378025,0.27732576586027785
2025-10-03,122266.53125,123944.703125,119344.3125,120656.984375,83941392228,0.013050507216426515,0.013136036748664148,0.2664520105542022,0.26713273877763466,0.2736241574735553
2025-10-04,122425.4296875,122857.640625,121577.5703125,122267.46875,36769171735,0.0012987632223538373,0.001299606980548873,0.26510690625107836,0.2664544225187249,0.2653365277960259
2025-10-05,123513.4765625,125559.2109375,122191.9609375,122419.671875,73689317763,0.008848164694084894,0.008887425412982486,0.2657121506310164,0.2665811171628383,0.2595438492488299
2025-10-06,124752.53125,126198.0703125,123196.046875,123510.453125,72568881188,0.009981752928713129,0.010031736794915869,0.2649216520946317,0.2639504704842144,0.2546128752083387
2025-10-07,121451.3828125,125184.0234375,120681.96875,124752.140625,76149412513,-0.02681798376519831,-0.026461574802715715,0.28507326173693787,0.2695921072420621,0.26797839755732156
2025-10-08,123354.8671875,124167.09375,121119.1796875,121448.3515625,65354305286,0.015551259305387295,0.01567280940669602,0.2888418719178826,0.2712617824466221,0.2667589216007881
2025-10-09,121705.5859375,123739.34375,119812.03125,123337.0703125,74653009425,-0.01346040236705057,-0.013370216251727518,0.2895666296488481,0.2685910954364589,0.26387531390501073
2025-10-10,113214.3671875,122509.6640625,104582.4140625,121704.7421875,153125018868,-0.07232182184699049,-0.06976852117831744,0.3932001844986312,0.3069994045799299,0.38017984250879155
2025-10-11,110807.8828125,113429.7265625,109760.5625,113236.4296875,110236934340,-0.021485160033407134,-0.02125599811033263,0.3997813400179651,0.30869216325149745,0.37794719851868863
2025-10-12,115169.765625,115805.0625,109715.5390625,110811.515625,93710414091,0.038609346343899696,0.03936437283871608,0.4167419665110641,0.3144743908980756,0.39599563879870947
2025-10-13,115271.078125,116020.484375,113821.1875,115161.6796875,71582026739,0.0008792929662890047,0.000879679657679322,0.4157800649618832,0.3031741127967234,0.3839472402704375
2025-10-14,113118.6640625,115502.8828125,110029.484375,115264.8828125,92212917403,-0.01884916344559421,-0.01867262888064536,0.41990882145342456,0.3051223452202835,0.37939761948001294
2025-10-15,110783.1640625,113622.3828125,110235.8359375,113113.96875,72574132855,-0.020862578290898413,-0.02064646024028005,0.40284290159260855,0.30790927224425396,0.376678825661844
2025-10-16,108186.0390625,111990.8125,107537.03125,110782.171875,87306423067,-0.02372248478317967,-0.023443318504017374,0.41145233748828225,0.3114105083212531,0.37667306309093057
2025-10-17,106467.7890625,109235.8046875,103598.4296875,108179.1328125,99703051669,-0.016009839805348834,-0.01588236351834038,0.4150122016561816,0.3123312846639699,0.37046608890176574
2025-10-18,107198.265625,107490.984375,106387.453125,106483.734375,37779905278,0.006837580349705927,0.006861009972426446,0.40703782610362366,0.3070882731338256,0.3601628985900487
2025-10-19,108666.7109375,109488.9921875,106157.7890625,107204.3125,47657008953,0.013605430464268035,0.013698405510000455,0.40293287777355785,0.30726209314402314,0.3531757405455296
2025-10-20,110588.9296875,111711.03125,107485.015625,108667.4453125,63507793085,0.01753449073833947,0.01768912239467313,0.40918654860440645,0.3077976212187713,0.3491387803910334
2025-10-21,108476.890625,113996.34375,107534.75,110587.6328125,101194375480,-0.019282830173496076,-0.019098105646452646,0.3834032010077002,0.29916506806949156,0.3467074373182674
2025-10-22,107688.5859375,109115.1328125,106778.0,108491.53125,80807013218,-0.007293562270818725,-0.007267028792566799,0.37496774915755604,0.2984491918544417,0.3373396041844757
2025-10-23,110069.7265625,111288.59375,107548.4296875,107679.4375,54944076060,0.021870444424777702,0.022111355667553845,0.3820560147076366,0.30031664580986367,0.3379382652039249
2025-10-24,111033.921875,111842.53125,109770.1484375,110069.3515625,48160816980,0.008721714285261932,0.008759859251149305,0.3846445304437768,0.29457756089744197,0.32939381827959513
2025-10-25,111641.7265625,111947.703125,110704.40625,111032.6171875,24707667305,0.005459116892619,0.005474045023684315,0.3832253750269619,0.293139525293245,0.3200638621636956
2025-10-26,114472.4453125,115260.90625,111268.484375,111639.0546875,41708524143,0.025039267744803344,0.025355383127430242,0.39461825269995804,0.2973784827434503,0.32522935451892315
2025-10-27,114119.328125,116273.3125,113882.2890625,114479.8515625,61761358733,-0.0030895028553826285,-0.0030847352525406047,0.3855442087479063,0.2965182163724901,0.3155503222627037
2025-10-28,112956.1640625,116078.984375,112291.6796875,114129.0859375,64528066504,-0.010244824086811922,-0.01019252462848308,0.3798118559669046,0.28685042752218365,0.3085200586773971
2025-10-29,110055.3046875,113642.7265625,109368.71875,112921.328125,62192043469,-0.02601680546576632,-0.025681284408657135,0.3863422148293156,0.29193821976131307,0.315765556084853
2025-10-30,108305.546875,111612.3515625,106376.6875,110059.1953125,69673964814,-0.01602663895461955,-0.015898895718551742,0.29783563935953417,0.29362529898585493,0.31242444358031524
2025-10-31,109556.1640625,111031.8203125,108288.2734375,108304.4140625,60090359560,0.01148096119628519,0.011547120379193476,0.2924881275406281,0.29395065462935765,0.306178861967869
2025-11-01,110064.015625,110574.8984375,109372.953125,109558.625,25871668762,0.004624825172493095,0.004635536182247879,0.25452674271476866,0.2918125570782678,0.2973956415014686
2025-11-02,110639.625,111167.3125,109523.453125,110064.4296875,34284209459,0.005216141233319792,0.005229768982454308,0.2557006600779001,0.2918520658644971,0.28904827355484897
2025-11-03,106547.5234375,110764.9140625,105336.359375,110646.90625,72852006359,-0.03768718290100999,-0.03698585893164408,0.2797294982235859,0.3013314374090155,0.3162455776041001
2025-11-04,101590.5234375,107264.8828125,98962.0625,106541.421875,110967184773,-0.04764085753760775,-0.046523840630681046,0.3161922223852286,0.3163519764204908,0.35822858232350985
2025-11-05,103891.8359375,104534.703125,98989.9140625,101579.234375,77584934804,0.022400061321748738,0.02265282648549194,0.3210247890726439,0.3200443225296481,0.3580708126891086
2025-11-06,101301.2890625,104147.3046875,100336.8671875,103893.6640625,63932752861,-0.025251182491850755,-0.02493503798083263,0.32796522296554725,0.3232277785369689,0.3607806430651014
2025-11-07,103372.40625,104052.9140625,99257.0546875,101286.2421875,92168030081,0.02023892596873405,0.020445121741957006,0.33636131903142036,0.32572358566784787,0.3585335097676123
2025-11-08,102282.1171875,103373.5625,101458.0390625,103371.703125,51446691095,-0.010603212214200236,-0.010547196317199026,0.332595018077686,0.32620147070211425,0.35004773100351216
2025-11-09,104719.640625,105418.3671875,101468.875,102278.984375,59679243013,0.023551839699680072,0.02383137448193029,0.3381682185855301,0.3268418475649296,0.3515228429829915
2025-11-10,105996.59375,106564.6953125,104350.6484375,104723.7734375,69585887229,0.01212026933646231,0.012194017448672767,0.33614262734558087,0.32657949736630504,0.3440571938410744
2025-11-11,102997.46875,107428.2578125,102457.328125,105996.859375,71130078574,-0.028702546476841843,-0.028294541304540788,0.3496458907771278,0.33100627320485826,0.35175166585320755
2025-11-12,101663.1875,105297.234375,100836.6171875,103011.4375,64347179408,-0.013039146642676998,-0.012954505253314763,0.339548030632941,0.3317742657180092,0.34478424103145294
2025-11-13,99697.4921875,104005.4921875,97988.71875,101674.1484375,101546815416,-0.019524742976585432,-0.01933536967351135,0.3403447166469408,0.3336390344043816,0.34279378959797235
2025-11-14,94397.7890625,99804.4296875,94000.734375,99694.703125,114346441890,-0.05462287113659148,-0.053157837862490065,0.3795208876514792,0.35028375578688503,0.39442367701487874
2025-11-15,95549.1484375,96728.46875,94420.46875,94420.46875,38500716654,0.01212310649874722,0.012196889211437911,0.3669946086160261,0.3502994694067931,0.3853025003858426
2025-11-16,94177.078125,96564.1875,92971.1640625,95556.8671875,71086235862,-0.014463938461922525,-0.01435983820826503,0.3667716130609895,0.3510383050652213,0.37777469898700355
2025-11-17,92093.875,95928.3671875,91214.7578125,94180.875,94186165724,-0.02236838271634354,-0.02212006537551514,0.36956684546501345,0.3525890834478371,0.37645200136093243
2025-11-18,92948.875,93745.078125,89300.4609375,92094.53125,101333569062,0.009241173563305538,0.009284005043766586,0.37075475115232537,0.3531738220643555,0.3667483878846623
2025-11-19,91465.9921875,92946.1640625,88526.828125,92946.1640625,80350354656,-0.016082377699808928,-0.015953746750565823,0.37076991782258506,0.3539873071704014,0.3610329589482461
2025-11-20,86631.8984375,93025.0703125,86040.796875,91459.3515625,97970645638,-0.05429914313161118,-0.05285126891851111,0.3965023936050007,0.36873290017624116,0.408783404024549
2025-11-21,85090.6875,87380.8046875,80659.8125,86528.7734375,129157506112,-0.017950490472289502,-0.017790340109098413,0.39222019762870114,0.36792961240527466,0.4024296300689894
2025-11-22,84648.359375,85503.0078125,83490.8984375,85098.5625,40793099246,-0.00521187239368071,-0.0051983141515926645,0.38756249528421216,0.36791135360294114,0.39069597460096483
2025-11-23,86805.0078125,88038.46875,84641.7734375,84648.609375,58083435576,0.025158586579000386,0.025477734635657168,0.3993272086946805,0.3714921690547961,0.39122246307244185
2025-11-24,88270.5625,89206.3359375,85272.1953125,86798.7734375,74433896110,0.016742357810839485,0.01688329653360121,0.3844834348149075,0.3670898000901922,0.3848505549393435
2025-11-25,87341.890625,88457.3359375,86131.4296875,88269.9609375,64837343545,-0.01057647695675446,-0.010520742688141405,0.36849429410381923,0.3668172744518049,0.3753860733364023
2025-11-26,90518.3671875,90581.15625,86316.8984375,87345.5859375,66496301869,0.03572258791333639,0.03636830551491177,0.39474483649273695,0.37560842098400055,0.3895568039637933
2025-11-27,91285.375,91897.578125,90089.515625,90517.765625,57040622845,0.008437806108495432,0.008473504729832548,0.3866278159100658,0.3727368933217789,0.37911175855031926
2025-11-28,90919.265625,92969.0859375,90257.1171875,91285.3828125,60895830289,-0.004018666774419681,-0.004010602738938163,0.3863435125881786,0.36949488671633857,0.3678945027374332
2025-11-29,90851.7578125,91187.6171875,90260.1875,90918.7421875,37921773455,-0.00074277862694653,-0.0007425028351905061,0.37111411471433037,0.36954559590144126,0.35669864766143733
2025-11-30,90394.3125,91965.046875,90394.3125,90838.2109375,38497902869,-0.005047792573132774,-0.005035073877646679,0.3642596798152776,0.35837517808483116,0.3463887274464807
2025-12-01,86321.5703125,90398.15625,83862.25,90389.109375,87962894424,-0.04610183805407602,-0.045055292472078956,0.38219430273239907,0.36544823156581707,0.3806859323484022
2025-12-02,91350.203125,92316.6328125,86202.1953125,86322.5390625,78546798211,0.05662099387030378,0.05825464938016567,0.4465858870251055,0.3853070466283392,0.42976765697203406
2025-12-03,93527.8046875,94060.7734375,91056.390625,91345.09375,77650204986,0.023558262011831657,0.023837949867722363,0.4545602294170561,0.38950395730163917,0.42662594773505264
2025-12-04,92141.625,94038.2421875,90976.1015625,93454.2578125,64538402681,-0.014931972865932171,-0.014821043775501641,0.4151236768459045,0.38907511242809406,0.4176844864088876
2025-12-05,89387.7578125,92702.640625,88152.140625,92133.6484375,63256398633,-0.030343059975675362,-0.029887330373216225,0.42430101785888236,0.39126502327128976,0.4217981909164747
2025-12-06,89272.375,90267.4609375,88951.6640625,89389.359375,37994042405,-0.0012916460625568118,-0.0012908122468182626,0.42228927404466166,0.3888298830234094,0.40897935947183944
2025-12-07,90405.640625,91740.84375,87799.5625,89277.8125,47394898960,0.012614572226014349,0.012694471554050235,0.4188945517848261,0.3882088024809912,0.3995425837931793
2025-12-08,90640.203125,92267.1171875,89644.890625,90424.5859375,57394099056,0.002591195979813834,0.0025945560296725123,0.4174164858113368,0.38814008743511336,0.38750192238614983
2025-12-09,92691.7109375,94601.5703125,89586.9765625,90639.703125,66861721440,0.022381192698197744,0.022633530616329445,0.4216062846850321,0.3657692723623618,0.3856451119813178
2025-12-10,92020.9453125,94477.15625,91640.1328125,92695.234375,65420694513,-0.007262832846635849,-0.007236522211271801,0.37020100227000063,0.3639112702929294,0.37496184367834773
2025-12-11,92511.3359375,93554.265625,89335.296875,92011.3046875,64532834621,0.0053149701081481185,0.005329119618741718,0.36184065176027524,0.35387219888944865,0.3641259735852599
2025-12-12,90270.4140625,92747.9296875,89532.6015625,92513.6640625,80275884583,-0.024521421452147512,-0.024223213861206738,0.37475011259274077,0.356303670653927,0.3656830852319537
2025-12-13,90298.7109375,90647.5703125,89800.9921875,90257.796875,64237748110,0.0003134187556330964,0.00031346787642294593,0.3657233930156332,0.35507190929267957,0.35454499989814886
2025-12-14,88175.1796875,90498.109375,87634.9375,90296.4375,50465972205,-0.02379767101791624,-0.023516739363752315,0.37226190573888823,0.3557262561258542,0.3559816346685198
2025-12-15,86419.78125,89983.921875,85304.078125,88171.078125,45559514323,-0.020108914713088392,-0.019908078936967,0.37733878542837335,0.354938254072781,0.3538835963225503
2025-12-16,87843.984375,88170.09375,85381.6875,86424.40625,41262178223,0.016345736935078115,0.01648005936140917,0.35844292865809096,0.3563535567436201,0.34894038527316745
2025-12-17,86143.7578125,90264.5703125,85316.265625,87847.6171875,44243392914,-0.019544833040854463,-0.01935507109105894,0.3618994936275953,0.3572785815737547,0.34674151246262086
2025-12-18,85462.5078125,89412.6640625,84436.3125,86144.3671875,52667115348,-0.007939728497768105,-0.007908292107279613,0.3623278336037438,0.3555598792629933,0.33759302409985037
2025-12-19,88103.3828125,89339.1171875,85107.6640625,85476.1328125,46733310561,0.030433154968407768,0.03090097713717843,0.3814090882611588,0.35985381564574725,0.34804410923926843
2025-12-20,88344.0,88497.203125,87924.875,88101.671875,14688196659,0.002727355122150639,0.002731077738661547,0.38145810745991443,0.35863103135796914,0.3376078930696626
2025-12-21,88621.75,89027.953125,87613.203125,88344.703125,19845522660,0.0031390280669266876,0.0031439599746445612,0.34255245677383633,0.3587872332935924,0.3275504983554436
2025-12-22,88490.015625,90501.9296875,87908.0703125,88621.3984375,38047472118,-0.0014875849588890807,-0.0014864790528285043,0.2732000079807875,0.3549758802317366,0.31762466594827826
2025-12-23,87414.0,88898.3828125,86606.9765625,88490.03125,43683011533,-0.012234274952953525,-0.01215974047919599,0.258655745286461,0.35445722729992146,0.31160139002583404
2025-12-24,87611.9609375,87956.8828125,86411.796875,87404.3203125,25550297986,0.002262076104062497,0.0022646365284737513,0.2556542211129468,0.35415377468450737,0.3022367773008021
2025-12-25,87234.7421875,88501.7890625,86949.2578125,87608.3203125,19953216347,-0.0043148578556266,-0.004305562231041726,0.2338494156098594,0.3489301407125455,0.29350936869969896
2025-12-26,87301.4296875,89459.4296875,86628.140625,87235.5078125,42455674908,0.0007641682813230021,0.0007644603322913834,0.2339547878491653,0.3490873804928151,0.2845834041461979
2025-12-27,87802.15625,87874.78125,87182.9765625,87301.4296875,13741199310,0.00571921956587603,0.005735605525503784,0.22983132354547386,0.3494912335735808,0.27680863119463156
2025-12-28,87835.8359375,87986.890625,87394.953125,87799.34375,15156557929,0.0003835125589097617,0.00038358610925337544,0.22944834432700542,0.3466279634554711,0.2683800683427951
2025-12-29,87138.140625,90299.15625,86717.9140625,87835.7890625,48411625849,-0.007974888882579774,-0.007943173820266769,0.2120609826083374,0.34580257712476764,0.2620454236794215
2025-12-30,88430.1328125,89297.9375,86735.546875,87134.3515625,35586356225,0.01471809780879094,0.014826942349620564,0.2205088899073805,0.34646953583271944,0.26042862085811164
2025-12-31,87508.828125,89080.2890625,87130.5625,88429.5859375,33830210616,-0.010473099349299821,-0.01041844740246467,0.22069322055392032,0.3463258024336615,0.2557579559177715
2026-01-01,88731.984375,88803.2265625,87399.40625,87508.046875,18849043990,0.013880733660550057,0.013977518339667538,0.21246016773049461,0.34774394149736715,0.25377282472850415
2026-01-02,89944.6953125,90884.4609375,88298.6171875,88733.0625,46398906171,0.013574570130194885,0.013667122921255048,0.21855827828555138,0.3421546298451267,0.25164012868428415
2026-01-03,90603.1875,90679.5703125,89328.0703125,89945.0546875,20774828592,0.007294409627148249,0.007321078638514056,0.20120393672660672,0.3297165663688817,0.24561738596633387
2026-01-04,91413.4921875,91712.5859375,90595.1015625,90603.0,26770491368,0.008903689947606831,0.008943445698309516,0.18592418922985546,0.32661228985811264,0.24063847318167478
2026-01-05,93882.5546875,94762.0703125,91414.625,91414.625,53376407252,0.02665149838136465,0.027009825802690735,0.1990142516895672,0.32823740554146336,0.2552885310040191
2026-01-06,93729.03125,94395.296875,91286.546875,93876.9453125,52430605257,-0.00163660971149983,-0.0016352711961346023,0.18106325795825726,0.3251626674891863,0.24759321236180323
2026-01-07,91308.0546875,93738.7890625,90601.8046875,93727.46875,43461295053,-0.026168967250151644,-0.025829527204251357,0.20700388829221597,0.3285441460747999,0.2607271665264365
2026-01-08,91027.125,91485.8515625,89233.875,91309.640625,42386697030,-0.003081466892755565,-0.003076724046541912,0.1813520631401651,0.3242403068775081,0.25306818659950614
2026-01-09,90513.1015625,91910.671875,89625.3828125,91026.2734375,38305906684,-0.005662930149506993,-0.005646925984974294,0.18311706424694257,0.3228993799679683,0.24634483263538337
2026-01-10,90386.6484375,90713.03125,90283.3984375,90510.1015625,12385895282,-0.0013980466595052143,-0.001397069847536736,0.18319226948407383,0.3182992295192315,0.23890203543137403
2026-01-11,90827.4609375,91155.2265625,90212.0234375,90385.359375,17165568977,0.004865110901100388,0.004876964768804504,0.18344229653754865,0.31780406142453965,0.23239537744746122
2026-01-12,91192.9921875,92395.5234375,90055.0234375,90825.859375,41346275358,0.004016380962680633,0.004024457429802286,0.17647311770162208,0.31587713971116965,0.225856282334356
2026-01-13,95321.78125,96011.625,90941.9296875,91185.3359375,54980674354,0.044280285031478225,0.04527528885126264,0.2314111223106642,0.3097878037468457,0.27856209456391073
2026-01-14,96929.328125,97860.6015625,94583.046875,95322.90625,60592490863,0.016723797821879046,0.016864423365986925,0.2331667170944865,0.31068867024345853,0.2777946607651053
2026-01-15,95551.1875,97150.171875,95103.2421875,96931.2890625,53086363027,-0.014320038274756287,-0.01421799419905967,0.24297353337731686,0.3106597225046771,0.2750277098748853
2026-01-16,95525.1171875,95801.890625,94259.2734375,95554.1015625,33248170537,-0.00027287855188963723,-0.00027284132392391136,0.24350995386237975,0.3070706670616473,0.2666513690254905
2026-01-17,95099.921875,95598.4765625,95005.6171875,95525.15625,16021715122,-0.004461072057980408,-0.004451136256293897,0.24512286815260864,0.30670936947790445,0.2591093997624255
2026-01-18,93634.4296875,95491.5078125,93588.8671875,95101.1796875,20809781232,-0.015529993658124637,-0.01541002514624834,0.2513938640647475,0.3065847878676283,0.2583719652210998
2026-01-19,92553.59375,93660.828125,92089.25,93655.671875,39195241508,-0.011610285761608208,-0.011543146480490485,0.2533077094873432,0.2858403346116402,0.2545365689792517
2026-01-20,88310.90625,92798.4296875,87814.9296875,92553.6015625,53072968031,-0.046924255054821146,-0.04584033237499219,0.3053460426223785,0.2999101346662991,0.30691048372955304
2026-01-21,89376.9609375,90430.40625,87231.5703125,88326.5078125,56330422434,0.011999327760148783,0.012071608510981546,0.3043202763099434,0.30055438746923635,0.3011966772495297
2026-01-22,89462.453125,90258.9609375,88438.4453125,89378.5234375,35549685694,0.0009560777691027553,0.000956534957143873,0.30032413400671254,0.29627517993628344,0.2920446764514987
2026-01-23,89503.875,91100.25,88486.359375,89462.046875,38997586037,0.00046290133092210693,0.00046300848627667257,0.2990184884463188,0.29433600057360454,0.28315354021977285
2026-01-24,89110.734375,89811.609375,89044.2890625,89506.1484375,14558687712,-0.004402117623558332,-0.00439244250598092,0.2971275651834219,0.29363882086840665,0.27506067826749486
2026-01-25,86572.21875,89193.1484375,86003.7109375,89104.765625,36124986722,-0.028900838361794735,-0.028487203509257375,0.29328439920117855,0.2902206189348577,0.2893924359937841
2026-01-26,88267.140625,88743.0703125,86429.2890625,86566.5234375,45329286974,0.01938894055131375,0.019578126787931138,0.3048503226272987,0.2925586182364448,0.2905291380347441
2026-01-27,89102.5703125,89427.125,87228.921875,88257.4765625,38744942267,0.00942027656458104,0.009464787027023913,0.2949949146053282,0.293175841063469,0.2840502110471721
2026-01-28,89184.5703125,90439.2890625,88721.4609375,89104.046875,39807419296,0.0009198645005418251,0.0009202877056453396,0.2950024176515077,0.29318579836812486,0.27542012426611223
2026-01-29,84561.5859375,89200.78125,83250.6015625,89169.8515625,64653083162,-0.053227949504083015,-0.05183614563372574,0.34840785767680327,0.3125027616880329,0.33785066973274214
2026-01-30,84128.65625,84602.1640625,81071.4765625,84562.7265625,72083816087,-0.005132847429550004,-0.005119696877728619,0.3483753478070743,0.29826530099586707,0.3281658786532878
2026-01-31,78621.1171875,84136.921875,75815.8828125,84126.5,70479259159,-0.06770691927198588,-0.06546567255435032,0.41407005183796686,0.3054394849546668,0.41297068209156446
2026-02-01,76974.4453125,79322.609375,75698.8984375,78626.125,53372509744,-0.021166842147211495,-0.02094439679701987,0.41465815125288774,0.30288367669183663,0.408762020658958
2026-02-02,78688.765625,79258.609375,74551.3359375,76968.875,75140589684,0.022026908157821636,0.022271291537603544,0.3834572707984155,0.30624537057858725,0.4054592440283715
2026-02-03,75633.546875,79118.8515625,72897.140625,78693.5078125,68249110822,-0.03960046937497693,-0.03882661934945053,0.38431803983843343,0.31038312802742357,0.42219013244712217
2026-02-04,73019.703125,76864.65625,71779.9296875,75640.09375,67215363944,-0.035170615941758965,-0.03455931736640505,0.3927312584283262,0.3173740266715941,0.4315702231532
2026-02-05,62702.09765625,73161.5546875,62353.53515625,73016.375,125509410908,-0.1523344080304475,-0.14129892381358544,0.6264549993765842,0.4387555960407136,0.7252233840245049
2026-02-06,70555.390625,71681.3046875,60074.203125,62704.453125,114674259489,0.118003181433477,0.1252476912623226,0.7970589154445861,0.5069687331594521,0.8396036278253801
2026-02-07,69281.96875,71611.1484375,67364.4453125,70553.796875,62347107663,-0.018213402812750957,-0.018048541205989532,0.7971427728743533,0.5047074052903004,0.8171009269003568
2026-02-08,70264.7265625,72206.90625,68852.8984375,69283.7265625,39721722619,0.01408523588474713,0.014184900201757111,0.803808238688193,0.506165929425152,0.7940997447237109
2026-02-09,70120.78125,71369.96875,68291.03125,70243.328125,52081598792,-0.0020507154219692207,-0.00204861414171964,0.794998117096703,0.5057810948961322,0.7699495609806039
2026-02-10,68793.9609375,70464.265625,67913.09375,70137.390625,40593063077,-0.01910323758989731,-0.018921927121284043,0.7904406854325371,0.5049917087983505,0.7501805010832939
2026-02-11,66991.96875,69242.6796875,65757.3046875,68791.859375,49671946030,-0.026543221212374526,-0.02619404614799148,0.7899877798831684,0.5068877882708469,0.7346136543444195
2026-02-12,66221.84375,68339.4921875,65092.109375,66992.1953125,44651071271,-0.01156236827483507,-0.011495780977477277,0.7881255012895676,0.5055657733080009,0.713651985133766
2026-02-13,68857.84375,69382.8359375,65835.78125,66213.375,40820775886,0.03903376935715579,0.039805596623848194,0.8106774927989473,0.5123858032475206,0.7083633036822877
2026-02-14,69767.625,70481.1640625,68706.6171875,68856.984375,36012397645,0.013125933067848304,0.013212456278809848,0.8133914184184208,0.5118877112578704,0.6886776331501238
2026-02-15,68788.1875,70939.2890625,68052.546875,69764.953125,40191152750,-0.014138040068878806,-0.014038567315427408,0.8055611596963562,0.5112987841411429,0.6699571017708955
2026-02-16,68843.15625,70067.234375,67301.5859375,68782.3984375,33618145426,0.0007987824782500607,0.000799101589935125,0.8030316595794401,0.5113065557335835,0.649554935697197
2026-02-17,67494.21875,69201.8671875,66615.28125,68843.09375,34866936040,-0.019788873300286218,-0.019594358734823403,0.8016688420331121,0.5073710113256149,0.6344503937720233
2026-02-18,66425.3203125,68434.4296875,65845.8984375,67488.0234375,33094301643,-0.015963632260214883,-0.015836888807606253,0.7882432958492336,0.5076889438379809,0.6182465591159487
2026-02-19,66957.5234375,67277.125,65637.4296875,66425.625,31492987019,0.007980125994704771,0.008012052068341324,0.7911429116810764,0.5081071271304334,0.6002149260388856
2026-02-20,68005.421875,68269.03125,66452.484375,66958.578125,47507867304,0.015528995656632263,0.015650197075734784,0.767406092064416,0.5097567180942473,0.585054410760026
2026-02-21,68003.765625,68657.703125,67533.0703125,68000.25,18357635642,-2.4354972344490844e-05,-2.435467576455963e-05,0.7659901036812433,0.5095681658766336,0.5672313044124286
2026-02-22,67659.390625,68235.2265625,67185.6015625,67998.828125,17893536012,-0.005076923598302017,-0.005064057803784272,0.7587529830070023,0.509393518172581,0.5503053623760462
2026-02-23,64616.73828125,67668.4296875,63924.4375,67668.4296875,50953457309,-0.04601267313564273,-0.04497014110892317,0.7626765810012589,0.5165143372212545,0.5627409560492684
2026-02-24,64080.04296875,64992.15625,62553.1875,64616.015625,40849331086,-0.00834051043874472,-0.008305824880296298,0.7558549610497444,0.516417216413834,0.5465606553784652
2026-02-25,67960.125,69953.53125,63942.484375,64077.76953125,53629234355,0.05878816281087323,0.060550552894326426,0.5624795216288591,0.532394981481915,0.5771137531525659
2026-02-26,67453.7734375,68843.3515625,66523.734375,67954.8671875,42988597523,-0.007478610812400483,-0.007450715585058165,0.36796580475686563,0.5323453152461469,0.5602877143778744
2026-02-27,65881.796875,68220.40625,64946.03515625,67456.515625,40283655942,-0.023580345399758597,-0.023304501473983996,0.3715302334773318,0.5337516854115529,0.5509030747509901
2026-02-28,66995.859375,67714.5234375,63062.21875,65878.9296875,42041497112,0.016768637200983847,0.016910019957618205,0.3732387169355163,0.5340861043574029,0.5380855845223806
2026-03-01,65738.1015625,68162.8203125,65076.73046875,67005.8828125,40733141929,-0.018952127255243773,-0.018773664883674046,0.3778331930277185,0.534764813868753,0.526872640571067
2026-03-02,68775.8515625,70044.0,65303.13671875,65734.078125,56698092052,0.04517399874225875,0.04620988327616793,0.409568148071656,0.5432047540975912,0.5401799032492386
2026-03-03,68293.6484375,69232.890625,66237.6171875,68785.078125,47947999049,-0.007035921401254354,-0.007011227255569463,0.3985130452305812,0.5419575406994483,0.5244379577739968
2026-03-04,72710.578125,74051.8046875,67437.40625,68290.5625,75073101274,0.06267011054362281,0.06467555605177866,0.4512007838838998,0.5587653985535732,0.5638417399632857
2026-03-05,70841.125,73555.7890625,70654.8828125,72712.65625,51172841727,-0.026047184090688055,-0.025710882421896564,0.4445585111090894,0.5599966757119034,0.5559682625321659
2026-03-06,68136.4921875,71378.5703125,67757.8203125,70842.15625,43776962871,-0.03892676222985379,-0.03817885179689062,0.46433639999527615,0.5606674719427114,0.5598802495266919
2026-03-07,67272.59375,68515.1640625,66969.2578125,68136.6875,23258701211,-0.012760002816373808,-0.01267893913767526,0.4638519727076776,0.5608168812482157,0.5450869136020414
2026-03-08,65969.78125,68177.7890625,65639.1953125,67272.5,33195080116,-0.019556151272463178,-0.01936617019467901,0.4683442752303407,0.5599403749679492,0.5339242434396198
2026-03-09,68402.3828125,69474.9453125,65858.0078125,65969.5859375,49499875378,0.036210883133673905,0.03687448277691541,0.48231780741510116,0.5663935047053903,0.536466550770226
2026-03-10,69926.921875,71770.8984375,68402.71875,68402.71875,54003996096,0.022043063053682945,0.022287806357257578,0.4838009427037286,0.5690452575188687,0.5271388199676338
2026-03-11,70204.8828125,71337.6640625,68998.8671875,69931.25,45236859848,0.003967140831024369,0.003975020350486469,0.48341515283315484,0.5692683350573844,0.5113127976749846
2026-03-12,70493.4609375,70775.828125,69230.15625,70209.765625,40871848129,0.004102088510358853,0.004110513591636167,0.48098457102166564,0.5692185188770467,0.49599269818220754
2026-03-13,70968.265625,73927.328125,70410.7265625,70497.046875,61167226505,0.006712861238543366,0.006735442992662266,0.4812407284225374,0.5694120413675612,0.4815906730221241
2026-03-14,71214.625,71291.203125,70339.5859375,70965.3828125,22283546496,0.0034653905327112298,0.0034714019404360474,0.4804978917028183,0.5606523104165023,0.4671138799118869
2026-03-15,72789.9140625,73173.0078125,70882.421875,71213.6796875,27991268669,0.021879197879022205,0.022120302711697182,0.44886394295744403,0.561598743376712,0.46080536847065606
2026-03-16,74861.0859375,74901.859375,72300.6328125,72798.171875,55572438409,0.028056806108927662,0.028454105238008953,0.45207140956538655,0.5652252900231137,0.45989490105293407
2026-03-17,73922.4765625,75988.3984375,73444.2265625,74855.296875,49500721728,-0.012617278563279094,-0.01253801442025071,0.41471380932395635,0.5654374734856611,0.4485757016100746
2026-03-18,71245.578125,74658.9765625,70503.859375,73936.8515625,46229011155,-0.03688417423341742,-0.0362122396594321,0.4381733705537005,0.56937416880541,0.45794851040346723
2026-03-19,69912.7890625,71598.84375,68805.5234375,71250.3515625,44631433398,-0.01888416104762736,-0.01870697238447039,0.43473633183632027,0.5696852269251551,0.4500286594780569
2026-03-20,70522.5859375,71346.796875,69398.8828125,69911.53125,38299078407,0.008684431647448684,0.008722250723753211,0.4322730157747598,0.5701775683312209,0.4376237965518703
2026-03-21,68711.5234375,71051.2734375,68602.9140625,70522.46875,21109354718,-0.026016105631017767,-0.025680602546325204,0.4376306958593323,0.565125491287139,0.436185165822146
2026-03-22,67845.2109375,69561.7734375,67372.875,68737.4453125,30108051508,-0.012688120086084904,-0.012607965253281006,0.40959073427128456,0.5643704733269665,0.42576542065677125
2026-03-23,70914.859375,71782.2578125,67458.84375,67843.0,51508669357,0.04425119303469704,0.04524488014825101,0.4384767580247096,0.5730963391836761,0.4472215594831322
2026-03-24,70517.859375,71371.3046875,68920.6953125,70912.671875,40181522399,-0.005613991531695598,-0.005598262529164066,0.37537602618218535,0.5730353115886894,0.4341465552234782
2026-03-25,71309.8828125,71985.7421875,70383.59375,70520.046875,35409791747,0.011168924480813245,0.011231529778693128,0.3662733435780707,0.5738734968033589,0.4231552670396842
2026-03-26,68791.625,71410.390625,68118.3515625,71310.1171875,38962070215,-0.03595291880741613,-0.03531428903229905,0.36217514851930366,0.5753754879224017,0.43342941324753614
2026-03-27,66338.375,69117.53125,65532.5703125,68790.8359375,46483453594,-0.03631346968520713,-0.035662044616623034,0.38266447306037255,0.5770957310666714,0.4433143966423418
2026-03-28,66319.6953125,67232.859375,65906.7421875,66338.5,20924883455,-0.0002816215791388498,-0.0002815819275042708,0.3761274766221895,0.5764196338613725,0.4298106492307222
2026-03-29,65954.921875,67052.953125,64971.70703125,66319.6953125,21645889785,-0.005515409833700628,-0.005500227885263609,0.3515998729790106,0.5762919425675869,0.41726838976201885
2026-03-30,66691.4453125,68087.2890625,65759.8046875,65958.3515625,37694994180,0.011105181731209317,0.011167073154841889,0.34381056699560836,0.5683370742983136,0.40685477688668537
2026-03-31,68233.3125,68495.2734375,65950.4375,66694.5859375,42997691338,0.022856210162579323,0.02311941479563351,0.35479003417441574,0.5709781553644627,0.40434854372568607
2026-04-01,68078.5546875,69230.359375,67555.359375,68232.890625,36465393617,-0.002270644254019965,-0.002268068291422898,0.3541941216080263,0.5550713030666371,0.3921298716028431
2026-04-02,66888.5703125,68633.1484375,65725.2578125,68077.8984375,39323384518,-0.017634149228875802,-0.017479577533077273,0.35701741631477796,0.5546081664004804,0.386318068309966
2026-04-03,66931.1015625,67296.234375,66281.5390625,66889.015625,22815543346,0.0006356502125007872,0.0006358522809097877,0.3564828257788868,0.5523217581554781,0.37455741904628165
2026-04-04,67290.515625,67515.015625,66769.640625,66938.6484375,15878814963,0.005355544495529739,0.005369911059425414,0.3457900647034062,0.5471523872889128,0.36374350059943383
2026-04-05,68981.8984375,69087.65625,66610.6328125,67291.1953125,22972648674,0.024824828794848448,0.02513553056906015,0.3419945272921541,0.5454051144590344,0.36563480236432194
2026-04-06,68859.828125,70305.421875,68347.078125,68982.9140625,39542143229,-0.0017711667933321205,-0.0017695992030517527,0.3405715688958271,0.44493776110233724,0.3545629874915897
2026-04-07,71940.703125,72732.4296875,67740.5078125,68859.375,44650511480,0.043769250088650125,0.04474125312086663,0.3558500766545165,0.3837638681383207,0.3835858650201598
2026-04-08,71123.359375,72825.1875,70707.46875,71950.1484375,42444631703,-0.011426386592901714,-0.011361353371537541,0.3514231450930471,0.38261393392271853,0.37454496529588205
2026-04-09,71767.828125,73107.265625,70486.359375,71120.5703125,38799581473,0.00902047398791368,0.009061281070850802,0.3515244103504228,0.3819825598131562,0.36482488087491965
2026-04-10,72979.046875,73440.1171875,71434.828125,71774.3671875,37722595732,0.01673607145352826,0.016876904061948084,0.3407385972717775,0.3834153326404537,0.3596476260578722
2026-04-11,73054.2734375,73784.234375,72556.3359375,72976.125,23287073965,0.0010302658186926742,0.0010307967248304184,0.33579831797269966,0.3811951872521393,0.3487143230810797
2026-04-12,70753.40625,73154.03125,70540.5703125,73056.046875,29882740487,-0.03200195641601119,-0.031495312720733026,0.32248657669719205,0.3830396121282045,0.36026428024035406
2026-04-13,74484.640625,74896.3125,70588.5234375,70757.6171875,52278211554,0.05139225778223328,0.05273575609654846,0.3696309217510892,0.3957997941170521,0.40241437923936296
2026-04-14,74181.609375,76061.7578125,73877.203125,74478.3984375,53540826530,-0.004076670658997154,-0.004068372317531099,0.3689788598115994,0.38834279144938316,0.39047711280644104
2026-04-15,74805.078125,75409.2734375,73549.203125,74182.0234375,38090174312,0.00836950468372944,0.008404626904874313,0.34103761178684283,0.387843076687394,0.37997785205313933
2026-04-16,75152.1328125,75506.5703125,73346.265625,74810.875,41312783855,0.004628724487070657,0.004639453579876829,0.3056775285835506,0.38658592446125584,0.36884159924602566
2026-04-17,77126.875,78320.6796875,74558.6015625,75164.0390625,54137194839,0.025937296578403095,0.02627659540184779,0.31235642894316734,0.3898175158065777,0.37155532202311403
2026-04-18,75726.2109375,77416.703125,75504.9453125,77136.046875,26014416776,-0.018327445076503752,-0.01816051878803593,0.32260590339402206,0.3894816804892754,0.3672177718451624
2026-04-19,73856.3515625,76243.09375,73802.3828125,75723.6953125,30931515195,-0.025002336494923415,-0.024692366775663332,0.34129379424804684,0.3916883852333019,0.3690660170133462
2026-04-20,75872.5234375,76575.359375,73775.5703125,73854.25,39674447916,0.02693259727225901,0.027298557704868998,0.344398879926042,0.3948851104410769,0.3728332832945508
2026-04-21,76352.7734375,76881.4765625,74852.671875,75872.828125,36453522626,0.006309747501944813,0.0063296958930805225,0.3432400461956416,0.39399532909432,0.36230698165638786
2026-04-22,78203.1015625,79468.0,76159.578125,76354.21875,48336654537,0.02394495237334366,0.024233934691509473,0.3373751448733002,0.3965416131247838,0.3634000309180907
2026-04-23,78268.953125,78676.9375,77014.453125,78203.875,40354900916,0.0008417038623198857,0.0008420581944230676,0.3373177838182792,0.39625488681610843,0.3523446033639763
2026-04-24,77455.3125,78554.09375,77318.4453125,78263.8203125,32784213526,-0.010449855400701123,-0.010395445352393673,0.3434617534149947,0.38420564489508063,0.3440189129311289
2026-04-25,77612.015625,77882.640625,77184.6640625,77457.2109375,16702933134,0.0020210985800430967,0.0020231423764509593,0.33727808408143123,0.38348313043741594,0.3336312852234438
2026-04-26,78657.5390625,78923.5625,77334.890625,77613.1171875,21482934750,0.01338122502813899,0.013471154293320797,0.3369992955762351,0.36627103507319997,0.32762568431344324
2026-04-27,77366.625,79488.171875,76481.34375,78661.015625,38135631927,-0.016547994707933746,-0.01641182876919478,0.3162614757394813,0.3677881058041747,0.3240967077105387
2026-04-28,76350.671875,77483.8671875,75673.6015625,77368.1171875,32056900880,-0.013218654490737211,-0.013131671764148978,0.3174553181743596,0.3652801291609005,0.31839961640876624
2026-04-29,75776.1328125,77884.96875,74958.5703125,76350.6875,41460907886,-0.0075534590417408835,-0.007525003361340765,0.3191116327822723,0.364610512960253,0.31009399302008867
2026-04-30,76304.3203125,76611.484375,75318.984375,75778.6328125,29497862305,0.006946186875134918,0.00697036758667724,0.31527658740688513,0.36209243859655843,0.30185811246301003
2026-05-01,78179.0,78894.9765625,76294.6953125,76305.0546875,39164328894,0.02427150989403538,0.024568460603834108,0.3247567751288073,0.35401047094148924,0.3075036690631439
2026-05-02,78657.25,79119.7890625,78031.9609375,78177.75,16761531851,0.006098736514783506,0.006117371672699878,0.2966283349158058,0.35358014081404315,0.2990775455540892
2026-05-03,78538.2265625,79402.359375,78073.078125,78656.7265625,20544392639,-0.0015143369624661424,-0.00151319093281288,0.24199873664398136,0.330531757408913,0.2900262212143748
2026-05-04,79827.90625,80742.359375,78217.9609375,78540.2890625,54325085296,0.01628767686490818,0.016421044171065935,0.24526558330853004,0.32694685408464574,0.28823507303471896
2026-05-05,80927.0546875,81751.453125,79787.578125,79823.53125,39700107376,0.013675043806522565,0.013768974900303155,0.24732888102079867,0.31643241518418475,0.28446833400770266
2026-05-06,81427.53125,82792.2109375,80751.0234375,80930.734375,41751540000,0.006165248057273942,0.006184292316489204,0.24744630612182045,0.3148132178678122,0.2768422196090754
2026-05-07,80009.9921875,81684.953125,79522.65625,81428.8515625,36931193154,-0.017561908350902416,-0.017408596831308243,0.2444785514259858,0.31422395957576943,0.2769592705317305
2026-05-08,80186.765625,80447.265625,79205.515625,80009.625,33789351540,0.0022069548930199264,0.0022093920105095144,0.2325944571821014,0.30660859400061685,0.2686590692828841
2026-05-09,80664.3671875,81030.0625,80119.9296875,80187.7421875,18102086996,0.005938447031188693,0.0059561145630133705,0.20807040087228684,0.30402317037611115,0.26149616229111156
2026-05-10,82138.9296875,82430.171875,80274.1328125,80665.609375,26965971077,0.018115146956791082,0.01828022150812214,0.19749608867836424,0.30571638902300374,0.26313339883850667
2026-05-11,81728.296875,82326.234375,80451.421875,82139.046875,32409774919,-0.005011785219488408,-0.004999247178679611,0.1997909615640512,0.30609756636275487,0.25586054497415367
2026-05-12,80477.4921875,81753.03125,79832.1015625,81725.3515625,32186688600,-0.015422747705667463,-0.015304426194186482,0.19491357095335524,0.30814017135987143,0.25521207241333205
2026-05-13,79277.1171875,81276.671875,78725.5078125,80476.7890625,34075428359,-0.015028018231235505,-0.014915661104390687,0.20350349981556035,0.31011355643809724,0.2542438410864412
2026-05-14,81051.25,82005.9609375,78909.6796875,79276.9453125,43731663431,0.022132143698821827,0.022378876470797504,0.21261464199140626,0.3101839774212145,0.26108962344625736
2026-05-15,79065.6796875,81634.84375,78635.3671875,81046.8671875,38183347368,-0.02480277513696735,-0.024497713637975926,0.23333955988672636,0.30998318509995926,0.27088597254009633
2026-05-16,78131.4375,79173.5,77630.734375,79066.0,25895799905,-0.011886390842574117,-0.0118160267665125,0.2326905235587046,0.3098505385647087,0.266669657395179
2026-05-17,77429.3515625,78539.3984375,76783.4140625,78133.5859375,20900166465,-0.009026576797854137,-0.008985959556932488,0.22720706230291096,0.30044931886551635,0.2609174344993111
2026-05-18,76954.171875,77749.3203125,76029.2265625,77426.34375,41520471808,-0.006155853649121142,-0.006136945201154598,0.22308623681559103,0.2979028839237188,0.2540987967789282
2026-05-19,76750.90625,77346.8671875,76082.3671875,76954.75,26031898332,-0.002644879999712329,-0.002641385386229267,0.22144138806866073,0.2976567222947593,0.24657249829015368
2026-05-20,77457.7734375,77775.5703125,76463.6484375,76749.453125,26668360936,0.009167734783614812,0.009209887179670861,0.2224188541917684,0.2924987907942665,0.24170418531240415
2026-05-21,77539.171875,78100.5625,76655.4375,77462.5078125,27141485404,0.0010503232153248991,0.0010508749979196708,0.20439144487015995,0.2909035047329894,0.23437648873125816
2026-05-22,75488.2421875,77819.453125,75323.875,77538.1171875,27859040109,-0.026806340702622146,-0.02645023976792371,0.22301683159906635,0.28341141458922847,0.2500026525419153
2026-05-23,76673.3671875,77288.1171875,74255.234375,75488.3125,29973220002,0.015577503022418468,0.015699464786268935,0.23165276691857445,0.28461083611137594,0.24984043855942428
2026-05-24,76981.125,77372.5390625,76019.890625,76670.65625,20572738918,0.004005847400396048,0.004013881531345742,0.22330648184806173,0.28393793965570074,0.24272959826466955
2026-05-25,77279.9296875,77804.921875,76833.0390625,76981.125,19808387601,0.003874018128693613,0.0038815318365379436,0.21690733977578647,0.2731611842292208,0.23581670765703025
2026-05-26,75825.734375,77990.8671875,75569.46875,77280.125,35999475458,-0.018996541405031864,-0.01881724424932052,0.22219838789383659,0.2649865718497653,0.2402691853819959
2026-05-27,74344.703125,76014.296875,74136.5,75825.3046875,33802172927,-0.019725310724108713,-0.019532039646005694,0.22413033511236852,0.2687424960260272,0.24525197930067624
2026-05-28,73536.5546875,74460.125,72493.4140625,74339.5703125,40148145327,-0.010929802661887332,-0.010870289388891785,0.2244108332725345,0.2696086135706765,0.2415488882475134
2026-05-29,73372.5234375,74218.5625,72435.625,73537.03125,34457929250,-0.0022330998228095003,-0.00223060831034394,0.2213053076563564,0.2690303478234504,0.23435125969205037
2026-05-30,73754.8359375,74020.7578125,73125.234375,73370.8515625,19563589191,0.005197039654902875,0.0052105676905831455,0.20796112204284092,0.26547924950261775,0.22810888094998896
2026-05-31,73579.6875,74153.5,73315.015625,73753.75,17445435650,-0.002377562514476544,-0.002374738351372918,0.2082335699599347,0.2654854766067277,0.22135291338321197
2026-06-01,71319.7734375,73969.5703125,70599.5078125,73580.2109375,43378836121,-0.031195386303294676,-0.030713830668280595,0.2252805365139326,0.2710125668066849,0.24651844896845307
2026-06-02,66703.65625,71334.953125,66127.265625,71321.03125,54990073882,-0.06691384852525814,-0.06472422674681189,0.31151657146980033,0.3047330759434881,0.3533048363421542
2026-06-03,64014.3671875,67402.9296875,64009.67578125,66694.0078125,47411556213,-0.041152222290191665,-0.04031696632071802,0.3096069684917064,0.3159058494149882,0.37807492720232294
2026-06-04,63801.57421875,64664.4453125,61335.75,64020.0703125,63800151780,-0.003329681149437111,-0.0033241439086123536,0.3070164682942379,0.3113762197401068,0.3667858279784537
2026-06-05,60922.66796875,63901.515625,59108.91796875,63807.69140625,71465606706,-0.046172542625212365,-0.04512280904119048,0.33185409349489037,0.32467470918134106,0.39836455266469495
2026-06-06,60867.4140625,61491.703125,59496.625,60924.4765625,30898464957,-0.0009073630482773938,-0.0009069515189049637,0.3342046865577455,0.3103443198799692,0.38624487857187545
2026-06-07,63239.51953125,64128.04296875,60724.06640625,60866.94140625,36006496194,0.0382314561194156,0.03897168140434348,0.3787322535031808,0.3209440066641762,0.4029070124895147
2026-06-08,63090.58984375,64185.765625,62384.66796875,63244.0859375,34133252457,-0.0023577871851843952,-0.0023550097882448773,0.3788056957781051,0.32012766004876475,0.39074041456680797
2026-06-09,61643.78125,63486.08984375,60756.6875,63092.890625,40144449754,-0.023199274916972237,-0.022932240724538477,0.37471164169959126,0.32052759352028537,0.3894291558091024
2026-06-10,61449.2890625,62788.27734375,60788.0234375,61643.20703125,27493506779,-0.00316008608540611,-0.0031550982687325035,0.3731482722489023,0.32042799887565826,0.3777654746649493
2026-06-11,63561.0546875,63851.94921875,61447.96875,61448.87890625,29316677897,0.03378866852406486,0.0343659895373587,0.4013820342268972,0.3232466832942915,0.38910983195213256
2026-06-12,63543.19921875,64334.015625,62778.79296875,63547.44140625,26881868307,-0.0002809578486747506,-0.000280918383714468,0.392563574434536,0.30369247674878486,0.37725756079192946
2026-06-13,64421.32421875,64700.87890625,63431.3203125,63541.515625,16956245530,0.01372472245570358,0.013819338824553329,0.3984347943347735,0.3055205172663519,0.36963765419971156
2026-06-14,65710.3984375,65749.78125,63634.0234375,64420.16796875,21572226975,0.019812484755317328,0.020010054657876974,0.4090895714772705,0.3081244754185032,0.36656404366370465
2026-06-15,66289.5,67248.1328125,65315.8359375,65711.109375,32927321950,0.0087743291428838,0.00881293640382963,0.41115830795218067,0.3086313362680654,0.3570309757731183
2026-06-16,65600.640625,66928.609375,65315.0703125,66289.4609375,25063963967,-0.010446052081715382,-0.010391681563445165,0.40857675288236667,0.30348266223890685,0.34852940344211214
2026-06-17,64418.4453125,66354.625,63870.9296875,65600.4296875,31288885189,-0.01818545153086442,-0.01802109402037566,0.41048478935911564,0.30345156576354854,0.34523140840355004
2026-06-18,62896.47265625,64736.921875,62201.14453125,64419.64453125,30432454936,-0.023909926459543353,-0.0236263487711752,0.4146038052200303,0.3031166469210963,0.34738669048613324
2026-06-19,63540.8359375,63568.22265625,62275.58203125,62897.515625,22361931660,0.0101927013006599,0.010244823819797633,0.4170374483111149,0.29803101932768195,0.3391278465410024
2026-06-20,64239.67578125,64307.13671875,63149.66015625,63535.80859375,17486384117,0.01093823779640829,0.01099827903487749,0.4218378295239615,0.2987956230583281,0.33153622368974695
2026-06-21,63237.5390625,64506.578125,63221.0,64242.32421875,15739619591,-0.01572292530514671,-0.015599965388407244,0.41345598411462087,0.29461529179026685,0.32719888830684757
2026-06-22,63952.10546875,65544.0,63233.53125,63240.7890625,26561496819,0.011236353824842346,0.01129971875635083,0.3487859978617912,0.29604233612535924,0.3202257815128439
2026-06-23,62668.01953125,64196.5625,61893.20703125,63952.79296875,29608942370,-0.02028318896027214,-0.02007886883610832,0.3248448494052187,0.2977283092776103,0.32033164583487583
2026-06-24,60995.1328125,63097.7578125,59029.85546875,62663.03125,42644106535,-0.027057191162537193,-0.026694424544815853,0.3377050246033665,0.30135420550675457,0.32790981446002415
2026-06-25,59721.67578125,61868.90625,58075.921875,60992.0703125,40625024718,-0.021099038116469408,-0.02087801063020267,0.30455262165903074,0.3011371943089917,0.3283356774777777
2026-06-26,60016.4296875,60647.1875,58269.125,59712.0546875,41502864671,0.004923319948585001,0.004935459402204856,0.30527740486139676,0.3007101947602966,0.31890837705799413
2026-06-27,59940.09765625,60835.046875,59794.62109375,60016.3125,15099836554,-0.0012726617424323222,-0.0012718522519159503,0.2684346282540628,0.3001815391435154,0.30923274270217077
2026-06-28,59532.33984375,60432.70703125,58879.6328125,59940.3515625,16282230874,-0.006825999440473744,-0.006802755224698642,0.26883194334759747,0.300148801895761,0.30098488524705713
2026-06-29,60138.37890625,60682.33984375,58856.1875,59522.7890625,30829983083,0.010128530183576383,0.010179997360940662,0.26138555883581865,0.30071577947060096,0.2944613801305511
2026-06-30,58558.859375,60173.21875,58111.671875,60136.453125,32747419391,-0.026615830286262104,-0.026264750729518727,0.27649883180706963,0.2983794292098888,0.30367103705014653
2026-07-01,60003.7578125,61223.76953125,57747.765625,58562.4453125,37904450118,0.024374798891813786,0.024674292718837698,0.2617806687498639,0.3035410779299409,0.3092998396900526
2026-07-02,61485.30078125,62117.875,59532.32421875,60004.76953125,40109297349,0.024390944088390595,0.024690836420271145,0.27910486144158997,0.3092232148652659,0.3145179960886537
2026-07-03,62544.19921875,62879.0078125,61176.72265625,61492.06640625,26131813598,0.01707535974546987,0.017221977026140145,0.28179272515845377,0.30944894353546193,0.312081371564558
2026-07-04,63088.3046875,63398.41015625,62287.5859375,62545.12890625,18608397613,0.00866191238397133,0.008699535297381988,0.27326950479621775,0.3083900605823991,0.30444298295134087
2026-07-05,63547.8828125,63935.84765625,62413.9921875,63089.05859375,18267466154,0.007258275090508953,0.00728468021571449,0.27252603147093585,0.30855431152271173,0.2965146848681007
2026-07-06,63995.015625,64597.5703125,61275.828125,63551.015625,36552222303,0.007011517689840301,0.0070361559301554966,0.2724905025863226,0.30809544279545087,0.28877157220239885
2026-07-07,63297.39453125,64257.6328125,62623.93359375,63994.59765625,31026493556,-0.01096103180817717,-0.010901178582999993,0.267695961040472,0.3081948922897483,0.2832000357312912
2026-07-08,62257.57421875,63706.88671875,61492.6484375,63293.51953125,27349235354,-0.016563965519348627,-0.01642753734494773,0.26048606868041846,0.30856369974596404,0.2820257483355944
2026-07-09,63193.1484375,63422.94140625,61645.75390625,62257.31640625,26546256117,0.014915682336986301,0.015027476262771566,0.2635810804976973,0.30763851912332935,0.2795175707607923
2026-07-10,64127.140625,64658.96875,62902.0625,63194.359375,27450201269,0.01467180052315595,0.014779959704393386,0.26600957047945406,0.3100981361703877,0.2769422780810359
2026-07-11,63802.02734375,64445.4609375,63785.62109375,64127.96875,13954689047,-0.005082718606355573,-0.005069823448876076,0.2603355659606377,0.3092000608164065,0.26923189702424494
2026-07-12,63758.21875,64243.1328125,63606.82421875,63791.40234375,19043437787,-0.0006868690961942699,-0.0006866332556169086,0.2572014300824638,0.30838535976027553,0.2610436725239389
2026-07-13,62239.12109375,64340.8828125,61769.0,63757.171875,37650044790,-0.024114338771437895,-0.023825911169295333,0.26150218228026556,0.30644156309058834,0.2699027069200668
2026-07-14,64956.11328125,65046.1328125,62207.5234375,62238.5859375,29841287318,0.04272810304426096,0.043654089899621606,0.28336202548644235,0.31826295036557806,0.30996946248267554
2026-07-15,64712.375,65507.59375,64442.8203125,64959.80859375,27029791676,-0.0037594109647903352,-0.0037523532264722714,0.2700569881921806,0.3177592632102611,0.3008818657779493
2026-07-16,63789.28125,64931.85546875,63701.8046875,64713.296875,27232426674,-0.014367279855176223,-0.014264562998962727,0.2777655405951261,0.3183697143187964,0.29701709467467596
2026-07-17,63899.4609375,64332.01953125,62489.453125,63789.91015625,27280236800,0.0017257545646935989,0.0017272445360874134,0.27735049401151607,0.31847003867547263,0.2880469338093496
2026-07-18,64796.6015625,64816.50390625,63845.015625,63899.1796875,14162542470,0.01394223164475083,0.014039877830542169,0.2771921880367985,0.3203794162634747,0.28448530288870183
2026-07-19,64690.8046875,64909.88671875,64250.9140625,64799.27734375,15000653941,-0.0016340878484766735,-0.0016327534538667088,0.27702069232938153,0.31941619373151797,0.27589191431014337
2026-07-20,65230.02734375,65735.71875,63720.390625,64684.41796875,30988932408,0.008300835886390828,0.008335383349377112,0.25312224501423314,0.3201538368579041,0.26942753031227895
2026-07-21,66505.125,66910.0625,65113.65625,65228.87109375,29554470321,0.019359107363714313,0.019547709976119876,0.24872182709523263,0.31939707083978,0.271849813349414
2026-07-22,66100.796875,66694.6484375,65514.17578125,66506.7890625,28142272410,-0.006098209978869258,-0.0060796536357160536,0.24085011624564334,0.3173522433260681,0.2646327017037271
2026-07-23,65044.8125,66282.3828125,64610.609375,66100.1328125,24364433538,-0.016104346952909084,-0.01597536527429344,0.24502393481476958,0.31827352230597133,0.26410227311203066
2026-07-24,64098.49609375,65760.484375,63686.03515625,65044.95703125,25917559237,-0.014655553654227636,-0.01454868374399576,0.25048389812326854,0.3188767798815422,0.2623214879631361
2026-07-25,64311.8125,64386.0625,63753.02734375,64098.4921875,13817493398,0.0033224217714330475,0.003327947132145015,0.24952455511518432,0.31740669049256903,0.25465802791026004
2026-07-26,65340.30078125,65503.76953125,64233.453125,64311.78515625,14301494281,0.015865685940396487,0.0159922142024842,0.2544734791905455,0.3176549203361038,0.25449101116272604
2026-07-27,63724.8984375,65658.3359375,63562.484375,65340.58984375,26183821002,-0.025033652988595313,-0.024722909512739144,0.2678283641005587,0.32062079241495084,0.26524553353450586
2026-07-28,63871.36328125,64026.921875,62714.8046875,63723.48828125,24128738898,0.0022957554728576246,0.0022983927372384194,0.2603050877085862,0.3207643722571227,0.25731997849653
2026-07-29,63908.16796875,64638.6953125,63206.2109375,63871.39453125,28611167472,0.0005760654802496461,0.0005762314378343625,0.2552699221849018,0.3204420098760922,0.24949103119587868
2026-07-30,64725.30859375,65071.4453125,63533.90625,63908.625,26250039650,0.01270511594195683,0.012786168825862365,0.2539200756094438,0.3219315366757857,0.24688397706485984
2026-07-31,62813.74609375,65328.18359375,62410.8671875,64723.96875,30439749629,-0.02997835702863742,-0.02953346289931147,0.2755865408497035,0.32147166965139407,0.26623855622795073
2026-08-01,62763.3203125,63091.59765625,62233.01171875,62813.6640625,13553286543,-0.0008031049841085494,-0.0008027825816142586,0.2755863256431083,0.29173095254353215,0.25814674655038644
2026-08-02,63482.0,63714.61328125,62745.25390625,62763.4453125,15901776708,0.011385569767075112,0.011450632055819865,0.26430921566991883,0.2805107962259516,0.2541680190680193
2026-08-03,63460.8984375,64020.32421875,62226.578125,63485.44140625,26038889824,-0.0003324575530272348,-0.0003324022951387562,0.21341513582076288,0.28043243273757823,0.24642842811996093
2026-08-04,64055.953125,64466.9375,63277.68359375,63458.41015625,23662357784,0.00933302539348361,0.009376713884472476,0.21634365390188795,0.2640674680679981,0.24166171617164534
2026-08-05,64597.5,64954.34765625,63829.71875,64054.87890625,23568584891,0.008418741360802475,0.008454278620180888,0.2120628452713236,0.2644958417630167,0.23657555891401097
2026-08-06,64262.11328125,64934.4921875,64098.4765625,64595.44921875,18529402711,-0.0052054707838791285,-0.005191945798986075,0.21301273630842807,0.2531093514755493,0.23025989857833515
2026-08-07,64880.19140625,65330.609375,64113.2734375,64257.48828125,22165720102,0.00957212039536744,0.009618079665306256,0.20983716688216456,0.2537608567679228,0.22632680139860065
2026-08-08,64904.6875,65140.48046875,64797.11328125,64882.546875,12350094271,0.00037748764335751974,0.0003775589007839475,0.20974267021548723,0.24892356714865171,0.21943688459984603
2026-08-09,64844.88671875,65401.69140625,64677.6015625,64906.55078125,13234538380,-0.0009217877722439945,-0.0009213630564047781,0.20754118563640772,0.24881144539263336,0.21278214421584463
2026-08-10,63910.5859375,65321.83984375,63752.56640625,64845.3828125,22384770392,-0.014513048045569134,-0.014408241397696031,0.19967310022533855,0.2411104753783165,0.21387933589875083
2026-08-11,63551.875,64433.6796875,63185.47265625,63910.17578125,20824820662,-0.00562851025881392,-0.005612699871830218,0.19955184077479213,0.2413946468450988,0.2085154949550581
2026-08-12,63402.43359375,64381.078125,63251.11328125,63551.87109375,23063864553,-0.0023542560615523694,-0.0023514869742238265,0.19247447746953686,0.23973402395779095,0.2023704322889449
2026-08-13,63402.171875,63926.33203125,62799.2890625,63404.42578125,18765583756,-4.127906065128786e-06,-4.127897545336268e-06,0.18588250695272163,0.23605694241235153,0.19620541432530464
2026-08-14,62975.59375,63551.5625,62487.69921875,63402.08984375,20280053024,-0.006750867021094253,-0.006728131109467572,0.1865399028180715,0.23556846860568237,0.1920308639819194
2026-08-15,63024.3203125,63119.1328125,62850.9609375,62974.3359375,10033057106,0.0007734380660748331,0.0007737372464233783,0.17577012215651217,0.23473803444255437,0.18620511926299915
2026-08-16,62818.65234375,63310.77734375,62648.57421875,63023.421875,9078986635,-0.003268647386863184,-0.0032633111746420695,0.1531426047250301,0.23195753771447872,0.18097941478562235
2026-08-17,64506.25390625,64547.84765625,62687.1015625,62819.37890625,21555405073,0.026510137670231988,0.02686465722418352,0.18103896570388234,0.2331604991296449,0.20350548183995618
2026-08-18,64680.7109375,64987.7109375,63980.32421875,64506.5234375,18728001793,0.002700847372800676,0.002704497946874218,0.18120868229142578,0.23232347479691298,0.19758518736921846
2026-08-19,69266.1875,69996.953125,64111.0703125,64680.046875,46228098443,0.0684938460027011,0.07089403465170441,0.29994236716134515,0.27040623341835895,0.3280725298285738
2026-08-20,73032.7578125,73369.8046875,68867.53125,69268.25,55444322363,0.05295120538976306,0.054378195891032766,0.32127062975536674,0.2880399660996008,0.3789031560176477
2026-08-21,78335.1875,79463.7109375,73011.4140625,73031.0859375,74478039014,0.07008881775516321,0.0726034432536855,0.3884007769974435,0.31930627427224356,0.4574163029903843
2026-08-22,77083.4140625,78801.1484375,76526.7109375,78332.5546875,42131959963,-0.016108760387506423,-0.01597970819307737,0.4001975463236454,0.31809720240081585,0.4478832607550607
2026-08-23,77755.265625,78036.8671875,75624.9453125,77082.84375,31158396908,0.008678138825315892,0.008715903034020478,0.39847405088936994,0.31182741652644536,0.4355480902977293
2026-08-24,78964.484375,79970.109375,76688.828125,77748.875,55502180329,0.0154319126625293,0.01555159949979279,0.398894625064668,0.30821166743163636,0.4265216838826004
2026-08-25,78564.9765625,81235.03125,77870.625,78960.09375,46728068401,-0.005072177186830813,-0.005059335417207933,0.4026678714235223,0.30885457371359754,0.41399818112126385
2026-08-26,79027.421875,79240.5,77639.8359375,78538.5859375,29329039002,0.005868895257053803,0.005886150963618109,0.3991019007594273,0.30863229460243924,0.4020343475105958
2026-08-27,80257.5390625,80806.5625,78591.1015625,79037.921875,34033075972,0.015445797722405792,0.015565700592456544,0.39949617655661956,0.30848333049428633,0.39438678770069135
2026-08-28,77830.2890625,81346.953125,76909.3515625,80264.6484375,39362871737,-0.030710027313092664,-0.030243264724449048,0.4245384748028068,0.31681241720170916,0.4005848741165472
2026-08-30,78688.03125,79334.359375,77972.53125,78234.75,16056638464,0.010960388183212478,0.011020673285836224,0.42291751427065527,0.31044700876282116,0.3907128282238856
