Date,Close,High,Low,Open,Volume,logReturn,pctReturn,rollingVol_20d,rollingVol_60d,ewmaVol
2021-11-23,438.9866638183594,439.8399060268832,435.4799553727706,438.0771663973215,73206500,0.001325060848723171,0.0013259391297320011,0.06822983106004692,0.10962754964561193,0.08653216922383107
2021-11-24,440.15869140625,440.2805872370219,436.17378507370955,436.98951426235885,61858800,0.0026662901083742726,0.0026698478211073517,0.06484709077104246,0.10961557095764886,0.08453423548143138
2021-11-26,430.3417053222656,434.96418925297854,429.2165439866492,433.50149668510204,112669600,-0.022555767526365702,-0.022303288054179693,0.10235329551682679,0.11953074281980841,0.12004068476446021
2021-11-29,435.62060546875,437.4583425612124,432.9296261441328,435.1236653350825,86268800,0.012192136937427255,0.012266764018447285,0.11093068773506086,0.12186745954391755,0.12566917231240154
2021-11-30,427.1444091796875,435.0860934508205,426.9006175423312,433.18271599479897,148559600,-0.0196495427334328,-0.01945774874432693,0.13195776986700752,0.12865177912325723,0.14381612185549306
2021-12-01,422.4000244140625,435.68618205628803,422.2031311937479,432.8451797070104,131939200,-0.011169360663365067,-0.011107214945728527,0.13601803713119756,0.13051660441113846,0.14604239832925603
2021-12-02,428.86968994140625,430.43553635703284,422.22193180478286,422.61574691393747,127637800,0.015200329544886511,0.015316442124543528,0.14601698921293485,0.13413949006195558,0.15343453150925787
2021-12-03,425.13787841796875,431.58871344638754,420.9185665300391,430.5292213858788,137331600,-0.00873958361670468,-0.008701504468519028,0.14709870269626638,0.13509525647376183,0.15259258369073286
2021-12-06,430.1729431152344,432.04819294676213,425.2691545047344,427.6788574056175,98977500,0.011773785002133351,0.011843368828960088,0.15360600593139206,0.13605522315654284,0.1548657213275701
2021-12-07,439.0710754394531,439.6336562155435,430.0417412560462,435.44247092403845,95484700,0.020473981900624216,0.02068501161365499,0.17156993668294773,0.1420112286187944,0.16994837227511317
2021-12-08,440.2336120605469,440.6836822924531,437.71139890894136,439.4647814253452,72238800,0.0026442194952020727,0.002647718526961107,0.17137975855289284,0.1414542138942977,0.16509154964235323
2021-12-09,437.2613830566406,440.3367916207848,437.0644898372222,438.9490964511675,61272600,-0.0067743756654386166,-0.006751481310103724,0.17060278943054927,0.14149101957945695,0.1622152770926365
2021-12-10,441.3775329589844,441.52755637554407,437.4113979747184,439.9617388281514,77159800,0.009369446172129306,0.009413476839802648,0.17361896282240175,0.14250383088197444,0.16143822521658713
2021-12-13,437.46771240234375,441.2088270752524,437.18640772794674,440.86191039613635,87724700,-0.008897690172241186,-0.008858222869726262,0.17489972356150243,0.14222950492535716,0.16029845960046754
2021-12-14,434.4578857421875,436.6894377150197,431.5418858646757,434.2047373052017,97264100,-0.00690388863798133,-0.006880111548410839,0.17655395916419864,0.1383472012562247,0.15771662942616277
2021-12-15,441.2462463378906,441.4900093337228,432.00125072662127,434.5141069927306,116899300,0.015504087115252283,0.015624899025843408,0.18492699724856257,0.14138769667363127,0.164367147115626
2021-12-16,437.3551940917969,443.3747305871484,435.80808994562267,443.0934545318682,116568600,-0.00885743525132453,-0.008818323732807776,0.1875010375304249,0.14182660807332334,0.16303923575462723
2021-12-17,432.70050048828125,437.2827723193572,430.997439062657,434.28123782567144,135511600,-0.01069986218339587,-0.010642822278997932,0.19058687884113767,0.1419472610732004,0.16345619920630103
2021-12-20,428.0993957519531,428.4945657060667,424.4862697414786,427.62893618734074,107134800,-0.010690402208451279,-0.010633462940615956,0.19373971242023585,0.14382573165604504,0.16383784047049108
2021-12-21,435.7020568847656,435.8431890265247,429.3508520744213,431.5149548202637,69806300,0.0176032523009863,0.0177591026949675,0.20489927072694358,0.14785969910801577,0.17296696217602767
2021-12-22,440.05841064453125,440.17131633051764,435.25029960943573,435.44791327448115,58890200,0.009948815580284478,0.009998469575547064,0.2080736051615851,0.14226739495811924,0.17210193853548225
2021-12-23,442.7964782714844,444.2925360057626,440.95228510851217,441.05577241344565,56439700,0.00620277791996846,0.006222054983434644,0.2090236765040729,0.1426184207210527,0.16859319783475346
2021-12-27,449.06304931640625,449.11008378457836,444.12322414632985,444.17025861450196,56808600,0.014053052037738671,0.014152260355331459,0.1959171677490533,0.14203920742347018,0.17234926469526735
2021-12-28,448.69610595703125,450.5214913868531,447.93396375035627,449.4958929694086,47274600,-0.0008174650799241477,-0.0008171310463721548,0.19246659843784275,0.1405984136969396,0.1671290424366502
2021-12-29,449.2701416015625,450.28632177473304,447.8023098433288,448.7996819684215,54503000,0.0012785240520704615,0.0012793417123753148,0.17559259044353426,0.13727199363056272,0.16211386531500066
2021-12-30,448.0279846191406,450.7001910745442,447.5669435079559,449.6934008752194,55329000,-0.0027686623644968197,-0.002764833153598434,0.16932303895331619,0.13643518611165212,0.15754349633041442
2021-12-31,446.89892578125,448.68666632067624,446.6260799179109,447.5387725895835,65237400,-0.002523243906974769,-0.0025200632028609116,0.16391034544703187,0.13659599820643975,0.15305888229776016
2022-01-03,449.48651123046875,449.61825370387953,445.85457683489585,448.15981168840295,72668200,0.005773392850523855,0.0057900910025576735,0.15925864053119748,0.13609087028198955,0.1500845794414709
2022-01-04,449.3358459472656,451.6223008842784,447.48223441413006,450.9071932731494,71178700,-0.00033525041608294776,-0.0003351942259416374,0.15595974686562006,0.13597052288662761,0.14551823771170072
2022-01-05,440.707763671875,449.74059423041956,440.6136660037969,448.96903355258615,104538900,-0.019388606284241217,-0.01920185614660097,0.1581141662602208,0.14146891356498417,0.15996532445324863
2022-01-06,440.293701171875,443.0035528678846,437.9319849605687,440.2466667010779,86858900,-0.000939981480192078,-0.0009395398359904883,0.1578868008383125,0.14132993877257985,0.15513519984631358
2022-01-07,438.5529479980469,441.479221117935,437.1980222953608,440.3030723284207,85111600,-0.003961454371952517,-0.003953618162592321,0.15659486174470594,0.1416605711851411,0.15119588090645578
2022-01-10,438.0072326660156,438.22362566846715,429.62364055153137,435.36325245373706,119362000,-0.0012451293466737806,-0.0012443544947591256,0.15279067970366242,0.13801116664749416,0.14666977871018427
2022-01-11,441.9967041015625,442.0908017452963,434.7516162526011,437.74376052174716,74303100,0.009067002089883161,0.00910823186928722,0.15281998999180157,0.1383501936298357,0.14650708417813013
2022-01-12,443.19171142578125,445.2429369205549,441.2346123000405,443.72804221308974,67605400,0.0027000083354641914,0.0027036566407159235,0.15041977246575036,0.1383351647895919,0.14243135768534282
2022-01-13,437.085205078125,444.9418863252983,436.05960657182123,444.29264976490606,91173100,-0.013874280216096936,-0.013778475973774795,0.14897726829586083,0.14086716170651337,0.14825661672879265
2022-01-14,437.2639465332031,437.6120820227763,432.7287093594842,433.9425030975037,95890900,0.0004088560210498739,0.0004089396140649626,0.14565507051940166,0.14069360803956257,0.14374891459734496
2022-01-18,429.5201416015625,432.7851319574491,428.4098639787604,432.578128611285,109709100,-0.017868373618290887,-0.017709680830163332,0.15458176684785288,0.14556114505578496,0.15572867594176076
2022-01-19,425.06024169921875,432.45585270815616,424.78736709556773,431.06331069209193,109357600,-0.01043773173407603,-0.010383447643954491,0.1543604475476882,0.14715882244652342,0.15634449937710593
2022-01-20,420.3556213378906,431.6372325182061,418.2385532953383,426.9420552480534,122379700,-0.01112983356858949,-0.01106812611436192,0.14332193835684223,0.1484736269535278,0.15763866609670504
2022-01-21,412.1037292480469,421.58818048554997,412.0755028255823,419.2358828982697,202271200,-0.019825982805256617,-0.019630740427783455,0.1497924887863289,0.15375969895646818,0.1711787497618844
2022-01-24,413.85382080078125,414.3619251147175,395.901098425589,406.50524550753806,251783900,0.004237733940924351,0.004246725832662834,0.14829722026517292,0.15386538003118427,0.16677999085269418
2022-01-25,408.8011169433594,413.7409421509055,401.9135823339121,407.47441758472695,167997300,-0.012284050486545172,-0.01220890953149889,0.1362089139999651,0.1542845525482091,0.16860666541035038
2022-01-26,407.7754821777344,417.80568219701877,403.5225099061903,414.68182421507754,186391100,-0.0025120369750247316,-0.0025088844504480567,0.13570067936699354,0.15420567814894956,0.16376180064221332
2022-01-27,405.761962890625,415.50048178403745,404.07773829561154,412.36723366568094,149878300,-0.0049500447969365036,-0.0049378135153103075,0.13379931448214677,0.15432609681492512,0.1599354126333483
2022-01-28,415.8392028808594,415.886237349482,402.54401155859085,407.11686454826264,164457400,0.024531964639574452,0.024835349076203883,0.1702248750616841,0.16268372717088989,0.18205508356592706
2022-01-31,423.3289489746094,423.6770844746201,413.82565957531546,415.17116710249303,152251400,0.01785087997570703,0.01801115922179153,0.1867026008611611,0.16651427836752516,0.18966670096139757
2022-02-01,426.1893310546875,426.82914917104256,420.5343978995624,424.0534262540882,123155400,0.006734152653074755,0.00675687804249292,0.18731169948013413,0.16683633306530446,0.1857437052584116
2022-02-02,430.3293762207031,431.05387362428513,426.28340667304684,428.58867006151223,117361000,0.00966722004592607,0.009714098557489281,0.19225871143082196,0.1679382475570163,0.18396663384698747
2022-02-03,420.2144470214844,426.2080966836343,419.3770152968473,424.30745056905977,118024400,-0.02378573755897423,-0.023505086471324432,0.19803144867461087,0.17464530778812795,0.20091642554197742
2022-02-04,422.1904602050781,426.0293979401201,417.60815954090174,419.9792943228935,118454400,0.004691370600543963,0.004702392308498338,0.19957770826846424,0.1749148344528989,0.19564800253531642
2022-02-07,420.8354797363281,424.3450895509773,419.50878037886775,422.95254768054906,84472900,-0.003214566886624641,-0.003209405698299861,0.19950287361412003,0.17431232546973757,0.19009916901227267
2022-02-08,424.2980041503906,425.2201150815416,418.9159464741092,420.3367433125656,81012000,0.008194075500996415,0.008227738821431796,0.20280176298637478,0.1752228152027415,0.18704179388614078
2022-02-09,430.5080871582031,430.82799617234946,428.1275632375704,428.32514818742595,92589900,0.014530060859445805,0.014636135327215305,0.20748242152702515,0.17715627070203435,0.1899413842464415
2022-02-10,422.77374267578125,430.6680383540824,420.778998939607,424.67438876665915,140103700,-0.01812896054065092,-0.017965619492717355,0.21516518146758692,0.1808789761989951,0.1971861885173208
2022-02-11,414.4372253417969,424.92846773085336,413.00703862428105,422.85846290665194,153214600,-0.019915632248142724,-0.019718626046219545,0.22045731165196353,0.1848830927223416,0.20626810556181294
2022-02-14,413.0822448730469,415.5098319487012,409.6196698794952,413.92909493615394,123006300,-0.003274803139886865,-0.0032694468206433402,0.2201647057771171,0.18491907232675484,0.20038934962737778
2022-02-15,419.7440185546875,419.9133771021189,416.99652213320917,417.5140448697904,88482700,0.01599833257379316,0.016126991087907827,0.22232250780822216,0.18798090792595903,0.2040011059577394
2022-02-16,420.2144470214844,421.58818077331404,415.82976087005267,417.7021805621434,84863600,0.0011201232805253594,0.0011207508529047505,0.2196891370743842,0.18801017223987565,0.1978343621862876
2022-02-17,411.2380676269531,420.18621676202645,410.63589438127366,417.03413227878895,102259100,-0.021592882348257018,-0.021361425001345302,0.229287233922767,0.19276782729111158,0.209379721080418
2022-02-18,408.57525634765625,412.7435205102697,406.30763817495443,411.4920821949047,132642900,-0.0064961633719999145,-0.006475108918448602,0.2195196052126408,0.19301966639775128,0.20456671683999134
2022-02-22,404.190673828125,409.77031787811296,400.69984286814764,406.373613297068,124391800,-0.010789391855934534,-0.01073139513813437,0.22175102054683496,0.19383760262658775,0.20272351394665522
2022-02-23,397.0208435058594,407.6626367061376,396.45628627766916,407.0980794779474,132578000,-0.017897949699207914,-0.01773873269850479,0.22632717960609752,0.19189372412180009,0.208505403201955
2022-02-24,402.9956359863281,403.42847944353576,386.3790300752348,386.7365552102814,213942900,0.01493695122737515,0.015049065000489303,0.233611346495993,0.19280095907794434,0.21033186671428625
2022-02-25,411.8873291015625,411.97200837339045,402.58162557598797,404.22823397331,121804500,0.0218241058244852,0.022063993555344608,0.24598725022749968,0.1946654289125167,0.220877009720715
2022-02-28,410.83349609375,412.3107459178309,405.25385292778066,406.5052626502716,145615000,-0.002561825474435225,-0.0025585467999493794,0.2294915830190663,0.19346604330212325,0.21437977054323082
2022-03-01,404.5763854980469,411.34159579885494,401.8759236906789,409.3374336179091,137785900,-0.015347455446448117,-0.01523028344863897,0.22427651826830144,0.1930314053469992,0.21624660925418124
2022-03-02,412.0190734863281,413.740942784039,406.0724579549326,406.8251817399771,117726500,0.01822908517407186,0.018396249151118926,0.23389951000552428,0.1962812394271591,0.22131698848688106
2022-03-03,409.9678039550781,415.04876074406366,408.1706452434173,414.4465875237106,105501700,-0.004991013471562283,-0.004978579059199961,0.23021723659942103,0.19479686818773725,0.21545064234595504
2022-03-04,406.6370544433594,407.7661402300269,402.60050312317946,406.2418557535522,113978200,-0.008157600210766815,-0.008124417282494023,0.21730524024125905,0.19022401178140438,0.21128185610925504
2022-03-07,394.64971923828125,406.75934432063025,394.58384800510765,406.05365494553234,137896600,-0.029922444730726177,-0.02947920036821894,0.23770251674012394,0.19886733041427193,0.235583009067937
2022-03-08,391.6575622558594,401.9700272063481,390.5943191141427,394.82845492231417,164772700,-0.007610692398840731,-0.007581804411763149,0.23817541773134732,0.19896365160943943,0.23031539942069618
2022-03-09,402.158203125,404.13413881650297,397.8393882545467,400.02232727972273,116990800,0.02645765897857739,0.026810770124440664,0.2581485144053178,0.20603064313630362,0.24585888009858745
2022-03-10,400.34228515625,401.23614110856755,395.60004466085365,397.55714383339716,93972700,-0.004525657229300731,-0.004515431873922449,0.2500338087880288,0.2055590515505216,0.239017729419998
2022-03-11,395.2519226074219,403.4379021571393,394.7438182155745,402.8263104395944,95636300,-0.012796553725408102,-0.012715025960451376,0.24662652504501015,0.20657561490225862,0.23701821343863935
2022-03-14,392.3631896972656,399.46711605847577,391.2246858439781,396.0233780795918,95729200,-0.007335425179645014,-0.0073085866125576215,0.2393656517225693,0.20379388767180737,0.23156113543845444
2022-03-15,400.9914855957031,401.62188528128036,393.69936293232934,394.9695806826798,106219100,0.02175227897271821,0.021990584552783465,0.25461881125980773,0.20895648833002978,0.23991150427455263
2022-03-16,409.8831481933594,409.939601038674,399.7023972745846,404.49170046381727,144954800,0.02193192051771258,0.022174193011722076,0.26081835635956063,0.2134380106277296,0.24774369063756665
2022-03-17,415.01123046875,415.01123046875,407.5967827207491,407.9731446506093,102676900,0.012433466564589234,0.012511083458770278,0.26520138717465863,0.21416868915987777,0.2450137493463742
2022-03-18,419.5567321777344,419.87763507524926,412.66669551110175,413.4028912886427,106345500,0.010893173139260547,0.010952719770619845,0.2560441380770868,0.21217599246727598,0.24129647902278945
2022-03-21,419.4339599609375,421.3876910089302,415.93228540426605,419.3867505787019,88349800,-0.0002926664594102934,-0.0002926236367597479,0.25457756252145675,0.21103017673090102,0.23394838410374513
2022-03-22,424.3420104980469,425.27640505720075,420.8214687288552,420.8214687288552,74650400,0.011633670700252135,0.011701605033523022,0.2528780575439771,0.21209076292455645,0.23128837221955678
2022-03-23,418.87713623046875,423.303758234989,418.79219389310117,421.8125003060186,79426100,-0.012962112647130191,-0.01287846626631206,0.24817816670181464,0.21128398596354936,0.22983702896704988
2022-03-24,425.1914367675781,425.200884406194,419.7832397355188,420.8969665486931,64736900,0.014961860992144861,0.015074349948847932,0.2481944994742434,0.21385230351085585,0.23030475121169838
2022-03-25,427.26788330078125,427.54160557531713,423.24710673053914,425.8238060374059,77101300,0.004871670919752116,0.004883556802057987,0.23793495197862824,0.21413500698640867,0.22409084624188194
2022-03-28,430.30706787109375,430.30706787109375,424.7855856636152,426.67326991890525,68529800,0.007087887279664487,0.007113065805072427,0.23803644379054778,0.21470720880915362,0.2190052640830986
2022-03-29,435.6303405761719,436.12115693733773,431.5057549157547,434.18626321308204,86581500,0.012294975852352657,0.01237086978704438,0.23094940040787984,0.216303401983246,0.21764913001028857
2022-03-30,432.9403991699219,435.30000450918726,430.83562083793777,434.4882852945164,79666900,-0.006193968742381141,-0.006174825662262684,0.22680193143341876,0.21622893229317422,0.21238869491608794
2022-03-31,426.2769470214844,432.99709953880534,425.82389235149907,432.1759613525289,121699900,-0.015510826851300338,-0.015391153519545342,0.23434449730453585,0.21836810430993045,0.21456951507282707
2022-04-01,427.4850158691406,427.99466991123313,423.91729355560483,427.8530993439852,89048800,0.002829991745793973,0.0028339999526068027,0.23128421176196198,0.2150458698320856,0.20832370496965907
2022-04-04,431.1470947265625,431.2509323439472,426.86207198374484,427.683210068739,59601000,0.00853008178312717,0.008566566596436953,0.19761522923001892,0.21583887917542796,0.20468269588066845
2022-04-05,425.70111083984375,432.119225743506,424.5590699380688,429.6558116325977,74214500,-0.012711836673549083,-0.012631382545144287,0.20250413094995454,0.21720491287871527,0.20451053372043732
2022-04-06,421.44439697265625,423.71906006741074,418.5656898647818,421.7936427720497,106898000,-0.010049630561610326,-0.009999301760781565,0.19030260665611815,0.21808236799816103,0.2020943601978165
2022-04-07,423.56805419921875,425.38024389891154,418.6223302828864,420.56664291276263,78097200,0.005026344155392821,0.0050389974141720195,0.18874470391671136,0.21747034894638106,0.19691012246234044
2022-04-08,422.4354248046875,425.32357938924946,420.89695753959705,422.8129558921499,79272700,-0.0026776014504533447,-0.00267401987308169,0.18089505713968326,0.21738944948313468,0.19119514674097043
2022-04-11,415.2150573730469,420.0097628914947,414.7148221783834,419.16972953989875,89770500,-0.017239997873484916,-0.017092239446961477,0.19172922524125913,0.21836132531448985,0.19711970498260936
2022-04-12,413.67657470703125,420.71762892299597,412.12865978994853,418.1975577653763,84363600,-0.0037121485443190353,-0.003705267038602078,0.17930176634317097,0.21842272181616515,0.19165897243471083
2022-04-13,418.4146728515625,419.16973507105604,413.25185499529334,413.4311873130841,74070400,0.01138853309357091,0.011453629318717962,0.16688749418309176,0.21695345545235012,0.19102412450923234
2022-04-14,413.2046813964844,419.7549485147844,413.1008437773758,418.64119283709516,97869500,-0.012529914297446529,-0.012451741760324042,0.16778614172668838,0.21740728726324687,0.1915061991441636
2022-04-18,413.3746032714844,415.0546413726437,411.1471205194664,412.27974277354747,66002500,0.0004111447759350003,0.000411229307532901,0.1626256313976819,0.21627427910491054,0.1856790314957785
2022-04-19,420.0475158691406,420.76481631207815,413.10082271070314,413.2707073837323,77821000,0.016013626328930337,0.016142531604133925,0.1731814970739932,0.21490693837863145,0.19048731281479397
2022-04-20,419.736083984375,422.4354878298303,418.57517643732126,421.8219961207023,65224400,-0.0007416955965722789,-0.0007414206083833363,0.16770954402780938,0.21476128294782207,0.18470681920722276
2022-04-21,413.4595031738281,424.73842874926703,412.55342274585064,423.3509795921558,85417300,-0.01506656933765903,-0.014953636463574838,0.1699276955777367,0.2155284234016355,0.1884194134728181
2022-04-22,402.1145324707031,413.4783716367902,401.5482213990768,412.37409241070765,132471800,-0.027822618281517764,-0.027439133980566188,0.1849884160148254,0.22299572441527327,0.21231138910144395
2022-04-25,404.44580078125,404.6156854519276,395.31883470061024,399.87760832355883,119647700,0.005780782184586855,0.0057975231489966195,0.1855152146720002,0.22311057671218384,0.2070672115974861
2022-04-26,392.7327575683594,402.11455163658286,392.70444345361744,401.9163240296101,103996300,-0.029388362496151434,-0.028960724008668337,0.20412401537455188,0.22508857604460825,0.23100432716019678
2022-04-27,393.83697509765625,399.169705902769,391.7039115793856,393.8086609873536,122030000,0.0028076805115280884,0.0028116257379031673,0.19635889409438972,0.2218083757699961,0.22423293966974592
2022-04-28,403.7851257324219,405.51237307337215,394.1485050200903,398.5751272035263,105449100,0.02494581458643595,0.025259564905755427,0.22321292134819648,0.22765504709169915,0.23806021670896227
2022-04-29,388.8630065917969,401.95409397695,388.11736315002133,399.8021348013602,145491100,-0.037655756022568536,-0.03695559392773051,0.2511309783512925,0.23866453436506901,0.27333459516243247
2022-05-02,391.2037353515625,392.56287045835074,382.2749671742883,388.929072135393,158312500,0.0060013731115641745,0.00601941743001233,0.25262217523615416,0.23465860523032542,0.26603319722118174
2022-05-03,392.9969177246094,395.40370318769646,390.1464965868715,391.7038588552144,100028200,0.004573282338814308,0.004583755754365093,0.25030875894042504,0.23464608333203496,0.25854105237257863
2022-05-04,404.9649353027344,405.53124638806986,390.4769516548114,393.65769528593023,144247900,0.029998714960316697,0.030453209779399693,0.27656035867670387,0.2431433555199935,0.2764773073023763
2022-05-05,390.57135009765625,401.1329469341785,386.44676416954945,400.7082064100307,172929100,-0.03618981655074724,-0.03554279383304659,0.30055357080945694,0.253066690946734,0.30274746247371015
2022-05-06,388.2399597167969,391.5056449287852,382.9450199922549,388.01344685698336,151770800,-0.005987065969702046,-0.005969179204456387,0.2987993758238548,0.25104222834443585,0.29444632830308626
2022-05-09,375.80963134765625,383.5868812355381,374.23340232623997,382.35045035687074,155586100,-0.032540885768774196,-0.03201712770166154,0.3149437172935404,0.25673800589653306,0.31226179664656206
2022-05-10,376.6780700683594,383.2755194042025,372.64787328156433,381.77481340438254,132497200,0.0023081815281076686,0.0023108474298247916,0.31320443953753435,0.2541269221575294,0.3028820541398565
2022-05-11,370.6939697265625,381.34995466803645,369.9483264327751,375.71521640762944,142361000,-0.016014054333827014,-0.015886511101405154,0.3156357674966419,0.2558226211835128,0.30018462557603864
2022-05-12,370.3070068359375,373.57269244374504,363.5207798183708,367.5037946408941,125090800,-0.0010444329711854386,-0.0010438877409051361,0.3098525436364876,0.2531270260684393,0.2910681266827238
2022-05-13,379.1603088378906,380.53831045425517,373.3934177273955,374.43164996045624,104174400,0.02362668432357587,0.023908005623764828,0.3260680537294749,0.25849115670646583,0.29677888185600143
2022-05-16,377.6218566894531,381.2839693671578,375.27169861489534,377.51804786382434,78622400,-0.00406577833835095,-0.004057524251820488,0.32559719380040475,0.25520874546136885,0.2881717966797327
2022-05-17,385.3896484375,385.62560898408395,379.9719747013643,383.70016285890136,83029700,0.020361580571966048,0.020570291709663735,0.3295759899143746,0.2588374174223746,0.29039467292628546
2022-05-18,369.85394287109375,381.123419587076,368.61751205317614,380.8402784851767,117674500,-0.04114671764262873,-0.0403116835893057,0.35407743787922497,0.27094802984116145,0.3238337134646286
2022-05-19,367.5887451171875,372.0059481432004,365.3707103676318,366.7959211904098,98510700,-0.006143405894766317,-0.006124573760987961,0.35256939004655347,0.26896943295605485,0.3148758930909922
2022-05-20,367.7492370605469,374.7336635050742,359.1697150107811,371.1659411793916,131432200,0.00043651205241021236,0.00043660733766004434,0.34339284901021605,0.26686781936803033,0.30528822344396134
2022-05-23,374.6298828125,375.39439273940906,368.45714636210454,370.7695426186861,76414900,0.018537274554113217,0.018710156428741298,0.35133548380890334,0.2657220625414282,0.30463837462690385
2022-05-24,371.7699890136719,372.9592105064328,365.2291411864955,370.5146628553773,91448800,-0.00766320548087815,-0.007633917981549443,0.33860598610340686,0.26600807006410065,0.2968571789218243
2022-05-25,375.0545654296875,377.01777330975807,369.8823286767236,370.278726265349,91472900,0.008796169259466411,0.008834969236569679,0.34056947487705586,0.2653048360167521,0.2898389332243569
2022-05-26,382.5486755371094,384.18153289436907,376.073931942696,376.2815783765453,82168300,0.019784378278686104,0.01998138617199907,0.33551943247738425,0.2658115552231609,0.29134945637988124
2022-05-27,391.9399108886719,392.0531673410909,384.80446634850006,385.0026651402334,84768700,0.024252638014903693,0.02454912525413122,0.3216558497293127,0.2707577679573827,0.2978000587696253
2022-05-31,389.7406921386719,393.07245343451956,387.0035559449801,390.3258696030877,95937000,-0.005626913458378597,-0.005611112032488763,0.3216156352288,0.27051158661050023,0.2895557187962796
2022-06-01,386.5882873535156,392.86483164009155,384.0776638781302,391.8549424707136,86585800,-0.008121356268264301,-0.00808846714942102,0.3222794639043707,0.2640679937768274,0.2825052647584285
2022-06-02,393.9503173828125,393.9974979722233,384.18154466114504,386.42789374965014,79609600,0.018864533569121853,0.019043593068210685,0.3103597769023302,0.26651902860922966,0.2835514680197892
2022-06-03,387.4849548339844,390.7884022780611,386.51279859544996,389.240487364167,71874300,-0.016547781528979833,-0.016411619088875007,0.2881783655463865,0.2628995728616251,0.28234313256566607
2022-06-06,388.664794921875,393.21409252066996,387.49441098526677,391.48687393580764,57508900,0.0030402406160398984,0.0030448668346261254,0.2876367379047414,0.2628766742662658,0.2739969725182842
2022-06-07,392.39288330078125,392.84593785258215,384.7194428520581,385.18194504153405,59272400,0.00954632876745984,0.009592040307266902,0.26203700637399985,0.2623977989553551,0.2682308749443902
2022-06-08,388.12677001953125,392.4684496696644,387.333946070098,390.6845741806073,64350000,-0.010931578074124764,-0.0108720455003255,0.26611968130949515,0.26292307920026575,0.2635104647880047
2022-06-09,378.89599609375,388.6175587452947,378.89599609375,386.3523433395128,86289800,-0.024070262330031324,-0.023782883941029787,0.2745534682473174,0.2633665130767691,0.27208764650863354
2022-06-10,367.9096984863281,373.55388552538324,367.86251789521714,372.7044332589276,132893900,-0.029424227274913457,-0.028995549492963124,0.29519117311862814,0.26533601768400344,0.2875420971242719
2022-06-13,353.9407958984375,360.3683584476511,352.3362527688543,358.5184359528124,170004900,-0.03870786758688124,-0.03796829125560475,0.3106324382294844,0.2741708060110684,0.31681841998206883
2022-06-14,352.87432861328125,356.71577382349307,349.7785269115855,355.68698913644283,104011800,-0.0030176719695814776,-0.0030131233740635643,0.31062677911396785,0.2727135382178014,0.30739089851290713
2022-06-15,357.9049987792969,362.3410401471121,351.2225794060758,356.1683036625761,125666800,0.014155600693760767,0.014256265639342569,0.30506458461941777,0.2748988161887935,0.3030669493824692
2022-06-16,346.0596618652344,350.10875209070366,343.63398102406296,349.7029069455722,134473300,-0.033656391317138115,-0.03309631593429341,0.2938211713748368,0.2804648903580761,0.32166103545204294
2022-06-17,346.80572509765625,350.142419392661,343.30792965713135,346.47397650063243,111113900,0.002153559796180226,0.0021558803716117403,0.2942412783906448,0.27997381386849984,0.31197435192609496
2022-06-21,355.53607177734375,356.9200257502837,352.44584583713896,352.52169557516805,76811900,0.02486195869837015,0.02517359445905676,0.3102634102828291,0.28342273874978785,0.31754408414857116
2022-06-22,354.89154052734375,358.9960185982588,350.9007792220965,351.3178660517575,90059400,-0.0018144886704088586,-0.0018128434810509297,0.30093699684937375,0.28296227292967197,0.30795124821375763
2022-06-23,358.370361328125,359.1002487608876,353.46963484148904,357.0243321478926,79292100,0.00975475734052653,0.009802490066717295,0.3034723702134769,0.2834245246469954,0.30096956822294796
2022-06-24,369.76434326171875,369.7738317116263,361.5079743602973,361.53641078181903,98050300,0.03129891212738116,0.03179387349826457,0.3237621621535048,0.29040865912379515,0.3161638867263861
2022-06-27,368.3519592285156,370.9776852889989,367.2618578134948,370.683832618729,66009600,-0.0038270005749622515,-0.0038196869409969914,0.3146587483458959,0.29032864711988715,0.3068932609015038
2022-06-28,360.825439453125,372.68391795995,360.7116937770823,369.9065216331798,86548900,-0.020644597881480212,-0.020432957085810943,0.30540616068961995,0.29148507874408025,0.3081827386916337
2022-06-29,360.5316467285156,362.3611241546952,358.71165775298255,361.3753088463661,65676000,-0.0008145556382036361,-0.0008142239778178295,0.30557219397809765,0.2912811987566558,0.2988110381750475
2022-06-30,357.6025390625,360.8349471944622,353.1567954408799,356.6451313576215,112508300,-0.00815759496597303,-0.008124412080311116,0.3055788685378084,0.29050586648773613,0.2914394195029959
2022-07-01,361.38470458984375,361.8207682477801,354.33218346585994,356.9484497006856,74839700,0.01052091103941086,0.010576450428062323,0.2986936865696804,0.2911296248785462,0.2855071722577359
2022-07-05,362.0672302246094,362.0862071237408,353.4790840960441,356.30389388763615,81438000,0.001886858834475866,0.0018886400727453623,0.29583363115969125,0.29087542187236387,0.27690669088745745
2022-07-06,363.29010009765625,365.7736442291068,359.8302001680812,362.2094581257224,70426200,0.0033717754835604495,0.0033774663127847937,0.2959315682252791,0.2907115312064718,0.26879094821777366
2022-07-07,368.7311706542969,369.52741950591667,363.30907034528104,365.06272708039626,64525900,0.01486615479964149,0.014977205696433904,0.29959236999655864,0.29289595707822424,0.2669367305151317
2022-07-08,368.42779541015625,370.29519752923926,365.5745491503481,367.10068528955685,72397800,-0.0008230931867732161,-0.0008227545384955626,0.29823771213212524,0.2912388724321378,0.2588245516677669
2022-07-11,364.21905517578125,366.72154716840924,363.52706364959664,365.7546798643806,58366900,-0.011489263969857654,-0.011423514422112424,0.28944139035391897,0.2918704412218818,0.2548855190358676
2022-07-12,360.9960632324219,366.04848886653093,359.2518953418649,363.6692023712076,62219200,-0.008888433461170358,-0.008849048114201175,0.27228199170184203,0.290817770530142,0.24952589924928564
2022-07-13,359.1002502441406,362.02934629353234,355.14744302288534,355.56452982281553,84224600,-0.005265455003503298,-0.005251616794116232,0.23395041023695876,0.29012364597451507,0.24278918052555556
2022-07-14,358.2281494140625,359.30876226262916,351.71594911911046,354.15207948496095,89704800,-0.0024315258120875924,-0.00242857204773661,0.23383531177187242,0.290067037828554,0.23558265057981298
2022-07-15,365.0721130371094,365.18585870852,360.7211675364694,362.6264653889919,79060400,0.018924831748317952,0.01910504139398661,0.2380359720376404,0.2909159069550355,0.23996760385579977
2022-07-18,362.05780029296875,368.82592927824663,360.83497625525047,368.1529146526756,63203600,-0.00829103563522402,-0.008256759792096835,0.203605638575796,0.29115029906140466,0.23488029265452065
2022-07-19,371.8402404785156,372.4089977632134,365.3185809223327,365.9726185323084,78506000,0.02666043255149133,0.027019001324184,0.22125481610441927,0.29595444735341003,0.25021111118808065
2022-07-20,374.21014404296875,375.62256366890966,370.66493462160037,372.02994091898177,71843800,0.006353221136448305,0.006373445653443444,0.2068204320309093,0.2913557988872704,0.24384330838602453
2022-07-21,378.0207214355469,378.068105826219,371.2336162126565,373.6318507302927,64903900,0.010131490644145154,0.01018298796341699,0.20781418940668828,0.2919368003688255,0.2396747998734328
2022-07-22,374.513427734375,379.33833343517273,372.29530007355766,378.1439748043947,72197300,-0.009321355316700263,-0.00927804615538752,0.21079179616567467,0.28648501921442643,0.23518314269225019
2022-07-25,374.96844482421875,375.8215664094441,372.73134023128426,375.13906335562353,53631500,0.0012142178814652435,0.001214955342446311,0.18060381870883932,0.28641811398922284,0.2280673930336597
2022-07-26,370.53216552734375,373.53705331768873,369.6411191276845,373.3285099278068,52946400,-0.011901617788581445,-0.011831073675958703,0.18549564053872533,0.2821846943660079,0.22591055094829024
2022-07-27,380.1535949707031,381.89776315262577,373.52761885571124,373.82147154826214,82342100,0.025635110840191787,0.025966516104387605,0.18891609489847297,0.27725072098585174,0.24064431240680279
2022-07-28,384.9216003417969,385.61356292258694,377.4140666940386,380.95930457713075,73966600,0.012464309729377718,0.012542312986573823,0.1915857433004616,0.27820058595210734,0.23829421378961302
2022-07-29,390.5332946777344,391.51913892921795,385.58515437514285,386.3529667558723,87003700,0.01447354922848946,0.01457879820450314,0.19051613976881235,0.2796727005106788,0.23779082579104724
2022-08-01,389.37677001953125,391.8792906615118,387.13020608259814,387.8411455020427,69997500,-0.0029657919759684148,-0.002961398359536793,0.19078806536932502,0.27258719865975833,0.23083501155994735
2022-08-02,386.8079833984375,391.4907074923848,385.632572613597,387.81277563609865,63435400,-0.006619032358796331,-0.00659717481596267,0.1942359789000594,0.2626783853708063,0.22527792976542124
2022-08-03,392.8652038574219,394.0311261963377,388.64695098882254,388.9313152353376,67820600,0.015538157335456805,0.015659502179263596,0.1990332960935202,0.2643382943284008,0.22661779281812217
2022-08-04,392.5997619628906,393.4718315474268,390.95985110646615,392.78932847212786,45656600,-0.0006758847719171307,-0.0006756564132556209,0.19530042437977524,0.25539748811667634,0.21972981978387127
2022-08-05,391.9361572265625,392.5807353471059,388.26771450946586,388.3245873478551,56814900,-0.001691713223984897,-0.001690283083744859,0.19555814569317675,0.2554233676544165,0.213137500013105
2022-08-08,391.4811706542969,395.87004150956847,390.3815808280443,393.62347746477167,53886100,-0.00116154342577888,-0.0011608690953271994,0.18865869251295742,0.2530846575323195,0.20669382653105847
2022-08-09,389.926513671875,391.25359457893273,388.85536049854454,390.75119863096825,44931800,-0.0039791239960935264,-0.003971217772296698,0.18511692755823103,0.25325282950844125,0.20099352994180106
2022-08-10,398.11669921875,398.2589102854839,395.0170128860397,396.96972473035856,68665700,0.020786881536221546,0.021004433552746615,0.19109581160813885,0.2522272542968311,0.21096863067065555
2022-08-11,398.11669921875,402.8184007395515,397.3773231702041,400.9604577021123,59489700,0.0,0.0,0.19000694027562035,0.2520288988157752,0.20454167628976835
2022-08-12,404.8563537597656,404.9606110010774,399.10247645360926,400.050395788599,61694500,0.016787145694280574,0.016928841604085587,0.188112773904718,0.25095298419063405,0.20877739436717052
2022-08-15,406.52459716796875,407.04597006301,402.59073843868015,402.6476112740378,54048300,0.004112114678208124,0.004120581022653447,0.18137074446893878,0.23527630649593922,0.20304775748620463
2022-08-16,407.3209228515625,409.2451978170758,404.64778356108576,405.4535207281274,59289000,0.0019569461725641316,0.0019588622414026258,0.16404189358386767,0.23472622342933194,0.19700911766311566
2022-08-17,404.4298095703125,407.13138566830423,402.4297135053033,403.7283584655346,63563400,-0.007123185456573369,-0.0070978757020629946,0.16898493763275502,0.23541177598501117,0.19300523887737428
2022-08-18,405.6051940917969,406.28766820146114,403.33965312992564,404.628809463559,49023200,0.0029020606297015038,0.0029062756841122805,0.16738033447910122,0.232768571228157,0.18746546581504106
2022-08-19,400.1546630859375,403.11216664311075,399.28256461046794,402.84675039895933,68016900,-0.01352912805122784,-0.013438020728664068,0.17225779513331674,0.23404287242289115,0.18921476391907768
2022-08-22,391.8224792480469,395.5004110497399,390.921944270961,395.3297635768896,77695600,-0.021042251932270092,-0.020822408449857832,0.19274897891991286,0.23787803080033285,0.2008702863330905
2022-08-23,390.8745422363281,393.7846615275958,390.32473282411485,391.3958862975145,49105200,-0.0024222335058849964,-0.002419302265500356,0.18638376432241766,0.2346110807577476,0.19497859346302562
2022-08-24,392.1257629394531,393.49074002484474,389.9645082393007,390.64698231789686,49177800,0.0031959675107993803,0.0032010800600272837,0.16557507853880116,0.22936150294028793,0.18944680420698978
2022-08-25,397.66168212890625,397.70906652826534,392.5239461830148,393.61404772211625,50942300,0.01401898672651362,0.01411771353138036,0.16701991104098685,0.23082913076510897,0.1915939711943465
2022-08-26,384.201171875,398.0881839321778,384.1442990308555,397.547891912805,103087000,-0.03443529839016554,-0.03384915082047779,0.2033973329973355,0.24102114171238812,0.22898667256297106
2022-08-29,381.6607666015625,384.70357956798847,380.30524889484775,381.2531682301508,65370800,-0.006634131984106076,-0.006612174713157892,0.20432593984579908,0.23809748621934346,0.2235044953717344
2022-08-30,377.470947265625,383.0542059895712,375.3760536519589,382.8172261577202,85652400,-0.011038563673204344,-0.010977862286566942,0.20652807951199154,0.2367783339549862,0.22090580388563383
2022-08-31,374.5987548828125,380.3431437236325,374.4660612189248,379.10137171228644,76029700,-0.007638138695161266,-0.007609042241842667,0.19778306678371393,0.2371197216235408,0.2162256463034892
2022-09-01,375.77423095703125,376.1154680642841,369.7265004007181,372.42807654595646,78740100,0.003133047318970257,0.003137960441396803,0.19867857578249265,0.2363088218060557,0.2099922284585881
2022-09-02,371.8118896484375,380.6465052435593,370.00136015495065,379.4331695900639,99632100,-0.010600460076113392,-0.010544473202705684,0.20088655102535635,0.23624868147212782,0.2077256905875192
2022-09-06,370.408935546875,373.5939303427136,368.19080797230174,372.6554995418325,76637400,-0.003780426861689534,-0.00377329004429916,0.20084677290711694,0.23128899580997245,0.2019332914166894
2022-09-07,377.0633544921875,377.83116684452074,369.87813861226584,370.0961415467539,70964200,0.017805595852562934,0.017965060522872722,0.21358444650296055,0.22615115063814442,0.20766334364939523
2022-09-08,379.52789306640625,379.98287576733065,373.59390963079943,374.79778552612436,80821700,0.006514871270703629,0.006536139205407299,0.1991990323115848,0.2112399092663632,0.20292453493537066
2022-09-09,385.4239807128906,386.28659071940456,381.4995810521483,381.7649972904449,76706900,0.015415883312312325,0.01553532099800825,0.20893137982584745,0.21305182222529634,0.20567188596278926
2022-09-12,389.56634521484375,390.28677304617617,387.1870588242466,387.4903999035653,69256300,0.01069020815512011,0.010747552589466025,0.20283912965633358,0.21228755166380267,0.2036928843062665
2022-09-13,372.62713623046875,382.1063305943667,371.5085982382981,380.90245439610015,122947100,-0.04445590021348333,-0.04348221860652035,0.2511723902874015,0.22088707327862295,0.26245648945017247
2022-09-14,374.0489196777344,375.56559617352946,370.7501504689949,373.92568555402255,85023700,0.0038083052332568202,0.0038155660418308646,0.2518742770037894,0.2209425605861328,0.25489153092469097
2022-09-15,369.8022766113281,375.33812191068284,368.53206820723454,372.49436398050875,87633800,-0.011418114872744885,-0.011353175595494314,0.25298061366534846,0.21686235659136455,0.25108316549558307
2022-09-16,366.9811096191406,367.6378630769438,363.69734233012485,365.6295510878898,103084800,-0.00765810096300083,-0.007628852418214316,0.25166980503695086,0.2174764583709625,0.2452487020805641
2022-09-19,369.8270568847656,369.8270568847656,363.7640106344205,363.8401719669829,73278500,0.0077251082390094325,0.007755023871878874,0.25342242162671097,0.21714940347619924,0.23966733414279034
2022-09-20,365.5820007324219,367.51418074829206,362.83127514540325,366.50526088071683,77274900,-0.011544876305690583,-0.011478489940952241,0.24708513873804014,0.20880679927031845,0.23666275969357806
2022-09-21,359.2048034667969,370.5504007332188,359.19527603958755,367.504586823731,106746600,-0.01759789721670518,-0.017443958545138027,0.2520569725536127,0.2117183233881737,0.23943925791597592
2022-09-22,356.18756103515625,360.0709463739704,355.4451478506608,358.4338263970015,89472600,-0.008435260067002624,-0.008399783083411716,0.2508939811156764,0.20818568891358694,0.2344507013359724
2022-09-23,350.2197265625,352.76105188849385,345.7842729569001,352.7229712221048,122346900,-0.016896701267807825,-0.016754752623343916,0.24403364745570513,0.21097353432057966,0.23661327309169422
2022-09-26,346.75506591796875,352.3707580104209,345.53674617910787,348.7538794551558,92581200,-0.00994207888303303,-0.009892819797838959,0.22105491700627009,0.2112822427849642,0.23263969120213243
2022-09-27,345.86993408203125,352.5516532322038,343.4808733177717,350.2863328489352,108294100,-0.002555877474194037,-0.0025526140003010456,0.22116021269848574,0.21006139471392307,0.2257713974651618
2022-09-28,352.6753234863281,354.3600222961964,345.1274522170946,346.821678453464,110802200,0.019485078869504915,0.019676152026220306,0.236008262041254,0.2140563322131236,0.23163537111731933
2022-09-29,345.3083190917969,349.42013004160674,342.3672197883283,349.13459770031216,112952300,-0.021110173731082246,-0.020888913694628974,0.24393087430085336,0.2180382750843746,0.23911026054948092
2022-09-30,339.9686279296875,348.2779675279083,339.8353891876637,344.36600021604005,153711200,-0.015584353907450004,-0.015463546248041249,0.24564158576412273,0.21759598638955685,0.23961535770716683
2022-10-03,348.9442138671875,350.7907337489844,341.90080218718504,343.6806881754969,89756500,0.02605872121503282,0.02640121823051378,0.2680174860077869,0.22473291789388103,0.25345202618008617
2022-10-04,359.7568664550781,359.78541969158493,348.90620087696135,354.45525951637643,103602800,0.030516368553345607,0.03098676567253822,0.29343225294479963,0.23263262723056363,0.2728811735820556
2022-10-05,358.9192199707031,361.17501250579096,353.07510228982494,355.397528717206,88065700,-0.002331083166692052,-0.0023283683022616852,0.28446688663642433,0.23197446895604648,0.2647233425797334
2022-10-06,355.2166748046875,360.4706728707626,354.7217133827097,357.52004633285617,82333500,-0.010369394310487594,-0.010315817487617007,0.2837096424709035,0.23269496122801642,0.2598066766199268
2022-10-07,345.3083190917969,355.30235769557754,343.547458861724,351.19051769873397,107789500,-0.028290258383748875,-0.027893836116614334,0.28783661415677514,0.2396924185659414,0.27486480331416235
2022-10-10,342.6717834472656,346.65988314467035,340.43504562807703,346.42192984075376,76042800,-0.007664606990790605,-0.007635308791475559,0.28145043757986893,0.2366099446789771,0.26815268606479614
2022-10-11,340.5016784667969,345.5367789247286,338.5694986420496,340.97758511374974,92482800,-0.006353034479294778,-0.006332896623811757,0.24301521063739376,0.23639004421453103,0.26115468652355683
2022-10-12,339.37847900390625,342.48139902682294,339.1309983011124,340.91091321016154,76991800,-0.003304113151102998,-0.0032986605762066468,0.24109083965705694,0.22927107479440473,0.2535246173273898
2022-10-13,348.3350524902344,349.8008528442018,331.3356548770357,332.38265512986965,147254500,0.026048869253065786,0.026391106214560534,0.2632451566105781,0.23562586872405153,0.26585301722326343
2022-10-14,340.39697265625,352.41837848921915,339.7592450066515,350.7907569397952,123737000,-0.023052307926891585,-0.022788633464348007,0.27237865628921504,0.2386083869232088,0.2728956938834767
2022-10-17,349.1441650390625,350.2482719633379,340.0638579364615,346.4695719640728,93168200,0.025372414078989963,0.025697033421169246,0.28894714714302133,0.24442711816164125,0.2823780767450175
2022-10-18,353.2464599609375,357.3583002169347,349.8103989866183,357.05371300233446,97162900,0.01168108292303558,0.011749573192540774,0.2914575741982003,0.2458004073174898,0.27751797190498345
2022-10-19,350.7431335449219,353.9317132956456,347.9352732315164,351.2095126771094,79746900,-0.007111857874923249,-0.0070866284584775174,0.28620865679540025,0.24508758658395907,0.2704810501784338
2022-10-20,347.8020324707031,354.71220495349155,347.0405645534775,350.29577817467606,88283100,-0.008420696602833094,-0.008385341844025174,0.28620377301664146,0.23919710435697486,0.264277372357526
2022-10-21,356.2541809082031,356.7395859020458,346.02218871676973,347.5260408349085,131038400,0.02401102170200716,0.0243016073754887,0.2931815775935339,0.24320952894923312,0.2727069832530537
2022-10-24,360.6134948730469,361.74615500669046,355.1310410528587,357.77710987202045,85436900,0.012162266058461896,0.012236527172061473,0.292884734555411,0.24261508617008143,0.26859544674680524
2022-10-25,366.3719787597656,366.6860643599622,360.4231457883191,360.53735873384517,78846300,0.015842419236267682,0.01596857568723542,0.296383030521525,0.2451219232550964,0.26759999019219866
2022-10-26,363.61163330078125,368.90371186098525,362.9739347843384,363.2309138667366,104087300,-0.00756279612327251,-0.007534270138040089,0.2917988942459969,0.2452216915306466,0.2611091175161641
2022-10-27,361.669921875,366.44801277950654,361.0512201742432,364.61102062179475,81971800,-0.005354378726145723,-0.0053400695906091755,0.28073735338603684,0.24291952448668644,0.25400939721355975
2022-10-28,370.27435302734375,370.75025961760167,361.3844214069697,361.5652682350303,100302000,0.02351224769343224,0.02379083974618612,0.28197552426764166,0.2482185194403634,0.26269422035777557
2022-10-31,367.5997619628906,369.68423516133385,366.69555686556424,367.81868945232327,96631300,-0.007249482597915078,-0.007223268483452339,0.2724654111073127,0.24854809728307956,0.2562467361228848
2022-11-01,365.9911804199219,371.5783479860967,364.8204688405162,371.34039469961164,85407600,-0.004385507039803699,-0.0043759047459098754,0.25247637866959327,0.24864105918771742,0.24902498747675006
2022-11-02,356.8062744140625,369.9032357188449,356.70158888563316,365.4011480085662,126990400,-0.025416250105253228,-0.025095976343804338,0.26909606833815014,0.25352646938146367,0.26088300549872756
2022-11-03,353.1322326660156,356.1685191668986,351.01920615203176,353.5700586148132,87100100,-0.010350402215425934,-0.010297021133051198,0.2690866463939329,0.24985028945109755,0.25611748103947357
2022-11-04,358.21490478515625,360.61346359996287,352.170885136249,358.8335775577456,103505200,0.014290515416063746,0.014393112972917788,0.25225222355939336,0.25204530915743906,0.2544566426150415
2022-11-07,361.6414794921875,362.23159909806725,357.4344518726958,359.50939792144624,68286900,0.0095202339311712,0.009565695511989825,0.25104163930401563,0.25019447227739283,0.24946681339753324
2022-11-08,363.5926513671875,366.5623039769019,359.5188919325988,362.74552365571884,84641100,0.00538081841352175,0.005395321017212407,0.24887902233514306,0.2503377509838175,0.24277034830127386
2022-11-09,356.1018371582031,362.77405623568103,355.60687575970667,361.62234147920316,78495500,-0.020817401959786385,-0.020602215641095323,0.26242035616905846,0.2531892549225208,0.24890492676063064
2022-11-10,375.6711120605469,376.00425245255667,367.0572151863192,369.3510591794325,141455800,0.05349730927028621,0.05495415316728569,0.3091483610502818,0.27750727884585635,0.31860525694200514
2022-11-11,379.3070068359375,380.1065262679985,374.643099911707,376.52770010322564,93839900,0.00963186294723781,0.009678398627586349,0.2928678247821966,0.2782768771303265,0.31116149449697655
2022-11-14,376.0804138183594,380.89658611860307,375.8043798668183,377.5462142284,71903500,-0.00854293453361437,-0.008506547359863892,0.28689206370023096,0.2775135495949686,0.3035056356683912
2022-11-15,379.28802490234375,382.9239582221826,375.4807721813481,381.8198514474499,93194500,0.008492889561518403,0.008529056462731832,0.2859396903248283,0.27500814878860835,0.2961069464346632
2022-11-16,376.3945007324219,378.61221246717844,375.76630060291683,377.66039937041876,68508500,-0.007658079187830959,-0.007628830809163767,0.2862164252942888,0.27537015561569694,0.2886265658202253
2022-11-17,375.24285888671875,375.9186672305997,371.3404476693323,371.64500584373235,74496300,-0.003064357384986133,-0.0030596670340883314,0.2838722507738931,0.2752975989674028,0.2800874112744661
2022-11-18,376.9465637207031,378.64078997970154,374.10065167393867,378.57415608736795,92922500,0.0045299965573464395,0.0045402725025573965,0.27371424988701065,0.27380855850149044,0.2721255151829147
2022-11-21,375.5760192871094,376.74676014271114,373.7390265271548,375.6236273819445,51243200,-0.003642537725552161,-0.003635911732595698,0.27230758713278747,0.2648208983806536,0.2642153887242635
2022-11-22,380.63006591796875,380.79188693120494,376.1089535381112,377.5176474312929,60429000,0.013367048965695117,0.01345678736478595,0.27078007400212767,0.2659726895796339,0.2613862977872527
2022-11-23,383.02862548828125,383.5140303982983,380.0684717587064,380.2968975987144,68261600,0.0062817787179309074,0.0063015504687677915,0.2688093485554932,0.265282651427507,0.25459786982190136
2022-11-25,382.9429626464844,383.4950305265415,382.191051189936,382.4670560829331,30545400,-0.00022367106947821874,-0.00022364605696945095,0.26740869487713875,0.26477645356584184,0.24684332527625358
2022-11-28,376.8323669433594,381.4962458070925,376.0708989562592,379.8591259436192,67881600,-0.016085616952276813,-0.0159569343196575,0.26375909973657924,0.2668403805604365,0.2473620531512279
2022-11-29,376.1850891113281,378.1553200852392,374.34806781537714,376.9655537509073,52310000,-0.0017191579989178619,-0.001717681093271195,0.26222501857469677,0.26594602736425915,0.23991955619066388
2022-11-30,388.0352478027344,388.0352478027344,374.5195160703624,376.4326410939259,144566700,0.03101489980419278,0.03150087293305592,0.28169132135460234,0.2731861826195602,0.26201526838202976
2022-12-01,387.7496643066406,390.24341023181614,385.2463909544575,389.0726695441886,76398200,-0.0007362440401615953,-0.0007359730790201802,0.26166957416276093,0.27088211649715666,0.25404935876581775
2022-12-02,387.3023376464844,388.2065428165103,382.76219884695456,382.86688436312187,85342700,-0.001154314055569603,-0.001153648091368753,0.2568993635801762,0.27060645867393973,0.24635088511097283
2022-12-05,380.33502197265625,385.4177008262784,378.98346353454565,384.48494250767516,77289800,-0.01815312117664815,-0.017989345781299293,0.2663377127292454,0.2713614075090774,0.24905825523978864
2022-12-06,374.8525695800781,380.7157422182558,372.7681254520418,380.17323078475664,77972200,-0.014519700196058615,-0.014414797680588731,0.27213431593050796,0.27194928029379917,0.24798354308886672
2022-12-07,374.21484375,376.5753507067164,373.0821838315825,374.0054437050733,65927900,-0.0017027198695521676,-0.0017012710644948026,0.27205760638255516,0.25618698200878837,0.24052011167309972
2022-12-08,377.14642333984375,378.212449392276,374.3195371968257,376.0994521400108,60737900,0.007803421854138225,0.007833947901335181,0.25968995785814947,0.25656647550124667,0.23515874801654013
2022-12-09,374.3291015625,378.459967446831,374.20536119651905,375.90911499149865,81447700,-0.0074981416789316946,-0.007470100743352637,0.18001008472231814,0.25593738730944954,0.22985155459030654
2022-12-12,379.7259521484375,379.7259521484375,374.4528979931233,375.11914991787853,75405800,0.014314452802582997,0.014417395183570658,0.1841155174922946,0.2570140218046869,0.22969539553802765
2022-12-13,382.6003723144531,390.7098107273862,379.8401197057134,390.45283160745686,123782500,0.007541216133051563,0.007569722716481486,0.1830019746443293,0.25699242803426053,0.22462023451118893
2022-12-14,380.15423583984375,385.9603029263179,377.21313615399055,382.2577351529548,108111300,-0.0064139759614380305,-0.006393450324713612,0.18240384141322588,0.25617349710190274,0.21920086170399616
2022-12-15,370.85498046875,376.20416598654884,369.1988348015829,375.2999318308924,117705900,-0.02476595619462529,-0.024461796014319415,0.20121130262111162,0.25876264958447603,0.23332374034659992
2022-12-16,366.4766540527344,369.6416209558771,364.34438227509384,368.3029691083944,119858000,-0.011876278388220418,-0.011806033750663247,0.20495701761842436,0.25936735793483384,0.2308813225115625
2022-12-19,363.3689880371094,367.00250429400353,361.70523742151596,366.6678340994925,79878100,-0.008516005625448207,-0.008479847164228449,0.20536599726641996,0.25753210843528457,0.22628378629281937
2022-12-20,363.8662109375,365.4821639806004,361.29407404311723,362.6136124267533,74427200,0.0013674337506501483,0.0013683691144821264,0.20555080545825313,0.2565933271586769,0.219454695401163
2022-12-21,369.306884765625,370.4351746621718,365.9219858955704,366.4574464966575,78167400,0.014841716726156518,0.01495240191197511,0.20703471058791031,0.2580934351964834,0.2204570775705281
2022-12-22,364.0383605957031,369.28780122976565,358.3490543275083,366.2662563964438,100120900,-0.014368716093532066,-0.014265978748989383,0.20968633774936943,0.2571125165317261,0.2209228799848279
2022-12-23,366.1324462890625,366.27586806369106,361.46626335166565,363.0152768784984,59857300,0.0057358947111585176,0.005752376452670127,0.21161862816720886,0.25332084512396863,0.21535078162705185
2022-12-27,364.68853759765625,366.3618594408892,363.0152157544233,366.01764723973866,51638200,-0.003951475401024982,-0.003943678595112243,0.2053839159856723,0.2511855353046225,0.2093549322685143
2022-12-28,360.15625,366.59137848650926,359.9267751898031,364.6216127041186,70911500,-0.012505702580942281,-0.012427831232404984,0.20897804888333907,0.247267645822852,0.20872080507830287
2022-12-29,366.63916015625,367.5092910145083,362.47018314198056,362.9961017998292,66970900,0.017840184483575224,0.01800027114967473,0.18509185311648413,0.2420098954830456,0.2139223863979451
2022-12-30,365.67340087890625,365.8168226274327,361.8486652893112,363.9618527124626,84022200,-0.0026375618516113874,-0.0026340865414707926,0.1849287621591973,0.24202502716759428,0.20765886919122645
2023-01-03,364.1339111328125,369.49808808826083,361.27490181125125,367.52835185196017,74850700,-0.0042188999869366755,-0.0042100129306467116,0.18485820055772365,0.24119258392344975,0.2019999907106452
2023-01-04,366.9451904296875,368.9722958919306,363.3499291613042,366.3905873546689,85934100,0.007690804313127979,0.007720454511169095,0.1796045337332651,0.2340703498325681,0.19811633287928349
2023-01-05,362.7570495605469,365.1092537639918,362.16422021646383,364.9945163658359,76970500,-0.011479166786759048,-0.011413532533936177,0.17705290669214732,0.23480375361152506,0.19719903163177713
2023-01-06,371.0758361816406,372.19458418736764,362.7857380848977,365.8455090657922,104189600,0.022673126675100835,0.022932115671277398,0.1969615493798729,0.23845489852817026,0.2105396855015333
2023-01-09,370.8655090332031,376.44964922378716,370.6838609207569,373.2655401902277,73978100,-0.0005669643710465943,-0.000566803677118255,0.19455204024615239,0.23828856559964948,0.2041377033367961
2023-01-10,373.46624755859375,373.5331874264222,369.3450978055792,370.28216841393834,65358100,0.006988144966520938,0.007012619027772171,0.19477169542408918,0.23303807220946413,0.1997754801263406
2023-01-11,378.1898498535156,378.26636090740493,374.2312636370513,375.0440257972263,68881100,0.012568685317760833,0.01264800320189785,0.19314809386929416,0.2286221907411627,0.19976026204792283
2023-01-12,379.5667419433594,381.0297021014003,375.2256881711222,379.2894696301709,90157700,0.0036341316462925066,0.0036407431092533304,0.19156186439705247,0.22330944183241191,0.19418960084856499
2023-01-13,381.039306640625,381.6130228505716,376.10539392375364,376.3731242643396,63903900,0.0038720873699623778,0.003879593585376373,0.19075536063405077,0.2223440924597776,0.18887487945553505
2023-01-17,380.34130859375,382.6935423019026,379.6624261074559,381.0202202604648,62677300,-0.0018335067335571867,-0.0018318268869130794,0.1669662204639365,0.22175735595071647,0.18325972415603312
2023-01-18,374.3363952636719,382.58826631918953,374.1356048315,381.5269162830095,99632300,-0.015914184381433095,-0.015788222826177645,0.17172799698655045,0.2236909121317511,0.18814459659399607
2023-01-19,371.6113586425781,373.94442072442195,370.2918200719056,372.2997830998825,86958900,-0.007306272400583571,-0.0072796464772663105,0.1708848166699304,0.21922855208944722,0.18461206871086838
2023-01-20,378.5340576171875,378.68705053096147,371.36267892386525,373.0073162714171,91806400,0.018457475998516715,0.01862886807307662,0.18164028425746365,0.22100636844974297,0.1928413251169199
2023-01-23,383.07598876953125,385.0074698849866,378.3811219727352,379.3373059432333,84178800,0.011927324275096164,0.011998738451526547,0.179180323875902,0.2200122473654229,0.1926330640509352
2023-01-24,382.664794921875,383.57315208650715,380.21696655885887,381.4026252152029,59524900,-0.0010739767188511743,-0.0010734002122582131,0.16917416378971703,0.21936689719164076,0.18681136829626088
2023-01-25,382.8082275390625,383.1428977378186,376.31573073269413,378.6010242444025,84800300,0.00037475551628210935,0.00037482574590330664,0.16888207081548148,0.21898855617641028,0.18112620341545382
2023-01-26,387.0154113769531,387.1779754700334,382.5022224600164,385.4663982164665,72287400,0.010930362519765846,0.01099031717509602,0.16991958996319836,0.21493147317782474,0.18067852274427842
2023-01-27,387.9046630859375,390.2760095744735,385.762820567528,385.97318218490153,68346200,0.0022950808183345166,0.002297716532322358,0.15986411250796265,0.2143058296694834,0.17540150482007638
2023-01-30,383.0377197265625,387.37880296998725,382.7413050405992,385.1508780562935,74202000,-0.012626126477605238,-0.012546751360647534,0.16072723436611894,0.21583325942043968,0.17700328515416067
2023-01-31,388.66961669921875,388.7174142189188,383.20978597821664,383.554027333468,86811800,0.014596199091659469,0.014703243786738929,0.16543755833817425,0.210621783724922,0.1807530206669986
2023-02-01,392.8003234863281,395.5445957142965,384.7205872650518,387.4552591361378,101459200,0.01057173167076924,0.010627809866357474,0.1651493983034411,0.20998895573187717,0.18000330344322346
2023-02-02,398.51837158203125,399.981331954011,394.7892597691829,396.6824854385565,101654500,0.0144521989850759,0.014557136931436787,0.16896793007529223,0.21003037451280318,0.18334440993569653
2023-02-03,394.2824401855469,398.7000051703591,393.0776391240828,393.55573107794413,94736800,-0.010686093260410657,-0.010629199802429823,0.1680171815330735,0.21092899743125285,0.18255096341471863
2023-02-06,391.8728942871094,393.268944002585,390.2187145648804,391.8346679352162,60295300,-0.006129967801444562,-0.00611121788052138,0.1566630789019214,0.21132926725996962,0.17858756885168198
2023-02-07,396.9979553222656,398.24098259343725,389.7118394155706,390.9548666867422,90990700,0.012993592409454148,0.013078375947588095,0.16023607897250453,0.20757709937980776,0.18036815193443304
2023-02-08,392.6568603515625,396.366858057828,391.96840686812754,395.0282066123747,76227500,-0.010995028758389123,-0.010934804354796324,0.1674542167654047,0.1791165907299202,0.18002382275177625
2023-02-09,389.25286865234375,396.4051341468822,388.02895452722424,396.25214123369045,78694900,-0.008706921215524268,-0.00866912575058798,0.1675260741309351,0.17916982017763644,0.17779290358650363
2023-02-10,390.16131591796875,390.5437836705012,387.2640796514173,388.0768126828916,70769700,0.0023311037827837442,0.002333822917658157,0.1673636653815977,0.17822689652901008,0.17261477436723008
2023-02-13,394.74139404296875,394.875273798094,390.3525133608386,390.81149214644563,64913500,0.01167056770594534,0.011738934482071972,0.17115236803918354,0.1789445330384624,0.17339978439090997
2023-02-14,394.55975341796875,396.86413102531327,390.61070909281807,393.2210725630297,88389300,-0.0004602568456686444,-0.0004601509437346385,0.17083840038068152,0.17812060385015951,0.16812685412815132
2023-02-15,395.841064453125,395.9175463340548,391.52866525765285,392.3701118499811,61555700,0.0032421832786286926,0.003247444839613145,0.15744931304107385,0.17800727129600058,0.16349182985935323
2023-02-16,390.39080810546875,394.8179447595729,390.25695751731473,390.87847129038914,76431500,-0.013864468850011764,-0.013768799745893068,0.16458770078339263,0.18037690269801931,0.16742826222560953
2023-02-17,389.4154357910156,389.65448174842203,386.34606468801917,388.26800352329917,89257800,-0.002501577361645792,-0.0024984510244657754,0.1540544568677438,0.18027784048035056,0.1626189069528333
2023-02-21,381.6034240722656,386.4512833840668,381.3452649276504,385.39947527197734,82655900,-0.02026481961871516,-0.020060868164821333,0.1667796130065419,0.18325855730510865,0.17625957456833272
2023-02-22,381.0775451660156,383.55405800104023,379.624126941612,382.01458672604707,83742300,-0.001379027432963507,-0.001378077011569001,0.16680450840631988,0.1828165337650176,0.17097410717796233
2023-02-23,383.1046447753906,384.577176151522,378.88787027584414,383.965204449082,96242400,0.0053052907817936045,0.0053193887571933995,0.16794715666104001,0.1831494812065697,0.16704426297603747
2023-02-24,379.01220703125,379.84408241701556,376.39227228887677,378.0942785897589,108194400,-0.010739762728943215,-0.01068229738258586,0.1669200337878928,0.18146313443623327,0.16725291416935595
2023-02-27,380.302978515625,383.7069903770485,379.36590792305304,382.3491965943758,80444700,0.003399833829918033,0.0034056198202305765,0.16725893448629572,0.18154764287020272,0.1626957134522228
2023-02-28,378.8974609375,381.78512595829335,378.79226552930106,379.82496053517093,96438600,-0.0037026300587463916,-0.0036957837764272083,0.1619395358986257,0.16993397692211823,0.15839503982696346
2023-03-01,377.4440002441406,379.3085704071732,376.14360422634064,378.08465625730815,99706800,-0.0038434028997101828,-0.0038360264799957022,0.15199786829661557,0.17007970149220455,0.1542951655772878
2023-03-02,380.3794860839844,381.22093252105213,375.13958820432623,375.47425838003477,85127800,0.00774718803216435,0.007777275140007589,0.14933853649038467,0.1708984032492538,0.1525977206253935
2023-03-03,386.47998046875,386.7285976253681,381.54606794616154,382.1962660076362,90120000,0.01591066771680532,0.016037916364971094,0.15149283800314195,0.16995550639651255,0.16036370726958118
2023-03-06,386.74774169921875,389.5971805098177,386.30790523195174,387.3023155770407,72795900,0.0006925805516156475,0.0006928204409035743,0.1477123618396787,0.16713849907927023,0.1555017043962377
2023-03-07,380.8193664550781,386.93896700217493,380.20742390861926,386.699921017692,108310600,-0.01544749134999794,-0.015328790849802099,0.1555296156215888,0.17026388548952873,0.16228968882751518
2023-03-08,381.4408874511719,382.19625170885286,379.212962662717,380.9341111603913,74746600,0.0016307321040084973,0.0016320624706649411,0.14652178726126777,0.16956923280905642,0.15747341025118136
2023-03-09,374.4034118652344,383.88877016600645,373.4185434936177,382.2249901315046,111945300,-0.018622033565698616,-0.01844971479843871,0.15498929977569606,0.17321626706103022,0.16897727086177414
2023-03-10,369.0008850097656,375.9332173953836,367.4805563054659,373.85828575920306,189253000,-0.01453481501172727,-0.014429694506665869,0.15946068904759111,0.17312595577766363,0.17330430749663375
2023-03-13,368.4749755859375,373.28460811867615,363.9713580532645,365.0805347641921,157790000,-0.0014262419723195612,-0.0014252253726009245,0.15845185641857717,0.17232550354772905,0.1681162592061465
2023-03-14,374.56591796875,376.21055539266825,370.0909552792131,373.38980130348455,149752400,0.016395002940423415,0.016530138507036662,0.16495194994972828,0.17536696035940708,0.1750185400713808
2023-03-15,372.2232360839844,372.4240265155613,366.8972852061237,368.98178810972763,172996900,-0.006274032119301279,-0.006254391476592014,0.16523155891963384,0.16827537857340302,0.17143154846640365
2023-03-16,378.75396728515625,379.0982086417623,369.3642641428275,369.8710404113854,143254200,0.017393060162097858,0.01754520021339645,0.17926342356137534,0.17008806870645612,0.17944227376252564
2023-03-17,374.3253479003906,378.55821591341066,372.94318572096427,377.4256197444262,140553400,-0.01176149801834145,-0.01169260197195876,0.1775971793639758,0.1709547199684172,0.1798864928533804
2023-03-20,377.9247131347656,378.33746367070916,374.40214170963634,375.1028011958168,93055800,0.009569670750482144,0.009615606462570536,0.18234184375808385,0.1719569690635509,0.17833190880576066
2023-03-21,382.8870849609375,383.3670015855469,379.69082383763816,381.28415054635593,91524200,0.013045124197964317,0.01313058303335235,0.17506103626271793,0.1713612383780356,0.18018652426958384
2023-03-22,376.3601989746094,386.3232727268631,376.3218267349629,382.71431965042825,111746600,-0.017193467559073795,-0.017046503375777178,0.18559774057509265,0.17250921185926307,0.1870530840601955
2023-03-23,377.3776550292969,383.25182988301947,374.6709182110407,379.2205184817109,119351300,0.002699762702054824,0.0027034103432284073,0.18472232881464704,0.1722317283266336,0.18165827893876324
2023-03-24,379.8540344238281,379.9404159071664,373.7590870150187,376.1010826470393,107682400,0.006540635468090083,0.006562072135243513,0.1825023477612562,0.17241453710804913,0.177951057212228
2023-03-27,380.5641784667969,382.89659492878474,379.67154080290624,382.1287109503476,74010400,0.0018677728580921104,0.0018695182323018589,0.18221696149429692,0.17022222867883421,0.1726827475400133
2023-03-28,379.71002197265625,380.5642582938647,377.8767370350477,379.8731772141997,62871700,-0.0022469705088622558,-0.0022444479603461742,0.18189398969023687,0.16663335672294347,0.1676499640091863
2023-03-29,385.22900390625,385.46896217088675,382.66623675154574,383.8660280747297,77497900,0.014430111456760422,0.014534728119425688,0.18809014570268484,0.1688800902919958,0.17195502007839447
2023-03-30,387.4847106933594,388.10859647318574,385.62263176835995,387.8590304445402,69840000,0.005838418943613912,0.005855495729128135,0.18730519090509304,0.1688438801956786,0.16825520701321542
2023-03-31,392.9461364746094,393.24368242982905,388.30051790737826,388.4061147934353,112062600,0.013996153419752631,0.014094558134893687,0.18538713167418602,0.17039274391554557,0.17196836203598928
2023-04-03,394.4434814453125,394.84659500245755,392.03429064106433,392.4278257842298,67391100,0.0038033185644785698,0.0038105603585694148,0.1856852352261022,0.16842526279479086,0.16738412349520065
2023-04-04,392.2550048828125,395.3744624499985,390.88242129149666,395.0864949456508,66601500,-0.005563712771461135,-0.00554826398570718,0.1772048883644695,0.16304444706111143,0.16372060406493552
2023-04-05,391.22796630859375,392.28378854696774,389.57705225180376,391.52551221780175,65200200,-0.002621726828170653,-0.0026182931038077895,0.1777986139673943,0.16317908494757613,0.15906004090051898
2023-04-06,392.754150390625,393.0325102209904,389.3851264771968,390.4313411526847,63743300,0.0038934204682453933,0.0039010096758456125,0.16162072850819595,0.16280801152714813,0.15495577015874454
2023-04-10,393.1572570800781,393.23406013832266,389.66347951634174,390.27775752337686,63681000,0.0010258324818076198,0.001026358827913576,0.14894668275952092,0.160964239054678,0.15028813834513005
2023-04-11,393.2628173828125,394.66416550169424,392.49496262249465,393.78113545650683,59297900,0.00026845780466741006,0.0002684938426886774,0.1483733722139975,0.1608451961333656,0.14571349542116782
2023-04-12,391.6599426269531,395.6144801885437,391.07445840947173,395.32651264091214,86420400,-0.004084164877289377,-0.004075836018585743,0.14198965431895627,0.16097835680227862,0.14216428901973258
2023-04-13,396.86224365234375,397.21737725795947,391.60234704835096,392.7445509263928,85814800,0.013195257150234027,0.013282698737322018,0.143333743817641,0.1629983067233196,0.14707365472578773
2023-04-14,395.8927917480469,398.4171577397506,393.58919793642514,396.22873922494233,78161500,-0.002445780459953044,-0.0024427919758124306,0.13430212076599465,0.1594296848803378,0.14290999185311545
2023-04-17,397.3133850097656,397.3325711300684,394.5778543396015,395.80643975007484,66436400,0.003581905492419495,0.003588328182097422,0.12375679694204646,0.1585855898337295,0.13925465929423778
2023-04-18,397.57257080078125,399.02192855853326,396.20001611580255,398.88753782707477,63560000,0.0006521332986360571,0.0006523459837861623,0.12148640017835453,0.15441201034256782,0.13503621265413787
2023-04-19,397.5053405761719,398.4075568472331,395.60486027089866,395.6624479202901,55227300,-0.00016911606726227737,-0.00016910176794626697,0.1152160552414395,0.15267502207754985,0.13092411710600732
2023-04-20,395.3361511230469,397.08305478926667,393.79080425161,394.693049912546,75840400,-0.005471950921759011,-0.005457007068083275,0.09527572624571116,0.1531482937034257,0.12870658004378477
2023-04-21,395.64324951171875,396.10395069254025,393.6947893230702,395.6336418065236,73457400,0.0007765016480984235,0.0007768032035508909,0.09545581418041318,0.15314862233150262,0.12482218311859786
2023-04-24,396.0559997558594,396.47832873039835,394.1075394245126,395.44169241406223,64332100,0.0010426946392030837,0.00104323843424603,0.09425209626870218,0.15161899378806692,0.12108749481963786
2023-04-25,389.76904296875,394.6450119030647,389.7114553215701,394.088292257947,97766700,-0.01600124859196872,-0.015873908717415786,0.11406687609877295,0.1552280116641903,0.13286750791636018
2023-04-26,388.1181945800781,391.4584251421062,387.56150413230125,390.38341648999295,80447000,-0.004244447748636493,-0.00423545281097204,0.11508214101498569,0.1532352803892198,0.12987278418158393
2023-04-27,395.8447570800781,396.1135091660831,390.4024907237528,390.65205669353617,92968400,0.019712188375198707,0.019907756471864824,0.12435379107554069,0.15562543143631866,0.14741135529315985
2023-04-28,399.2234191894531,399.23302689490464,394.9041697532796,394.9617574024191,89433100,0.008499101204787292,0.008535321104913729,0.1259730047832446,0.15509848700206505,0.14669182047782076
2023-05-01,398.8203125,400.8455465437123,398.58993260769745,398.7819109693187,62122300,-0.0010102371780635459,-0.001009727060280019,0.11717189692061158,0.15227107716172772,0.14227723619830826
2023-05-02,394.3378601074219,398.1580067083917,391.43917444922255,398.1099974743272,103998500,-0.011302916036002792,-0.011239278071068948,0.12400730376355214,0.15246131261114124,0.1447753867094798
2023-05-03,391.63116455078125,397.24619509986604,391.3912062306647,394.837004192524,91531800,-0.006887564705113946,-0.006863899793703054,0.1248791581436199,0.15259930788398238,0.14289712621421632
2023-05-04,388.8572692871094,390.91129731617235,387.5230869408355,390.58495750937874,94901900,-0.007108130813413371,-0.007082927802371519,0.12708638613082981,0.15083336057801214,0.14127405733967224
2023-05-05,396.0559997558594,397.102214486308,392.2262744508848,392.48541888407567,87891800,0.018343255493213244,0.01851252641347667,0.1427957942907523,0.15393756147806645,0.1544291425041608
2023-05-08,396.16162109375,396.64153778521086,394.76027255638553,396.3823933168665,50046800,0.00026664728412165015,0.00026668283766873024,0.1427784021366899,0.1528284375551218,0.1497281987302359
2023-05-09,394.42425537109375,395.53766541370464,394.1939047732381,394.61623373049684,49220100,-0.0043951418084722405,-0.004385497307537345,0.1437831285925426,0.15306683599408563,0.14616941756274346
2023-05-10,396.26715087890625,397.88927136463667,392.44700411687967,397.25577792419296,96142900,0.004661486972889789,0.004672368604914157,0.14372064987366753,0.15148554035933975,0.14287098431825085
2023-05-11,395.5761413574219,395.86407965890675,393.5028977113591,395.40337837653095,70157100,-0.0017453193167605392,-0.0017437971326963453,0.13590593720697908,0.15152743324654183,0.13868470968338897
2023-05-12,395.0577697753906,397.0254455424627,392.63900049417026,396.8142810526254,70481500,-0.0013112811100274172,-0.0013104217566116683,0.13571264396987057,0.15140409956986856,0.13455645649759285
2023-05-15,396.4206848144531,396.8237983199805,393.75234992228525,395.66240845072787,54289400,0.0034439759624110785,0.0034499132616412354,0.13566381182610815,0.1487830444585163,0.13114286659583824
2023-05-16,393.7715759277344,396.2383543170176,393.761968222226,395.31689334176326,57705500,-0.00670499812004931,-0.006682569775486535,0.1376134332893788,0.149363986801373,0.12979327489611375
2023-05-17,398.5515441894531,399.1562144912637,394.14591338269895,395.78721992832476,87287000,0.012065850739648751,0.012138936769260367,0.14465341011343702,0.14509234316742567,0.1343009979014433
2023-05-18,402.3908996582031,402.8132286270494,398.0140624281471,398.23480532655367,97177200,0.009587167981102016,0.0096332720942236,0.14677758575677677,0.14615005989440882,0.13544109073076688
2023-05-19,401.8053894042969,403.8210450825171,400.5864117249465,403.29314851307697,103793300,-0.0014561379238529398,-0.001455078269423038,0.1470131135387804,0.1459377018562102,0.13143702378004865
2023-05-22,401.9685974121094,403.5043365562108,400.5864351115969,401.8246282749285,60745400,0.0004061042351020259,0.0004061867065905389,0.14701497621011156,0.14394927816169653,0.12744270613562841
2023-05-23,397.45733642578125,401.9013689419868,397.0638012887145,400.32722839371974,86383500,-0.011286371089865938,-0.011222918942852322,0.140711006441745,0.14602637206267025,0.13112270281190674
2023-05-24,394.5777893066406,396.2383111304324,393.41639944632345,395.8543837451471,89213700,-0.007271293185842878,-0.007244921291516659,0.14259815680477642,0.1466713338012033,0.1302343793881103
2023-05-25,397.9948425292969,399.4442000783956,395.84482546980115,398.0812240048889,90961600,0.008622741329540622,0.008660024246830433,0.12778077866747845,0.1472546209264243,0.1306427616855857
2023-05-26,403.1491394042969,403.86901432087706,398.5707454798897,398.6475192492727,93830000,0.012867519718716554,0.012950662481563624,0.13237011843023694,0.148641344755507,0.13618716544999868
2023-05-30,403.3026428222656,405.6062362776454,401.92048089068174,405.07833981829293,72216000,0.0003806884012302753,0.0003807608722556921,0.13225316332095644,0.14534440339732727,0.13204665325947693
2023-05-31,401.06634521484375,402.3813121326053,399.5018122688516,401.47906649861943,110811800,-0.005560391816419739,-0.005544961450717256,0.12688392490586656,0.1459114493302282,0.1298368939513984
2023-06-01,404.8768310546875,405.93265339027886,400.04887142591303,401.29664281865877,88865000,0.009456036964891145,0.00950088653736958,0.1269346637687728,0.14310768150656072,0.13114168449246205
2023-06-02,410.7318420410156,411.5188830151562,406.92130300774403,407.44919955900986,91426200,0.01435764910176379,0.014461215207291822,0.13009155244149448,0.14569280711664886,0.13886367881234257
2023-06-05,409.94482421875,412.36359368369943,409.24413533747776,411.0774205267335,65460200,-0.001917973535458811,-0.0019161353995705843,0.1170826289722757,0.13987540879296584,0.13483973742053315
2023-06-06,410.8373718261719,411.36526832885664,408.87930404707026,409.53201283462573,64022200,0.0021748716371777993,0.002177238385977498,0.1169636145425199,0.13582110758029947,0.1310052216819987
2023-06-07,409.4167785644531,412.36347307815913,408.9944496762186,411.2308771014304,85373300,-0.0034637915123766935,-0.003457799506905168,0.1163524829760082,0.13609110875029462,0.12772640110129063
2023-06-08,411.8931884765625,412.34431121135276,408.71614321581194,409.48399798951436,61952800,0.006030408776729985,0.006048628297043557,0.1168890390881159,0.13295060726596672,0.12603587931937943
2023-06-09,412.63232421875,414.63837227354514,411.6436971048215,412.6899118726264,85742800,0.0017928758511336809,0.0017944840139776375,0.11608394557091808,0.13193834931617993,0.12239502477217942
2023-06-12,416.3756103515625,416.45241340725585,412.8914406087862,413.61131547404943,76104300,0.009030822063867457,0.009071722967656015,0.11783205306404516,0.12876986968658125,0.12375311091257427
2023-06-13,419.1207580566406,419.76382988102273,417.1722978814529,417.8345851160925,95899700,0.0065713214020925,0.006592959906466023,0.11863950801279163,0.12611173517092952,0.1226737883952715
2023-06-14,419.6198425292969,421.4243335080621,416.1740450929453,419.4566872999007,100612100,0.0011900807739882158,0.0011907892011131516,0.11346114407275733,0.12509565714999263,0.1190266407006938
2023-06-15,424.82220458984375,426.06997610483035,418.7080714411939,418.8040313332803,110303100,0.012321574694677798,0.01239779803831298,0.11373011473005659,0.12482497095226966,0.1249513397823536
2023-06-16,423.3751525878906,427.3732510116979,422.9030966686289,426.80484934957235,114165800,-0.003412067707152906,-0.003406253219155997,0.1133948410612029,0.1189576773567275,0.12186918080424759
2023-06-20,421.1785583496094,422.3250049416328,419.107257409602,421.4386947666536,76160400,-0.00520179868471472,-0.005188292758454338,0.11589819014043316,0.1198471863235546,0.11987534811042569
2023-06-21,419.0205993652344,420.99555478179644,418.4329109170005,420.1959468611093,76982300,-0.00513679098499941,-0.005123620235633508,0.11876859566378771,0.12027546449342952,0.11792734567719393
2023-06-22,420.5330810546875,420.6390407754928,417.72958794220574,418.0667832912389,70637200,0.003603065202356843,0.003609564044689817,0.10780165707199967,0.12034233219565472,0.11519000112513716
2023-06-23,417.3539123535156,419.1362056994903,416.64100677536294,417.08416191308544,92074500,-0.007588574551441872,-0.007559854014810408,0.10820079503042507,0.12157546386706634,0.11551328715409824
2023-06-26,415.648681640625,418.70263864501453,415.4078319979814,416.7854848977608,72823600,-0.004094184357063722,-0.004085814610613303,0.10854896330812235,0.11911205032855944,0.11312014410929108
2023-06-27,420.20556640625,420.82212620155866,416.0725783167209,416.5253768197751,72813700,0.010903647192888036,0.01096330859907546,0.10618002033693791,0.12038792177819395,0.1175840404024536
2023-06-28,420.41754150390625,421.4290983033547,418.5100016357142,419.1265614695,75636000,0.0005043285157273066,0.0005044557107349856,0.106154805475518,0.1174751372703786,0.11401882254422178
2023-06-29,422.07452392578125,422.2383146152685,419.59861200085055,420.0032229268465,67882300,0.003933531546138859,0.0039412780350402965,0.1023761738871452,0.11748811366340638,0.11159848187823379
2023-06-30,427.0553283691406,428.0379843526411,424.96474047999936,425.28267848094407,104964000,0.011731684044421568,0.011800770150806938,0.10470360334558428,0.1186215971468113,0.117422186724269
2023-07-03,427.54669189453125,427.82605633249915,426.4291459408796,426.70853977944085,32793400,0.0011499237490315355,0.0011505851648474508,0.09520940114985495,0.11832462392916565,0.11393281040765554
2023-07-05,426.91082763671875,427.6430199831629,425.7258367708566,425.7354801650757,58418400,-0.0014883463733587033,-0.0014872393351820223,0.0949864980538856,0.11836971749163971,0.11061346037007058
2023-07-06,423.5678405761719,423.991738320798,421.06299828536083,423.3366343156822,80658300,-0.007861465319692935,-0.007830644818855759,0.10125417723455081,0.11987810133658937,0.11151534974686872
2023-07-07,422.49847412109375,426.4388005460157,422.2576244540767,422.5755624788719,86134200,-0.0025278562825266572,-0.002524663944324712,0.10069542804595394,0.12011182013514583,0.108564038719455
2023-07-10,423.5678405761719,423.7412452715391,421.57359837767063,422.1420000351028,62443500,0.0025278562825265423,0.002531054005112443,0.09939804370985238,0.11963394797336309,0.10571470635894235
2023-07-11,426.26531982421875,426.7566624993896,423.3558667490492,424.32890870557475,64463800,0.006348277362923743,0.006368470383345315,0.10094167120778018,0.11753189709158521,0.10542489577576213
2023-07-12,429.69500732421875,431.1015903646367,428.62564905437046,430.0514894814251,91924500,0.008013702844823249,0.008045898506156446,0.10001225242758614,0.11810279077191288,0.10685757793269333
2023-07-13,433.10546875,433.89546265173254,431.07271183277675,431.50622355890425,72425200,0.007905603399044732,0.007936935192751626,0.10100367145750132,0.11877982271366064,0.10806668195285865
2023-07-14,432.8357238769531,434.83958003816,432.07463074719146,433.991813962652,69815800,-0.0006230097010479354,-0.0006228156708004695,0.10131561402432392,0.11884456788828046,0.10480253802578827
2023-07-17,434.338623046875,435.3887239970372,432.6430320958501,432.6912196663996,52680200,0.0034662018773387706,0.0034722161018971853,0.09339579899577886,0.11887094362360179,0.1024998426170476
2023-07-18,437.56597900390625,438.2114395521847,433.57749499281715,434.01103608987984,80668200,0.007403036270288877,0.007430506489133792,0.09433930147382169,0.11858438585354579,0.10346253165343892
2023-07-19,438.5390930175781,439.72405458332963,437.48896257877516,438.35604491544507,65891700,0.002221455953014539,0.0022239252144033994,0.09080380712620087,0.11857373807484575,0.10068187975511989
2023-07-20,435.6296081542969,438.442745236727,434.91670253914305,437.5467915202886,70591600,-0.006656599813568376,-0.006634493730675484,0.09253618035707185,0.11980384351671677,0.10098813054543732
2023-07-21,435.6296081542969,437.5467915202886,435.6199941598992,437.34445662901965,71275600,0.0,0.0,0.09256303298240413,0.11412351620633493,0.09791162525664944
2023-07-24,437.57562255859375,438.38487379289774,435.7451418375123,436.77598531715506,54023400,0.004457182704715093,0.004467130718093015,0.08606931366310372,0.11352921780470743,0.09649801200564909
2023-07-25,438.770263671875,440.02267010001805,437.2577208036124,437.3059083742901,55191200,0.002726416297644394,0.002730136350594492,0.08261549643088081,0.10738011516752699,0.09415703123346729
2023-07-26,438.83770751953125,440.263518637083,436.7856637889011,437.83576473919794,71052900,0.00015369925981282363,0.00015371107214923185,0.0770973615283094,0.10648675869417745,0.0912905850874592
2023-07-27,435.92822265625,442.6238546795818,435.02262562113657,442.2192143317386,92194400,-0.006652055119189782,-0.006629979177784628,0.08309849262032182,0.10769307124929489,0.09221165983855904
2023-07-28,440.19610595703125,441.0246146496096,435.92822776892785,439.1941631701477,80011800,0.009742720115195594,0.00979033491976189,0.08750754689516958,0.10563829243720599,0.09709794126368444
2023-07-31,441.03424072265625,441.39069349037516,439.35790721415856,440.66814456102355,62040400,0.0019021928182662547,0.001904003134700183,0.07977532666349804,0.10406302318791573,0.09443007385921744
2023-08-01,439.7721862792969,440.51399258801536,438.8184017102693,439.5698514127993,55291500,-0.0028656814218183933,-0.002861579276229098,0.08134084685788073,0.10283649926119338,0.09222897551141676
2023-08-02,433.6546325683594,436.9205386548979,432.9031828085776,436.66043160748643,93933400,-0.014008394563812164,-0.01391073356115402,0.09774387380143928,0.10231613535528185,0.10470381022902016
2023-08-03,432.41180419921875,434.29044314301314,430.995607146359,431.6410971149184,64276100,-0.0028700551585849423,-0.002865940487663754,0.09339773099776394,0.10268043575301238,0.10212571331001603
2023-08-04,430.4561462402344,436.3232404604835,429.9359027397443,434.2230384704291,100128900,-0.004532933009369617,-0.004522674774353197,0.09467416307436945,0.10271437408740533,0.10057116665698172
2023-08-07,434.2133483886719,434.3674956833761,431.5929031798807,432.28655130575453,58357500,0.00869054781932798,0.008728420261284064,0.09850101265768857,0.10357950952112588,0.1031970609298056
2023-08-08,432.32513427734375,434.2037733620173,428.9724964679823,431.67964426037906,71361300,-0.004358068655073096,-0.004348586054148562,0.09846980032403577,0.10406900050969069,0.10147820430516225
2023-08-09,429.4349365234375,432.7586735355105,428.6738433785323,432.59488283321724,78789600,-0.00670768741416622,-0.006685241094615879,0.097842717195732,0.1052680641254798,0.10178532122662005
2023-08-10,429.5890808105469,435.16716703483127,428.42337671620794,431.7856284811605,93005500,0.00035888237267723774,0.00035894677866044056,0.09328530674494898,0.1052008857692089,0.09869439661967655
2023-08-11,429.3385925292969,430.3501787286785,427.1227874459535,427.72008989099777,68690900,-0.0005832581627673728,-0.0005830881007901079,0.09328419604300243,0.10394209216191527,0.09571464131861622
2023-08-14,431.7085266113281,431.7085266113281,428.1150686990038,428.4233633029166,47867400,0.005504786007539762,0.005519965181954856,0.09467670121517895,0.10192782033864792,0.0952354522438835
2023-08-15,426.67962646484375,430.2923712690211,426.1111954097984,429.9358890851779,75707500,-0.011717211297507574,-0.011648832108919538,0.09829171762210531,0.10389025847835218,0.10296346272333033
2023-08-16,423.54864501953125,427.9224542221298,423.4426558676056,426.26540717866783,80107200,-0.007365070542719413,-0.007338014873720433,0.09966934534005031,0.10517907477963943,0.10385354808479257
2023-08-17,420.3211364746094,425.27298943715965,419.8008930565569,425.0128824284278,95711300,-0.0076493420030755805,-0.007620160241034513,0.10037875496412348,0.1066192880086985,0.10499111329527917
2023-08-18,420.5234375,421.5542809321435,417.1611862051528,417.5079955464786,98852000,0.00048118531190080685,0.00048130110012412075,0.1005069276920327,0.1036336502513895,0.10180985567716704
2023-08-21,423.259521484375,424.0013277942752,419.38666984217986,421.53502982303786,68719000,0.006485301806615598,0.006506376911215472,0.10241187830543567,0.10280949152018959,0.10187868324537458
2023-08-22,422.11309814453125,425.0321947779214,421.55433988295033,425.0321947779214,64994200,-0.002712233673062676,-0.0027085588903545954,0.10113164019315493,0.10192023300128344,0.09933647895743931
2023-08-23,426.81451416015625,427.4311034249485,423.0283644204359,423.17286834168584,68441000,0.011076242574181635,0.011137811255540031,0.11106764128272625,0.10109064800797675,0.10550185358533394
2023-08-24,420.8992614746094,428.9243595057039,420.87033128977225,428.4137593836846,88517300,-0.013956004643946328,-0.013859071070219664,0.11843943969399257,0.10560493010314594,0.11579173560987487
2023-08-25,423.8664245605469,425.14773158497053,419.0783330051314,422.623632306367,102325100,0.007024848042629462,0.007049580166860192,0.11529138145375037,0.10556195078551937,0.11553965398315637
2023-08-28,426.55438232421875,427.1709421526019,423.8664919427265,426.05339622552776,61595400,0.006321497999822604,0.006341520837510828,0.11824866209301947,0.10467123936238042,0.1146850572605537
2023-08-29,432.7201232910156,432.999517120143,426.26534084235647,426.4483889303442,83081900,0.014351285300552142,0.01445475939832308,0.13103900419199999,0.10466773746326552,0.12440903741596143
2023-08-30,434.50238037109375,435.13822692888783,432.35399106524045,433.057282576268,69053900,0.0041102706207931635,0.004118729368357776,0.12232484843929764,0.10471120474565782,0.12167330957490882
2023-08-31,433.8665771484375,436.2557869248091,433.6835290574293,435.11898360214246,66084600,-0.001464362194816645,-0.001463290539658768,0.12197379420172591,0.10479787047874763,0.11810399349512928
2023-09-01,434.67578125,437.06502016743536,433.2210400744053,436.5833209067049,58944100,0.001863361821966368,0.0018650989594104495,0.12081187176579049,0.1044164419239649,0.11473507962255772
2023-09-05,432.7971496582031,434.5505420529184,432.72973410501413,434.23263347174435,55166200,-0.0043312810389501966,-0.004321914569048402,0.11789251540139767,0.10444266133607984,0.11250751671449834
2023-09-06,429.8876953125,432.09388618903915,427.5659013158959,431.98789706191957,70758500,-0.006745140809165339,-0.0067224434079588,0.11931492956354263,0.10556445513866568,0.1121890294868603
2023-09-07,428.56793212890625,429.2422936014499,426.54478891008307,426.89159834157476,70355400,-0.003074740688191074,-0.0030700185141013803,0.11740180172952515,0.10438423831186787,0.1094264162581486
2023-09-08,429.21331787109375,430.74511806057524,428.2595627004295,428.6160154651993,61659700,0.001504779601954902,0.001505912350888039,0.11753173248352493,0.10363538376793131,0.1062540789275897
2023-09-11,432.0361633300781,432.3444285728758,430.1286232997532,431.8338284325165,60180100,0.006555256355000161,0.006576789073055256,0.11980661171744975,0.10439136603931058,0.10612379980912649
2023-09-12,429.6661682128906,432.11320909412444,429.08815252492514,430.59105211482444,67565400,-0.005500741976444439,-0.0054856405975830524,0.11985047844925367,0.10212599538065863,0.10509057353834424
2023-09-13,430.1671142578125,431.3231749266096,428.78943192828973,429.8877204342684,60199300,0.0011652168200830288,0.0011658959489537768,0.11194719443643295,0.10186712871731127,0.10198978286581775
2023-09-14,433.87615966796875,434.56980780447236,431.33280276784916,432.63339669886733,83430800,0.008585375997847606,0.008622336034579625,0.1115768980211283,0.1026225658231269,0.10436606784565973
2023-09-15,428.648681640625,432.62223173023705,428.2136407942197,432.29352436707654,111848900,-0.012121487482187788,-0.012048318191403173,0.11726780067990503,0.10522509297352638,0.11162583969349207
2023-09-18,428.900146484375,430.1956508895868,427.86566664070887,428.3393877167999,55752200,0.0005864735457861498,0.0005866455550207483,0.11726244500885194,0.1050116630294069,0.10824929073433022
2023-09-19,428.0105895996094,428.5713482483716,425.332573169419,427.9815868766938,66514600,-0.0020761957269286105,-0.002074041923410763,0.11586706631688246,0.10383772670964328,0.10526162885357487
2023-09-20,424.0757751464844,429.68318495179983,423.8727265693422,429.2674693964477,82562600,-0.009235783098415539,-0.009193264252657651,0.1205293008483002,0.10531659018695391,0.10818937647810377
2023-09-21,417.06646728515625,421.4943834516094,416.91177626347593,421.2333589486901,104095800,-0.016666551166331672,-0.016528432587093578,0.12745426058566856,0.10860426243018972,0.12329876925497063
2023-09-22,416.1286926269531,419.6864977783781,415.71294757869936,418.091288955446,100829700,-0.0022510333696350183,-0.002248501694004479,0.11830616453286698,0.1086828422576295,0.11986261567485905
2023-09-25,417.87860107421875,417.9172517040119,414.485134786977,414.920205158679,70874500,0.004196392593756738,0.004205209778298968,0.1163070266323534,0.10872656860811798,0.11735110849729535
2023-09-26,411.73944091796875,415.54862280920696,410.90798029741677,414.84285049792544,96168400,-0.014800237962131936,-0.014691252771662389,0.12332130975274397,0.10991520639971508,0.12750292940515368
2023-09-27,411.9037780761719,413.4700137261174,408.2686420542666,412.90925504168933,104705800,0.000399049385933275,0.0003991290167313366,0.10814505821213972,0.10987465707753681,0.12362841462025452
2023-09-28,414.29180908203125,415.96437838949197,410.7630061946947,411.3527676631777,92258300,0.0057808046742993235,0.00579754576909397,0.10964437972298795,0.11063691178948781,0.12195171779021569
2023-09-29,413.2863464355469,417.5112441372113,411.76846823252566,417.3372277775056,115111300,-0.0024298928977286457,-0.0024269430976978645,0.10959080964747459,0.1096488806558474,0.11861350008165664
2023-10-02,413.1219482421875,414.3691244055631,410.36657139466814,412.454856073705,83798600,-0.0003978619202801384,-0.00039778278372182285,0.10870629123059383,0.10955997850809387,0.11501046067393582
2023-10-03,407.5918273925781,413.17991127797546,406.22864047101564,410.9466132055397,103760600,-0.013476572980744892,-0.013386170531824226,0.11534611298065485,0.11261637444538733,0.12320643713890063
2023-10-04,410.5599670410156,411.3043900178651,406.59609392791054,408.0559666596498,87453000,0.007255750559548694,0.007282137297563329,0.11993239082720629,0.11287198767585477,0.12273973617370991
2023-10-05,410.4052734375,411.24638199806213,407.18585282564163,410.2699077129364,70142700,-0.0003768578685652244,-0.0003767868665581764,0.12008351799976362,0.1114295409294866,0.1190096115288646
2023-10-06,415.27789306640625,416.8150963910029,406.63472757769614,407.9592344326086,113273300,0.011802774700201406,0.011872702287896608,0.1294557339832322,0.11300001211436847,0.12417644461131407
2023-10-09,417.93658447265625,418.5069910271343,412.8318987010215,413.3829504373266,80374400,0.006381791246669373,0.0064021982644399955,0.12931128799134517,0.1139285974355697,0.12292435965426568
2023-10-10,420.1119689941406,422.7029778259452,418.1686976181359,418.565087921437,78607300,0.005191559363593174,0.005205058858939626,0.1306609317370877,0.11424499903191061,0.12087718109158299
2023-10-11,421.8327941894531,422.08414129890025,418.79703802262225,421.17537943505704,62451700,0.004087744628293037,0.004096110852144008,0.1317474669780797,0.1134579478621563,0.11826776963762411
2023-10-12,419.2611389160156,422.8189443567332,416.91182957643576,422.4419089154139,81154200,-0.006115044196297159,-0.006096385366099577,0.12787092209729634,0.11385488353522674,0.11710432592204854
2023-10-13,417.1728515625,421.95850789546967,415.60664534568787,420.75965970754623,95143100,-0.0049933209703791216,-0.004980875067302493,0.12256899614418715,0.1135368667240252,0.11518510565995038
2023-10-16,421.5621032714844,422.6255856986061,419.1741138914331,419.4158131019472,75433200,0.010466457258344433,0.010521422217540488,0.12946969431512917,0.11582412122886307,0.11886083700006682
2023-10-17,421.5427551269531,423.5923892481788,418.09131276942526,418.4393454760135,75324700,-4.589736221284086e-05,-4.589630894502594e-05,0.12941790475203213,0.11535984706490271,0.11523999526779355
2023-10-18,415.9256591796875,420.73064064200355,414.8428514424272,419.77352121429993,93559800,-0.013414667551959036,-0.013325091889134666,0.13382236244713186,0.11806959905409393,0.12330585995146015
2023-10-19,412.2711486816406,418.44899434083845,411.5944086302288,416.64108906158174,121323000,-0.008825279650424974,-0.008786451177968946,0.124170517942835,0.11915913957095252,0.12437726751058258
2023-10-20,407.2052001953125,412.37756965755136,407.0988371910665,411.8361657385735,123919900,-0.012364024974471251,-0.012287904459305499,0.13097977953982365,0.12087070061119543,0.12981873281681514
2023-10-23,406.4994201660156,410.3569598965053,403.92773684712256,405.6776368923659,92035100,-0.001734733190959172,-0.0017332294110152802,0.12949208705008608,0.11872825735472797,0.12604455478647345
2023-10-24,409.56414794921875,410.7146385432617,406.7700909338865,408.61667642933105,78564200,0.007511037892539779,0.0075393164938624135,0.12287417897164785,0.11993023615501532,0.12564633396966024
2023-10-25,403.6860046386719,407.91093157015536,403.17360349885,407.88192884542195,94223200,-0.014456180942413495,-0.014352192055823498,0.13272900516711114,0.12291891542197066,0.13416250004119717
2023-10-26,398.85205078125,403.47333880031834,397.93361142540357,402.6225823087564,115156800,-0.012046811451573889,-0.011974539126637818,0.13568830800053985,0.12212452392083777,0.13825303578746664
2023-10-27,397.0440979003906,400.83395429205797,395.6229054415524,400.43756406837696,107367700,-0.004543195726293098,-0.004532891023922403,0.13600496287257646,0.12225894327335353,0.13520042188019793
2023-10-30,401.79107666015625,402.8448816266276,398.5329761803426,399.8284803456642,86562700,0.011884891369225515,0.011955797315381655,0.14464364792428644,0.12507223610319637,0.13898962030312143
2023-10-31,404.314453125,404.63348310254605,400.45691364342605,402.361504611754,79665200,0.006260680801248639,0.006280319826460712,0.13965135953249574,0.12435285905678614,0.13693674844687884
2023-11-01,408.6263427734375,409.43844855236455,404.74947812853236,405.28123407598383,98068100,0.010608226592806452,0.01066469332251252,0.1425666786599185,0.12648810229323248,0.13902551528021664
2023-11-02,416.45733642578125,416.6120274310505,412.39677867426735,412.41610398581633,94938900,0.01898287169215496,0.019164191909882833,0.15803611055037223,0.1323080053713057,0.15367788214420428
2023-11-03,420.2569274902344,421.80380835994043,418.63271585397734,418.75840416588386,100167800,0.009082233556520925,0.009123602184710755,0.15578745886616777,0.13375301732282946,0.15312439682918333
2023-11-06,421.2236633300781,421.6683815579989,419.2803924905788,421.01096687249964,67831700,0.0022977030622177135,0.002300344804824661,0.15444442405855122,0.13386330259304544,0.1487282124319339
2023-11-07,422.42254638671875,423.0606358569916,420.0829145000172,421.2237277176419,64256100,0.0028421484026388126,0.0028461911355184277,0.15369937035197545,0.1334792825024582,0.14462023631861137
2023-11-08,422.7319030761719,423.544008852029,420.4309219590949,423.0219303160148,61746000,0.0007320714065122563,0.0007323394361860025,0.1530553021073576,0.13137774483528583,0.14024341420283784
2023-11-09,419.4351806640625,423.91145521433583,419.00978765036695,423.8727750755541,83174400,-0.007829180967580108,-0.007798612756973133,0.15409684519750774,0.13148993079844057,0.13933742843161045
2023-11-10,425.9803466796875,426.28972875327344,419.42546520511473,421.5041020397778,89462200,0.015484212381428003,0.015604713951897109,0.16219055506914132,0.13437929439337415,0.14790269646049195
2023-11-13,425.5742492675781,426.67638218285714,423.863029699829,424.6461326803493,52236100,-0.0009537789939187649,-0.0009533242913075668,0.15841361078372884,0.13439969141320965,0.1434449362714846
2023-11-14,433.8307800292969,435.1166069139446,431.2784220719966,431.50079597873554,97176900,0.019215118643513614,0.019400917174684285,0.17176691496129515,0.13938246443121424,0.15787489040001626
2023-11-15,434.7491760253906,436.39274237985995,433.8983901244557,435.16489156652574,77327600,0.002114707648838773,0.002116945220050459,0.1625567347394813,0.13927146350887493,0.15328610055351327
2023-11-16,435.2809143066406,435.59994425440004,433.24095780816333,434.30444014118734,66665800,0.0012223447289140667,0.001223092096714895,0.15733623913953088,0.1375259546648101,0.14869237404880115
2023-11-17,435.82232666015625,436.43141334936854,434.3721314970017,435.29057073108856,83133200,0.0012430499572689767,0.0012438228640878624,0.14712144521044623,0.13427263181405144,0.14424361265920937
2023-11-20,439.1771545410156,440.0182630951851,435.5613141930735,435.57099160312566,69936200,0.007668220135037645,0.007697696229948647,0.14655732934361376,0.13441091763643534,0.14299275085820576
2023-11-21,438.2200012207031,439.0514618608499,436.9534996970191,438.13299304399567,49244600,-0.0021818026049406605,-0.002179424203685665,0.14739621750400603,0.1339916271690175,0.1388959551633301
2023-11-22,439.911865234375,441.22672421241435,438.81940964411666,439.87321460582723,59394900,0.0038533303976834477,0.0038607640202614757,0.13147711674431742,0.1310342166961493,0.1354956282874613
2023-11-24,440.1825866699219,440.3759578384197,439.6315348978691,439.9602422808771,29737400,0.0006152099777466262,0.0006153992582187406,0.11754527929933298,0.130792798840034,0.13138966487384707
2023-11-27,439.3898620605469,440.3663068584605,439.0031197003399,439.55420100976517,50506000,-0.001802523089838174,-0.0018008995207469125,0.11499059730397998,0.1308131947608351,0.12757968343980894
2023-11-28,439.82489013671875,441.1203943936042,438.4423777026132,439.00310690168646,62115000,0.0009895832857346382,0.0009900730848266814,0.11290746703147826,0.13077830046658329,0.12375293018028442
2023-11-29,439.5155029296875,443.10234049536746,439.1191421839662,441.97117519611106,63146000,-0.000703680218120954,-0.0007034326932591206,0.11418434401132156,0.13045279798155263,0.120014113220723
2023-11-30,441.24609375,441.59415597189025,438.2876976332808,440.35665713551293,79752700,0.0039297649987687505,0.003937496649781158,0.11162523465277552,0.12983852982603672,0.11735707516108183
2023-12-01,443.85650634765625,444.3882328932358,440.047323826649,440.63705583158986,89183400,0.005898570778274818,0.005916001602351395,0.0967551820027985,0.13010466112912025,0.11607064374683164
2023-12-04,441.52642822265625,443.8757373404589,439.2544498661346,440.4726232624604,72430900,-0.005263447968939294,-0.005249620297725133,0.09854356721346455,0.13063841476940666,0.1143806513942994
2023-12-05,441.439453125,442.3965725770802,439.76688393206007,440.14394887033336,69793500,-0.00019700670156093934,-0.0001969872970150055,0.09899777593137295,0.13002679392460464,0.11089880179959088
2023-12-06,439.6605529785156,443.60507121667763,439.225482586349,443.57606849081975,69124700,-0.004037912952452966,-0.004029771543733407,0.10151867868376303,0.12977955472388267,0.10866075312754393
2023-12-07,443.015380859375,443.6631182990797,441.1397923997764,441.73920179328286,66995400,0.0076015305428490726,0.007630495522356506,0.10329382529463269,0.13061285066314382,0.10941852084966978
2023-12-08,444.91986083984375,445.4515872323263,442.0291185939075,442.27081777308945,83194400,0.004289688732824277,0.00429890261772492,0.0961769030075586,0.12976970020547504,0.10738853549393705
2023-12-11,446.6504211425781,446.82446698086267,444.2141039538438,444.42680041904015,65002200,0.003882055091006209,0.003889600026997453,0.08419201211376973,0.12728501390503452,0.10520562447109129
2023-12-12,448.6904296875,448.7871152745883,445.30664066950123,446.3024402574832,68327600,0.00455695073720826,0.004567349426657374,0.08357744736180352,0.12753165451368953,0.10352830005101914
2023-12-13,454.8778991699219,455.12927578193285,448.709730800554,449.0674408996175,93278000,0.013695845688702479,0.013790063422416399,0.0703065108542082,0.13010796837922803,0.11362734862872287
2023-12-14,456.3377685546875,458.0006602364905,453.6693999362765,456.8114895469167,119026000,0.0032042263659905167,0.0032093653866887006,0.0703606495643667,0.1284085706656225,0.11086812861264457
2023-12-15,455.58642578125,456.91633245678577,453.74207009746453,455.7417439978948,141553700,-0.0016478188606348465,-0.001646461952551359,0.07173454346189954,0.12304916821076965,0.10768144161064783
2023-12-18,458.14910888671875,459.12954211953263,456.13003141968665,457.18810894495897,70375300,0.005609259413790885,0.005625020765432698,0.0725671078234099,0.12308770906182202,0.10665508810092038
2023-12-19,460.93505859375,461.012732509764,458.61506136543755,458.69270565753243,55761800,0.006062465959881281,0.00608087989912498,0.07126183734734774,0.12331481913848841,0.10605895610785887
2023-12-20,454.5477294921875,461.9639883390121,454.12061185125907,460.08079591053223,102921000,-0.01395423885588771,-0.013857329752805847,0.09088905840224477,0.12284453532378867,0.11626594628265222
2023-12-21,458.8577575683594,459.1295570366737,455.1107760152546,457.5278509164755,86667500,0.009437342179358854,0.009482014311207765,0.09462315040369744,0.12384429722843293,0.11854679696872607
2023-12-22,459.7799072265625,461.45925759296136,457.8870276491879,459.98374941589714,67160400,0.0020076467649455363,0.002009663437074538,0.09446068829724664,0.12356726669413298,0.11520019899161449
2023-12-26,461.7213439941406,462.62410332069675,460.1099508863103,460.1876248035588,55387000,0.004213645152389171,0.004222535037011754,0.09350745562891308,0.12336047062371766,0.11288610789444087
2023-12-27,462.55615234375,462.7017539013479,460.98359627385656,461.51747852635486,68000300,0.0018064024709496507,0.0018080349987459332,0.09337979113752023,0.12327182306014504,0.1096723067748384
2023-12-28,462.73089599609375,463.5656980482324,462.31349497002446,462.9153345190397,77158100,0.0003777069067047714,0.0003777782469400748,0.09296268250197755,0.1190975422130408,0.10634138911085787
2023-12-29,461.39129638671875,463.060930093317,459.44014657654174,462.53673484415077,122283100,-0.002899184888589535,-0.002894986310545189,0.09478394810044549,0.11904353930824244,0.10371629237386402
2024-01-02,458.8092346191406,459.79938459581,456.7124830275094,458.33359292378987,123623700,-0.005611969255040663,-0.005596251571711397,0.09764188351276532,0.11995967430663998,0.10289721781086776
2024-01-03,455.062255859375,457.3919698393569,454.4604162904711,456.6542157231931,103585900,-0.008200277163193805,-0.008166746606301456,0.1009044641840962,0.11988145878047748,0.10473444856392039
2024-01-04,453.59649658203125,457.1687269140432,453.3732210773095,454.5866169474703,84232200,-0.00322620685655053,-0.0032210082433131726,0.10214929529501701,0.11983589211768884,0.1023157935146365
2024-01-05,454.2177429199219,456.66393818647634,452.7713549830218,453.8003122508208,86118900,0.001368664221901103,0.0013696012702300031,0.1001442730613345,0.11957026324137818,0.09934150050040974
2024-01-08,460.7021484375,460.8477500166702,454.5866154970485,454.71281340697016,74879100,0.014175042329764371,0.014275984632157623,0.10777210118687633,0.12232968451130655,0.1109716130059295
2024-01-09,460.00323486328125,461.02247554943773,457.54732279548995,458.05208481523704,65931400,-0.0015182135808984511,-0.0015170616776786217,0.10807646424788755,0.12147217979930576,0.10775281037358214
2024-01-10,462.604736328125,463.4686883884697,459.99350610212235,460.275022232607,67310600,0.005639466470761317,0.005655398196529937,0.10873223693554208,0.12098097290791184,0.10674688855312102
2024-01-11,462.40081787109375,464.1189754381304,458.43059087939,463.6044968701081,77940700,-0.0004409021316875713,-0.0004408049486259724,0.1084709168197327,0.11967201295778909,0.10350914727952673
2024-01-12,462.7211608886719,464.58494971105563,461.31363965656635,463.84719564870727,58026400,0.0006925422543976139,0.0006927821171531789,0.09844500015969403,0.11963975176295093,0.10039196547377414
2024-01-16,461.0224304199219,462.6532272077025,459.2071951071508,461.34278348918724,85014900,-0.0036779305418758374,-0.0036711752397221575,0.09929398090025034,0.11604689314525128,0.09837868053911714
2024-01-17,458.45977783203125,458.94513616011074,456.110630489601,458.00353981867966,68843900,-0.005574135530266645,-0.0055586288622799795,0.10138216879881597,0.11497185220064314,0.09781337444141518
2024-01-18,462.5367431640625,463.09005873569527,458.58594911701266,460.12938495584103,91856200,0.008853436184748544,0.00889274376764404,0.10424305082314128,0.11201587228669611,0.10088887367036077
2024-01-19,468.3028259277344,468.58434205067863,462.5853202688259,463.6628015298727,110834500,0.01238915213421108,0.012466215601009356,0.11094322749408611,0.11366569360959879,0.10903502295403772
2024-01-22,469.2929992675781,471.01115715758357,468.64260604571103,469.83659824827777,75844900,0.0021121546861637966,0.002114386856159056,0.09631125007298004,0.1131578426601487,0.10603193557469717
2024-01-23,470.66168212890625,470.9043613024555,468.74939868030367,469.8365966379768,49945300,0.0029122336549739112,0.0029164783268964545,0.09195178322519397,0.10765788217929789,0.10342359201610872
2024-01-24,471.1761169433594,474.45711397403113,470.68104202686277,473.5252343876121,81765000,0.0010924064974209826,0.0010930033907290415,0.09191178150233195,0.10332481126713253,0.10036282431235394
2024-01-25,473.7388610839844,474.01066056996024,471.17618444820096,473.3020267275593,72525000,0.005424298447697525,0.005439036590500823,0.09253240873476254,0.10232289304643762,0.09956510774412212
2024-01-26,473.13702392578125,474.7969411657135,472.2925051479898,473.3117458196852,76641600,-0.0012712061818800204,-0.0012703985415636332,0.09294623190530939,0.10095567655032096,0.09665842659832768
2024-01-29,476.8839416503906,477.0295728420406,472.9040272208165,473.4476261562877,61322800,0.007888114660332537,0.007919307801194542,0.09591494105919791,0.10125382457616028,0.09860569112521896
2024-01-30,476.5151062011719,477.2237103899132,475.7579187820987,476.19475312019154,58618400,-0.00077372736725572,-0.0007734281174205382,0.09491158736004872,0.10016249593025471,0.09564909321061245
2024-01-31,468.7395935058594,474.75801809886633,468.7201602163353,474.3114967985656,126011100,-0.016452048490284463,-0.016317452676998467,0.11209915712931327,0.10166369560775508,0.11266034338193255
2024-02-01,474.8746032714844,474.90372358641025,469.6327095934461,470.43842101293257,91891600,0.013003399552308946,0.013088311400663244,0.11409053426314024,0.10314204153763618,0.12036373373829728
2024-02-02,479.87384033203125,481.52404106378,474.97170287778033,475.311459671469,99228200,0.010472460644121814,0.010527488785684325,0.11590716478822889,0.10458106605137968,0.12359785542812476
2024-02-05,478.1264343261719,479.9028622372628,475.8743943997294,479.24278207992484,75757100,-0.0036480322396064873,-0.0036413862540419784,0.11808534912887371,0.10524730816575885,0.12066923029285635
2024-02-06,479.5145568847656,479.8445969464688,477.64105148827565,479.068005956652,55918600,0.002899047855172035,0.0029032541581810456,0.10987950787136667,0.10522382673722189,0.11753499506749822
2024-02-07,483.5139465332031,483.93134756331705,480.8541628931194,481.75695184930976,70556500,0.008305907097740858,0.008340496844183587,0.11123148190145116,0.10390786815392346,0.11844284074377946
2024-02-08,483.72747802734375,484.1060420771884,482.6985208548494,483.51391920150996,52343600,0.00044152678367059383,0.00044162427096816614,0.11081039133649274,0.10030947132783924,0.11484742798194258
2024-02-09,486.523193359375,486.9599980744067,483.8925299274153,484.2322866772762,63979400,0.0057628881933747406,0.005779525577980893,0.11101326485228896,0.1003751644585679,0.11358117943481232
2024-02-12,486.3095703125,488.7557652655047,485.5912199471907,486.4940088202494,56502300,-0.0004391773350689769,-0.000439080910819456,0.11133563236306418,0.09405327534342887,0.11013427967112337
2024-02-13,479.6116943359375,482.53356108402113,476.35010044182593,480.0485287007201,113099200,-0.013868590693510426,-0.01377286482817619,0.12397731904486951,0.09944895267546272,0.11962413485353757
2024-02-14,483.97021484375,484.4555731763151,479.92231331563113,482.2423403647749,68387800,0.009046558868409757,0.009087602657076976,0.12302610291753135,0.10059577809385525,0.12119720235536421
2024-02-15,487.30950927734375,487.4939478237512,484.19348728209525,484.66915861837293,61683000,0.006876098630863433,0.006899793274823374,0.12191113541261202,0.10113140000055519,0.12050859231128405
2024-02-16,484.8826904296875,488.1442842020213,484.144936285217,487.00856229426716,75532900,-0.0049924775966245566,-0.0049800358939333655,0.11899394498828779,0.10135450488076965,0.11843920398159867
2024-02-20,482.21319580078125,483.8148722929186,479.970842787005,483.14507545774694,71736700,-0.005520655080640787,-0.005505444268469661,0.12173002630040318,0.1021217340114664,0.11682035841881525
2024-02-21,482.64996337890625,482.80528158044035,479.10685392666875,480.9124020985744,59293400,0.0009053462220060893,0.0009057561716030449,0.12159853738177806,0.10202187757685377,0.11331623673407859
2024-02-22,492.63873291015625,493.5997329784438,488.2899113619232,489.25094105413393,76402500,0.02048443471319504,0.020695680698536112,0.13942548154370255,0.10912700239367609,0.13570066237041317
2024-02-23,492.97845458984375,495.1916873577398,492.25041710535265,494.35685563775104,61321800,0.0006893582974189832,0.0006895959594583889,0.1389978288465524,0.1088874182781075,0.13159397718140262
2024-02-26,491.17291259765625,493.8521000550051,491.0467146922128,493.41526570907337,50386700,-0.0036692404808898135,-0.0036625170438527865,0.14000118416731416,0.10947409214282106,0.12838037944046646
2024-02-27,492.08538818359375,492.30866367947897,489.9692329795254,491.86214231163,48854500,0.001856024703083438,0.0018577481830415188,0.13818803435333812,0.10934563778714818,0.12467845166893156
2024-02-28,491.43499755859375,492.0174038220213,490.17304819868775,490.53220860244136,56506600,-0.001322576998370975,-0.0013217027788626767,0.1383251077293657,0.10945547315389806,0.1209895920559602
2024-02-29,493.20172119140625,494.8131144463538,490.5516835957709,493.19203416880555,83924800,0.003588583474794064,0.003595030149642131,0.12094992061324575,0.10918766414245108,0.1181308038777852
2024-03-01,497.83203125,498.2591489639279,493.6676779750869,494.075392019808,76844800,0.009344472355332057,0.009388268247338072,0.11739828690684144,0.10928009994650861,0.12015764382239055
2024-03-04,497.298095703125,499.1424809176813,497.00689257657365,497.03604251314806,49799300,-0.0010730970425888125,-0.0010725214798540383,0.11391921895467905,0.10937005598351995,0.1165718621719036
2024-03-05,492.3280334472656,495.7449748064334,490.1245174506037,495.29842384541166,72855600,-0.010044407469121169,-0.009994130882066354,0.1200610255956126,0.11145587602612626,0.1195789184717211
2024-03-06,494.8227844238281,497.0748540345267,493.53174438668293,495.5993458504527,68382400,0.00505445822994158,0.005067253552665463,0.12064520042990144,0.11101934491711712,0.11759017647757689
2024-03-07,499.73468017578125,500.7830708393989,494.8810964988354,498.11359981707864,58652100,0.009877630732346605,0.00992657554698595,0.1219310092945279,0.11213036695017052,0.12030388427528489
2024-03-08,496.7351379394531,503.0447667007892,496.1624186562773,500.36563844693006,86532500,-0.006020355542295706,-0.006002269514841396,0.1249016237591387,0.11322754675822987,0.11896496405225915
2024-03-11,496.3080139160156,496.8904498381802,493.6094227797772,495.53145243574386,62557200,-0.0008602326071707223,-0.0008598627131740644,0.12399094502147816,0.11320258153873683,0.11538930502317447
2024-03-12,501.64697265625,502.22937893995004,495.90028750048145,498.41446966211043,73114400,0.010699900795418315,0.010757349449404208,0.12850370492800647,0.11200461678447016,0.1193602400786294
2024-03-13,500.8606872558594,502.1420404607562,499.424045441815,501.9673185575223,55104100,-0.0015686375138299357,-0.001567407845057267,0.11570628600991456,0.11214532260090912,0.11588468201844132
2024-03-14,499.87054443359375,501.9866995940405,496.8321966177629,501.831351753217,110171800,-0.0019788393007271667,-0.001976882689057602,0.11361223063787512,0.11218770222976124,0.11261754271068627
2024-03-15,496.4381103515625,498.2590153922283,494.7730358188075,496.80813351794416,107646300,-0.006890329910461199,-0.00686664601516096,0.11564983344597027,0.11317435582959483,0.11242595413115067
2024-03-18,499.3885192871094,501.93969410963876,498.97956820958467,500.4985887866016,88893300,0.005925564713180833,0.00594315559991454,0.1147266206873587,0.11315029007135803,0.11140968399638083
2024-03-19,502.16375732421875,502.44611843714694,497.6942976787681,498.69727097739485,60755300,0.005541887737253132,0.00555727240400139,0.11247955677991488,0.10887152825044227,0.11014428684516896
2024-03-20,506.80841064453125,506.9447474953313,501.55028937128384,502.2221673565908,69594600,0.009206767592251922,0.009249280244877811,0.11520836595165448,0.10880218310209161,0.11262991778368145
2024-03-21,508.483154296875,510.342957334889,508.200733818281,509.6418984195912,60256100,0.003299042815131619,0.0033044906461081602,0.09364473714269439,0.10885215936630646,0.10994966926563224
2024-03-22,507.5191955566406,508.8823855528386,507.2854498071945,508.39551924735605,79070800,-0.0018975527558921916,-0.0018957535408765658,0.0944190994310014,0.1089645877598108,0.10685521356967509
2024-03-25,506.1170959472656,507.26609347283284,505.9612654237029,506.1462770254766,48512100,-0.002766476526860527,-0.002762653357056166,0.093821969528643,0.10932573668314277,0.1041569669282354
2024-03-26,505.1822509765625,507.87950952715136,504.78304672651166,507.53866742888704,65463700,-0.0018488002386762947,-0.0018470922602474849,0.09455357872313484,0.10951841471587387,0.10123949049864285
2024-03-27,509.427734375,509.46672172053235,505.8444050698442,508.00612262936903,82999800,0.008368749051843564,0.008403864922472248,0.09719137055018084,0.11003485998464987,0.10340895558854381
2024-03-28,509.33038330078125,510.829910300913,509.04802220619024,509.46672014586477,96294900,-0.0001911171510214454,-0.0001910988893021326,0.09719378998373461,0.10906318566424986,0.10026145640140924
2024-04-01,508.44415283203125,510.6058699579784,507.2854087415083,510.07032895168504,62477500,-0.0017415069080048608,-0.001739991364753557,0.09338290761053031,0.10733820366987457,0.09744267390401645
2024-04-02,505.2115478515625,505.34782527414643,502.9134932946272,504.62727251731803,74230300,-0.0063781339896219185,-0.006357836868539413,0.09682146014679767,0.10816587557234376,0.09767528236323111
2024-04-03,505.7665100097656,507.266096506351,504.07222450545925,504.1208992573895,59155800,0.0010978719263591177,0.0010984748083513463,0.08795803785916693,0.10817187014284488,0.09479587342223829
2024-04-04,499.593017578125,510.1093183056524,499.2911628340767,509.76853565111946,96858100,-0.012281317992399737,-0.012206210394439587,0.09908663183575754,0.10882209011117709,0.10357433768972021
2024-04-05,504.8121643066406,506.7693762627344,500.50828302932854,500.9464745680228,74546500,0.010392606086880196,0.010446796782341838,0.09974909286629907,0.110209749230787,0.10824527468994426
2024-04-08,505.0945739746094,506.51624504555883,504.28641866242464,505.5133313161047,48401800,0.0005592787227276708,0.0005594351482329785,0.09672839986463998,0.10989576718405648,0.1049702174362214
2024-04-09,505.6788635253906,507.071294128757,500.839381191466,506.82786095826793,68049200,0.0011561238041784322,0.001156792372928317,0.09652444849924051,0.1098262120630084,0.10187164219801324
2024-04-10,500.6153869628906,502.601780021425,498.6387407392185,499.99218385090813,82652800,-0.010063695176341453,-0.010013225641268608,0.09680381991156689,0.11234368240513087,0.1062378668807873
2024-04-11,504.3935546875,505.8346601112469,498.6290735605831,502.1344876196163,70099000,0.0075187102654484805,0.007547046740873364,0.10029043167534674,0.1125627783556599,0.10707027635688714
2024-04-12,497.4313659667969,502.27081877394835,495.70784003413945,500.85889444352966,92561100,-0.013899236606178393,-0.013803088195717739,0.11218477323642757,0.11603640935813557,0.11703510482456903
2024-04-15,491.1994934082031,501.7644698822578,490.3523209615631,501.5989519571189,92101400,-0.012607243728592961,-0.01252810535274873,0.11834293302736539,0.1184272885363177,0.12360661326738974
2024-04-16,490.3036193847656,493.19560665785394,489.01828510429004,491.6765860412786,73484000,-0.001825514887426496,-0.001823849648584619,0.11590792865769432,0.1161506017617491,0.12005110004678735
2024-04-17,487.4018859863281,492.9229634124424,486.00945537176443,492.7574157801548,75910300,-0.00593581994261948,-0.005918237768831047,0.11457645828765015,0.11692045019727565,0.11866030539305067
2024-04-18,486.3989562988281,490.8878795783521,485.46418121059236,488.794360179131,74548100,-0.0020598257848203124,-0.002057705799538345,0.10737669289215374,0.11695012354052157,0.11532391066575286
2024-04-19,482.1534423828125,487.31421332567436,480.8875721611567,486.3210167619427,102212600,-0.008766776300365155,-0.008728460168420549,0.10793714147670729,0.11848944769672522,0.11689181482670945
2024-04-22,486.5936584472656,489.18379074188493,482.41633725230787,484.7532895605779,67961000,0.009166989309355021,0.009209134839957667,0.11582877242026075,0.11941412181410485,0.11880430980903009
2024-04-23,492.3678894042969,492.79633413093177,486.4086505723251,488.5995489497242,64633600,0.0117967818722497,0.011866638327052925,0.12582998068339485,0.12159464299540168,0.12398288919473753
2024-04-24,492.1341857910156,494.04269332334195,489.9140767019127,493.2539723124738,55928100,-0.0004747651093059597,-0.0004746524261848295,0.1258561865669429,0.12067690249788189,0.12022004608697498
2024-04-25,490.2646484375,491.02415872515365,484.42225246602163,486.0678630419317,69122400,-0.003806070498553273,-0.003798836592728616,0.12075664531570574,0.12097589145844687,0.11749348425594196
2024-04-26,494.909423828125,496.48686615025724,492.41667033113185,493.0495906841402,64306100,0.009429419504183661,0.009474016544795072,0.12723533983083812,0.11707412371396299,0.11966960628787787
2024-04-29,496.66204833984375,497.33392621215023,493.92586210692747,496.69125912925006,46415400,0.003535047923545355,0.003541303574626342,0.12844023944726973,0.11447432452527027,0.11683541344102397
2024-04-30,488.7943420410156,496.1752226900087,488.7943420410156,495.20149000874,77483600,-0.015967978995665086,-0.015841166694993025,0.137767696430553,0.11766092096125264,0.1291771089023657
2024-05-01,487.2071533203125,494.841213980312,486.7397509352648,488.2100967940072,80242800,-0.003252433787030626,-0.0032471503538188395,0.1374812462498861,0.11760690564975085,0.1258787758864106
2024-05-02,491.76422119140625,492.6016467604268,486.4281553313073,490.9073316662554,62550200,0.009309977605627236,0.009353450252192363,0.1371555709614548,0.11893526341836408,0.12729993940596673
2024-05-03,497.85980224609375,499.08668524553275,495.20150126804214,497.73321224009646,72756700,0.012319139389336669,0.012395332543550186,0.13939108901382466,0.12034773238450545,0.13239179495437356
2024-05-06,503.0010986328125,503.0400265445959,499.8169737447077,500.2551653379584,47264700,0.01027383846219407,0.01032679554268845,0.14471273128981516,0.12200722897803597,0.13443167294571987
2024-05-07,503.55609130859375,504.94852179554,502.88421343694205,503.9650423598839,52561300,0.0011027544933754111,0.0011033627506773502,0.14470618431710994,0.12154622430791238,0.1304068600561815
2024-05-08,503.6047668457031,504.14030789046143,501.60862689782874,501.7254700555243,42047200,9.665891352540534e-05,9.66635851487041e-05,0.1399463015070037,0.12153211578678746,0.12643470040327806
2024-05-09,506.5065612792969,506.54554862676025,503.1374839119154,503.7898682306733,43643700,0.005745510094502031,0.005762047193812236,0.13887020227784896,0.11817176284704413,0.12460222332744536
2024-05-10,507.1590576171875,508.91176490874483,505.94189152139245,508.10354998019415,52233200,0.0012873997417837196,0.0012882287965680916,0.1284814057447251,0.11695330944585278,0.12091001229779362
2024-05-13,507.22705078125,508.94082976185797,506.0878002167031,508.8337334335511,36716400,0.0001340577588777928,0.00013406674502070004,0.11817227880196617,0.11626648941007142,0.11722776521899625
2024-05-14,509.5542297363281,510.07033651333364,506.8862120678195,507.42175308205213,57535900,0.0045775489051597534,0.004588041886752103,0.11789204628135261,0.11593030367407914,0.11504186970885918
2024-05-15,515.8641357421875,516.1562436643347,511.38492968552964,512.0178797101214,59504900,0.012307143820830724,0.012383188358821906,0.11953080140604373,0.11750746455875048,0.12137016358654995
2024-05-16,514.8026123046875,517.5582917841381,514.6565286641568,515.9613562995729,50244800,-0.002059877870043154,-0.0020577577775837685,0.11953082971099158,0.11768805666796864,0.11794502633302298
2024-05-17,515.542724609375,515.6108930215729,513.4686694664939,514.9195214966393,59187600,0.0014366298472270743,0.0014376622942415818,0.1116178330167534,0.11052655689189274,0.11448831263890188
2024-05-20,516.1366577148438,517.5972564963745,515.2700215074756,515.6595382886503,37764200,0.0011513909868888456,0.001152054091964505,0.10968503160350392,0.1105293979663846,0.1110907912892138
2024-05-21,517.402587890625,517.5584184029028,515.1727614260365,515.3772666864285,33437000,0.0024497005106247525,0.0024527034785439827,0.10458213019642128,0.11019173095769896,0.10812691472290874
2024-05-22,515.9127197265625,517.4219932520712,513.7412557847823,516.7111875279095,48390000,-0.0028836681030492556,-0.0028795143258492084,0.10582688322004706,0.11043789571351466,0.10543090105458193
2024-05-23,512.1444702148438,519.0676954201629,510.93699174891134,518.9605990872589,57211200,-0.007330849731856268,-0.007304044594434456,0.10923521339247784,0.11160858293329816,0.10611929010858943
2024-05-24,515.5330200195312,516.3412347653415,513.0402667962413,513.9847589456947,41291100,0.006594602133845969,0.0066163943999355546,0.10718527060745695,0.11211115727041684,0.10603384281442525
2024-05-28,515.893310546875,516.5749353115505,513.2642204156563,516.3412489766735,36269600,0.0006986258374848982,0.0006988699333558834,0.10713386851517914,0.11066719552845956,0.10283951095252207
2024-05-29,512.2806396484375,513.4588773578208,511.5698339483505,511.8716886432286,45190300,-0.007027382409591512,-0.0070027480965160205,0.09081500299947345,0.11171806192370244,0.10338324215055307
2024-05-30,508.8825378417969,511.4045322089782,507.6361906313772,510.7424009672022,46377600,-0.0066553797170118304,-0.006633281728102514,0.0943328106474797,0.11056244073914989,0.10352070106636546
2024-05-31,513.5173950195312,513.6439850215788,504.7440541264526,509.8367164200918,90785800,0.009066684727441817,0.00910791161628599,0.0940924396951041,0.11156168304963106,0.10637894325547471
2024-06-03,513.9362182617188,515.4065644656448,508.8727952408666,515.1242033171059,46835700,0.0008152645724760123,0.0008155969909677818,0.08615122527289037,0.10988229931562912,0.10318691970239355
2024-06-04,514.5106811523438,515.2507275789484,511.17078482758455,512.6313840068518,34632700,0.001117146545333872,0.0011177707859701957,0.07980601197053086,0.10905292510309508,0.10013769510944838
2024-06-05,520.6256713867188,520.6451650598835,514.84169649016,516.8281493311971,47610400,0.011814987182765961,0.011885059841088896,0.08835604928044306,0.1114034367935989,0.1074084010006303
2024-06-06,520.6158447265625,521.3558910101924,518.6878732006264,520.927446289771,30808500,-1.8874891184144265e-05,-1.8874713054506387e-05,0.08838422737906496,0.10948309454087228,0.1041363342731806
2024-06-07,519.9830932617188,522.7874486486729,518.5516750551577,519.6422511020912,43224500,-0.0012161295187406436,-0.0012153903329163995,0.0875680119250075,0.10945539534911024,0.10107460408292639
2024-06-10,521.589599609375,521.9109480214009,518.5807990347079,519.1747616812378,35686100,0.0030847729257642716,0.0030895357339006946,0.08779318550631579,0.10943292636921091,0.09872684697701253
2024-06-11,522.8457641601562,522.9041857425336,518.0744503489441,520.0414093421914,36383400,0.002405443553624591,0.002408338954078104,0.08772801407695859,0.10832846652434973,0.09617514031478702
2024-06-12,527.139892578125,529.8274041983666,526.1077383475028,527.4028194115604,63251300,0.008179449559839557,0.008212992649689665,0.09028926805162259,0.10887538545579965,0.09852034049695758
2024-06-13,528.2013549804688,529.0582445758802,525.4164935113477,528.8829798084458,44760900,0.0020116010110220717,0.0020136256376885875,0.08117837242667844,0.10847234354652813,0.09583874845899625
2024-06-14,528.5226440429688,528.5518251182958,525.6695550365463,526.6725282080745,40089900,0.0006080851247763951,0.0006082700460166013,0.08031316423513093,0.10706262607853152,0.09294919391098795
2024-06-17,532.7290649414062,534.1215548157255,527.3832826445532,527.8409678567655,55839500,0.007927323727802357,0.007958828152111241,0.08367768244787598,0.10795907708907468,0.09524367436968827
2024-06-18,534.0825805664062,534.2091705580833,532.3688016931667,532.7874995764366,41376400,0.0025374982677808552,0.002540720441353894,0.08371505690081434,0.10787247998713671,0.09286782104998911
2024-06-20,532.6318969726562,535.6699388699378,530.8596959605853,535.0078076289343,70328200,-0.0027199115014042994,-0.0027162158934513903,0.08510795490117434,0.1078658536928862,0.09065772324650316
2024-06-21,531.9176635742188,533.0313142277637,530.4621308750893,531.810221745453,64338600,-0.0013418511116366934,-0.001340951231980303,0.08423809238959061,0.1078166498531745,0.08805065559665579
2024-06-24,530.1885986328125,534.3012597413704,530.0713785197397,531.7418545665156,45528700,-0.0032559199214208224,-0.0032506251621496896,0.07967276452852429,0.1069873917846861,0.08630197108818302
2024-06-25,532.2303466796875,532.5917853363576,529.8956032092343,531.4097461795637,37936200,0.003843588387563958,0.0038509844461762643,0.0780269916987963,0.10716874797209883,0.08499716911098658
2024-06-26,532.8945922851562,533.6076912884868,530.4719636310322,531.1166742934914,38550600,0.0012472634285068671,0.001248041585025339,0.0779677947411315,0.10704896633679642,0.08255040461619388
2024-06-27,533.734619140625,534.3110010096894,532.0153114364416,532.7577451835803,35041500,0.0015751059883659126,0.0015763471193552814,0.07097799759463436,0.10601243907157529,0.08026959101891093
2024-06-28,531.6343383789062,537.5542520433446,530.3937489459842,534.5063503169283,76144500,-0.003942828384081208,-0.00393506564198598,0.06711263079995822,0.10647767210157874,0.07932004002947388
2024-07-01,532.7284545898438,533.2559450469041,529.9736629556671,533.0117265646933,40297800,0.002055909138399237,0.0020580239686431856,0.06199983955814789,0.1029313873118203,0.07731802682768903
2024-07-02,536.3135375976562,536.3135375976562,531.0775079183517,531.1263396875488,40434800,0.006707119970438806,0.006729663071165737,0.06420112256466101,0.10177635301977016,0.07936984796280787
2024-07-03,538.70703125,539.068469909586,535.9620173191718,536.0010708200014,32789900,0.0044529336027136004,0.004462862643865195,0.06459318325678684,0.1020154217247557,0.07887589681819118
2024-07-05,541.8134155273438,542.2139076372644,538.3747999305978,539.0097918869257,41488400,0.005749808520088039,0.005766370396420806,0.05571888516117049,0.10246465761865073,0.0796743018731183
2024-07-08,542.4386596679688,543.3861988920726,541.3738407022457,542.5949332840256,36110500,0.0011533189084609971,0.001153984236467176,0.05531096273587932,0.09976436675396275,0.07737717041311612
2024-07-09,542.966064453125,544.2945986626197,542.6730142045088,543.3958913589794,27289700,0.0009718122925821138,0.0009722846551516451,0.054128352813144966,0.09893051040452468,0.07511506192733941
2024-07-10,548.3389892578125,548.6808713510104,543.8942239279161,544.1872742397521,38701200,0.009846867656185707,0.009895507576701101,0.060592506352060115,0.095325582096964,0.08227869415918261
2024-07-11,543.6107788085938,549.3255270030801,542.9758465360856,548.4560949063842,53054200,-0.00866017858743605,-0.00862278725723753,0.0724032934700189,0.09312659558634233,0.08658854856424222
2024-07-12,547.0396118164062,550.6345006536228,544.2653232987394,544.7342036963953,53084400,0.006287705636790653,0.006307514754080756,0.07053081231585574,0.09330272070196804,0.08743852125693419
2024-07-15,548.5440063476562,551.7774564341378,546.6879221671659,549.0324432768749,40584300,0.0027462905648349455,0.0027500650752780853,0.07060093562623422,0.0919043335301662,0.08544473085594498
2024-07-16,551.797119140625,552.090169461466,549.1009369415549,549.8531491181022,36475300,0.005912934081560919,0.005930449982725738,0.07182448175613297,0.09186374168336407,0.08597320097396512
2024-07-17,544.0601806640625,547.5476278240299,543.7377955656038,545.8771519032762,57119000,-0.01412057397178867,-0.014021346266925194,0.08892494930652824,0.09516527823940552,0.09981329481123082
2024-07-18,539.8792114257812,546.5806130354061,537.7008012722223,545.5939606590898,56270400,-0.00771443496521778,-0.007684755082017047,0.09395771334399937,0.09602989240072975,0.1013151582692234
2024-07-19,536.2940673828125,541.2663824595259,535.2390267295067,539.644738170822,65509100,-0.006662788189266041,-0.00664064103061246,0.09677222092071631,0.09521451149454555,0.10158786317179166
2024-07-22,541.8233032226562,542.4289604616175,538.277245078338,540.211436930268,43346700,0.010257295669400018,0.010310082054099778,0.10267322782369165,0.09682689910747101,0.10626238976071614
2024-07-23,540.9733276367188,543.8648365993427,540.484890622907,541.7157018138391,34439600,-0.0015699638072329209,-0.0015687320587394193,0.10193495797518404,0.0964008516235701,0.10320591707214219
2024-07-24,528.7135009765625,536.4698829953903,527.7952370228695,536.1670544374522,74515300,-0.022923276573749173,-0.02266253442422783,0.1319243840821362,0.10740862321764096,0.13400589526507384
2024-07-25,525.958740234375,534.7994982405838,525.0209792890996,528.8307523766035,61158300,-0.005223930049926091,-0.0052103090560375875,0.13289349926732702,0.10805891218047917,0.13150186910749254
2024-07-26,531.849365234375,534.535769150024,528.9675745637637,529.7393433023149,53763800,0.011137532149954435,0.011199785362203674,0.13920674107555195,0.10413461251421946,0.13465040577211132
2024-07-29,532.161865234375,534.3988851266782,530.169004207153,533.3927359573876,39515800,0.0005873998319504298,0.0005875723850159442,0.13850832547719805,0.1036971989614288,0.13056839147046545
2024-07-30,529.4656372070312,534.6821699039564,526.066135221137,533.6271294303981,46853600,-0.005079434770065366,-0.005066556255691634,0.13945005092978233,0.10324326809143822,0.12812230290926663
2024-07-31,538.0719604492188,540.6997538692295,534.9166765387299,536.2842643515584,65663400,0.016124040445272568,0.01625473427810431,0.14938476991276978,0.10526332997251853,0.13914515226357302
2024-08-01,530.452392578125,542.0381046138815,526.9551667505608,539.7913062018092,76428700,-0.014262093335322532,-0.014160871465467961,0.15684266480135242,0.10829038238453395,0.14586023949618407
2024-08-02,520.5761108398438,524.5714915916972,516.3755054864699,523.3601775288013,82789100,-0.018794109601433844,-0.018618601549292957,0.16716390068261824,0.11555354192890728,0.15918342080844042
2024-08-05,505.4151611328125,511.47179289103417,498.46957030548145,499.80791295578933,146267400,-0.02955591097406991,-0.02912340653237455,0.1930237556376107,0.13100162536168908,0.19242428147218962
2024-08-06,510.0747985839844,517.4990173620844,505.89374911647377,507.2125052074326,84826300,0.00917718606612964,0.00921942555250621,0.1977053208515128,0.13182397791657036,0.1899444537351899
2024-08-07,506.6654357910156,519.2964689099484,506.06955696870784,516.2485672171777,70698300,-0.006706483045016124,-0.006684044776243514,0.19194857476197888,0.13253689139620797,0.18599519543996404
2024-08-08,518.3782348632812,519.0033889369354,509.77197692780607,511.79405372836936,63276600,0.02285426312980135,0.02311742275053641,0.21312515110313854,0.14058189256094164,0.2010373054744395
2024-08-09,520.6640014648438,522.1488688468696,516.3364573171235,517.5575496711185,45619600,0.004399763953671117,0.004409457125771121,0.21221060301558287,0.1405595950464828,0.1956622858251938
2024-08-12,520.9376831054688,523.3407552909962,518.6713279832952,521.8559471668351,42542100,0.0005255015443567116,0.0005256396444828226,0.21163209997144533,0.1383384920721562,0.1897126292712244
2024-08-13,529.5046997070312,529.7391995235392,523.8779562074939,524.1221746789957,52333100,0.01631161630992063,0.016445377018018625,0.22021309674011633,0.14214858331742827,0.19456204527484042
2024-08-14,531.1752319335938,532.3572709257232,527.6291745808618,530.2960214933445,42446900,0.0031499296969597105,0.0031548959385758746,0.2161658367739666,0.1422417160386727,0.18903213376864164
2024-08-15,540.2796630859375,540.562935056648,536.1865589989441,536.7922160560852,60846800,0.016994929656649067,0.017140165062293322,0.22394129781374858,0.14620338427806556,0.19482359345802802
2024-08-16,541.4911499023438,542.1847520674191,538.511695437375,538.6679690791409,44430700,0.0022398225360552473,0.0022423328123930553,0.2226345457597298,0.1461936682478115,0.18908916601783274
2024-08-19,546.6683959960938,546.6683959960938,541.0513709978661,541.9012465320536,39121800,0.009515672915782102,0.009561090877817202,0.22221784433001668,0.14708005415890368,0.1870254425802206
2024-08-20,545.779541015625,547.8700657821756,544.4412283435015,546.2191462607274,33732300,-0.0016272723788410691,-0.001625949089025247,0.22222482990316691,0.14616763214089212,0.1814382627638372
2024-08-21,547.6551513671875,549.1106842316043,541.9013486274712,546.8248322343893,41514600,0.0034306798645063366,0.003436571382049669,0.20445230079133628,0.14579930804507954,0.17641600952233485
2024-08-22,543.3568725585938,550.1559376249218,542.1455582382872,549.5502804647684,56121500,-0.007879475116558792,-0.00784851342649362,0.20586780982570096,0.14693235500780347,0.17376419127052042
2024-08-23,549.1302490234375,550.0680696349215,544.4021520897437,546.5904001832064,50639400,0.010569333214828289,0.010625385922989672,0.20552927003285923,0.14732054480721005,0.17341113540793146
2024-08-26,547.8211669921875,550.8690092024209,546.1214157161334,550.1559102385648,35788600,-0.002386765053739642,-0.0023839189947704176,0.20599399658334666,0.14661164302377816,0.16838429225874002
2024-08-27,548.573486328125,549.0619234396653,545.4084233851316,546.551349531508,32693900,0.0013723515555872196,0.0013732936609005542,0.20454959538726666,0.14569990421537626,0.16334181926391372
2024-08-28,545.3887329101562,548.661296528156,542.2041141850556,548.2314695905903,41066000,-0.005822435837521083,-0.005805518307648971,0.19888314550853003,0.14638883306272257,0.15997592444658335
2024-08-29,545.4376220703125,550.644377643334,544.2946960843145,547.352316743397,38715200,8.963692519125815e-05,8.964094270047518e-05,0.19095313958464977,0.14640016612085519,0.1551028049528292
2024-08-30,550.644287109375,551.1522806301471,544.255553101835,547.8016102208953,62700100,0.00950057501834109,0.009545848743069074,0.17719785772026586,0.14574344266012898,0.1548489990095178
2024-09-03,539.3125610351562,547.8406511283397,536.801987949737,547.5084877669302,60600100,-0.020793730303741053,-0.020579031399208803,0.15762057970264473,0.15239095877874217,0.1705200678810527
2024-09-04,538.2088012695312,541.6083040829072,536.7532683896355,537.4761456891545,47224900,-0.002048702123771822,-0.0020466049659708663,0.1570536090281843,0.15244260307769356,0.16551715713084109
2024-09-05,536.8997802734375,540.9928852935313,534.4478166491117,538.1502077884983,44264300,-0.002435143138902432,-0.00243218058308603,0.15437517156006636,0.1524740508400029,0.1607539547527587
2024-09-06,527.8636474609375,538.8437022454943,526.9649400293706,537.2221175565589,68493800,-0.016973441267510683,-0.016830203968230317,0.15078124814850807,0.1565478448090619,0.16925531389729775
2024-09-09,533.773681640625,535.043665505135,530.1299607989381,532.0544335310877,40445800,0.01113392506144728,0.011196137881657853,0.15469442859829294,0.15730958753128707,0.1697140525386927
2024-09-10,536.0986328125,536.4503527479894,530.8137709847371,535.678584169421,36394600,0.004346228611150365,0.0043556871607624,0.15505336701865824,0.15749653781020198,0.16540949296470972
2024-09-11,541.5985717773438,542.5168359009789,527.4730091477311,536.0108800293665,75248600,0.010206923968194346,0.010259192298234021,0.14866731347311338,0.15881346760529574,0.16520866669181253
2024-09-12,546.1604614257812,546.4632899534062,539.957276313442,542.1747991721596,51819600,0.008387733412976025,0.00842300900732984,0.1507594507525998,0.15890935746437937,0.1634626039888188
2024-09-13,549.0130004882812,550.0094311099382,546.5122052774053,546.7662020730168,39310500,0.005209303571424828,0.005222895584666265,0.14000118912469445,0.15915592603698464,0.1597721208639664
2024-09-16,549.8237915039062,550.0875069413107,546.9517795427174,548.7491943236346,36656100,0.0014757262746871265,0.0014768156945352828,0.1399233425926634,0.1590301532630476,0.155011066126839
2024-09-17,550.0485229492188,553.4773606816602,547.8212213158272,552.0315464267048,49321000,0.0004086500687157807,0.00040873357753001827,0.13604873992606223,0.1589826313356882,0.15029720472130495
2024-09-18,548.4170532226562,555.5384427736924,547.8602279225689,550.7029048507478,59044900,-0.002970454353003045,-0.002966046918579046,0.13638530784091865,0.15895445053210877,0.14617560528368712
2024-09-19,557.7755737304688,559.6316584337985,554.9426745171918,557.8049085738365,75315500,0.016920640336429447,0.017064605217542272,0.1484427945328516,0.16233047921750673,0.15625059082927842
2024-09-20,556.8114013671875,557.8500616857909,553.793383536953,556.4096807844697,77503100,-0.0017300984585733826,-0.0017286027009622007,0.1451794886399987,0.16240863875362113,0.1516398697752514
2024-09-23,558.2027587890625,558.8495067502496,556.6643550711399,557.8794446150124,44116900,0.0024956779810614547,0.0024987947776549113,0.1410558497729597,0.16244001217134799,0.14734023427745535
2024-09-24,559.7998657226562,559.8586555458002,556.174333811357,558.9963649353333,46805700,0.0028570738296897257,0.00286115915488927,0.14070273152304544,0.16219906625932368,0.1432830016654033
2024-09-25,558.5653076171875,560.378103761662,557.4580492681129,559.6432009533316,38428600,-0.00220779158072955,-0.0022053562014971995,0.14117768489912333,0.16230017303511227,0.13918303606572124
2024-09-26,560.77978515625,563.1413061737785,558.4281322177342,562.817932214862,48336000,0.003956742996381432,0.0039645812385114,0.1392537841296853,0.1619693809744223,0.135817224245202
2024-09-27,559.9664916992188,562.6611352170194,558.9376397719122,561.8478858705382,42100900,-0.001451342942798752,-0.0014502902539623719,0.13955196578400061,0.1618437606926055,0.13180056149423602
2024-09-30,562.2105102539062,562.8180251821971,556.6448529649051,558.9377164538611,63557400,0.0039994074765734465,0.004007415779251344,0.1366070760904076,0.16164758731095774,0.12872821393641273
2024-10-01,557.1738891601562,562.5043864049716,554.6066335561335,561.8576982708267,72668800,-0.008998973160204217,-0.00895860358689371,0.11654786941324811,0.16283803582329082,0.1296191977705734
2024-10-02,557.4089965820312,558.4280999557304,553.8912957466886,556.2821816369686,38097800,0.00042187517567245477,0.00042196417751982906,0.11584164597891895,0.16283436152615516,0.1256811810982185
2024-10-03,556.3899536132812,558.3300776437013,554.1068390984451,555.9391917508498,40846500,-0.0018298513442026848,-0.0018281781869303737,0.11557103311661734,0.1617069275569672,0.12205998880529947
2024-10-04,561.4461669921875,561.8185225581165,556.6643942780399,560.828843806913,42939100,0.009046492180058027,0.009087535362690247,0.09455929667405563,0.16161461343893085,0.1234590150984134
2024-10-07,556.370361328125,560.446655391967,555.2239297880301,559.7999074826037,49964700,-0.009081706026014151,-0.009040591890144833,0.09886316846420842,0.1623469171415949,0.12479847256994507
2024-10-08,561.6322631835938,562.230029540932,558.0655806170524,558.9376197622599,37398700,0.009413109760801184,0.009457552416897164,0.10199475059420313,0.163350989752512,0.12641167492451588
2024-10-09,565.5223999023438,566.0809331902332,561.0247685875196,561.6224751598685,37912200,0.006902605812523331,0.006926483704299491,0.0992460005188071,0.1635063481817949,0.1254652297844896
2024-10-10,564.53271484375,565.9535388259317,562.9257131010544,564.1799758679994,44138100,-0.001751569987531797,-0.0017500368840644986,0.09731623906558716,0.16075334320784135,0.12183357736187164
2024-10-11,567.9132690429688,568.6481717987969,564.3171018304082,564.4542980317323,42268000,0.005970376139928544,0.005988234357958255,0.09772164143920432,0.16016989780080354,0.12038178289989471
2024-10-14,572.557861328125,573.4887501402064,569.0401003876937,569.5202272995722,36217200,0.008145086428294807,0.008178347889252757,0.10035761931663323,0.16008064242033107,0.12093537456313083
2024-10-15,568.1092529296875,573.1261842726946,566.8941634738084,572.8224268603595,54203600,-0.007800051211347414,-0.007769709751462295,0.10617345762345383,0.15994154472602107,0.12111051073645035
2024-10-16,570.5785522460938,571.097912292803,567.3058184280349,568.1093193754714,30725400,0.0043371030688183695,0.00434652191224183,0.1051509464761541,0.16002745876767704,0.11862590215968886
2024-10-17,570.6275634765625,574.3216944108202,570.441385688738,574.1159000748407,34393700,8.58937396559809e-05,8.589742862885608e-05,0.08919670671277025,0.15215840756288027,0.11501256424736339
2024-10-18,572.8224487304688,573.6063330690159,570.8528997080355,572.3128969974695,37416800,0.0038390623573078863,0.003846440996529976,0.08901122425739695,0.15163867295527306,0.11250360502398193
2024-10-21,571.8817749023438,573.0771881011084,568.912738838732,572.0973176864316,36439000,-0.001643523314490665,-0.001642173469649788,0.08955717658770093,0.1503984467381565,0.10926334768957957
2024-10-22,571.5780639648438,572.7343039714391,568.6972423190728,569.3537388044809,34183800,-0.0005312140126283128,-0.0005310729434451211,0.08953853989980558,0.15043567759887644,0.10595488231762315
2024-10-23,566.3552856445312,570.0004346494243,562.8571411229607,569.5594810059998,49314600,-0.009179474344185241,-0.009137471588891777,0.09607491891822402,0.15139718858945586,0.10875156840324869
2024-10-24,567.5802001953125,568.3837012123148,564.9639626077603,568.3052948235324,34979900,0.0021604668740508193,0.0021628023642212835,0.09547517401109261,0.14815742513862123,0.10577269866614077
2024-10-25,567.3840942382812,572.6950344865168,566.443456997856,569.8044050522926,47268200,-0.0003455720324323848,-0.00034551232929502795,0.09524004582768535,0.14478526344634185,0.10255923940327691
2024-10-28,569.1381225585938,570.9802836348513,568.8343651367928,570.8528957024953,30174700,0.003086661548734472,0.0030914301936280086,0.09486970779014317,0.13874814457146356,0.10015662345570789
2024-10-29,570.0592041015625,571.1762108700161,566.7864107519835,568.1778099310847,42899700,0.0016170714627323846,0.0016183796278272933,0.0878276552967771,0.12274407898522686,0.09730881697396783
2024-10-30,568.3345947265625,571.5779630983764,567.6290569957021,569.588797638648,41435800,-0.0030299017723833177,-0.0030253162524023214,0.08904978592561025,0.12224635054980122,0.0950771882054007
2024-10-31,557.1935424804688,564.0428273008541,556.9975564307639,563.9742291931302,60182500,-0.01979766789980914,-0.019602980971893724,0.11546604605712368,0.12890122472806997,0.12009804305900249
2024-11-01,559.5452270507812,563.9644525610958,559.1336981878939,559.8196194970722,45667500,0.0042117066421415985,0.004220588343223586,0.1116959509194359,0.12119384147794302,0.11758542962092933
2024-11-04,558.3399047851562,560.9757583388703,556.4585705161212,559.6823223393656,38217000,-0.002156433963351231,-0.0021541105300423302,0.10697241823157165,0.12121633361303448,0.11431126103782265
2024-11-05,565.0911865234375,565.1303598031815,559.0355955403569,559.2511382887498,39478300,0.012019184914768331,0.012091705572932376,0.11030495340020258,0.12322950933469032,0.12028003958681822
2024-11-06,579.142578125,580.0146771322202,573.6063462638446,577.3396500855225,68182000,0.02456158597823761,0.024865706520764697,0.13851328548657785,0.12855101364417007,0.15073392390173326
2024-11-07,583.6205444335938,584.6396478381987,581.0630972629532,581.1415036340469,47233200,0.007702322786009814,0.007732061978746874,0.13990856371633667,0.12913877380162472,0.1491793504597033
2024-11-08,586.148681640625,587.5695056932594,584.1693242787533,584.1693242787533,46444900,0.004322461365743317,0.00433181667633864,0.13935680199973668,0.12522555243984346,0.14560805957058282
2024-11-11,586.707275390625,588.0888664930864,584.9826937261699,587.7361274635068,37586800,0.0009525360533604826,0.0009529898599045517,0.13718466286689437,0.12521462810797543,0.14122083183504477
2024-11-12,584.8846435546875,587.2264882691159,582.4055428293386,586.6287817012992,43006100,-0.0031113791019276265,-0.0031065437781114813,0.13406974707209557,0.1243629031552872,0.13745215830920832
2024-11-13,585.1687622070312,587.1676761411395,582.9836705187753,585.3451316888757,47388600,0.0004856507515451121,0.0004857686989643284,0.13366808317025536,0.12423841520332034,0.13327819111547667
2024-11-14,581.406005859375,585.7762488320935,580.7201445096133,585.2961219646461,38904100,-0.0064509699670835105,-0.006430207131126742,0.1364169316033591,0.12511493411934477,0.13163020420009178
2024-11-15,573.9590454101562,578.3194803370213,572.1070761341368,577.8491019104924,75988800,-0.012891273752492063,-0.012808537191168923,0.14438782678368514,0.12704037370522206,0.13711176570737157
2024-11-18,576.3108520507812,577.6238450144261,573.5574183688442,574.4196493771738,37001700,0.004089144509270652,0.004097516468173135,0.14490316710560877,0.12562284630245232,0.1338823408529787
2024-11-19,578.41748046875,579.142574989824,572.2737337790142,572.9400384688264,49412000,0.003648703674754749,0.003655368297286854,0.14531139308453112,0.1255767652398249,0.1305768182448556
2024-11-20,578.6134643554688,578.8976052377521,572.8616299600318,578.495884693383,50032600,0.0003387703491764651,0.00033882773833160407,0.1406737013335936,0.1255782279897969,0.12660577548934016
2024-11-21,581.7196044921875,583.1404284379229,575.6248397212988,581.4550801704302,46750300,0.005353889567877107,0.005368247246335223,0.14145636150765203,0.12511514783300742,0.1245017379100297
2024-11-22,583.5226440429688,584.1497754660484,581.2101642027249,581.7098478799927,38226400,0.003094705829717668,0.0030994993753996614,0.14147514499297578,0.12516564132320668,0.12130725083501268
2024-11-25,585.5020141601562,588.7649396726674,583.2188992835091,587.451946771504,42441400,0.00338636485522849,0.003392105066349016,0.14152645978362488,0.12404027204868927,0.11834656842875754
2024-11-26,588.5591430664062,589.2254477201681,586.0310608458545,586.7463470552605,45621300,0.00520779653910303,0.005221380682413512,0.14216617110296714,0.11567066617284245,0.11651449417388533
2024-11-27,586.7757568359375,588.7550542016285,585.256969810655,588.3729502321648,34000200,-0.003034688409689223,-0.0030300883971953185,0.14216823823648417,0.11581583722314005,0.11357964094699532
2024-11-29,590.4208984375,591.2047827973582,587.3147260107087,587.5890586237147,30177400,0.006192938512433885,0.006212154403273384,0.11820863943540977,0.11593257586844917,0.11272180071823522
2024-12-02,591.4791870117188,592.1552999944694,590.3425038316959,590.8324390421951,31746000,0.0017908262637095261,0.0017924307507057868,0.11816363941946365,0.10929143198259786,0.10950946453790435
2024-12-03,591.75341796875,591.9983855319149,590.2150743018244,591.2439261058101,26906600,0.00046352840648072706,0.00046363585237330085,0.11707434673917336,0.10761421729321977,0.10618866284006061
2024-12-04,595.427978515625,595.6729460981672,592.7725681970518,593.438872844782,42787600,0.006190414189814256,0.006209614402377772,0.11280716270405568,0.10787260276745446,0.10573025656725346
2024-12-05,594.4481811523438,596.2315525489399,594.0954421437544,595.4280516027892,28762200,-0.0016468900175443993,-0.0016455346383350555,0.07824566763107484,0.10663134339637304,0.10270911885079391
2024-12-06,595.574951171875,596.8095972909788,594.800875182747,595.212403953603,31241500,0.0018936948797869785,0.0018954890522955292,0.07457670359152238,0.1056794610971872,0.09985206479338228
2024-12-09,592.508056640625,595.6240374954255,591.9201582931329,595.457476264727,34742700,-0.005162772841999922,-0.005149468635669563,0.07656904491062916,0.1062371527852285,0.09886971533777801
2024-12-10,590.6658935546875,593.605504896008,590.0093971009587,593.1841677805376,37234500,-0.003113937006800448,-0.003109093733479562,0.07763135023749732,0.10661504355263572,0.09661945985147898
2024-12-11,595.2320556640625,596.1825011825678,593.3114882757061,593.5858806768452,28677700,0.0077008054153845235,0.007730532876877971,0.08068958954388983,0.10742983898405802,0.09834558032693576
2024-12-12,592.1649780273438,594.9379676481675,592.1649780273438,594.3696859896878,31543800,-0.0051660638706777645,-0.005152742711910907,0.08349804521919353,0.10789721047123749,0.09744263853313911
2024-12-13,592.0475463867188,594.9087513561514,590.6757038334936,594.1934650654297,35904700,-0.00019832865906907574,-0.0001983089932406923,0.07934740278218085,0.10288487831514667,0.09447729076348438
2024-12-16,594.5755615234375,595.5456834945226,593.0274092921627,593.8014854078001,43695200,0.004260862517392682,0.004269952898457774,0.06103237940341558,0.10293998260853025,0.09308546501262363
2024-12-17,592.1257934570312,592.9880840930309,590.7540109408761,592.0278303510687,55773500,-0.004128707759649672,-0.004120196363485595,0.06378963902569122,0.10344858934744534,0.09166650714748553
2024-12-18,574.4784545898438,594.2031909866316,574.0962907751041,591.822113059209,108248700,-0.030256507563296415,-0.029803361147563545,0.12841121907426636,0.12156032411924146,0.14744586165630885
2024-12-19,574.302001953125,581.0631314525076,574.057034359764,579.456129686489,85919500,-0.00030719993032865203,-0.0003071527492615189,0.12838629007509034,0.12144642969361258,0.14295905740445636
2024-12-20,581.199951171875,585.7225012446567,571.132257605004,571.9778279294948,125716700,0.011939453918031324,0.012011013709321894,0.1342762084770135,0.12351159133691582,0.14617256593980832
2024-12-23,584.6803588867188,585.2800771480029,577.7686569320756,580.9443313472664,57635800,0.0059704551547163365,0.005988313845908255,0.13554993032593,0.12392196804497518,0.14360851810707356
2024-12-24,591.1790771484375,591.2184422848073,585.4471892507113,586.0272849416975,33160100,0.01105367568985796,0.011114993282984376,0.14065237164858915,0.12555192915090263,0.14571691846842713
2024-12-26,591.2184448242188,592.3392110668057,588.0133066034633,589.4093887705021,41219100,6.658957764061234e-05,6.659179477574995e-05,0.13954105303610742,0.12388188166890447,0.1412780313882401
2024-12-27,584.9949951171875,587.7183905820746,580.8165297326684,587.4823797773107,64969300,-0.01058227626571189,-0.01052648096742248,0.1443682130054686,0.12612916020049444,0.14302139677941117
2024-12-30,578.3192138671875,581.7799853973963,574.5733451400716,577.9948115421023,56578800,-0.011477302487702387,-0.011411689511399481,0.1476561728391569,0.12851701137495433,0.14566930782814316
2024-12-31,576.2152099609375,580.698454354243,574.583117216775,579.9807007946825,57052700,-0.003644770033736347,-0.003638135921821828,0.14753679520934126,0.12760170381964822,0.14194095166426324
2025-01-02,574.7994995117188,581.180251846637,570.7291685588775,579.4695486945864,50204000,-0.002459935831355023,-0.002456912668644673,0.14743632844415605,0.12620683120377887,0.13794888601335784
2025-01-03,581.9864501953125,582.6254735449975,576.5593423217554,577.6408633877121,37888500,0.012425882521837194,0.012503404560544995,0.15327000996215606,0.12725787570419747,0.1422064277613986
2025-01-06,585.3390502929688,589.6060270134918,583.608664526265,586.2337670283534,47679400,0.005744086485510305,0.005760615382937484,0.15518034001839132,0.1270345003035541,0.13967170542991195
2025-01-07,578.7222900390625,587.6887790314382,576.903452910936,587.3643167301589,60393100,-0.011368527222550412,-0.01130414970707061,0.1592459796797163,0.1292952285537589,0.14244948071976718
2025-01-08,579.56787109375,580.6395509433228,575.350100693004,578.7911897402016,47304700,0.0014600507425088201,0.0014611171355269903,0.15892478881337413,0.1287967619676502,0.1382265362230872
2025-01-10,570.7192993164062,576.0874192959229,568.8119506064235,576.0185903209236,73105000,-0.01538528212336864,-0.015267533310024395,0.16675942305838115,0.13170005241926983,0.14676235626418332
2025-01-13,571.604248046875,571.9581742427216,565.6658729466735,566.0788468496604,47910100,0.0015493839894041204,0.0015505849049237685,0.16355010386438368,0.13074155223105247,0.1424188709242251
2025-01-14,572.3908081054688,575.1535088845837,568.6154150795988,574.5242667122994,48420600,0.0013751111568321556,0.0013760570557013185,0.16353218255584595,0.1304724064393827,0.13818370953082396
2025-01-15,582.8025512695312,583.9430001285099,579.2827918470954,580.3937768602567,56900200,0.018026462881358663,0.01818992027234656,0.17791248488227265,0.13557264287105858,0.15120300323999444
2025-01-16,581.6817016601562,584.34604932179,580.9836305712422,584.1690862304802,43319700,-0.0019250581580586552,-0.00192320642202648,0.1769370204347057,0.1354539761504817,0.1467877369980687
2025-01-17,587.521728515625,589.2717368825727,585.5848557638515,586.9121689712896,58070600,0.009989836281139393,0.010039901270404217,0.18078330378497728,0.13684823519530678,0.14752209801370014
2025-01-21,592.899658203125,592.9094994878243,588.5933760531964,590.5597127423754,42532900,0.00911194418813655,0.009153584329701925,0.14498876183705903,0.1379753520941843,0.14735121120901648
2025-01-22,596.2326049804688,597.5893820777127,595.1707663809229,595.7213382459036,48196000,0.005605693510050777,0.005621434809803594,0.1454873102169447,0.13681687521582173,0.14451562036671037
2025-01-23,599.4868774414062,599.4868774414062,595.3280946897063,595.6033506126263,41152100,0.005443217316000488,0.00545805853915704,0.14129317335522792,0.13711555670583062,0.1417027286723324
2025-01-24,597.7368774414062,600.4996383180872,596.5865871884719,599.5459337435196,34604700,-0.002923432214271831,-0.0029191631474385638,0.14112869495782315,0.1373181313438301,0.13785538048177368
2025-01-27,589.2816772460938,589.5962983553967,584.6313096156265,584.7984314522485,70361100,-0.014246353885659287,-0.014145354778016594,0.1459631756953016,0.14067575335518628,0.14468100631915704
2025-01-28,594.3449096679688,595.1805787054238,587.1972570477369,590.5105293609671,44433300,0.008555507897757015,0.008592210851586568,0.14921265082803925,0.14160985187711253,0.14416439335296316
2025-01-29,591.6804809570312,593.9614384934404,589.1340487911447,593.5583059073574,37177400,-0.004493045788622342,-0.004482967158625062,0.14484374516654885,0.14180586045347252,0.1408602299242519
2025-01-30,594.8561401367188,596.3898803192325,590.6088457833347,593.7943615542468,39281300,0.00535283396376276,0.0053671859760371365,0.13845975589440973,0.13552868732919093,0.13814607820449243
2025-01-31,591.6903076171875,599.6933113603776,590.9332488823969,597.2746959271392,66566900,-0.005336226049740629,-0.005322013686878346,0.13940565434042715,0.13600112706796855,0.13553532842660712
2025-02-03,587.7085571289062,590.1861005375324,580.5510628181718,582.6943625959686,65857200,-0.006752195097576815,-0.006729450249601476,0.14176399130066622,0.13677069445443954,0.134003689772999
2025-02-04,591.6510009765625,592.1622076462813,587.2267439810199,587.7674745011321,33457800,0.006685761786487206,0.00670816138345165,0.13707391190990056,0.1353404018947913,0.13249688535839677
2025-02-05,594.0498657226562,594.1973649569587,588.5048426365228,590.5301667443101,30653100,0.004046329198996035,0.004054526641777523,0.13639638914103933,0.12615253638848664,0.1294204604585136
2025-02-06,596.1146240234375,596.242440705887,592.4867305159943,595.7901616750784,35771500,0.0034697058936211398,0.0034757322910417,0.12889044577924239,0.12540546622300625,0.12620104515446015
2025-02-07,590.6580810546875,597.8941858585465,589.9501686239648,596.6750666805723,50788500,-0.009195663829970117,-0.009153513013858694,0.13434726716148312,0.12663198858707247,0.12747412403030495
2025-02-10,594.6693115234375,595.3083949100401,592.5948408497425,593.8631663388722,26048700,0.006768165160238897,0.006791120950360163,0.12097468457731753,0.12735260795165054,0.12636174666866704
2025-02-11,595.12158203125,595.662312577201,592.2900526181724,592.4080280097315,30056700,0.0007602521284138967,0.0007605411933127026,0.12105086940841497,0.12716646690228975,0.12254791988183324
2025-02-12,593.2044677734375,594.3744405625547,588.4361250659014,589.1145136580423,45076100,-0.0032265823363159894,-0.003221382513584947,0.12246774681773963,0.1273693799548745,0.11947520626032215
2025-02-13,599.4672241210938,599.6737110792319,593.047165943141,594.3055902381474,40921300,0.01050215906498357,0.010557500301983769,0.11167006775878141,0.12830793514506214,0.1228231697729957
2025-02-14,599.437744140625,600.7060096863363,598.8183432907158,599.6736949390985,26910400,-4.917817717854662e-05,-4.917696795181392e-05,0.11112428707833623,0.1252415918164304,0.11908163476672963
2025-02-18,601.1975708007812,601.1975708007812,598.1399318067746,600.5978525430173,26749000,0.0029314945155036417,0.0029357955473410247,0.10671184383860981,0.12513115444696543,0.11601528233393017
2025-02-19,602.6134033203125,602.9083418402669,599.3001305958442,599.81139736899,31011100,0.0023522516454744916,0.00235502035985502,0.10264304161921059,0.12502903627035153,0.11285226306331317
2025-02-20,600.106201171875,601.3843078099816,596.8027704742943,601.2466498622931,36554000,-0.004169227425660731,-0.00416054826298784,0.10245331425306976,0.12542275877615527,0.11060885152908428
2025-02-21,589.8419799804688,600.0275889538111,589.3798596850504,599.8899309928074,76519800,-0.01725197102109201,-0.017104007876210026,0.11791771018522722,0.1302331737596133,0.12649281472309215
2025-02-24,587.157958984375,592.8800056614799,586.4500466079941,591.8869960824046,50737200,-0.004560791483029168,-0.004550406866907997,0.1184487950849247,0.1304590313893321,0.1239149491729128
2025-02-25,584.2378540039062,587.8264418905826,579.636634088407,587.0989070332523,58266500,-0.004985694838379668,-0.004973286891179596,0.10876756883796469,0.13068726769074662,0.12169412436308617
2025-02-26,584.5328369140625,589.488043359785,581.8979531727184,585.8994552001853,43321600,0.0005047746640327496,0.0005049020842020635,0.10357689905468558,0.13023589737295532,0.11800315609273128
2025-02-27,575.20263671875,587.9543615454245,574.8094053796542,586.8040113591791,74196700,-0.01609056842808511,-0.01596180677302861,0.11640052855631697,0.13417525039001774,0.13039909819143222
2025-02-28,584.1788940429688,584.70978328648,572.636508577737,575.7039886670112,88744100,0.015484870936497743,0.015605382783750565,0.1290766807271148,0.13741740896171947,0.1400327871847902
2025-03-03,573.9442138671875,587.2858157400013,570.1393571070072,586.1453068357338,74249200,-0.017675058124439785,-0.017519770536298163,0.1415247468970446,0.14194283374830333,0.1521717277112784
2025-03-04,567.1504516601562,575.5369060706639,562.6180601948478,569.9525173224438,109648200,-0.011907587838964675,-0.011836973076626123,0.14518715251314174,0.14383519919618565,0.1546309646599747
2025-03-05,573.2460327148438,575.03540599116,563.4340335479696,566.9832562516485,71230500,0.010690385651925656,0.010747731993943743,0.14893189949585078,0.14504751682698078,0.15557657413641612
2025-03-06,563.0703735351562,570.4047711019521,560.523941077153,565.7937090893346,80094900,-0.017910383298426934,-0.017750945665505058,0.15804471700128078,0.14930029973836845,0.16613863928315564
2025-03-07,566.2261962890625,567.6714847046253,556.1094174114145,561.2907328755356,81158800,0.005589020728723137,0.005604668443293992,0.1593120553234813,0.14978731894185052,0.16253685847832539
2025-03-10,551.14453125,559.9536812738498,546.2385307775894,558.0365509948175,99326600,-0.02699655652984783,-0.026635406729509925,0.18027915274841153,0.1588844714275325,0.1893483699347273
2025-03-11,546.5628662109375,554.5265648872522,542.7285461144836,549.9843324603625,88102100,-0.008347746686762214,-0.008313000999340847,0.17685465405774395,0.15951370352462005,0.18642765940516134
2025-03-12,549.4633178710938,553.6319422779778,544.3705127696392,552.7077615834074,69588200,0.005292680910387685,0.005306711888906301,0.17926213928785115,0.15900930150057582,0.18191620165516778
2025-03-13,542.1386108398438,549.6991769603108,540.4279077137791,549.0896174558009,74079400,-0.013420307848046093,-0.013330657012063596,0.18231142613349519,0.16074934743853275,0.18393226106297483
2025-03-14,553.3368530273438,554.3397037227768,542.2073825911375,546.7496145526088,62660300,0.020445245254271487,0.02065568097087289,0.19606186693006203,0.16689713164745235,0.19524726330779793
2025-03-17,557.6038818359375,560.1207900872192,552.8846263579363,553.3172227764923,49008700,0.007681867552727074,0.007711448795157061,0.2000108187965937,0.16751495010696407,0.19164146698089593
2025-03-18,551.5770874023438,555.5097605205915,549.6500559715837,555.2934322950165,66041400,-0.010867214480762116,-0.010808379622018083,0.20001605922315296,0.16860616466379513,0.1905478458950041
2025-03-19,557.584228515625,561.3399385264869,552.1768030039566,553.3566169353411,66556000,0.010831967834690391,0.010890845995021214,0.2059377573755449,0.15910340665166742,0.1894835754664498
2025-03-20,555.9718627929688,560.966374832501,553.1304918485869,553.848245552193,62958200,-0.002895887979129496,-0.0028916989401738258,0.2059638935325038,0.15917861554279544,0.18405592274397015
2025-03-21,556.1552734375,557.0526817242638,550.2878724028328,551.5205297947124,83763000,0.0003298375522347131,0.0003298919546212975,0.20012838129450053,0.15705484856365604,0.1784534468218715
2025-03-24,566.1151733398438,567.1703352751009,562.2890000340255,562.880651498493,58766800,0.01775001993397574,0.01790848775160092,0.21298894062962737,0.16100826273561994,0.1862757376080335
2025-03-25,567.4760131835938,568.4127846067184,565.73055113845,567.3181993393742,38355700,0.0024009369755894215,0.0024038215328545665,0.2131488478168495,0.15931519540863925,0.18084217044524353
2025-03-26,560.701416015625,568.3340217234003,559.3208155225726,567.2098236237739,51848300,-0.012009952375399419,-0.01193812074974343,0.21622922189878302,0.1609864728072925,0.18144572243589344
2025-03-27,559.2123413085938,562.9793497998379,557.1020172521603,559.3109298319079,42164200,-0.0026592683138639034,-0.0026557355920602266,0.20984952539258778,0.15976187018810306,0.17622179605059898
2025-03-28,547.95068359375,558.4135249923543,547.3689030262066,557.6838014665011,71662700,-0.02034397079880046,-0.020138428433983946,0.2101305252177883,0.16329870788033352,0.18827824248909153
2025-03-31,551.6289672851562,552.93066066187,539.2826520783074,542.201606334121,95328200,0.006690370104205908,0.006712800625198856,0.20562161528753,0.16392888024500532,0.1843869895283255
2025-04-01,553.1869506835938,555.1296497708261,545.998115405224,549.7158288612504,54609600,0.0028203511658928845,0.0028243320979046693,0.20282001128452187,0.1640475626627046,0.17910588608152406
2025-04-02,556.6878051757812,559.5475341360295,547.1125011420022,547.3491617248258,76014500,0.006308578664988426,0.006328519658429066,0.19997606268731002,0.16243787505356974,0.17537369122722735
2025-04-03,529.2537231445312,540.3673198616506,529.2537231445312,537.5470145495102,125986000,-0.05053664464531158,-0.04928091072982521,0.2600674243130226,0.19123793643001002,0.2598583012999997
2025-04-04,498.2696533203125,518.5739803507369,498.05270443606094,516.4044915082214,217965100,-0.06032654173402911,-0.058542941635117196,0.3274036163043267,0.22514733359897482,0.34423951851810103
2025-04-07,497.3821716308594,515.9114550791749,475.115432610906,482.40291724281104,256611400,-0.0017827154076413265,-0.001781127314375297,0.31846959234933525,0.22500208254764056,0.3338245764249184
2025-04-08,489.591796875,517.6963548854247,482.3733480760591,514.6196468974629,165816600,-0.015786711295426383,-0.01566275431689801,0.32055376498921473,0.22510138272809327,0.32942484300528974
2025-04-09,541.0084228515625,541.0084228515625,486.20939567811143,486.59399925019795,241867300,0.09986287145801089,0.10501937798947614,0.4924705970314217,0.3077551820009723,0.5027873220028575
2025-04-10,517.3019409179688,526.0981670837639,502.25365007002944,524.7866027854379,162331200,-0.04480811874838202,-0.043819062573260736,0.5152368042437666,0.3205731971087455,0.5176725126796146
2025-04-11,526.531982421875,528.9874258955272,512.8544231608307,515.7536352571723,97866300,0.017685346051191517,0.01784265778614169,0.513708560062666,0.3204843531777798,0.5065913985758485
2025-04-14,531.6401977539062,536.7286411738348,526.453165817952,536.5017912856171,68034000,0.009654865452840526,0.009701624027727895,0.514273771237224,0.32132598861955713,0.49259129791266953
2025-04-15,530.151123046875,535.6931457102869,529.3622343758641,532.1825399641931,56892900,-0.002804836796243976,-0.0028009069165995104,0.5133052620981393,0.32044066928707066,0.4777094998714898
2025-04-16,518.3668823242188,530.4272422697393,513.0713913810127,524.3033791384568,83484800,-0.022478845134469284,-0.022228078391931083,0.5158892289547474,0.3224168686091862,0.471332257847415
2025-04-17,519.1064453125,523.8004136549424,516.6411308627585,520.3194209498447,79868100,0.0014257004856924008,0.0014267172797870487,0.5162006049833846,0.32209611752450346,0.4570072042025575
2025-04-21,506.7503356933594,514.4618467446136,501.40552056556845,513.9293002870572,69368100,-0.024090511302001048,-0.023802651133915886,0.5210962296687126,0.32473620890356336,0.4528787729199818
2025-04-22,519.9348754882812,521.9564215250564,511.9867032226325,512.9235348557764,75948100,0.025685116511127353,0.026017821531153285,0.5263553079317952,0.3299411357693354,0.45029798707288665
2025-04-23,527.9915161132812,537.8626460694973,526.4729038847668,532.9320165359907,90590700,0.015376651323154154,0.015495480308824972,0.5305301287731056,0.33095289172085646,0.4406553921031689
2025-04-24,539.1051635742188,539.8348871004667,528.0211182344198,529.2734571828396,64150400,0.020830444939895523,0.021048912949868326,0.5364048493412988,0.3335441258506544,0.4348416085800659
2025-04-25,543.0003662109375,543.4046513367819,536.1467793425768,539.0657336001437,61119600,0.007199333805528579,0.007225311311978455,0.5373759697732524,0.3339752875410363,0.4225229778803395
2025-04-28,543.2074584960938,545.8700106135369,537.4583875113086,543.7400050325934,47613800,0.0003813124578095559,0.0003813851666460977,0.5327376249359482,0.33369926943230827,0.40965390912624977
2025-04-29,546.6293334960938,547.7436606136026,540.9393676118534,541.2943585019403,47775100,0.006279630619775341,0.006299388836584985,0.5326667553102246,0.33397995933410163,0.39792409352635516
2025-04-30,546.84619140625,548.7987614609631,534.0068741379372,539.9729233205555,93101500,0.0003966397199767177,0.0003967183919115769,0.532538538385106,0.3338046390561263,0.3858048054146361
2025-05-01,550.7216796875,556.2440206119321,550.1201573586014,552.595342895286,63186100,0.007061985850203467,0.007086980474864335,0.5326744263095728,0.33384349413287506,0.3750582438337926
2025-05-02,558.8966674804688,560.4941864598073,554.5774316657111,556.894803218062,60717300,0.014735040614723718,0.014844136511218409,0.5008550446073052,0.3352758164614413,0.36811878652280267
2025-05-05,555.6917724609375,558.7882219920989,553.9068871278389,554.7648117792631,38659200,-0.005750829162368059,-0.005734324797424639,0.4439661855566758,0.3352813465307452,0.35760425573069904
2025-05-06,551.0471801757812,555.5340413030556,549.2327420958744,550.1892553966732,48264700,-0.008393342514942193,-0.008358216758522774,0.446010684176228,0.33520334340584096,0.3482429213295377
2025-05-07,553.3645629882812,555.9975022415719,548.3254139860352,552.3784371058738,55588000,0.004196598284796687,0.004205416334334133,0.4391732927627096,0.33498501853605966,0.33802814860700847
2025-05-08,557.2202758789062,562.3974366423718,553.9069074354913,557.3977713110521,65130800,0.006943599889265658,0.006967762571935099,0.2657236046023941,0.335379003230739,0.3288407468920248
2025-05-09,556.5103149414062,559.6264462916283,554.9522191721212,558.6205786168767,37603400,-0.0012749241863656922,-0.0012741118157988396,0.20258256684079667,0.33534991484308985,0.31886147326782965
2025-05-12,574.9015502929688,574.9114211824733,569.0340889310521,573.4026196086874,78993600,0.032513103328074035,0.03304742941467098,0.22210192685630376,0.34156868353378717,0.3339994930136151
2025-05-13,578.6981811523438,580.907093658496,574.7536773375426,575.3157161654024,67947200,0.006582256329715443,0.006603966987809073,0.22140339246849247,0.34189264925812163,0.32483443823124547
2025-05-14,579.437744140625,580.8084133986617,577.4161378946785,579.6546629482465,66283500,0.0012771611218635117,0.0012779770394448775,0.22015112610648974,0.34183674061604175,0.31497782520390233
2025-05-15,582.2679443359375,582.77081800724,576.9822635531588,577.4359031534708,71268100,0.00487250053565411,0.004884390469782174,0.1958535191181506,0.34196915569458314,0.3059695024367541
2025-05-16,585.9559936523438,586.2518193704545,581.1042713102905,583.0469103495059,76052100,0.006313963357238638,0.006333938442399267,0.19516882438793015,0.342173016329024,0.2976626818585975
2025-05-19,586.596923828125,587.2773530559552,579.9405744991373,579.9405744991373,68168500,0.0010932218581512902,0.0010938196429841618,0.1610673705326663,0.34037421887974734,0.2886259833548052
2025-05-20,584.6246948242188,585.8080578995526,581.419785763877,584.8614155899625,60614500,-0.0033678184156015266,-0.003362153676216839,0.14973816969084308,0.34031609578472916,0.2801395274658491
2025-05-21,574.7733154296875,584.3584902721909,573.7477661832594,580.2759146876367,95197700,-0.016994365011937837,-0.016850775346555102,0.16569823030921707,0.34194264451483597,0.27952861964976966
2025-05-22,575.0001220703125,578.4811148637216,573.3433777523152,574.5760350084579,70860400,0.000394524062166623,0.00039460189702000825,0.15403597523678333,0.3419416491543197,0.2710173936623809
2025-05-23,571.0753173828125,573.7378691727489,567.6140060747297,567.988738706783,76029000,-0.006849147787943921,-0.006825745833528796,0.15726413918505938,0.34063789184722765,0.2641073525819831
2025-05-27,582.9483642578125,583.1061179228353,570.4048112020747,577.938827709351,72588500,0.02057750809639445,0.02079068471986001,0.16948545354848096,0.3417922804946537,0.2682719734135205
2025-05-28,579.5757446289062,584.545857588394,578.8460211072919,583.3526236048898,68445500,-0.005802252297463494,-0.005785451740996206,0.172288881650766,0.3400366679937726,0.26107602825171766
2025-05-29,581.8635864257812,584.9699071457442,577.9388245287198,584.8318350718904,69973300,0.003939671569296213,0.003947442276660329,0.1720577916172593,0.3391838835838462,0.25358574226203623
2025-05-30,581.2127685546875,582.9286180198035,575.1480700909575,580.7591289651484,90601200,-0.0011191319232543386,-0.0011185059286688004,0.172012043479235,0.338520398943,0.24589900792103386
2025-06-02,584.4866333007812,584.5654800276525,576.9427470010985,579.6052986473595,61630500,0.005617011295771019,0.005632816282124864,0.16650356548141076,0.3365636117911915,0.23940633054937302
2025-06-03,587.8197631835938,588.7960181097066,583.6385391723649,584.121791379625,63606200,0.005686463665882907,0.005702662290135274,0.16415784569318034,0.33656981304076244,0.23316386079391166
2025-06-04,587.6619262695312,589.6539195966438,587.2280285207049,588.6776647088699,57314200,-0.00026854848770040476,-0.00026851243178294126,0.15926370567309436,0.33162233054022455,0.2260631620809808
2025-06-05,584.8219604492188,590.6894216670538,582.8497086239531,589.3384339818148,92278700,-0.004844367426250892,-0.004832652403296889,0.16173993394337186,0.3312749546203811,0.21998435089557564
2025-06-06,590.8274536132812,592.4940086999786,588.5790577947733,590.3540722792903,66588700,0.010216558319085361,0.010268925536670137,0.16327157219638286,0.33169279644294647,0.2169509716193648
2025-06-09,591.3599853515625,592.9082102708385,590.1864930975049,591.3994087206146,53016400,0.0009009261251625337,0.0009013320810069558,0.16271037949477865,0.330290365836556,0.21037094157649772
2025-06-10,594.7127685546875,595.0973118762876,590.7781362147839,591.8924030034493,66247000,0.005653602820836043,0.005669614593777128,0.12067913383088008,0.3280400787671843,0.2051435132681861
2025-06-11,593.0166625976562,596.6653405011278,590.9556931519085,595.8074157747775,73658200,-0.002856049644768554,-0.002851975015019881,0.12025821210430254,0.32786181690145383,0.19920382403408607
2025-06-12,595.3734741210938,595.3734741210938,591.2021810906274,591.6853731206485,64129000,0.003966398812071524,0.0039742753822695764,0.12065276877606514,0.3269716407050068,0.19375011321443228
2025-06-13,588.7171020507812,593.4997881009825,587.2181715759101,590.1962907494013,89506000,-0.011243130081980407,-0.011180162300879815,0.1277749840167421,0.32734488123771444,0.19286795627023906
2025-06-16,594.318359375,596.0638215052488,591.8924679557008,592.0700235861916,79984100,0.009469368183272006,0.009514344503849026,0.1301318082886533,0.3277122368263923,0.19058320996724143
2025-06-17,589.2398681640625,593.401290785268,588.480531921813,591.8826784891205,82209400,-0.008581787124168365,-0.0085450687006845,0.13421993282736452,0.32831140158134986,0.18776630695689267
2025-06-18,589.1510620117188,592.8785866278505,588.1944885876793,590.1371879149127,76605000,-0.0001507244331872117,-0.00015071307483049967,0.1335620204413785,0.3264463827655934,0.18204713225014066
2025-06-20,587.7673950195312,592.8906208578056,586.3629131433069,591.8224395288368,94051400,-0.0023513398424885017,-0.002348577608368929,0.11742934220813,0.3264837093630806,0.1767378971827488
2025-06-23,593.572998046875,593.9586781700418,585.403509483969,588.5189525073708,87426000,0.009828919420942845,0.00987738189722287,0.12136781952631952,0.3259524225966613,0.1755642760248619
2025-06-24,600.13037109375,601.1885919192599,596.7972471416377,597.7072083922786,67735300,0.010986714416363869,0.011047290002159427,0.12143288167041515,0.3265063578493627,0.17549515511092306
2025-06-25,600.4666748046875,601.940336500435,598.903972841808,601.247995602986,62114800,0.0005602274649639028,0.0005603844216792719,0.10092493838134664,0.32341724863435756,0.17016281022634624
2025-06-26,605.1646118164062,605.5997923429508,601.7029677445283,602.3161684365299,78548400,0.007793362434847595,0.007823809728070064,0.0994404333367111,0.3235003739926198,0.1677390679461949
2025-06-27,608.1712646484375,609.6350865938839,604.1360202356653,606.1635425121184,86258400,0.004956020908146138,0.0049683222933454285,0.09974662659490995,0.32356597239258494,0.16376687951582108
2025-06-30,611.0790405273438,612.4340220516922,608.2998373553096,610.6142201701539,92502500,0.004769785792837614,0.004781179328798402,0.09932845150406351,0.32348526713955306,0.1598574625320725
2025-07-01,610.8812866210938,612.0483479268365,608.7746241554748,609.6053849111585,70030100,-0.00032366665853689923,-0.00032361428413474336,0.09909836613100438,0.30477669531883694,0.15499267015043589
2025-07-02,613.650634765625,613.6901746824169,609.8526899336259,610.4757907292374,66510400,0.004523120741211659,0.004533365492089381,0.09864182407106178,0.2753333284301279,0.15129672331376692
2025-07-03,618.4869995117188,619.4167005776212,615.6088560521965,615.628656191773,51065800,0.007850404775935078,0.007881299997254843,0.100198990748331,0.27525593373882784,0.1498301867654228
2025-07-07,613.8780517578125,617.1913758193931,611.0988485499288,616.5286747873084,74814500,-0.007479876580079352,-0.007451971921066947,0.10317331847340172,0.2732721966218681,0.14814885050323026
2025-07-08,613.5418090820312,615.2923708557059,612.7307881009865,614.5406899285775,59024600,-0.0005478853567877983,-0.0005477352950125081,0.0993970199193891,0.18601208894345486,0.14365143816881612
2025-07-09,617.2210083007812,617.8737488887257,614.1055045789822,615.945166968477,66113300,0.005978747694233981,0.005996656078344209,0.10035902751430067,0.15838022284732114,0.14120220379809809
2025-07-10,618.9617919921875,620.000273214104,616.1825885407072,617.3595500232223,57529000,0.0028163874172284034,0.0028203571621754353,0.0995436250717497,0.155371755905405,0.1373379446177281
2025-07-11,616.7858276367188,618.0122289852302,614.7187654701638,615.9154666088177,63670200,-0.0035217006609310183,-0.0035155067463294998,0.10000114957317054,0.15519747759230204,0.13385638680375425
2025-07-14,617.9627685546875,618.3089087938923,614.9857451789246,616.3308265898004,51898500,0.0019063658432794167,0.0019081841138897104,0.0997212745397377,0.15481264416488014,0.12999011469908262
2025-07-15,615.3220825195312,620.9793689858044,615.242942324076,620.6431287961128,74317300,-0.0042823684543158574,-0.004273212189356279,0.09019457528544392,0.14651424456000967,0.12712539069571832
2025-07-16,617.3792724609375,617.883693134462,611.2769051241828,616.9045519994012,88987500,0.003337697071379566,0.0033432733845384366,0.08618612555974724,0.14648682172650385,0.12393406801473095
2025-07-17,621.1574096679688,621.5135103761386,617.3397251475282,617.5573456006476,68885700,0.006100988336817186,0.0061196372725167425,0.07785003145662674,0.13538259164476632,0.12247804517190486
2025-07-18,620.7024536132812,622.5716954836944,619.5947323692288,622.4035753929759,65621600,-0.0007327011500944641,-0.0007324327901533367,0.07815330867627396,0.1273926900528578,0.11878104412291796
2025-07-21,621.87939453125,624.6189973413707,621.4541141003111,621.87939453125,63375000,0.0018943480812726298,0.001896143492131186,0.07600316240223927,0.1247454946421607,0.11539783014731443
2025-07-22,621.9684448242188,622.828905853138,619.3277216791315,622.2058050575365,60046300,0.00014318518761442616,0.0001431954391026835,0.07181881288371864,0.11899498909918452,0.1118837326904808
2025-07-23,627.259765625,627.259765625,622.8288205336723,624.6288825447934,70511000,0.008471394418692447,0.008507378219608341,0.06826782617568812,0.11924319743242034,0.11336653410982057
2025-07-24,627.4674682617188,629.1785504969665,627.0421878119985,627.6454884244192,71307100,0.00033107217729321593,0.0003311269877350753,0.06834610692522765,0.11924688210301262,0.10992047160361794
2025-07-25,630.1181030273438,630.5928838363332,627.8829206987424,628.1301809903662,56865400,0.004215440684552298,0.004224338152491125,0.06558624816913405,0.11903513632402574,0.10782504796290401
2025-07-28,629.9598999023438,631.0478210681617,628.5752180855901,630.4939604147171,54917100,-0.0002511005278458048,-0.0002510690047468067,0.06509762197226147,0.11908836662189022,0.10454482219801073
2025-07-29,628.2982788085938,631.6708825055948,627.3883778702398,631.3543820995848,60556300,-0.0026411464479572516,-0.0026376616892719307,0.06586376137467512,0.11911163366457338,0.10187892105067346
2025-07-30,627.5070190429688,630.6917023127537,624.6189756546709,628.9509803708415,80418900,-0.0012601632939269942,-0.0012593696215839056,0.0662694660891015,0.11639973326988934,0.09889674623300855
2025-07-31,625.153076171875,632.8378839877031,623.8574348268075,632.4522038612699,103385200,-0.003758315046290221,-0.0037512614196472116,0.06750626548664145,0.1159087628134758,0.09699124394600556
2025-08-01,614.9065551757812,619.475980234049,612.5031927364548,619.436379958757,140103600,-0.01652622816450263,-0.016390419221542274,0.08699677074291098,0.12013386946000182,0.11389635869649818
2025-08-04,624.2530517578125,624.3024917393647,618.7243458354196,618.813325728958,73218000,0.015085504368414899,0.015199864928028717,0.0983910449890139,0.12308736805911959,0.1250397257540579
2025-08-05,621.088134765625,625.6773001361546,620.1683337507773,624.866279158634,68051400,-0.00508282202541377,-0.005069926343612585,0.10053177289388539,0.12349498890869777,0.12283103614864818
2025-08-06,625.8455200195312,626.4982606508958,621.2464542892866,622.1563552914652,64357500,0.007630571713425902,0.007659758716372034,0.10186365522957762,0.12389323496183233,0.12272973184985116
2025-08-07,625.3212890625,629.9994345491891,622.2156852544556,629.2675537310744,74205800,-0.0008379873633206979,-0.0008376363499652539,0.10167947141670709,0.10637578467212423,0.11903549665622853
2025-08-08,630.1972045898438,630.6620853000642,626.7949007710238,627.1114011688534,64051600,0.00776721341099377,0.007797456463786601,0.10361861629277438,0.10664966106577677,0.11929570868821202
2025-08-11,628.9509887695312,631.9478122276477,627.7047873460086,630.474150672182,58742300,-0.0019794591832815807,-0.0019775013459851776,0.10412221234470428,0.10687699135155332,0.11591730766218881
2025-08-12,635.6467895507812,635.8050095563038,629.8114232578196,631.2949848204768,64730800,0.010589712348546611,0.010645981802730908,0.10766257518905852,0.1083106572280979,0.11969210516153901
2025-08-13,637.82275390625,639.10849531226,635.6369512596368,637.8424936799373,60092800,0.0034173828252364816,0.0034232287352642388,0.10767975968717494,0.10791838892285771,0.11680413963973658
2025-08-14,637.882080078125,638.5447207235369,635.300697252298,635.7457174616427,59327500,9.300924530087265e-05,9.301357079483097e-05,0.10647541658168595,0.10795053398708271,0.11324639249725517
2025-08-15,636.388671875,639.0096552004113,635.4787708739423,638.9107148606824,68592500,-0.0023439428152555583,-0.0023411979263346927,0.1070412034318236,0.10777776546546378,0.11017409403209176
2025-08-18,636.2501831054688,636.9425240091701,635.1424618060598,635.8150025688236,43804900,-0.00021764032983260864,-0.0002176166478941033,0.10713451548325556,0.10079690027918864,0.10682109964711929
2025-08-19,632.7984008789062,637.0512656505922,631.4829592777961,636.0721245937336,69750700,-0.005439966259085958,-0.005425196437217061,0.1096290714074073,0.10182207535508374,0.10570502434358789
2025-08-20,631.1170654296875,632.6500672159099,626.0136394005863,632.3929672116759,88890300,-0.002660520399973527,-0.0026569843521784264,0.106457897266114,0.10069376920504701,0.10300565022087753
2025-08-21,628.5850830078125,630.9785456585483,626.864161086776,629.3071240874224,54805800,-0.004019975412114186,-0.004011906127353915,0.10755923826464049,0.09330980907724692,0.10108361092564876
2025-08-22,638.2380981445312,639.4150594466402,630.2664294390896,630.7708500494616,84083200,0.015240014726843084,0.015356735941821187,0.11961253031485264,0.09642415904859344,0.11452757009944245
2025-08-25,635.4292602539062,638.218363635622,635.3105801411765,636.9820621561176,51274300,-0.004410637401722862,-0.004400924825375907,0.12092768001989146,0.09707767961534831,0.1123552879713573
2025-08-26,638.0897216796875,638.4359222802034,634.5390979794016,635.1621986940528,51581600,0.004178132142168754,0.004186872705103539,0.12105160847366431,0.09708178397926384,0.11013734484072182
2025-08-27,639.543701171875,640.2755819843173,637.3578984386413,637.5062787617181,48341100,0.002276052103625867,0.002278644276482167,0.12091450733524906,0.0967256638432673,0.10714825473197374
2025-08-28,641.80859375,642.362454403162,638.2678697444891,640.1470117905141,61519500,0.0035351635079115293,0.003541419568318549,0.11991521352787032,0.0964280196052288,0.10478961772866537
2025-08-29,637.98095703125,640.7404203673219,636.0919150690585,640.374419619015,74522200,-0.005981683674969114,-0.0059638290232071345,0.10387673931030451,0.0975706391578402,0.10422578329404868
2025-09-02,633.2533569335938,633.4709169972102,627.9619508913343,630.5136938017484,81983500,-0.007437844999217563,-0.0074102526816088865,0.09627997258784732,0.09841716943825214,0.10510801457137409
2025-09-03,636.685302734375,637.1501834379544,633.4412793439511,635.6270215222661,70820900,0.00540491326799287,0.005419546163007771,0.09509245256318963,0.09704510319202811,0.1040506363532585
2025-09-04,642.0064086914062,642.0361089027498,636.4579021356687,637.3579030521721,65219200,0.008322782770799371,0.008357513412322604,0.0957389787794134,0.09811847884404662,0.10594472979484006
2025-09-05,640.1469116210938,645.062476969223,636.2797877246134,644.3404359625918,85178900,-0.0029005866062630937,-0.0028963839692857096,0.0966185810271124,0.09808934115821068,0.10333459862625545
2025-09-08,641.7196044921875,642.7185457406785,640.1371023874503,641.5118841129237,63133100,0.0024537557388579455,0.0024567686612921857,0.09360158327983172,0.09774832011478413,0.1006399184484524
2025-09-09,643.2031860351562,643.7273464852004,640.1272219983028,641.8580441132016,66133900,0.0023092161072553186,0.00231188440026342,0.09308466409453908,0.09761527166440014,0.09798630862077717
2025-09-10,645.0625,647.3768223058731,643.4997982019892,646.4570213518696,78034500,0.002886540060796159,0.0028907101289483705,0.08647247418439565,0.09409972805374286,0.09566200516903273
2025-09-11,650.423095703125,651.115436538164,646.4273914384058,647.0108918753651,69934400,0.008275856275638451,0.008310195838581613,0.09011426364468798,0.09370020624168193,0.09817184836326151
2025-09-12,650.20556640625,651.8869485652141,649.701206088218,650.3934866540098,72780100,-0.0003344987008828243,-0.0003344427624296653,0.09018270789946424,0.09140504891393549,0.09519002505428154
2025-09-15,653.6671142578125,653.7956944276398,652.114372883025,652.4110731340584,63772400,0.005309653366226374,0.005323774557475458,0.0905587329924642,0.09163262786908241,0.09457135819555086
2025-09-16,652.76708984375,654.5276118800496,651.9857691498868,654.2209512044083,61169000,-0.0013778337303519087,-0.0013768849532600491,0.09091624932390435,0.0914689140211545,0.09184672820202233
2025-09-17,651.9561157226562,654.4682584259048,647.1295902463727,652.7770367516476,101952200,-0.0012431360491986744,-0.0012423636756685452,0.08797399763627536,0.09009522637840163,0.08917980964070216
2025-09-18,655.0023803710938,657.603563340362,653.0341982051615,654.6364399867887,90459200,0.004661617295406556,0.004672499536354291,0.0872270471137447,0.08818183523700256,0.08834265084843404
2025-09-19,658.2465209960938,659.0895125014193,654.9438659954435,656.8877828567474,97945600,0.004940643347549601,0.004952868450893266,0.08498967730268926,0.08844786323984732,0.08777947975757452
2025-09-22,661.3607177734375,661.8069717744121,656.7290467709187,656.7588293222589,69452200,0.004719893112429032,0.004731049353107419,0.07076857869400432,0.08773988513227025,0.08706179985694222
2025-09-23,657.7605590820312,661.856628548307,656.5406245808955,661.2416672722171,81708900,-0.005458433114998444,-0.005443562937222368,0.07206990948431381,0.08856963445867784,0.08703714319060933
2025-09-24,655.6678466796875,659.1490153831234,654.2496039734066,659.0498612769777,68082200,-0.0031866436938144398,-0.003181571733739008,0.07347545698066948,0.0887415656919223,0.08529053564921107
2025-09-25,652.6429443359375,653.9917550046746,649.0328388399253,652.5338627083877,89622100,-0.0046241424508109445,-0.004613467564511753,0.0763588012209611,0.08948604368293352,0.08462454293725379
2025-09-26,656.3818969726562,656.9273655696547,652.4742691464395,654.0908804383538,69179200,0.005712592590631297,0.005728940562627516,0.07769195387473354,0.08971318066983962,0.08500033075576577
2025-09-29,658.2266845703125,659.8135740530697,656.4216318338509,658.9010899003678,73499000,0.0028065978489793704,0.0028105400319002882,0.07316435765501471,0.0886870904250787,0.0831303372189777
2025-09-30,660.7060546875,661.1722242194463,656.173598681204,657.4827596300943,86288000,0.0037596656203880132,0.003766742028707082,0.06526590553118053,0.0870526515483633,0.08191297993662945
2025-10-01,662.9574584960938,663.8698820443607,657.6117327913598,657.7208144097488,72545400,0.0034017799195840766,0.0034075725394382417,0.06430981502085827,0.0870853608722305,0.08051162870844544
2025-10-02,663.7210693359375,665.0600128657511,661.3011766397112,664.9410037342527,56896000,0.0011511619554406625,0.001151824796685963,0.05987581174631746,0.08653569775907806,0.0781871577973385
2025-10-03,663.7113037109375,667.1527626006609,662.6698828508305,664.4848631838105,70494400,-1.4713555580661802e-05,-1.4713447336833774e-05,0.05779865938777578,0.08650581017599851,0.07580528358280687
2025-10-06,666.0914916992188,666.9841207809839,663.9591941673339,666.1014192164715,54623300,0.0035797646662827694,0.0035861796762737264,0.05810304712174163,0.0860862991523883,0.07480249360631633
2025-10-07,663.6220092773438,667.4602056461605,662.1839114453724,667.0138910729768,72020100,-0.003714311780944407,-0.00370742225752696,0.06133478336298572,0.0866807202804792,0.07394785649544738
2025-10-08,667.5791625976562,667.6783772359653,663.919480237528,664.7426772273783,60702200,0.0059452546462897245,0.005962962748359724,0.06314473425335972,0.0864577501765347,0.07533007812242433
2025-10-09,665.6452026367188,668.4023890582872,663.7112737749407,667.9957845708525,66501900,-0.002901179078111572,-0.002896974724933221,0.06013557166933502,0.086792525924254,0.0739013264508087
2025-10-10,647.6542358398438,668.4122493878771,647.4757221413303,666.6071968358344,159422600,-0.027399832538963102,-0.027027862178845674,0.11796940639892242,0.10420982687697564,0.1283942137884164
2025-10-13,657.5919189453125,659.664772492732,654.3488290056752,655.2216030747315,79560500,0.015227587680655873,0.015344118135168339,0.1288596116039003,0.10832701362281821,0.13784769354637177
2025-10-14,656.78857421875,660.3590300864076,647.8030207789583,651.7701536094826,88779600,-0.0012223931057610573,-0.0012216462876413203,0.12883395748917298,0.1084007540114393,0.13373279478891834
2025-10-15,659.7044067382812,664.7228272522149,653.5156893256119,661.3408732132422,81702600,0.004429704266786335,0.004439529909605389,0.12950055427109936,0.10862691680172241,0.13079786561670784
2025-10-16,655.211669921875,663.215367636124,651.7106461582608,661.3408828539109,110563300,-0.0068335225027077754,-0.006810227081276099,0.13112599103598846,0.10864811656037786,0.12956718659210664
2025-10-17,658.9308471679688,660.2895852935891,652.7322022395391,654.0810128478913,96500900,0.005660249367837144,0.0056762988463516795,0.13150876304807932,0.10911318267380778,0.12753359339895667
2025-10-20,665.7840576171875,666.6866142382812,661.7872027532737,661.8367798071084,60493400,0.010346787167762106,0.010400500262923273,0.13561060187866092,0.11064202597838153,0.13002928589176854
2025-10-21,665.7741088867188,667.4601523988813,664.4748753427003,665.9229005771253,56249000,-1.4942990429156014e-05,-1.494287878323064e-05,0.13389283744944613,0.1106324292606865,0.1260680834086942
2025-10-22,662.312744140625,666.4782452803545,657.8497201766941,666.4782452803545,80564000,-0.0052125696080209645,-0.0051990077413519575,0.13484360105996895,0.11111059611407395,0.12389671379696945
2025-10-23,666.2402954101562,667.1825015615415,662.3128121266341,662.6301900162397,65604500,0.005912541831996953,0.0059300554070227385,0.13471565649888295,0.11149256376071903,0.1223026540600955
2025-10-24,671.6851806640625,672.8951271271609,670.0983517375236,670.9016937183009,74356500,0.008139340211438471,0.008172554694480416,0.1361024494014046,0.11198968149273993,0.12272793320180693
2025-10-27,679.6094970703125,679.9070199177999,676.5151383891614,677.1201116013259,63339800,0.011728614603400918,0.011797664492784632,0.1411324733363263,0.10778251096421083,0.12742970653853208
2025-10-28,681.41455078125,683.2493254549719,679.2028936555786,681.4046232640447,61738100,0.0026524950416700003,0.002656016019079832,0.14096221957437038,0.10412112978222753,0.12397745980125344
2025-10-29,681.7418212890625,684.0328379014793,677.2589421639235,683.0608492697363,85657100,0.00048016576939499743,0.0004802810674313651,0.1408327057986113,0.10324849756080405,0.12021510704165486
2025-10-30,674.2440185546875,680.3037996369978,674.2440185546875,678.2805836148408,76335800,-0.011058934288291149,-0.010998009070644743,0.14762102754797135,0.10562668298602582,0.12423263685753677
2025-10-31,676.4556884765625,679.4508932951077,673.6588524169174,679.4111832231399,87164100,0.0032748535991825116,0.0032802217906446884,0.14784586945875772,0.10561715037553966,0.12111928058040435
2025-11-03,677.7251586914062,680.1649066224819,674.3530715971103,680.0359699637585,57315000,0.001874890771598795,0.0018766494782573861,0.14756740886429576,0.10476538207893354,0.11765558795716366
2025-11-04,669.691650390625,674.3728983771498,669.0371001406891,670.5544968959969,78427000,-0.011924451941663715,-0.01185363741888057,0.15369751570364046,0.10799207641121036,0.12313496072611516
2025-11-05,672.012451171875,675.2654684624238,668.6304366940664,669.4337786331213,74402400,0.0034594857288829657,0.003465476656154154,0.15277034946936244,0.10627569211696421,0.12013926180664995
2025-11-06,664.80224609375,671.8141611273297,663.2252840482561,670.9116044462689,85035300,-0.010787246744836403,-0.010729273044794985,0.15747538531196945,0.10881086732135521,0.12380173602130871
2025-11-07,665.4567260742188,665.5658682287408,655.7769731606511,662.4218719882706,100592400,0.0009839889028669835,0.000984473178775147,0.1198642931428378,0.10880529190892974,0.12009120430693589
2025-11-10,675.8406982421875,676.5746080726943,669.4833950163819,671.6751969912248,75842900,0.015483783745324687,0.015604278627143309,0.12026033168048393,0.1127346017527408,0.13107847498329067
2025-11-11,677.387939453125,677.9532631527235,673.1530057317516,674.3630127379913,58953400,0.0022867412676202815,0.002289357854538432,0.11990212306131079,0.11273566592980688,0.1273959885332306
2025-11-12,677.7647705078125,679.3318048264125,675.3547447293747,679.1631581075335,62312500,0.0005561455349355046,0.000556300212536609,0.11945323654314363,0.11192948049328086,0.12353392329348498
2025-11-13,666.5180053710938,675.265541055433,665.0105359672095,674.9085136071693,103457800,-0.016733127522772336,-0.01659390636118807,0.13286461939861954,0.11754718502863697,0.13630317475843112
2025-11-14,666.4088134765625,670.1081450818862,657.8199984349773,659.9126462553079,96846700,-0.00016383779399072634,-0.0001638243733123046,0.13167420586684478,0.11712135148471337,0.13215236655373827
2025-11-17,660.2003173828125,668.1742931923078,656.7290761218832,664.1972328051172,90456100,-0.00936001611387412,-0.009316347515515466,0.13083421129590342,0.1151571235836494,0.1331955510502748
2025-11-18,654.65625,659.6548153709225,650.4708935566339,656.6596108350068,114467500,-0.008433011441929867,-0.008397553343794883,0.13386478176284985,0.11618968955545585,0.1332361086265452
2025-11-19,657.185302734375,661.856623370592,653.3371790986623,655.3505280387882,94703000,0.0038557337390654808,0.0038631766432766224,0.13380805962981485,0.11614793160708474,0.1300443510704959
2025-11-20,647.1683349609375,670.0090710879778,646.5335791707308,667.3808213360044,165293500,-0.015359584109870688,-0.015242227316648038,0.14160010903625175,0.12053114733902957,0.13951309483317997
2025-11-21,653.6148681640625,659.0894699034471,645.5020288545189,649.6675301260088,123956200,0.009911853052476355,0.009961138168965045,0.14332185739959943,0.12198502633825914,0.140646831659502
2025-11-24,663.2351684570312,664.5542570793402,656.1538823239337,657.2448196444445,80437900,0.014611339452438529,0.014718606876234608,0.14712918271949096,0.12472269643714783,0.14772483521159213
2025-11-25,669.4735107421875,670.6537351639657,659.0200771396823,663.1360016067486,81077100,0.009361967767598688,0.009405928065710611,0.15133845511494837,0.12482336109797006,0.14777849472124036
2025-11-26,674.09521484375,676.0986363282427,671.1595147067713,672.0620713400136,71879600,0.006879770632920697,0.006903490619724062,0.15378859504334083,0.12508566413837627,0.1457526085552176
2025-11-28,677.7747192382812,678.0523870500939,674.9084513312986,675.2654787466182,49212000,0.005443590966696786,0.0054584342293309,0.1499605097121262,0.12449877529705,0.1428889068042566
2025-12-01,674.6803588867188,677.3779800628074,673.1629015749381,673.2323336611282,61201200,-0.004575923889866952,-0.004565470301164498,0.15045643891631846,0.12476448473144673,0.1396739209289763
2025-12-02,675.9299926757812,678.2011542749951,673.748057660358,676.316742094939,62953800,0.001850473223761602,0.0018521864059071191,0.1504521453384404,0.12473801637323566,0.13560992077952697
2025-12-03,678.2706298828125,679.2822075879724,674.105128319461,674.9779023816353,57238500,0.0034568578671407297,0.003462839691083186,0.14424158345166663,0.12481689287658461,0.13216402519468615
2025-12-04,678.7665405273438,679.7384687237238,675.7416137771377,679.6690366334618,61970300,0.0007308726355028201,0.000731139787988333,0.14385796472843543,0.12474739258442168,0.12816928846427664
2025-12-05,680.0557861328125,682.7336127271673,678.9549213715281,679.8375623637357,79241000,0.0018975931835084833,0.001899394752821859,0.13756655368224974,0.12380675393567199,0.12448361143801583
2025-12-08,678.0127563476562,680.9980334759979,675.9696853695019,680.9484564225444,55231500,-0.0030087308003297914,-0.0030042091058060105,0.13835222838372024,0.12402722537140246,0.12125705157395221
2025-12-09,677.4276123046875,679.7583392727543,676.9813582671167,677.5367544682442,58310100,-0.0008634006967059875,-0.000863028073573191,0.1272771870663407,0.12369160853921521,0.11761100105755955
2025-12-10,681.9203491210938,683.3088092137841,675.7117769038598,676.951505843926,85671300,0.006610159139183051,0.00663205445836712,0.12916580719647475,0.12422955991417105,0.11688910589835527
2025-12-11,683.5072021484375,683.5865617528303,676.5647198382891,679.51034738166,86173700,0.0023243323899324697,0.0023270357445543954,0.12935859189927604,0.12420289948095259,0.1136880178887129
2025-12-12,676.1581420898438,683.2196338188487,673.5893968987631,682.5154459360199,113160300,-0.010810206581406788,-0.010751986278262682,0.12033449987320297,0.12617345207961184,0.11796778903466289
2025-12-15,675.1365966796875,680.1252955149479,673.6687768311533,680.1054404790556,90811000,-0.001511950835671096,-0.0015108084138407696,0.12056046552238057,0.12590267455198284,0.11452501711034564
2025-12-16,673.2918701171875,675.4837328267965,669.4338188610296,673.6488975485244,122030600,-0.0027361150535985287,-0.002732375302379353,0.11545009522345602,0.125742773801624,0.11154467272956504
2025-12-17,665.8832397460938,674.8489377460819,665.6848710067972,674.3034691132465,110625200,-0.011064581322954193,-0.011003593983400228,0.11863047302239056,0.12735352616000933,0.11639049173558509
2025-12-18,670.9114990234375,675.1464323222394,669.3544527925658,672.0322187932205,108650100,0.007522894645792734,0.00755126270975226,0.12056119466794897,0.12802496959988574,0.11657462075212548
2025-12-19,676.9923095703125,677.4896664833268,672.8940327515619,673.0134542661981,103599500,0.009022679156543787,0.009063506223587092,0.1068785057512734,0.12879776190302855,0.11834341471928275
2025-12-22,681.2098388671875,681.7370055876305,676.9922622536055,680.3245290528953,69556700,0.00621047884157309,0.006229803850433591,0.10413275015836969,0.128886013573046,0.11725200679004322
2025-12-23,684.3233032226562,684.562024812114,680.2548972126992,680.3046207584179,64840000,0.004560079363435816,0.004570492347330646,0.09365966831447131,0.12906312064411465,0.11505460132642846
2025-12-24,686.7305297851562,687.1781631452748,684.164151137988,684.313382495532,39445600,0.003511501850767283,0.003517674396244841,0.08940576360564137,0.12903856541352832,0.1123821470045366
2025-12-26,686.660888671875,688.0037280321676,685.6264081645946,686.989161229118,41613300,-0.00010141480775991423,-0.00010140966545213459,0.08700055441610571,0.12891843777758846,0.10895924768495972
2025-12-29,684.2138671875,685.5567672531378,682.4433081832867,683.9055083361335,62559500,-0.003570018446780222,-0.0035636535074947684,0.08667197756298392,0.12919274868910727,0.10654808996959336
2025-12-30,683.3782958984375,684.9200900521846,682.9505762759469,683.8159723723246,47160700,-0.001221959902357149,-0.0012212136133650242,0.08487988854851011,0.1292372466090821,0.10341142451375154
2025-12-31,678.3152465820312,683.726492314561,678.1063955310838,683.5076844111845,74144800,-0.007436434837780548,-0.0074088529688375315,0.08940483191037303,0.1300803271417386,0.10434764909084183
2026-01-02,679.55859375,683.2390468658663,676.2263268834449,682.0852055985325,89377200,0.0018313152201985445,0.0018329931020035772,0.08879782814873356,0.12984507238929435,0.10141910143521578
2026-01-05,684.0845947265625,685.7855773037328,682.7517121374489,682.910839643419,71927200,0.006638125918191552,0.0066602071082446646,0.09178454062456448,0.12997925503675725,0.10166091967537073
2026-01-06,688.1529541015625,688.6602678554459,684.1442890432024,684.2934596862484,69273800,0.005929543756599755,0.005947158299371091,0.09375741804418049,0.13027882264258242,0.10122478703365341
2026-01-07,685.9347534179688,690.2916046822218,685.6761181181482,688.5309418430683,75588300,-0.0032286186657920035,-0.003223412281198157,0.09387259436768197,0.11685233490194158,0.09894079347854039
2026-01-08,685.8651123046875,686.9692300361542,683.8557710289468,685.1787573638412,64019200,-0.00010153246851990349,-0.00010152731427326422,0.09375601574075568,0.11301642734731063,0.09592747076310781
2026-01-09,690.4010009765625,691.6344363504869,685.5368360184962,686.9791831428475,80125500,0.006591610519991714,0.006613382996888628,0.09374031667860389,0.11358138898876795,0.0964723210377212
2026-01-12,691.4852294921875,692.410366767912,686.979207477028,687.0289310253164,63976000,0.0015692011602722827,0.00157043300066384,0.09359621906940044,0.11334541361830244,0.0937322013723971
2026-01-13,690.1026000976562,692.4103433578374,687.6953490317495,691.813478661017,78309700,-0.0020015084477309304,-0.0019995067653818532,0.08412140274281724,0.11238688365492064,0.09120939263580094
2026-01-14,686.7105712890625,688.0633674208381,682.4134005947378,687.347202661372,94676700,-0.004927372488885677,-0.004915252903138989,0.08632984440161538,0.1125517488221347,0.09048260927555592
2026-01-15,688.5806884765625,691.7737417111902,687.5959315038539,690.8983886882239,77862000,0.002719596051916529,0.0027232975079871657,0.08549217171393038,0.11082838570127566,0.08836123024856779
2026-01-16,688.0037231445312,690.5800586110835,686.4519720383781,689.9931507530615,79289200,-0.0008382564279319575,-0.000837905189162047,0.07294239138816871,0.11085950341558312,0.08573137709627206
2026-01-20,673.9981689453125,681.1501633341576,672.9934983300664,677.8874730475171,111623300,-0.020566855255717744,-0.02035680001149731,0.10428086701976826,0.11847145471167081,0.11534543497057714
2026-01-21,681.77685546875,685.0991655259935,674.5452667925615,676.0572511802958,127844500,0.011475018699616915,0.0115411092816613,0.10734190469417924,0.1201354753181609,0.12040447311161533
2026-01-22,685.3379516601562,687.476610793547,683.2888434897402,686.2033478813381,77112200,0.005209663778086045,0.005223257672714476,0.1066741667206292,0.11947593019635755,0.11848109021434926
2026-01-23,685.5865478515625,687.3074439470811,683.5274830754288,684.5123006998919,63059600,0.00036266941646986676,0.00036273518897367296,0.10548589888473686,0.11709346421457019,0.11488033484524338
2026-01-26,689.068115234375,690.4607389282814,686.2729717064406,686.8399658941375,60473800,0.00506538103059215,0.00507823176187272,0.10629504527637905,0.1174180411501732,0.11310876225598251
2026-01-27,691.8134765625,692.8480177488461,689.9036431059924,690.5104039402848,55506100,0.003976249609777937,0.003984165378470905,0.10713913156953848,0.1176737520473322,0.11074760609078442
2026-01-28,691.7438354492188,694.1510864943795,690.271678492269,693.3652237572153,61172200,-0.00010066964734378686,-0.0001006645803248718,0.10614851350277113,0.11529683592681143,0.10737450140206924
2026-01-29,690.3711547851562,693.375209936545,681.2098793986574,692.7087686795362,97486200,-0.001986348639724907,-0.001984377154833794,0.10635197403792068,0.11524594836310774,0.10438957669111736
2026-01-30,688.3121337890625,690.540343876794,683.4877957603626,688.1330925763239,101835100,-0.002986940574398427,-0.0029824841055743345,0.10306504409274941,0.11539988414764844,0.10187369889254952
2026-02-02,691.73388671875,693.2458711004026,685.7755608588325,685.9347490634862,79286500,0.004958907008599522,0.00497122273706152,0.10410042148068253,0.11294814418323526,0.10063482382521623
2026-02-03,685.885009765625,693.2757257351432,680.4140840721383,692.529690413304,107904600,-0.00849133546493203,-0.008455385901172563,0.1068330985226518,0.11427625888238217,0.1030044644827588
2026-02-04,682.5626831054688,687.7948875474046,678.1561081391175,686.7006659106327,105204600,-0.004855623207264491,-0.004843853725993386,0.10592521537268432,0.11244104982420748,0.10163567248436307
2026-02-05,674.0379638671875,680.0758839506523,672.2176206040476,677.3404209861714,113610800,-0.012567930681256348,-0.012489284060324235,0.11409632378328476,0.11554780607918254,0.10999213106397125
2026-02-06,686.96923828125,688.6503070282812,677.2508650473027,677.8576866055596,89127600,0.01900307879815714,0.01918478647681998,0.13419639118055032,0.1177386319249235,0.12973997787816144
2026-02-09,690.2816162109375,692.1914496038428,684.7012866666231,685.7755337993461,73885200,0.0048101394245550514,0.004821726716577324,0.13319522379177126,0.11803624074846354,0.12717056365545132
2026-02-10,688.4613037109375,692.8579216647231,688.0037135108784,691.276360737094,65185700,-0.0026405409324224806,-0.002637057770699447,0.13337191352987576,0.11818996502672686,0.12372321797393307
2026-02-11,688.3021850585938,693.4547952732178,685.5368515439336,692.7087599208829,76353900,-0.00023114885650317492,-0.00023112214366449724,0.1332060644213901,0.11276967554564193,0.11995747765087025
2026-02-12,677.668701171875,691.6742279947084,676.7734344520502,690.5701102294341,118829000,-0.015569436795382833,-0.01544885969788623,0.14326531104291557,0.11749849714348766,0.13111677227965102
2026-02-13,678.1461181640625,682.6522007204912,673.9384983110481,678.0864377658819,96267500,0.0007042510601164912,0.0007044991031190939,0.1428121431220558,0.11576959170354141,0.12715191919249053
2026-02-17,679.2402954101562,681.31927396984,672.2077222570326,676.5446598627462,81354700,0.0016121827537749706,0.0016134830190519533,0.14305980114513092,0.1142996589836497,0.12343764748055978
2026-02-18,682.662109375,685.507036973797,679.2204384959671,680.4041503420104,73570300,0.005025060758005965,0.005037707550576753,0.12325401885151946,0.1144662912084574,0.12126186675621575
2026-02-19,680.8616943359375,682.5527199680946,677.9471901363287,680.2251236342836,58649400,-0.002640828242968268,-0.002637344323549562,0.11681010604853063,0.10974646434020675,0.11801533965311473
2026-02-20,685.7855834960938,686.4122580979458,678.126274472082,678.7131823752115,100034000,0.007205824861526998,0.00723184928909637,0.11821260367394298,0.10892875261739211,0.11780090287553334
2026-02-23,678.7827758789062,686.3525334522094,676.7734345413753,684.1940214696967,90558100,-0.010263859697353819,-0.010211366038766267,0.12370943139792899,0.10737634649200548,0.12098459989355788
2026-02-24,683.7164916992188,684.7112054782021,676.4053697086953,678.295350173768,73798700,0.007242187209707843,0.00726847527019836,0.12523981759611674,0.10670529231707691,0.12063196116078244
2026-02-25,689.4859008789062,690.0130676270821,686.4519751919497,686.53156929616,56369500,0.0084029028181233,0.008438306300538434,0.12823646334445815,0.10714808355925598,0.12143537598221367
2026-02-26,685.6561889648438,689.6350440416309,680.7323436648176,689.615191050754,71671000,-0.005569928872744709,-0.005554445579207146,0.12965974725381976,0.10730059697318205,0.11971149491662995
2026-02-27,682.3637084960938,683.2291046432514,678.0367277603054,679.4790749097389,83308900,-0.004813507218789428,-0.004801940858611298,0.13049206488015255,0.10734678944850252,0.11756410869246349
2026-03-02,682.7516479492188,684.9797970984218,674.4358553343317,675.1122534180175,87477200,0.0005683614380813482,0.0005685229860479257,0.1302334928131569,0.10729416262414741,0.11400405588629534
2026-03-03,676.7337036132812,679.0016196644848,666.1200629162043,671.4915420947397,105003100,-0.008853326204464676,-0.008814250912485666,0.13190560049043293,0.10863972792138883,0.11576802586396578
2026-03-04,681.50830078125,683.4579617719511,676.027417786932,678.026802327329,79182200,0.0070305833857426895,0.007055355958297538,0.13187086932179373,0.10959306254933575,0.11552259388180713
2026-03-05,677.7084350585938,681.9061587313661,672.0385544367263,678.4743840881955,106606500,-0.005591272564328495,-0.005575670491907769,0.1322318115239589,0.11013215876947421,0.11409394343323359
2026-03-06,668.8256225585938,672.5358853430707,666.2194774432897,669.8501461298736,100687000,-0.013193786382772557,-0.013107129910862048,0.13301470297155005,0.11323224034134989,0.12193609539043138
2026-03-09,674.6845092773438,676.3257505242918,658.888450195908,662.8673051642795,102667700,0.008721815668318755,0.00875996152231262,0.11720209602456033,0.11469674465840156,0.12298978052679309
2026-03-10,673.6002807617188,679.7476047325034,671.1930903760745,674.1374043547928,81505300,-0.0016083082110627642,-0.0016070155764896787,0.1152511773964849,0.1138868272771133,0.11940689751999169
2026-03-11,672.7548217773438,676.4849986405864,669.7806371390539,673.9982140650914,68441700,-0.0012559228897518618,-0.0012551345486657706,0.11513005989782345,0.11378357280497615,0.11587224068119356
2026-03-12,662.5390625,668.0995392824933,662.3500644519811,667.6120785283837,108882200,-0.015301438459733196,-0.015184966271003186,0.1254897644470503,0.11591386181230924,0.12712552834572252
2026-03-13,658.7890014648438,668.7859240392634,657.863924887251,665.7321452917186,97200200,-0.005676215023587526,-0.00566013575260893,0.11573929390891881,0.11640694378698642,0.12521343196597418
2026-03-16,665.493408203125,668.5173163233716,663.5934708305671,664.8468199428278,82023100,0.010125429394262926,0.01017686501045656,0.1226499215867433,0.11827768275730104,0.12762392822954097
2026-03-17,667.2440185546875,670.8747480492216,666.1598145596139,668.8355969918504,87128000,0.0026270911632708125,0.002630544991105488,0.12298266906752542,0.1162133972360163,0.12415694642666729
2026-03-18,657.9335327148438,666.1796881508768,657.6948111200146,664.8268919718373,82062600,-0.014051911808400095,-0.013953644515257158,0.12929235791505553,0.11866060092188281,0.13219526706488782
2026-03-19,656.3121337890625,659.4753162945015,651.7066041735543,653.497076818377,111272500,-0.0024674226283852175,-0.002464381043311259,0.12927966249918416,0.11712078244075123,0.12852667627240988
2026-03-20,646.9034423828125,655.0025723674255,643.063298812559,654.8230422006715,163617500,-0.01443944509538709,-0.014335696266852715,0.1320035557342724,0.11967249484879135,0.13667641878434947
2026-03-23,653.6959228515625,660.9173090129275,652.2596206790361,656.3790129905765,134802700,0.010445249178190171,0.010499991225476402,0.13708952004267214,0.12140642807370888,0.138597466384406
2026-03-24,651.5015869140625,655.3417305137531,648.2100787416998,649.6463809650626,96457500,-0.0033624612191459923,-0.0033568144771775055,0.13282919372962787,0.12118980964416338,0.1350098187025444
2026-03-25,655.1322021484375,659.1917509309695,652.5588148295345,656.9774239230809,90653800,0.005557218263225205,0.0055726882440485515,0.13011214823942296,0.12189741099250856,0.13266852724246297
2026-03-26,643.432373046875,653.1672421520028,643.1630473705688,650.3844333840033,96494400,-0.018020121487025215,-0.017858729983344035,0.14098870437852773,0.1268066950245888,0.14647429973534326
2026-03-27,632.4606323242188,641.0085567819559,631.4831091918358,640.8489947137006,103649400,-0.017198951843375027,-0.01705189415742525,0.14949242479400712,0.1310688167784,0.1569713123312152
2026-03-30,630.3460693359375,638.7245091624994,627.6630399662237,638.4651675144013,99275900,-0.0033489923071651985,-0.0033433906874337227,0.1486193043628702,0.13051670769889512,0.1527454596815351
2026-03-31,648.6688842773438,649.865752001465,636.3405988140365,637.2981538716512,152534100,0.028653407820692582,0.029067865784757174,0.18702220995556307,0.1440689825425641,0.18532429348516788
2026-04-01,653.5562744140625,656.8278752918841,651.3220400966815,652.219751792706,97841500,0.007506248903134024,0.00753449141030349,0.18733816656886806,0.14427062797300647,0.18203380447619763
2026-04-02,654.144775390625,656.5086804928782,643.4522901873171,644.7589215344626,68358700,0.0009000543608632609,0.0009004595313388819,0.1871478515015005,0.14364125572429232,0.17652301915977917
2026-04-06,657.23681640625,658.0247645183308,653.8356054757206,654.1746977251443,39105800,0.00471570863127598,0.004726845083763864,0.18340764121137304,0.1440003535021447,0.17212492812797486
2026-04-07,657.5260009765625,657.9150134208243,649.386996170508,654.9626585699763,69980400,0.00043990379276420265,0.0004400005646272298,0.17998477047215677,0.14401443661050342,0.16689007574485018
2026-04-08,674.27294921875,675.3402070755335,669.734652974974,674.6519776493207,93606100,0.025150689620180074,0.02546963651219092,0.20295157638924818,0.1527852240976028,0.18906460331685176
2026-04-09,678.162841796875,679.4096297331154,672.0386657215836,673.1059235004034,57134400,0.005752440641581351,0.005769017699185586,0.20387608264075177,0.15325461076584806,0.18466463722797863
2026-04-10,677.7140502929688,680.2774536083281,676.7066358948267,679.5692561407437,42253500,-0.000661994496571573,-0.0006617754265585418,0.1953671706884839,0.15321657679100276,0.1790575122330713
2026-04-13,684.3369750976562,684.536473353906,674.8414790590384,675.669302461078,54185800,0.00972500571340668,0.009772447246481741,0.19589662571683988,0.15426625063811716,0.17767352716736579
2026-04-14,692.675537109375,692.7952238870419,685.8929616905456,685.9229138241225,63480500,0.012111239170364246,0.012184877209840739,0.19712517760903853,0.15617728079333396,0.17858231404050795
2026-04-15,698.1414184570312,698.480571570673,692.4161778504387,693.4734516118131,58240400,0.007859998349511583,0.007890969227043909,0.19821751457119274,0.1569696953218407,0.17581880296054866
2026-04-16,699.8569946289062,700.9741726960574,696.7350934539525,699.2585607342904,49972400,0.0024543333053888188,0.002457347646937613,0.18862534268726666,0.1509067632442031,0.17072959765622775
2026-04-17,708.3152465820312,710.5594650064761,703.9464965121796,704.3255249385737,70661900,0.012013237341879625,0.012085686101644066,0.18996692942654625,0.15107594514352676,0.17199350569414765
2026-04-20,706.8988037109375,708.0857482546458,704.3254772575062,706.9587079747221,43546800,-0.0020017372548961723,-0.0019997351150194964,0.17892669979393933,0.1508662912238944,0.16693545206370677
2026-04-21,702.2708129882812,709.4523240430285,700.8345107773317,708.4548936431559,58941400,-0.006568417750443915,-0.006546892848539487,0.18151947910982932,0.1515635158133342,0.1638527919076932
2026-04-22,709.3825073242188,709.6218808832724,706.4001392457644,707.3278031045794,42518500,0.010075780503951338,0.01012671209511895,0.18096569166031679,0.15256666245467487,0.1636211356297768
2026-04-23,706.6295776367188,710.5295037064266,700.4754491270062,707.6768673789517,56174000,-0.0038882904816336587,-0.0038807408683984024,0.18315740666172547,0.15264914491523807,0.15935545099769552
2026-04-24,712.10546875,712.6340752101273,707.1881441382454,708.9236633096505,45182000,0.00771943756437638,0.007749309237231605,0.16433953470958945,0.15338934457191752,0.15738966512299976
2026-04-27,713.332275390625,713.7911152864904,710.4696550399041,711.3374146094498,33135900,0.0017213055408080294,0.001722787837563633,0.1426229536902568,0.15332254088327135,0.1527416617196573
2026-04-28,709.8612060546875,711.0481506026886,707.4274735730012,709.9908768700561,43117400,-0.0048778697536611924,-0.004865992267119479,0.14405061536086114,0.15355740122966088,0.1492982710716858
2026-04-29,709.7515258789062,710.3699278433978,706.5497524472755,709.1729992133655,41859200,-0.0001545212627813887,-0.00015450932498595193,0.11768786288337954,0.1532825069118034,0.14475129131659986
2026-04-30,716.8132934570312,717.9403946619685,708.6244289610544,712.7936806635566,67240900,0.009900461815238022,0.009949633527564838,0.11880071105643857,0.15334539517012136,0.14552597574720866
2026-05-01,718.7982177734375,723.0073446973263,718.6186267345964,719.3966516418469,43049800,0.002765268411019866,0.0027690952923506984,0.11820924108397902,0.1529535208533641,0.14150179958589745
2026-05-04,716.1649780273438,720.2644021704073,713.152718877996,718.2196821209096,51950600,-0.003670118801040342,-0.0036633921467564834,0.12189664240849928,0.15068676810040843,0.1379313477123041
2026-05-05,721.9102172851562,723.1769124909786,719.6360467603954,719.9153564929043,36933200,0.007990221711526798,0.008022228723942426,0.12167709540199373,0.1467079170917757,0.13729118385016142
2026-05-06,731.9443359375,732.7023927493656,725.9497697512824,726.288861980811,53288900,0.013803688898871048,0.013899399692774095,0.10130795592069654,0.1488923984493287,0.14352327142564145
2026-05-07,729.7001342773438,734.238430329629,727.8748196364371,733.161188473549,51724600,-0.003070792479857851,-0.0030660824190705815,0.1042030117477369,0.14893964775347113,0.13966234905322567
2026-05-08,735.724609375,736.1834492768152,732.6824588199246,733.0415191543954,47227100,0.008222201875465084,0.00825609701116825,0.10408498801025955,0.14965440421423826,0.13913094208743204
2026-05-11,737.4002685546875,738.8864300819614,734.5576163199453,734.5576163199453,44024000,0.002274973327095926,0.002277563042387465,0.10209156058154063,0.1455721113052088,0.13518220118932017
2026-05-12,736.2831420898438,736.9414802248905,729.9494836014034,734.9964788307154,54185300,-0.0015161013155970994,-0.0015149526145865622,0.09866275298472917,0.14568902180865745,0.13119652488864814
2026-05-13,740.4025268554688,741.9983910774667,733.5800764180441,736.5723674930287,44200200,0.0055792448425891535,0.00559483781461112,0.09751429449563653,0.14594371067105685,0.12903655066007927
2026-05-14,746.2474975585938,747.6040491923611,741.649357949993,741.7391534739264,45307600,0.007863317827570018,0.0078943149045545,0.09903631794451082,0.14635708106304143,0.12878781713658993
2026-05-15,737.2706298828125,741.5496453663399,736.0637780312098,739.8838927249178,60410800,-0.012102281834028297,-0.012029343756796207,0.10725592460268263,0.14876081738401972,0.13343791793625925
2026-05-18,736.751953125,739.5147938000424,731.5054597381557,737.9289136337939,47843900,-0.0007037568965346505,-0.0007035093177317764,0.10671066329326184,0.1483081239175734,0.12940179985598216
2026-05-19,731.8446044921875,735.7545755811656,729.650306265128,732.8919551385734,54255900,-0.006683070135583305,-0.0066607880874933745,0.10683444128112822,0.1473046184465621,0.12812278199188049
2026-05-20,739.3452758789062,739.9636778498481,732.0042028263388,733.8195334397973,45768000,0.010196829759483024,0.010248994582563453,0.10695565990199535,0.14794067957081736,0.13039412382095308
2026-05-21,740.8114624023438,742.9559620700644,735.1361419849363,736.7419902854853,43332200,0.001981123978379707,0.0019830877010671433,0.10462383174255362,0.14720803853747455,0.12665628149027505
2026-05-22,743.7239990234375,747.015507083493,742.566945697205,744.3224328967863,41762000,0.003923840734942977,0.003931549076803931,0.10289928380340845,0.1466287605333893,0.12374207165438406
2026-05-26,748.6613159179688,750.1973368284331,746.4469887578754,748.0827892360243,41123600,0.006616702614766452,0.006638641352187502,0.10407530442188827,0.14644600544949368,0.12270020078338309
2026-05-27,748.5316162109375,749.4492351039673,746.2973210478585,748.9505199197505,42106300,-0.00017325717290322425,-0.0001732421647460125,0.10099595385587021,0.14647502247916694,0.1189641659863623
2026-05-28,752.6609497070312,753.2095851254732,747.3047533704411,748.3221518516883,41562600,0.005501418012009892,0.005516578600909927,0.10090667276014981,0.14507503423497609,0.11730703429744127
2026-05-29,754.5361328125,756.1320579864754,752.7507543048832,753.9576670103595,55075700,0.0024883063996868804,0.0024914048034492264,0.09749292769678408,0.1446699329905443,0.11414421539986548
2026-06-01,756.5908203125,758.3264003155792,752.7507376917755,753.4189990020213,43634900,0.0027194125046700462,0.0027231134609038143,0.09749181041057625,0.14388219739162939,0.11117096421628551
2026-06-02,757.6182250976562,758.4461093852723,754.805464031348,755.0847737682097,31581900,0.0013570186308611517,0.0013579397972762752,0.09482619370827718,0.14043956085967998,0.10791333449165225
2026-06-03,752.3018798828125,756.8501599793441,751.6336185743088,756.2018667594974,51402500,-0.007041918531282929,-0.00701718232049986,0.09886832721310719,0.14096894349039837,0.10814966656652866
2026-06-04,755.1445922851562,756.3614281257201,749.5389775481502,750.1673635570705,49923000,0.0037715644628917525,0.0037786857621391334,0.0889852244990519,0.14084205673943812,0.10587561946468221
2026-06-05,735.65478515625,750.8855669656407,733.6400171295905,750.3768677170906,93989400,-0.026148277086187284,-0.025809371248925683,0.13215025923620108,0.15202291924336073,0.14448218504437813
2026-06-08,737.3204345703125,743.4247643242134,736.2931129658897,741.4498108327123,49319100,0.002261613232488794,0.002264172608771542,0.12913392411652458,0.1479436766219366,0.14035644941012212
2026-06-09,735.1560668945312,744.9807928982774,720.7332622187009,741.7191759970133,87683500,-0.002939767435847424,-0.0029354505508077944,0.12930004758186792,0.14745993105346622,0.13655990434281015
2026-06-10,723.56591796875,736.4826536495077,723.4661992814284,731.5054857614351,60341300,-0.015891160823072677,-0.015765562508027298,0.140862337122018,0.15080850395699216,0.14610930630633484
2026-06-11,735.8642578125,738.0984921563339,722.5485255148498,726.8873842592473,86330500,0.016854017638559635,0.016996847886747934,0.1528826025491183,0.1540880298937844,0.1560833406665804
2026-06-12,739.843994140625,742.5270843334097,733.1412911200548,738.8066884479139,57079500,0.005393675844766619,0.005408247901529384,0.15137592385173254,0.15075170524317302,0.15277485321574324
2026-06-15,752.890380859375,754.7356026867302,749.8282623277308,749.9179969688896,60176400,0.017480295410686308,0.01763396989375332,0.15742478710718677,0.153764818988006,0.1629718522646677
2026-06-16,748.4019775390625,753.4988323298886,747.9531216783239,752.6111046530555,67093100,-0.005979403902405487,-0.005961562844234103,0.1593060943624368,0.15078244786275,0.15970856148211646
2026-06-17,739.0560302734375,750.217278570044,737.3204502885575,749.3594421826946,85945200,-0.012566499634242041,-0.012487870885051433,0.1642559009647391,0.15291708145101057,0.16237031397233218
2026-06-18,746.739990234375,748.22998046875,743.8599853515625,747.760009765625,80875700,0.010343315448328203,0.010396992441959574,0.16437149502039966,0.15342565165816366,0.16248037557131417
2026-06-22,744.3900146484375,750.1799926757812,743.1300048828125,747.7000122070312,46628100,-0.0031519418478261887,-0.003146979693962715,0.1647664386916637,0.15366760776087982,0.15800662431910317
2026-06-23,733.5800170898438,739.6300048828125,732.2999877929688,733.8099975585938,66846800,-0.014628429664887565,-0.014521954010491611,0.17225647865045488,0.15191534488928962,0.16341257895412709
2026-06-24,733.239990234375,739.9500122070312,730.8400268554688,735.1699829101562,57439500,-0.00046362452088405214,-0.0004635170636431152,0.17009486574935068,0.14657218584147952,0.1584446297984931
2026-06-25,734.2999877929688,739.3699951171875,729.5999755859375,738.9099731445312,53934400,0.001444591300819105,0.0014456352254532678,0.17030111287660274,0.14608857266265787,0.15372043374562094
2026-06-26,728.989990234375,736.530029296875,716.5800170898438,728.9500122070312,71034000,-0.007257646736180781,-0.007231373616869652,0.16990252496618574,0.13692619485729765,0.15168584574847757
2026-06-29,741.0,741.5599975585938,732.0900268554688,736.530029296875,58035200,0.016340624198741247,0.016474862380159383,0.18106922229559244,0.13962885685238294,0.16020412591558597
2026-06-30,746.77001953125,748.02001953125,740.8900146484375,741.2899780273438,55626000,0.007756640320927922,0.007786800986842035,0.18327596441238242,0.14008499740373406,0.15822497317132392
2026-07-01,745.760009765625,749.4400024414062,742.3800048828125,745.0,47100900,-0.0013534198977212118,-0.001352504438058455,0.18313412959861863,0.14017294552345422,0.15349504746963588
2026-07-02,744.780029296875,751.3099975585938,740.030029296875,747.4000244140625,57447800,-0.0013149336271025228,-0.001314069480687241,0.18166292759194674,0.140308103115757,0.14890677978034425
2026-07-06,751.280029296875,752.4099731445312,747.4099731445312,748.739990234375,50673300,0.008689545400113111,0.008727409093039817,0.18402102752827398,0.13258899004290595,0.14827177510740033
2026-07-07,747.7100219726562,750.9600219726562,745.2100219726562,750.219970703125,43721500,-0.004763225841268043,-0.004751899671231685,0.1579191476352545,0.13300167328088033,0.14494307689766756
2026-07-08,745.4000244140625,746.1500244140625,739.510009765625,743.1599731445312,43767400,-0.003094211852910556,-0.0030894297130047432,0.1584109869558956,0.1332735978448269,0.14104164956008083
2026-07-09,751.7100219726562,751.969970703125,745.5900268554688,747.3499755859375,41441700,0.008429620706500477,0.00846525000257925,0.16022426150843586,0.1329618090021026,0.14061858588200035
2026-07-10,754.9500122070312,755.4199829101562,748.0999755859375,752.0499877929688,42191300,0.0043008975551764635,0.0043101596888019955,0.1473128721972609,0.1312684880054423,0.13735667809321014
2026-07-13,749.1699829101562,753.9099731445312,748.0,752.469970703125,44013600,-0.007685633815530019,-0.007656174850540931,0.1403553497851457,0.13188318952662187,0.13648431550565618
2026-07-14,751.8300170898438,753.3400268554688,748.6599731445312,750.9099731445312,35143100,0.003544353050495003,0.00355064169730146,0.13972143713447593,0.13194722939587472,0.13304222768402718
2026-07-15,754.8099975585938,755.5800170898438,750.2000122070312,754.239990234375,43844800,0.003955801420061879,0.003963635929681075,0.12587256674019906,0.13014628025834532,0.12990313146037039
2026-07-16,750.719970703125,754.5700073242188,747.8800048828125,752.760009765625,46409800,-0.005433351714810402,-0.005418617756386079,0.12553567476396998,0.13067996863398557,0.12770550641837244
2026-07-17,743.2899780273438,747.2899780273438,740.7999877929688,742.0800170898438,62651000,-0.009946458438716834,-0.009897156017872222,0.1223175426057946,0.1316952877477511,0.12971517630467216
2026-07-20,742.0900268554688,748.72998046875,741.510009765625,747.0599975585938,50422300,-0.0016156827599172103,-0.0016143782471810253,0.11650330890721505,0.13040683620361887,0.12592035204577195
2026-07-21,748.280029296875,749.0399780273438,744.1799926757812,746.2899780273438,34324300,0.00830671283160697,0.008341309298597777,0.11985112505393812,0.13094745918217032,0.12628492112735012
2026-07-22,747.4099731445312,750.02001953125,746.3699951171875,746.6199951171875,32836200,-0.0011634178861416992,-0.0011627413779321527,0.10644590344363075,0.130250955813051,0.12252132046505552
2026-07-23,738.1799926757812,742.5599975585938,735.2100219726562,739.3699951171875,55437300,-0.012426173368713682,-0.012349287272575782,0.11652156689618504,0.13302400143787033,0.12823985914442296
2026-07-24,738.9299926757812,743.719970703125,737.2899780273438,738.510009765625,44782000,0.0010154965735656703,0.0010160123647910968,0.11647735451932464,0.13254041120437657,0.12439584411200125
2026-07-27,739.0900268554688,745.530029296875,735.8699951171875,744.9099731445312,41461200,0.00021655211458314317,0.0002165755636849287,0.11300276155800468,0.13253274621202205,0.12060918505673701
2026-07-28,740.8599853515625,742.7899780273438,735.97998046875,739.1900024414062,47322200,0.002391917734196567,0.002394780651586048,0.09710593741403457,0.13118686739230323,0.11730424799643166
2026-07-29,729.4600219726562,742.6799926757812,729.0999755859375,739.969970703125,70697200,-0.015507089295929732,-0.015387473482586067,0.10703380595850163,0.13515360434747178,0.12872673792502767
2026-07-30,741.6900024414062,742.4500122070312,734.5900268554688,736.0499877929688,66811300,0.016626804898639082,0.01676579949601198,0.1242716594458178,0.13898871419783518,0.1405570075357584
2026-07-31,747.030029296875,748.9000244140625,737.6799926757812,744.6799926757812,62445900,0.007174014783580491,0.007199809675054292,0.12695253813378304,0.13881289469452712,0.13910093215238384
2026-08-03,757.6699829101562,758.5800170898438,748.7999877929688,749.4400024414062,59927500,0.014142527904258828,0.01424300656734756,0.13314170359148692,0.13895253322563358,0.1456444057642661
2026-08-04,771.3300170898438,773.4099731445312,760.52001953125,760.6300048828125,69154800,0.017868407620299842,0.018029002715958642,0.14514326363789293,0.14316788339810413,0.15737556613650255
2026-08-05,769.7899780273438,776.8499755859375,769.510009765625,775.8499755859375,44689100,-0.00199859787687683,-0.0019966020100066206,0.14472930548104795,0.14247333674321933,0.15277905588494867
2026-08-06,768.5599975585938,771.8200073242188,767.4600219726562,770.2100219726562,38416900,-0.001599090909569207,-0.001597813044932006,0.1428271181304305,0.14251794365746157,0.14825524189429168
2026-08-07,773.260009765625,773.9199829101562,769.6099853515625,771.02001953125,43586300,0.006096725613895211,0.006115348472417681,0.14350017676499421,0.14286820065386455,0.14568064765074004
2026-08-10,773.030029296875,775.0499877929688,771.6199951171875,772.5999755859375,39249500,-0.00029746097386132897,-0.00029741673673222557,0.13978201621409833,0.14253872049330424,0.14124736421388898
2026-08-11,770.5599975585938,774.6099853515625,769.2000122070312,774.530029296875,36740600,-0.0032003754929251995,-0.0031952597501651026,0.1405650622768684,0.14197236675502514,0.13750866867714182
2026-08-12,772.489990234375,774.9000244140625,771.280029296875,774.7100219726562,33179100,0.00250153099055172,0.0025046624297864195,0.14028559016149544,0.13955450212328316,0.13367397541034057
2026-08-13,777.8800048828125,779.3699951171875,774.1099853515625,774.8699951171875,35634500,0.00695322585121305,0.006977455651952402,0.13945473731744398,0.14008854326732273,0.1323919171547957
2026-08-14,776.3400268554688,778.7999877929688,775.4299926757812,778.5399780273438,31367900,-0.001981673765436055,-0.0019797115463531245,0.1333043679018332,0.13933008983749795,0.1285898100614731
2026-08-17,772.6699829101562,776.780029296875,772.510009765625,776.1799926757812,34356600,-0.004738575980100243,-0.004727366641364417,0.13493320335371925,0.1384713229630183,0.1260266833794059
2026-08-18,767.4500122070312,769.5,766.9199829101562,768.7000122070312,43920900,-0.006778680502842077,-0.006755757074274671,0.1362287729584664,0.1392958281585058,0.12499813250490414
2026-08-19,769.0599975585938,772.469970703125,768.0999755859375,770.3599853515625,40306000,0.0020956400290855414,0.00209783741736147,0.13594920848342842,0.1391591943109533,0.12146383722639065
2026-08-20,762.5999755859375,768.1500244140625,762.0399780273438,765.9600219726562,45520300,-0.00843537128524668,-0.008399893367440514,0.13121077138243692,0.13977791020849942,0.12224617342878032
2026-08-21,765.719970703125,767.8499755859375,764.1699829101562,766.0499877929688,39188700,0.004082913998477476,0.0040912604472485015,0.1314725829310577,0.13998739139006786,0.11958065280843466
2026-08-24,763.469970703125,765.219970703125,762.0800170898438,764.780029296875,32430900,-0.00294273662514962,-0.0029384110198065194,0.13244576834083263,0.13973691398346363,0.11650105244615717
2026-08-25,765.9099731445312,766.780029296875,763.0499877929688,766.1599731445312,27422300,0.0031908415190819673,0.003195937672779925,0.13253763789871298,0.1397926499222522,0.11363137475252587
2026-08-26,766.0800170898438,767.3499755859375,763.9299926757812,764.72998046875,28751600,0.00022199093609589067,0.0002220155779071309,0.11627427655294174,0.13969783440480138,0.11017308692095702
2026-08-27,771.0999755859375,772.3599853515625,767.1599731445312,768.5,34557100,0.006531409939845632,0.006552786111251541,0.10491502879359509,0.1402809227811505,0.10979449618137595
2026-08-28,769.3499755859375,775.2999877929688,768.3099975585938,771.760009765625,36712600,-0.002272064407546174,-0.002269485222937795,0.10402423584182048,0.13955424139547584,0.10681570638955708
