date,buy_and_hold,vol_target,regime_only,vol_and_regime,vol_and_regime_LOOKAHEAD
2023-01-17,0.9996167490800686,1.0,1.0,1.0,1.0
2023-01-18,0.9772857863544958,0.98904769161963,0.9813324630059965,0.99104829774217,0.9907770051400686
2023-01-19,0.9960868549547498,0.9983772715361261,0.9975447736207937,0.9990765271690071,0.9968116303466584
2023-01-20,1.0711830920839218,1.032648299664801,1.0535389135655289,1.0246085991142804,1.012783996891234
2023-01-21,1.0759574907010447,1.0347612703809332,1.0571823780550504,1.0262353635845316,1.0126761340889279
2023-01-22,1.073255082733854,1.033723097161865,1.056765875774699,1.0260498881621114,1.0118313955948186
2023-01-23,1.0833646404619233,1.0374664312798811,1.0636906245697817,1.0286346723566473,1.0150224533334884
2023-01-24,1.0692896258755076,1.0323262324833058,1.0519229492002513,1.0242975049160425,1.0105182585240304
2023-01-25,1.0920293034723603,1.0407777864148036,1.0709718822694019,1.0314382579215389,1.0177417650688758
2023-01-26,1.088010243151212,1.0393452976056525,1.0676966500194158,1.0302584789708245,1.016575199190883
2023-01-27,1.0901808604822725,1.0401235494794747,1.0693198596376954,1.030849733476705,1.017247050699526
2023-01-28,1.0879305299122084,1.0393231153739273,1.0674015340694194,1.0301642510678501,1.016544230291186
2023-01-29,1.1230504854204117,1.051820018295464,1.097174767100552,1.0408672107668082,1.026208666580598
2023-01-30,1.078910478711214,1.036576829700659,1.0598952480752313,1.0278268895235396,1.0217324285128004
2023-01-31,1.0930413110170707,1.041547205092001,1.068269447233303,1.0307996308130845,1.022464876764041
2023-02-01,1.1206509693092959,1.0501955025433998,1.076834345516547,1.0335107419358465,1.0274870448908344
2023-02-02,1.1087519231741516,1.0464959675035381,1.0679783548791673,1.030691327983082,1.0251291672146678
2023-02-03,1.1076867734701055,1.0461377260740432,1.067225299712947,1.0304448005844102,1.0247989271593205
2023-02-04,1.1021375695507236,1.0441907040368026,1.0627874037571987,1.0288542131310685,1.0230493618544192
2023-02-05,1.0843676987193847,1.0373564266208628,1.04803341997794,1.023056935766857,1.016942928443994
2023-02-06,1.0751300968036097,1.0337803655324134,1.040361413051359,1.0200263406336039,1.0138944524376141
2023-02-07,1.0989463644304767,1.0428811987692173,1.0589545291007383,1.027270836319296,1.021499533207512
2023-02-08,1.0835992594049628,1.0371268311969017,1.046480168545144,1.0224917855963593,1.0175371564528033
2023-02-09,1.0306763114765292,1.0166807706518664,1.0071572468354977,1.0069900684709423,1.0058121384500882
2023-02-10,1.0227472429737023,1.013549187927769,1.000871555274625,1.004476480330138,1.0055115836563044
2023-02-11,1.0331249102764757,1.0183603971896906,1.0020028772270724,1.005040522414164,1.0087642160247001
2023-02-12,1.0292196996508485,1.0165447058322017,0.9988939790378166,1.0035697738348546,1.007186528232066
2023-02-13,1.0301596515940985,1.0169760892902455,0.9996089933480804,1.0039070213837757,1.007564462368149
2023-02-14,1.0496547051292884,1.0260394034312688,1.0158348082505104,1.0115811453511847,1.0151571868905078
2023-02-15,1.1482410683345428,1.071765799431276,1.0983962921428243,1.0505922103684433,1.0403105902546703
2023-02-16,1.1159132904481024,1.0573475948084996,1.0735216653146094,1.0392266405219224,1.0401729955708499
2023-02-17,1.1604169888102538,1.07094903575949,1.0730915390800295,1.0390275518517817,1.0418039872642473
2023-02-18,1.1639917216325122,1.0719851090156873,1.0743403541313317,1.0394090480373162,1.041919431633869
2023-02-19,1.1491764072431285,1.0678366650570204,1.0698101765203591,1.0380757200050357,1.0389232736281027
2023-02-20,1.1728662777201866,1.0746772059310765,1.0869960277055497,1.0432595147737698,1.0443326846900278
2023-02-21,1.1543116374317133,1.0691354421403938,1.0728815867418484,1.038844101223682,1.0400705788988973
2023-02-22,1.1426199010743943,1.0656310431788751,1.0643816109099056,1.0361806331662884,1.0372045833575547
2023-02-23,1.131219062683022,1.062174435444657,1.0559076439721733,1.03349880547733,1.0342706692565293
2023-02-24,1.095820941184546,1.0513675214498897,1.0283245184496912,1.0247207210436935,1.0255695583337678
2023-02-25,1.0947461963683978,1.0510329103954263,1.0274740505332658,1.0244468224291514,1.0253344580205106
2023-02-26,1.1129722040673682,1.0565278711499244,1.0373066231257557,1.0275241458491717,1.0298315326918883
2023-02-27,1.11116103439737,1.055981750039132,1.0357811887612711,1.0270445980082736,1.0293744961184939
2023-02-28,1.09342253220175,1.0506598103838793,1.0223120838797395,1.0228282692170216,1.0247385231512618
2023-03-01,1.1170033505393377,1.0578988482336555,1.0412182728586086,1.0288716134996694,1.030554887019674
2023-03-02,1.1089217751105007,1.0554571819751848,1.0350978217798832,1.0269422827484447,1.028820101996062
2023-03-03,1.0563565218899567,1.038263489024152,0.9973637195904818,1.0140904519912421,1.0177612753362186
2023-03-04,1.0559157925581049,1.0381146097612488,0.9969774753694973,1.0139554884236384,1.0176486016189517
2023-03-05,1.0597970154034764,1.039311346097439,0.9972913083906474,1.014045507125835,1.0184320644103964
2023-03-06,1.0595251231403473,1.0392265821908109,0.9968004037028083,1.0138870339449353,1.0183367120219047
2023-03-07,1.0496058069618444,1.0361383465539356,0.9888020939384726,1.0113047414103493,1.0156246020660455
2023-03-08,1.0259072639796172,1.0286425969064137,0.9694988605363294,1.0049791169878919,1.0097009938462562
2023-03-09,0.9618977175811609,0.9979232161493983,0.9182575453715386,0.9795622507471023,0.9956337438106045
2023-03-10,0.9535944397063454,0.9937400936418925,0.9123460203312244,0.9765059975533592,0.9955161336201709
2023-03-11,0.9746229582247272,1.0037138938710128,0.9123546390460618,0.9764996036776387,1.000014874933606
2023-03-12,1.046968996347584,1.0379999550249095,0.9603685494098605,1.000149670160212,1.0116155902735593
2023-03-13,1.1430303688988468,1.0794524038909397,1.0260114708574672,1.0299182786450076,1.0115368330733259
2023-03-14,1.1689420613917418,1.0877003961820975,1.0256888571459823,1.0297715229687767,1.0115368307027788
2023-03-15,1.1514588445344585,1.0832888608612108,1.0256872783161806,1.0297710059591678,1.0101197186559032
2023-03-16,1.183430496144795,1.0913137525973233,1.0421469295001349,1.0341804414818279,1.0136891635917493
2023-03-17,1.2954371920568712,1.1187932037375414,1.1181261336203407,1.0542404531596834,1.0198343084379984
2023-03-18,1.2738000297448477,1.1137610477455877,1.1054360205336324,1.0510207905987066,1.0198014764589844
2023-03-19,1.3244762452702556,1.1240961149024287,1.1050627813386118,1.0509252360638472,1.0224906734813044
2023-03-20,1.3116541308987337,1.1215744597887727,1.0978540227522822,1.0493373815302558,1.0221396178278084
2023-03-21,1.3309544221103862,1.1253436217758566,1.1036951588191928,1.0506120120461717,1.0241620430408547
2023-03-22,1.2899343952662148,1.1173833471124008,1.0777056533285518,1.0449341412439028,1.0198513860821932
2023-03-23,1.338425324010329,1.1270403002313216,1.110016464944929,1.0521366233689844,1.0221331685821449
2023-03-24,1.2987133692756394,1.1195031480252686,1.0916453069650391,1.0482112207719487,1.0212641702470444
2023-03-25,1.2987805350603554,1.1195114744037853,1.0915403813829387,1.048190301273501,1.0212440042047977
2023-03-26,1.3223814662290807,1.1241653677814862,1.1009057115746717,1.0502501249572866,1.0242251062090812
2023-03-27,1.2820198116922348,1.1163184691227428,1.0734550038693258,1.0442613201691495,1.0194673958455442
2023-03-28,1.2880776488137307,1.1175263235271125,1.0773739754221516,1.0451345643697143,1.0199762542936692
2023-03-29,1.3391087912262298,1.1274616282842265,1.1009821592878828,1.0502732680244125,1.0255742084272361
2023-03-30,1.3242347067752196,1.1246006079915911,1.0908465996431334,1.0480649237101085,1.024860858771996
2023-03-31,1.34525169270694,1.1290450801255196,1.096221664282286,1.0493635188893078,1.0277168203999896
2023-04-01,1.342065561924824,1.1283787059153805,1.0940262502836409,1.0488401864959367,1.0271999874154734
2023-04-02,1.332064133729292,1.1262833244771178,1.0875797464068344,1.0473001706796319,1.0254603789796777
2023-04-03,1.312739854737384,1.1219406466308233,1.0741382118150866,1.0438604488760075,1.0218573176219983
2023-04-04,1.3305894388077266,1.1266188771883412,1.0865036826471532,1.0475465153929704,1.025644969896624
2023-04-05,1.3310568314799396,1.1267389701150632,1.086793538267537,1.047631231102578,1.0257435606548326
2023-04-06,1.3247343906900846,1.1250775354535363,1.082591186593665,1.0463736867876565,1.0243397112032468
2023-04-07,1.3191470831043735,1.1235879850889607,1.07866938804037,1.0451838791225372,1.0230825896181472
2023-04-08,1.3201832629507262,1.1239027015791845,1.079393087484307,1.045433933679675,1.023347162708213
2023-04-09,1.338381776963096,1.130706783434329,1.0921165825064052,1.0508459959930583,1.0287768550266683
2023-04-10,1.4007319225320176,1.15610990206679,1.1358147054296817,1.071123488776783,1.0442709717778258
2023-04-11,1.4282278233894148,1.1670128299684408,1.1540623489247375,1.0793908590758998,1.0450072173746603
2023-04-12,1.4236927490106892,1.1653899576474915,1.1531060333049905,1.0789839234900984,1.0440818037064363
2023-04-13,1.4359751383264583,1.1699479082077733,1.1591928451907156,1.0815720779604532,1.0474903256666537
2023-04-14,1.4400674536380798,1.1715531899546647,1.1618255134454278,1.0827574820414603,1.0487751661177385
2023-04-15,1.4321692002068123,1.1681162960369689,1.156458207245802,1.080082280103043,1.0459399798773197
2023-04-16,1.432020845012,1.1680513931706713,1.1563472016762635,1.0800267150007383,1.0458833266617742
2023-04-17,1.3909095723421638,1.150101085912669,1.128033759110485,1.0658726143259656,1.0328031066148995
2023-04-18,1.4359036362891575,1.172434548037591,1.1593656188962003,1.083644687138705,1.040331050216454
2023-04-19,1.3615106101642505,1.1395937875971816,1.1221760286411182,1.0648433275052984,1.0361853921380333
2023-04-20,1.3342691642989504,1.1267393512594528,1.111306412537303,1.0590421068992568,1.0360566791373185
2023-04-21,1.2884923606300747,1.1090124624185669,1.1090100949658004,1.0580149682299411,1.0312331536813317
2023-04-22,1.3140284598405816,1.1189339247130825,1.1220958147273723,1.0636521956843275,1.0336077077373322
2023-04-23,1.3033473471175736,1.1150604857814477,1.1181625095359158,1.0620617599965367,1.0313446939685595
2023-04-24,1.300227551773934,1.1139466130301516,1.1161718753317098,1.0612780682249647,1.0304559526344454
2023-04-25,1.337179435608126,1.1271943579421688,1.1422162148448698,1.0716409549085137,1.0407280491656112
2023-04-26,1.3426166350458524,1.129129837468151,1.1461650834550852,1.0732055248396324,1.0418072170617094
2023-04-27,1.3922672807046363,1.146058692858122,1.1726648471027197,1.083263200645976,1.0528916071839827
2023-04-28,1.385959878407788,1.1439504165377794,1.168149738063586,1.0815696045252332,1.0520782021078703
2023-04-29,1.3816247329514242,1.1425625098308487,1.166429617264985,1.080947681856364,1.0509964724010523
2023-04-30,1.3825845209437317,1.1428664936499504,1.166845256949463,1.0810956162895442,1.0512243951236424
2023-05-01,1.3269747571052737,1.1251537299213439,1.1269300606739439,1.0668454795029836,1.0386671374511818
2023-05-02,1.3547961536886017,1.1351928170607213,1.1472051006239918,1.0750139752921424,1.0408257875724314
2023-05-03,1.3701847760260966,1.140406754385279,1.1509254999192573,1.0764171526231812,1.0435457327467537
2023-05-04,1.3626930232094698,1.1379399055807449,1.1466382208998116,1.0748365031770917,1.0416903561457143
2023-05-05,1.395129760974687,1.1485965845120758,1.1685032914293099,1.0829010594274964,1.0499718056742071
2023-05-06,1.3653814075512802,1.1389531264286477,1.1473856185762437,1.0751951932433392,1.0435782914540477
2023-05-07,1.3441413352631817,1.1321658658318055,1.1346117756545204,1.0706089237743703,1.0390672126102514
2023-05-08,1.3082075481794573,1.1207682141303341,1.1128423575378592,1.0628761599815497,1.0310523369577123
2023-05-09,1.306530710078891,1.1202099836665687,1.111689529393452,1.0624487249246177,1.0306871615886968
2023-05-10,1.304782000898251,1.1196079994102541,1.1106569163128006,1.0620618152692294,1.030166756145834
2023-05-11,1.275449097376734,1.1082619594855339,1.089763709600098,1.0530611883748324,1.0208009351364449
2023-05-12,1.266200055134991,1.1045662064788209,1.0829870671967043,1.0500499544464632,1.0179990863786892
2023-05-13,1.265212219891923,1.1041422406223191,1.0823025532007304,1.0497409025726387,1.0176281213896925
2023-05-14,1.2721353700557962,1.1071105141471889,1.0871736245738497,1.052062673646798,1.0201551737478454
2023-05-15,1.2845141717960542,1.1124320313241578,1.096217311625655,1.0563857141913953,1.0246931562497956
2023-05-16,1.2771430959662522,1.1092868341208504,1.090846734484665,1.0538357765945618,1.0220369531423203
2023-05-17,1.294250258237681,1.1170259171662897,1.103113316347496,1.0600151970982756,1.028559388344344
2023-05-18,1.267485800156696,1.1049447753386485,1.0837106514005828,1.0502640068644737,1.018767174627912
2023-05-19,1.2702217910162446,1.1063146713490117,1.0856144591867194,1.0513407695812562,1.0198350277932675
2023-05-20,1.2815331365351241,1.1119563964358914,1.0927886262089692,1.0553187676963036,1.0245494826845911
2023-05-21,1.263783194013536,1.1031548578586017,1.079942220585583,1.0482308124289044,1.0171840928674347
2023-05-22,1.2683865413052973,1.1054159008484068,1.0832534687544988,1.0500393020216867,1.019034634825063
2023-05-23,1.286074576901687,1.1153231145736338,1.095545034662625,1.0577141171666233,1.0271862358863224
2023-05-24,1.2439903229604026,1.0900598209842671,1.064411065436798,1.0369084765870729,1.0087169474281805
2023-05-25,1.250669166808441,1.0940567317898362,1.0691853654384738,1.0400847122527954,1.0106658368196408
2023-05-26,1.2621518404347625,1.1002109450525794,1.074509072006101,1.0432472926317666,1.0152965479756417
2023-05-27,1.269193176546742,1.1043095944524168,1.0793030353675992,1.0463625130493817,1.0184826537005043
2023-05-28,1.3266950226832146,1.1383798241475438,1.121003005600066,1.0738925416546419,1.041360092328682
2023-05-29,1.3106455369996755,1.128904044233806,1.1092369967223907,1.0661368946125955,1.039983151498126
2023-05-30,1.3085890461462162,1.1278172969007914,1.1084837833898815,1.0656674995547124,1.03916970576972
2023-05-31,1.2857879229276317,1.1166105826945065,1.0940635897571678,1.0577661769999644,1.0302599313074303
2023-06-01,1.2669077869132273,1.107265125131322,1.080264036145959,1.0501616342957854,1.0229936324457176
2023-06-02,1.2872018180523184,1.1175737585189554,1.0942411820155469,1.058068901553388,1.0311407492927749
2023-06-03,1.278960723884781,1.1134753526599932,1.0884788004932333,1.054884914597987,1.0279129198978982
2023-06-04,1.2810362204410586,1.1144791845833042,1.089918755286513,1.0556601361325506,1.0287127485009324
2023-06-05,1.2168419681346334,1.0833148548786218,1.0429601864649225,1.0302811421653948,1.0079244705985857
2023-06-06,1.2866913396363386,1.1182981469956446,1.0951979093288093,1.059311365768368,1.0081254993874469
2023-06-07,1.2445184231688013,1.1010843446035752,1.0903574023388947,1.0570756883257657,1.0081058397514322
2023-06-08,1.25218122731079,1.103711360827468,1.0904298002624477,1.0570984414386158,1.0085751315141185
2023-06-09,1.2508660511279248,1.103261825797608,1.0898615565218528,1.056887816513027,1.0081690332089228
2023-06-10,1.2211473133870645,1.093250297355172,1.069277239159257,1.0492639521581824,1.000301527421592
2023-06-11,1.225348035013303,1.0946915206652374,1.0724091267969367,1.0504417634219205,1.0013287915583295
2023-06-12,1.2235686952824902,1.0940879067817477,1.071190624644189,1.0499883077050627,1.000818308253996
2023-06-13,1.2243352893830461,1.0943468610502924,1.0717029703584033,1.0501780287176479,1.0010311674765549
2023-06-14,1.1868262432220689,1.0815438803510657,1.0430659295229228,1.0394619581714415,0.9910789106117102
2023-06-15,1.2081642963664425,1.0892925680897982,1.0594677376570723,1.0459753398490448,0.994945563945997
2023-06-16,1.2436428691894685,1.101589654429008,1.078559664990147,1.0532194335641072,1.0020994867762225
2023-06-17,1.2522973835236435,1.1045011613247544,1.084194868642183,1.055312660404143,1.0035845934168806
2023-06-18,1.244056197095413,1.1018300867681312,1.0796881074940425,1.0536996858818632,1.0015958066963806
2023-06-19,1.26837482419725,1.1104671723848794,1.0970787106044964,1.0605093972633455,1.007870350561358
2023-06-20,1.3381190185086034,1.1350967540691557,1.148984953764974,1.0807483347565363,1.0195943370927993
2023-06-21,1.4184136844012645,1.1619841908786246,1.203690792862189,1.1010607629660953,1.0195654622735633
2023-06-22,1.4129806366947362,1.160384354723594,1.2029815916933646,1.1008132376499613,1.019563492560745
2023-06-23,1.4499764366189347,1.1701722981741134,1.2033105603108323,1.1009094015738226,1.0248130706775527
2023-06-24,1.4430432300394926,1.1683650849443155,1.1986828435874157,1.0995419925216419,1.0237827476786208
2023-06-25,1.439810599867958,1.1675249824837786,1.1968389298322328,1.0989990260705815,1.023111102600805
2023-06-26,1.42993178613381,1.1649657730316254,1.189823499723169,1.0969418185644961,1.02105210949273
2023-06-27,1.4496313816260264,1.1706557099960193,1.204062612922051,1.1015964560997002,1.02560056713968
2023-06-28,1.421198296646178,1.1616464600452052,1.1836131137713544,1.094257156416878,1.0186791295691728
2023-06-29,1.4381615322360726,1.1674700462361323,1.1954479115725332,1.098864625960342,1.0229771546319528
2023-06-30,1.4396684261395967,1.1679582050943296,1.1964001670995512,1.0992132840217461,1.0233607722304392
2023-07-01,1.4449980496089456,1.1697175176103185,1.2000711143151268,1.1005856534310938,1.024778238778054
2023-07-02,1.4464478341433225,1.170207172105001,1.20109777855998,1.1009786872368752,1.0251755344620173
2023-07-03,1.471751528667429,1.1789575401441736,1.2194241879605374,1.1081592807308003,1.0322273571752236
2023-07-04,1.4538552606862811,1.1728147743747908,1.2064534583789426,1.1031086050389571,1.0275358747387706
2023-07-05,1.441412153242799,1.1685142033425948,1.1980020318637883,1.0997978521385554,1.0241873949726688
2023-07-06,1.4128415998299468,1.1578868075948294,1.1781010039580841,1.0914153493697922,1.0158801425388466
2023-07-07,1.4332920128441664,1.1654366601050938,1.1926901873921116,1.0975105465293749,1.0214197963221812
2023-07-08,1.4309431478536674,1.164586345251245,1.1911106580548947,1.096863229864378,1.020765513812225
2023-07-09,1.4252129284540482,1.1625274564097112,1.187172888828223,1.095263660840226,1.0190958389878721
2023-07-10,1.436702798414446,1.166688253477652,1.195446046331688,1.0986522782779293,1.0224703925028877
2023-07-11,1.4464564143877983,1.1702161039938759,1.20251343653731,1.1015452646654575,1.0252938570269567
2023-07-12,1.4356246399526458,1.165525281365818,1.1947316967262782,1.0977335562590187,1.0216604558895186
2023-07-13,1.48684906851759,1.1980668656529079,1.2316443124565717,1.1242727248994502,1.043369214413261
2023-07-14,1.4329047947144233,1.1641912372969225,1.193052742184155,1.096818651173514,1.0360939675660565
2023-07-15,1.43109740773285,1.163107874884827,1.1920868950796843,1.0961552043596885,1.035867123768
2023-07-16,1.4288926539452718,1.1619666398841586,1.1913331749601244,1.095708674093994,1.0349581706407034
2023-07-17,1.424015661437209,1.1595801949204343,1.1878290311961066,1.093769408177263,1.0330073841736562
2023-07-18,1.4103486236365268,1.1528503169942852,1.1779378526219668,1.0882618615798927,1.0274665111651995
2023-07-19,1.4130582279377941,1.1542102916173185,1.1799058222789411,1.0893782683074489,1.0285820964396926
2023-07-20,1.4072995922446414,1.1511980303869958,1.1757738525852632,1.0869446998232477,1.026080681214421
2023-07-21,1.4128135525791858,1.1541213930988423,1.179783582875899,1.0893472316452357,1.0285054544573697
2023-07-22,1.4063447863297713,1.1506909669043113,1.1750745505535467,1.08652459054354,1.025668672700306
2023-07-23,1.421117660800241,1.1585349577308548,1.1858412417838369,1.0929851824497812,1.0320447086226063
2023-07-24,1.3782438398457708,1.1358721709077684,1.1546830106826638,1.0743642019529236,1.0148831762587547
2023-07-25,1.3806281329424936,1.1371715639038706,1.156382557454609,1.075420848395694,1.0155963090838787
2023-07-26,1.386654785949657,1.1401874825017388,1.1589770853674557,1.076877127730756,1.0179231228060104
2023-07-27,1.379839211754161,1.136738929563042,1.1542069220312672,1.0741499576648545,1.0150821894533233
2023-07-28,1.3849671533479755,1.1394183289269366,1.1578539178252234,1.076303100228034,1.0172992416971756
2023-07-29,1.386746677600175,1.1403680622320524,1.1591356140476672,1.0770760465026188,1.018088000982904
2023-07-30,1.382891656791698,1.1382945708673948,1.156339728180385,1.075378501995334,1.0163606419596587
2023-07-31,1.3807566520882477,1.1371459123150054,1.154783473264572,1.074432553798094,1.0154047938900321
2023-08-01,1.4018066673481664,1.1486041865314542,1.170108986593412,1.0838571977520408,1.024847251392944
2023-08-02,1.3770649327068962,1.1350604595822311,1.1521108450645106,1.0727194071295278,1.0142072853983732
2023-08-03,1.3783271512518125,1.1357214585812807,1.1529329899895016,1.0732046994243845,1.014714700681102
2023-08-04,1.3733866833867656,1.1325002769643617,1.1496933124731756,1.0708430559883502,1.0120500899100922
2023-08-05,1.3718767448803628,1.1311443785745805,1.1485681741073537,1.0697146715994341,1.0109193262293754
2023-08-06,1.3718639206439953,1.1311335606107942,1.1485523236054462,1.0697003453775946,1.010909378098787
2023-08-07,1.3784168286456915,1.13648027262128,1.1533286534031248,1.0741025605967318,1.015354053341226
2023-08-08,1.4060466920297474,1.1590147928880048,1.1734830087670387,1.0926702590857862,1.0337540741426146
2023-08-09,1.3964103393975682,1.1510899252272846,1.166512293607564,1.0862006157972004,1.0276880761303258
2023-08-10,1.3901796057368447,1.1464440042350508,1.1625183433068358,1.0828309824537208,1.0239424430508295
2023-08-11,1.38867381896164,1.1453392548752501,1.161409096986184,1.0819171027544363,1.023025738687075
2023-08-12,1.3895359028797525,1.1459699751569963,1.1620186010396556,1.0824207663697176,1.0235485833645361
2023-08-13,1.3832509199313738,1.1413500794805935,1.157439769796018,1.0786192165818325,1.0196983007623754
2023-08-14,1.3891806069498882,1.145828329681195,1.1617633684658553,1.0823070866622908,1.023411560912687
2023-08-15,1.3779335671342323,1.1365048201165977,1.1535952099242706,1.0746627333034535,1.0158192286350383
2023-08-16,1.3557995809888361,1.1182489458548552,1.1375331774911903,1.0596997137551356,1.0019679471422
2023-08-17,1.259566049983892,1.0388765621256295,1.0682649492203342,0.9951710273630237,0.9588778748832308
2023-08-18,1.2305152796624594,1.0149157984967454,1.0483534472947045,0.9766219306785991,0.9585843736977069
2023-08-19,1.2327188340610247,1.0156399657252293,1.047931613181102,0.9762284347038482,0.958890340984795
2023-08-20,1.2371298178072738,1.017516452426332,1.0493620466435738,0.9769186791122549,0.9602810646840348
2023-08-21,1.2340384387571677,1.0162033569966527,1.04711384234053,0.9758390030940627,0.9591355954853656
2023-08-22,1.229669710408446,1.0143550483200308,1.0439141216449856,0.974309126983471,0.9575177226000819
2023-08-23,1.248563962308924,1.0226292956543075,1.057828422733504,0.9812035543423309,0.9647231047910806
2023-08-24,1.2358444418283416,1.0170266003601414,1.048461489003586,0.9765309413979987,0.9600127830080085
2023-08-25,1.2304260635720465,1.0146960020882476,1.0447082817005797,0.9747033968482193,0.9580184436531421
2023-08-26,1.2285741146756137,1.013901757650635,1.0433759390766757,0.9740578055627365,0.9573221152611432
2023-08-27,1.232411236909592,1.015549215475349,1.0461739620443609,0.9754167806162147,0.9587580438684922
2023-08-28,1.2331886255112632,1.015882629819056,1.0467442183817128,0.9756935116714136,0.9590298163407023
2023-08-29,1.309772012755595,1.0488275852387146,1.1032408998207597,1.00319423664295,0.981766321414277
2023-08-30,1.2894539015755548,1.0398494930951965,1.088327718522141,0.995711242397778,0.981564548884787
2023-08-31,1.2249372904067706,1.0183940313418087,1.0876229160946396,0.9953855400865604,0.9764347256271406
2023-09-01,1.2187610828157822,1.0162976977403777,1.0841364268957185,0.9940838238315289,0.9763313615625084
2023-09-02,1.2219767370197516,1.0172781796607775,1.0839610688204968,0.9940137137682002,0.976903066347256
2023-09-03,1.2267367429687213,1.0187561482618956,1.086489891695149,0.9948788237752533,0.9781343604347909
2023-09-04,1.2193133553258233,1.0164625863169858,1.0809122847957082,0.9929795478366066,0.9760999599715662
2023-09-05,1.2177812742530307,1.0159873243313338,1.079727691422838,0.9925746065074013,0.9756762015447841
2023-09-06,1.216517856319102,1.015595023690848,1.0787600128478645,0.992243526524544,0.9753254212779175
2023-09-07,1.2395205691525275,1.0227689191784697,1.0965091409538088,0.9983423312935886,0.9816494939875022
2023-09-08,1.2237176963021557,1.016548417688715,1.0843234418211343,0.9930496252614337,0.9765334968195021
2023-09-09,1.2232464286808247,1.0163594182022389,1.0839470102564193,0.992886878569043,0.9763658268249217
2023-09-10,1.2202491555378756,1.015180979453073,1.08176027705967,0.9919431522349095,0.9753337478467565
2023-09-11,1.1886202524031155,1.0027448620008395,1.0575613453464667,0.9814560086032547,0.9649241092167496
2023-09-12,1.2203019286544383,1.015376472999425,1.0820640988403543,0.9922029141701233,0.9728606246224558
2023-09-13,1.2389598086587046,1.0224231424632402,1.092932269660413,0.9967244126795084,0.9770962530187081
2023-09-14,1.2536671780369377,1.0277713777973168,1.1001403367627394,0.9996203923867897,0.9811559605312657
2023-09-15,1.25692748641646,1.0289391415012732,1.1021449059518091,1.000418448706803,0.9821223734690384
2023-09-16,1.2550185204115731,1.028257803593449,1.1007524657877508,0.9998692475912669,0.9815159012654312
2023-09-17,1.253408017749483,1.0276832721831124,1.0995109746841878,0.9993782344443708,0.981003464628154
2023-09-18,1.2638046907550744,1.0313934946990189,1.1074350590274458,1.0025131813203438,0.9842939852327979
2023-09-19,1.2853844669158707,1.0390565414603317,1.1239119280562424,1.0090034740405363,0.9909563420977182
2023-09-20,1.2816475397948066,1.0372484811080867,1.1211081919539854,1.0075052969950564,0.989456056495029
2023-09-21,1.2549878898614004,1.0249743595133796,1.1026668170559608,0.9980772096691383,0.9789064001732424
2023-09-22,1.2555516949581025,1.0252241424220188,1.1030540205781445,0.9982664477949635,0.9791235412970285
2023-09-23,1.2555432992350128,1.025186874208924,1.1029905648352722,0.9981971822289968,0.9791184036792372
2023-09-24,1.240306168955902,1.0159964468671185,1.0915487920065647,0.9905482826158742,0.9709883427087395
2023-09-25,1.242273812761722,1.0171876817460082,1.0930428200789313,0.9915503117596016,0.9720210410104995
2023-09-26,1.2384366905277437,1.0149027627932476,1.0901941614161441,0.9896708228900571,0.9700018854860956
2023-09-27,1.2448357999537234,1.0187068926641702,1.095076289042425,0.9928858320245693,0.9733584217539568
2023-09-28,1.276429644025033,1.0374260884509672,1.119476486317939,1.0089046054845867,0.9893133716632577
2023-09-29,1.2712417329805792,1.0341939450321502,1.115512420132214,1.0061719879341622,0.9869412531426982
2023-09-30,1.2738962576479518,1.0357163284681319,1.1164131970008717,1.0067335816113117,0.9881930400785178
2023-10-01,1.3218816900535242,1.0635132361787327,1.148719419228227,1.0274923235183944,1.0091868541058802
2023-10-02,1.3004847745868309,1.0512072925368252,1.132781580827433,1.01730164013858,1.0047837235795403
2023-10-03,1.2957229234239955,1.0485440621912798,1.132031167577976,1.0168262770857037,1.0028602584574646
2023-10-04,1.313173203213774,1.0583648538519574,1.138547565092998,1.020898278534654,1.0109861414727908
2023-10-05,1.2950584619109127,1.0480314879873047,1.126415877735849,1.0132009884920046,1.0023422821635029
2023-10-06,1.32012670714574,1.0623103960820204,1.1430181703835172,1.0237125965984497,1.0142092631320756
2023-10-07,1.3211773719209394,1.0628721369277663,1.1437165737746633,1.0241399993327074,1.0146565416319424
2023-10-08,1.3195831071408686,1.0620191071499623,1.142753147726585,1.0235652000672517,1.013911911715809
2023-10-09,1.3029832864218478,1.0532572882646765,1.1308106993334872,1.0165499090244767,1.00617977456136
2023-10-10,1.293882599374917,1.048419848536247,1.1239173507574967,1.012475070877163,1.0019992619917204
2023-10-11,1.2694277954897821,1.035317635020087,1.106326466136156,1.002000229168084,0.9906594065198172
2023-10-12,1.2639236147887263,1.0323651986726714,1.1022023597731445,0.9995468862432461,0.9882079049134915
2023-10-13,1.2689107665645785,1.0350659862825227,1.1052743065227129,1.0013991080939049,0.9905527146335334
2023-10-14,1.268879213407473,1.035047893379428,1.1051864210907834,1.0013471519967303,0.9905375300986293
2023-10-15,1.2829533976476488,1.0426341772658994,1.1157866631013647,1.0076944280776314,0.9969201215388237
2023-10-16,1.347187598834269,1.0779029096609787,1.1648787477680218,1.0376489932988924,1.0202209716269253
2023-10-17,1.3422881869777366,1.0752817887466755,1.1613339456436376,1.0355374962989998,1.0198596010352419
2023-10-18,1.3381593364315716,1.0734478420873135,1.1608440653552663,1.0352468723903097,1.0184856024806963
2023-10-19,1.3566511471879137,1.0813069527995924,1.1697683495168596,1.0394642512288004,1.0247189450068332
2023-10-20,1.4021475706098776,1.1012728798190672,1.2011846440176264,1.054837478802089,1.0390503660955126
2023-10-21,1.413270243010977,1.10605429916853,1.2085132786358856,1.0583598703516774,1.0411439996216079
2023-10-22,1.4168359342852928,1.1074575719576458,1.2085765576681682,1.0583729288716262,1.0420695836126084
2023-10-23,1.5629101679772004,1.1713602483267667,1.2829965601786681,1.0948595532820722,1.0818711359432809
2023-10-24,1.6014225491777188,1.1881471599987106,1.3084134583597957,1.1074765115714946,1.081670727380244
2023-10-25,1.629826110735714,1.1953142259598362,1.3078847361040282,1.107216036561864,1.0841283838642002
2023-10-26,1.6134738254567933,1.1911838805051886,1.3056199898443275,1.106555958146782,1.0814675806441554
2023-10-27,1.6018133654745,1.188154368584825,1.3015982686014855,1.1053574695321557,1.0790767668528733
2023-10-28,1.610305408727789,1.1903350196672242,1.3062599056916966,1.1067308316283226,1.080869845769007
2023-10-29,1.6315106064738234,1.1957259743306807,1.3203341088368667,1.1108341182407748,1.0853688636703218
2023-10-30,1.6298045217334838,1.195293452578421,1.3191296519807425,1.1104836258671729,1.0850124070974216
2023-10-31,1.637618448891083,1.1973076035400594,1.324141235318679,1.1119727292702812,1.086694390040814
2023-11-01,1.6739663942269911,1.2067302866562843,1.3494838053107907,1.1195187356425962,1.0944222972299287
2023-11-02,1.6503943406552661,1.2004779861682635,1.3329797157940788,1.1144810477874827,1.089793731642957
2023-11-03,1.6406672957615818,1.1978485756843336,1.3281119418801777,1.1129717328364106,1.0877079287824547
2023-11-04,1.6571943227935961,1.2022028383554637,1.33760820287425,1.1158506778393908,1.0913151019087368
2023-11-05,1.655643051496599,1.2017975687528626,1.3364870873196901,1.1155162451131733,1.0909790344628207
2023-11-06,1.6550769398825644,1.201650149012408,1.3361051638963783,1.11540188464043,1.090852099224397
2023-11-07,1.6742643962663217,1.206898785914211,1.3495555636463206,1.1196328605432537,1.0952642644472295
2023-11-08,1.684265270897694,1.209629655704392,1.356642706587043,1.1218601341028451,1.0974817753819432
2023-11-09,1.7332905735773503,1.2230853005614983,1.38918785364004,1.1321482256228532,1.1079751491857692
2023-11-10,1.7626176646751897,1.2309870499531568,1.4092335624690133,1.138386397774436,1.1126282835272743
2023-11-11,1.7543077440304573,1.2287518888879483,1.4067236873827345,1.1376076238711388,1.1109891312217883
2023-11-12,1.750361938699782,1.2276891732228377,1.4049978238382692,1.1370711357850116,1.1101158126428734
2023-11-13,1.724279102620832,1.2207082309925736,1.388532063055797,1.1319882806299106,1.1045639883013398
2023-11-14,1.6787084093407687,1.1953462458180362,1.356991002797963,1.1117925954650567,1.0879028054660698
2023-11-15,1.7893830453631077,1.2568012352913411,1.4280955843385088,1.1572228937808675,1.1073614876468794
2023-11-16,1.7078600205999686,1.2163632440214949,1.3980241330892877,1.1399993754855828,1.1072041994880237
2023-11-17,1.7287349250640205,1.223483429053767,1.3977037221786586,1.1398150544319916,1.1073803352040257
2023-11-18,1.7282162354463377,1.2232884502185641,1.3977002726746452,1.1398138652499468,1.107146710106615
2023-11-19,1.766046072037888,1.234566641542838,1.4113647482201275,1.1445076639132044,1.1153867082853055
2023-11-20,1.770316819530335,1.2358284123127545,1.4137734983175596,1.1453334517187768,1.11617861779145
2023-11-21,1.6917540713721353,1.2129941897979808,1.378551627789164,1.1334523599208106,1.1025008570908508
2023-11-22,1.7682092162527925,1.2358106226311605,1.4280303421244946,1.1503847931956144,1.1032229234183504
2023-11-23,1.7614675428726227,1.233987840504227,1.427371715967001,1.1501664011517148,1.103158701789217
2023-11-24,1.7818108412219313,1.2390879223761522,1.4273991273869462,1.1501740715348312,1.106324457120662
2023-11-25,1.7854250616209184,1.2399908636450292,1.428657855268402,1.1505385740950997,1.1069903514885175
2023-11-26,1.770419044378502,1.2362482259476983,1.4198455712495033,1.1479902113929625,1.1039223633156616
2023-11-27,1.759792826768002,1.2335814057574552,1.4125768841853554,1.145878015457527,1.1017371162988245
2023-11-28,1.787044974873724,1.2404110333657135,1.4312279687267815,1.1512888189141086,1.1073285239033424
2023-11-29,1.7883395769219852,1.2407320087974938,1.4321179532471733,1.151544756662518,1.1075778078209433
2023-11-30,1.7814548994672141,1.2390332164361164,1.4277689384440555,1.1503009480267994,1.1061934826083162
2023-12-01,1.8275588595545003,1.2507326037816886,1.4595885317075876,1.1596547180979577,1.1152871152812185
2023-12-02,1.864762246038604,1.2601043507910132,1.4856728239333552,1.1672829493782184,1.1208046286619469
2023-12-03,1.8884782262918631,1.2658741819348958,1.4943665570218232,1.1697402654868003,1.124115448586658
2023-12-04,1.9830338120679214,1.2884727674648668,1.5310301140698015,1.1799749018076284,1.1353563870804184
2023-12-05,2.0822585270100578,1.3117152184585983,1.5835353741947695,1.194563796494435,1.1354679423982161
2023-12-06,2.066471615259625,1.3082240777927505,1.5829689012760273,1.1944098946768298,1.1354295816903441
2023-12-07,2.045036134823136,1.303157738290647,1.5829583939151106,1.1944069690766785,1.1323022978460822
2023-12-08,2.086318735600414,1.314213868096912,1.600525558520218,1.1999939995134439,1.140130527807047
2023-12-09,2.065505092236707,1.3087880305863433,1.5882620206529063,1.1961953474974882,1.1363892121932095
2023-12-10,2.0680424458236,1.3094512995667098,1.5893645995133954,1.1965378485226692,1.1368580460155042
2023-12-11,1.9482544830393493,1.2784307294736348,1.5173629471434649,1.174371774479298,1.117821664087434
2023-12-12,1.9580038550208103,1.2810448707063413,1.5238549377581754,1.176425185280267,1.1176792443867687
2023-12-13,2.0260503603149136,1.2979404265517354,1.523211387615724,1.1762218431012863,1.1247465807776749
2023-12-14,2.032343831247075,1.2995633092022147,1.5255159668153082,1.176945887143153,1.1252121897142962
2023-12-15,1.9806558849590366,1.286547224207972,1.521759142863042,1.175800663548173,1.1170541830461898
2023-12-16,1.9953164781657708,1.2902956279399658,1.5284903343010041,1.1778478742184142,1.11922666382331
2023-12-17,1.953962283090499,1.2802012450872882,1.515324600649437,1.1740161312272623,1.1122775937073557
2023-12-18,2.0134283593871403,1.2950163821041272,1.5487219493803297,1.1838558125892515,1.1208961283203775
2023-12-19,1.996752977160314,1.2910269691660425,1.5407316800325024,1.1815833959850526,1.119088915373275
2023-12-20,2.0620220665435807,1.3063816144826703,1.5503568702025239,1.1842672879209888,1.1282894312897591
2023-12-21,2.072267985576334,1.30872634832185,1.554994235565316,1.1855480140150805,1.1293007433674174
2023-12-22,2.0783498104780853,1.3100808098089212,1.5552537820568235,1.1856151551343546,1.1302198101054266
2023-12-23,2.066145565969534,1.3073196496837254,1.5489489865345991,1.1838915487376898,1.128046327760681
2023-12-24,2.0319727587386573,1.2995093248726866,1.527613046695115,1.1780013079187797,1.121940140982104
2023-12-25,2.060174638421118,1.3060047922597842,1.5459038716362756,1.1830819491171474,1.1267070638257068
2023-12-26,2.0085564412172077,1.293288588570486,1.5160063417196994,1.174217294432485,1.1177532733902764
2023-12-27,2.0521307976158374,1.3054414492360733,1.5412681894973888,1.1826933712932524,1.12496116739836
2023-12-28,2.0136322555193127,1.295106971477753,1.5270061381615103,1.178073180627579,1.1185944164826374
2023-12-29,1.9886694642569172,1.288465290195491,1.5184564853979565,1.17534441711318,1.1140753476886534
2023-12-30,1.991385619067408,1.2891949904446156,1.519523292645525,1.17568689088595,1.114600758644954
2023-12-31,1.9965007364248548,1.2905667092742767,1.5222301631857418,1.1765551642127867,1.1156350306800609
2024-01-01,2.086353241099704,1.3146363257312377,1.580419252762146,1.1951932754076278,1.1309604942772244
2024-01-02,2.123700923308115,1.326555192137651,1.6052002337704248,1.204686266225124,1.131575408458077
2024-01-03,2.0240396307653254,1.2984640450724207,1.6035460410485176,1.2040959535596605,1.125506571247115
2024-01-04,2.0869479535286586,1.3175576315557114,1.620963414517049,1.2102883109668332,1.1258898243883775
2024-01-05,2.0861340296924444,1.317305734098798,1.620676352340998,1.210186798607723,1.1257878683086697
2024-01-06,2.077938512307393,1.3151767528210112,1.6202055537082913,1.2100423241643323,1.1242827146885994
2024-01-07,2.0757609754243354,1.3146097931114804,1.6186695103649487,1.209570538163277,1.1238591483586522
2024-01-08,2.218768002367779,1.352836062210792,1.7103220308898417,1.2384787398497508,1.1470326964749973
2024-01-09,2.179524362912235,1.3422901837447503,1.6838549181192375,1.2300324165821475,1.1468572585888737
2024-01-10,2.202578464951824,1.3473943956299506,1.6831195391159293,1.2297959310625297,1.1490682553084592
2024-01-11,2.190334917387931,1.3446372007785845,1.6792962794671251,1.228768711894631,1.1473169058626118
2024-01-12,2.0242754490973773,1.3072266628937963,1.5927193954013654,1.2055214687719218,1.1265874950463126
2024-01-13,2.0237659855490238,1.3071055734071464,1.592267413537826,1.2053967530730936,1.1264533677788948
2024-01-14,1.9743502356153593,1.297413026210536,1.5916077833673943,1.2052140522871722,1.1211580666855336
2024-01-15,2.008158059543576,1.304178605244907,1.6075409541026076,1.2088890424417515,1.1249045833142142
2024-01-16,2.038530648817791,1.3101282775439957,1.6179474501146425,1.211249223349031,1.128790705793543
2024-01-17,2.019054970028192,1.3063211032415805,1.6090746292242606,1.2092289881861822,1.126143937511889
2024-01-18,1.9491154598291414,1.292471374802299,1.571623270719126,1.2006148776382959,1.1169060193483544
2024-01-19,1.9659484233201088,1.2959113932662742,1.5823754636436467,1.2031464932362728,1.1182773488697926
2024-01-20,1.9681770726272496,1.2963459890923157,1.5821269319425895,1.20308569811532,1.1185287780514188
2024-01-21,1.962517986222158,1.2952309656545111,1.5789775053374806,1.2023695892135435,1.117697033891706
2024-01-22,1.8662282684549996,1.2762242412823777,1.5151288079699121,1.1878281398733026,1.1057318226761708
2024-01-23,1.8822032074983595,1.2796827918286953,1.526391417890583,1.1906239992606944,1.1058329002666376
2024-01-24,1.8931397900810907,1.2819368736082248,1.525773899824122,1.190470488018787,1.1070714611307706
2024-01-25,1.8863722837067993,1.280467121729654,1.5223962756837826,1.189630535076274,1.1060160158309893
2024-01-26,1.9753234014081944,1.3003870075272845,1.5785846330260842,1.2041173645931351,1.1183180208036725
2024-01-27,1.9896450288277772,1.3035000957938305,1.588384910807731,1.2065857063390721,1.1184677877765554
2024-01-28,1.9856553074070953,1.3026843547990397,1.5876846665039606,1.2064103563132391,1.1178887770455574
2024-01-29,2.044827441134911,1.3145384352985077,1.6138084229252678,1.212472113083608,1.1260514875847805
2024-01-30,2.0289728100356026,1.3108142195535677,1.6034942500025582,1.2096495994791725,1.124020575160687
2024-01-31,2.0114947597771433,1.3068639417557313,1.598851261709139,1.2084206374396882,1.1211035542927357
2024-02-01,2.0347907693545415,1.3121793707475473,1.6117586403603006,1.2118471993152757,1.1251969706440517
2024-02-02,2.039990951071203,1.3133563727582387,1.6150276989456855,1.2127101240452038,1.126110979675664
2024-02-03,2.0308453330666394,1.3106549609355174,1.6091952675244836,1.210704843789473,1.1239608015177043
2024-02-04,2.011540890123789,1.3050747502954396,1.5960450472911165,1.2062735006076906,1.1195273988714913
2024-02-05,2.0150877602166735,1.3061341165425915,1.5984694016944736,1.2071170596278191,1.1203613001148252
2024-02-06,2.0352111090731757,1.3122600970350913,1.6118476399532304,1.2118666660428825,1.125112571687631
2024-02-07,2.093480933220604,1.330176585186314,1.651736608732509,1.2261683000460917,1.137533021500138
2024-02-08,2.139931608993278,1.344250197575792,1.6822082850148277,1.2369547559734209,1.143353642012526
2024-02-09,2.227114642768442,1.3715767977207234,1.706193135337703,1.2457711694879006,1.1527894361623083
2024-02-10,2.2565945175743716,1.380435537755191,1.7156176835691577,1.2491340942511528,1.1538781291264484
2024-02-11,2.281282741013533,1.3872200427760843,1.7157353284421475,1.2491629115254765,1.1571887783321448
2024-02-12,2.3599002920235472,1.408844867305806,1.7468302963844617,1.259403966140409,1.1690464722727758
2024-02-13,2.3497073306287426,1.4051915628558707,1.7410736582097517,1.2569314324246168,1.1679347249884762
2024-02-14,2.448162222346057,1.4378447040980356,1.7506580051011786,1.2607572216295284,1.182914228281571
2024-02-15,2.453446176772227,1.439527039661402,1.7527762508796467,1.261588782677414,1.1830637814472533
2024-02-16,2.463916289289678,1.4426794693949898,1.752398891804241,1.2614363305509115,1.1848980759212486
2024-02-17,2.440429484598554,1.4348128765953103,1.7408556595912434,1.256705331804832,1.1791017619040003
2024-02-18,2.462137503123025,1.4420556775302886,1.75344390904309,1.2618638370757347,1.1845060468867135
2024-02-19,2.445916043507191,1.4367764335984219,1.7438476441517876,1.2580320719751632,1.180537169775303
2024-02-20,2.469805473863838,1.444837610997284,1.7580349550254086,1.2639114459926246,1.1866356460945329
2024-02-21,2.4487519526975743,1.4377208960664731,1.745273053665808,1.2586099191090256,1.1812898902131075
2024-02-22,2.423517361432743,1.4288403855640384,1.7303135642797343,1.2521582398530797,1.1746225247718043
2024-02-23,2.396449181149444,1.4195996912821691,1.7140890040683543,1.2453658572772568,1.167760748674129
2024-02-24,2.436088618979207,1.43273660799655,1.7375449060457016,1.2548999180012332,1.1772518433944563
2024-02-25,2.443747548172077,1.4352014631104055,1.7419999336253038,1.2566604860285935,1.1788639195981392
2024-02-26,2.5755006157478686,1.478810186004497,1.8106834212379952,1.2845988841567695,1.2036925748151905
2024-02-27,2.696568787912227,1.5180709508106602,1.882193538828653,1.3132519851031579,1.203627917865733
2024-02-28,2.9525684085362562,1.588133368854765,1.8816116955489925,1.313011241502876,1.2038896655823768
2024-02-29,2.890857076007682,1.5729172540150707,1.8815061762003338,1.312977560647693,1.2038882844459475
2024-03-01,2.9495378292830288,1.583758423619128,1.881503685352062,1.3129767650441717,1.2073945646670003
2024-03-02,2.930133375748651,1.580260513204507,1.8768659822589262,1.3118920475980735,1.205679170046009
2024-03-03,2.983867110649727,1.5899590067528797,1.8931284525694436,1.31569654331102,1.2111349687355324
2024-03-04,3.227756223629589,1.6328958443771087,2.011984628411556,1.3429916071354364,1.228166455311737
2024-03-05,3.013807550836566,1.5966042498967052,1.921458687572793,1.3227353463481943,1.228060486912693
2024-03-06,3.122718531445952,1.6136832075530714,1.9208072142847508,1.3225849871781887,1.22806143097656
2024-03-07,3.161390892688637,1.6188700841522021,1.9208073291740544,1.3225850078244572,1.2285332347927524
2024-03-08,3.2263239686269376,1.6274614486764052,1.9222294870470973,1.3228380855645117,1.2325660913539478
2024-03-09,3.2357142619901094,1.628687141170558,1.9248334404452347,1.3233018912382175,1.2332262896703658
2024-03-10,3.2603205579336283,1.6319232116796996,1.932762188989612,1.3247280060917095,1.2352450486202535
2024-03-11,3.406951215866775,1.6510721648462818,2.002142839828671,1.3371355073317757,1.2455299716763992
2024-03-12,3.376595602560126,1.647200729319588,1.9871996456237604,1.3345091850086235,1.2450774229704498
2024-03-13,3.452280001609029,1.6567538617274482,1.9870775409197035,1.3344856131532838,1.2491883647928501
2024-03-14,3.372594809856249,1.6468593597840144,1.9586810627690001,1.3295513290805419,1.2451710382743442
2024-03-15,3.2784590102346653,1.6347807420964207,1.9311550492312635,1.3246445507697933,1.2411947260208265
2024-03-16,3.0853212129845504,1.6098995294766323,1.8791114497931094,1.3154215959146134,1.23691311788798
2024-03-17,3.2306004362823684,1.6287481034782119,1.9035552885214286,1.319675054667205,1.2368882068077987
2024-03-18,3.1908250061906944,1.624158534918897,1.9032879879076066,1.3196289962054932,1.236846273106371
2024-03-19,2.924603085271394,1.5930076019796033,1.9028750363101847,1.3195631806783965,1.2301767123929646
2024-03-20,3.208070374980673,1.6289413779413273,2.0039515321318873,1.3358766608718398,1.2301371983063998
2024-03-21,3.0936479250754614,1.6153414049601198,2.0033995855661786,1.335791025568731,1.2301371982279068
2024-03-22,3.0127476599920375,1.606528066425268,2.0033995855600217,1.3357910255677716,1.2295945306106568
2024-03-23,3.0261367163238333,1.6079854117966974,2.0037525074026243,1.3358391539555219,1.2299013095390556
2024-03-24,3.175972510741914,1.624118514059941,2.0252111432654076,1.3387382990005654,1.2356832156552195
2024-03-25,3.304677654054139,1.637497863975668,2.0829189192326507,1.346493078443588,1.235771125535053
2024-03-26,3.3060486479564455,1.6376344073520244,2.082187261067574,1.3463969774471343,1.2357711571689574
2024-03-27,3.2808950615803236,1.6348234116065423,2.0819536187796124,1.346362970978071,1.2341301228684065
2024-03-28,3.341812952146594,1.6417500105819443,2.1066799175057396,1.3500131594169,1.2385810973727047
2024-03-29,3.3015607187919915,1.6372378519756756,2.0860502867977972,1.3469967883200236,1.2357394043860288
2024-03-30,3.2898683366098194,1.6359133130143433,2.0808625305839303,1.3462317987902113,1.2348714932615412
2024-03-31,3.3696214322328615,1.644942761149406,2.1197229746565296,1.35195670872961,1.240581555873186
2024-04-01,3.2925534918273645,1.6363748103211986,2.0784574013231345,1.3459628714441432,1.2367930794278144
2024-04-02,3.0915497323886343,1.6131158451640513,2.0108103811781666,1.3357681182356942,1.2302036051720127
2024-04-03,3.1167669786431267,1.6161562147018562,2.0183759668065897,1.3369293365397574,1.2301548100925732
2024-04-04,3.2361847915258934,1.6298710155484413,2.017911268468879,1.3368581512008646,1.2344211108896492
2024-04-05,3.2044788507122353,1.6263201239234963,2.006056976694533,1.3351120739428408,1.2337839130627188
2024-04-06,3.25447824179166,1.6318888638876976,2.007070457202967,1.3352590962063482,1.2366569665660165
2024-04-07,3.276511940563449,1.6344358990219072,2.014377033663923,1.3363835797987595,1.238125109175058
2024-04-08,3.383684545189843,1.6471805026769126,2.05838966870051,1.3433447318713265,1.2451526393006802
2024-04-09,3.265952519694892,1.6334728893409667,2.0001750525468838,1.3342580620071063,1.2420662608705615
2024-04-10,3.3343933471921217,1.6428204283074341,2.0080396383414283,1.3357138086367255,1.2435658516342398
2024-04-11,3.309486281388474,1.6387326606223047,2.006953494980382,1.3354833165239195,1.2420804548426523
2024-04-12,3.174163094025089,1.6157995747323415,1.9799065303036798,1.329325834875398,1.2326870068994071
2024-04-13,3.0147652168329286,1.5872352174514452,1.9090440988648079,1.3125794547114147,1.2313635735035833
2024-04-14,3.105331450231078,1.6028884709237132,1.9105811129171952,1.3129159674873745,1.2314131532080341
2024-04-15,2.996094051288828,1.5844304199276062,1.9104742717557706,1.312891901416877,1.229840052294743
2024-04-16,3.014311294221936,1.5876590991734256,1.9115189148176939,1.3131329888211596,1.2301824882531616
2024-04-17,2.894556176244497,1.5671256255714308,1.907707200930295,1.312280250014012,1.2234109169729563
2024-04-18,3.000182122608558,1.5856798003177486,1.949898623645851,1.321697127305082,1.224656428620585
2024-04-19,3.015809054316824,1.5883048613122859,1.9497734740950683,1.3216676618938532,1.2249714083867704
2024-04-20,3.070173298795852,1.5969735076059681,1.9508689683243072,1.3218923786683405,1.2296218461636104
2024-04-21,3.06697074561033,1.5964690577072698,1.9490532365444024,1.3215202404039623,1.229306845437732
2024-04-22,3.1572432209610404,1.6108021504043297,1.9850243658515383,1.3289596631744445,1.2383764165602846
2024-04-23,3.1369119165018597,1.6076032225858532,1.9743260308963384,1.3267512382665065,1.2368295392027915
2024-04-24,3.0362783807731684,1.5903268112473812,1.9534543148904682,1.3220728809871218,1.2268965829244791
2024-04-25,3.0459530215930637,1.5920218433143183,1.9575247882733906,1.322994424640122,1.2275840716888677
2024-04-26,3.011640347151158,1.585897602140994,1.9524097014689619,1.3218180841768725,1.2235526803327075
2024-04-27,2.9957600675791145,1.5830421809220405,1.9447895116846026,1.3200565742393209,1.2215865632768461
2024-04-28,2.9813096442316973,1.5804079918275575,1.9373620287983668,1.3183176084055825,1.219739981074211
2024-04-29,3.0156933594074373,1.5867129414689576,1.956240911918149,1.3227614401556957,1.2239625697843106
2024-04-30,2.864331942165095,1.5576451515958323,1.8714366853379834,1.3018319714210442,1.2088438548261826
2024-05-01,2.751772420178818,1.5347346379876678,1.810985305281252,1.2861026548986265,1.2084455708457313
2024-05-02,2.792841714233207,1.5428637514807062,1.8103511878559035,1.2859327022309466,1.2087398098904345
2024-05-03,2.9707570506544445,1.576590500016278,1.8123662742444524,1.2864240379126195,1.2157403090332968
2024-05-04,3.0180718400804833,1.5853952082549965,1.8252709030655352,1.289637959641507,1.215691698995438
2024-05-05,3.024669033214959,1.5865018691520942,1.824850287805998,1.2895336808546087,1.21609473663108
2024-05-06,2.9836109949651517,1.579342099210949,1.8138024217726523,1.2869401859287937,1.2114304723657427
2024-05-07,2.9445393294419024,1.572169110216734,1.795263125945138,1.2823812495116231,1.2067452469289175
2024-05-08,2.8903638503413482,1.5622074466714455,1.7696458007496874,1.2760812983577259,1.2005093812542222
2024-05-09,2.9783209513332243,1.5794501441926128,1.8118606232867511,1.287122315403625,1.2092280576675198
2024-05-10,2.8716972978319126,1.558052207046867,1.7667920403896282,1.2750209689180414,1.2034430010798909
2024-05-11,2.8717413984433056,1.5580498214816412,1.7663992093935061,1.2749114889967943,1.2034255677098167
2024-05-12,2.9026669983131077,1.563970888749856,1.7672827611218829,1.2751352176825848,1.206720979400245
2024-05-13,2.9713056327367533,1.5770375791210742,1.7936575643148622,1.2818588948767875,1.2144801795491762
2024-05-14,2.9075983323695187,1.5646757618206786,1.7639955553405247,1.274109913398661,1.2089711079664234
2024-05-15,3.1303090032044008,1.607283197654937,1.8339922429369615,1.2920822192374473,1.2220131776838763
2024-05-16,3.081375223132489,1.5981634967621314,1.8194812930394717,1.2883762716126759,1.2219267020282971
2024-05-17,3.167361266672893,1.6115281681776243,1.8190212420481886,1.2882581051165567,1.2265661426003476
2024-05-18,3.1621145855668127,1.6107271958698632,1.817265953100472,1.2878855039514427,1.2262487425851416
2024-05-19,3.130822710744645,1.6060187646157573,1.812612021147093,1.2869106795638197,1.2235246836668636
2024-05-20,3.3750323373730007,1.6430338392678294,1.9130909566411443,1.3079893990692888,1.2412911243200309
2024-05-21,3.313072639058087,1.6341409922419377,1.8848468100112417,1.30229682050701,1.241175307133334
2024-05-22,3.265164613374186,1.6275154729318946,1.8840911779873808,1.302142905786956,1.2384229612680926
2024-05-23,3.20882100798129,1.6193399904764862,1.8713171630917038,1.299575700892625,1.2336578096623647
2024-05-24,3.2370000070118152,1.6234196208090885,1.8814468290920552,1.3015962415694697,1.2362131755310795
2024-05-25,3.271948357630497,1.6288064846715686,1.8948858768115113,1.3044540901600352,1.2398577062948508
2024-05-26,3.2366217381693216,1.6233655034826073,1.8785172014948852,1.3009678283776451,1.2361255922197973
2024-05-27,3.278023539762332,1.6297816964607783,1.8979736778662322,1.3051316061262042,1.24052256453055
2024-05-28,3.226140923411449,1.6217896208429379,1.8733603656710947,1.2998877093175802,1.235117224326901
2024-05-29,3.1922185117021646,1.6164630763091665,1.857681569725894,1.2964920983711679,1.2315686347708972
2024-05-30,3.229389606943616,1.6223594006236446,1.87383881187705,1.3000255535567946,1.2355950111256526
2024-05-31,3.1881239821339036,1.6157821172818452,1.8544993826422518,1.2957687860846938,1.2310906639739223
2024-06-01,3.1983047651171934,1.6174901850370522,1.859262857000411,1.2968709856015717,1.232262254538908
2024-06-02,3.200414582651375,1.6178397882297288,1.8602321620286588,1.297092480527246,1.23250723508679
2024-06-03,3.2501641317733667,1.6261506235400236,1.8849275433233847,1.3027829290395936,1.2382851851155565
2024-06-04,3.3334430620512223,1.6400726196367255,1.9270347375655437,1.3125069596793653,1.247201209816923
2024-06-05,3.3577729449576412,1.6441475337066664,1.937652499451358,1.3149758884359741,1.2495050102934702
2024-06-06,3.342389766001051,1.6409632439433455,1.933496509519312,1.3138432913390514,1.2473522946653939
2024-06-07,3.2755686672352406,1.6270877581571792,1.9050246208023622,1.305661965946559,1.2378407714117945
2024-06-08,3.2738297376880894,1.626702500966877,1.9040841565240714,1.3053760496722078,1.2375908130453266
2024-06-09,3.289995287323789,1.6300941711048793,1.910171631328923,1.307136891401574,1.2399407825260478
2024-06-10,3.283584645311148,1.6287367539212858,1.9069494342529008,1.306194993054496,1.2390016753857362
2024-06-11,3.180595140518574,1.592188686280873,1.8559655711206038,1.2812156721052705,1.2151998658112755
2024-06-12,3.2235413861172777,1.6081965893188692,1.8776705958590867,1.2923726878971102,1.2222977811308449
2024-06-13,3.153403699949038,1.5847456241171445,1.8659313389477867,1.286928511104027,1.20862777320388
2024-06-14,3.118197388431914,1.57277369500531,1.8535136393009284,1.2811350106108077,1.2015529022068168
2024-06-15,3.126695705412347,1.5755135686806245,1.8560096802259405,1.282236012707612,1.2033775317047335
2024-06-16,3.147860308453333,1.5824462668689456,1.8648240818590203,1.2861952496082458,1.2082257885790193
2024-06-17,3.1408337340522805,1.5801287611146466,1.8612446282219952,1.2845759159884034,1.2065944990369846
2024-06-18,3.0770843628089053,1.5587303962466101,1.8292891000786655,1.2698610352449713,1.19165405219748
2024-06-19,3.0685603973557374,1.5557568192480025,1.8248885376658204,1.2677575821130278,1.1897076386379701
2024-06-20,3.062342026627915,1.5536542220393357,1.8222335991964556,1.2665252424707625,1.1882395267409507
2024-06-21,3.0277426059512607,1.5417482790687198,1.8051454313356112,1.2584712988027413,1.179840788802627
2024-06-22,3.035129550620309,1.5443282100137372,1.8089008875707322,1.2602672302614553,1.1816113086991489
2024-06-23,2.9845013106554124,1.5267257571842305,1.7840546893459222,1.2484387223989033,1.1700340465631947
2024-06-24,2.8473528377359556,1.4788920480539585,1.7136242909730701,1.2148375634825783,1.1472027934303743
2024-06-25,2.9194951642480254,1.5050800398998074,1.7460090119370872,1.230900323830314,1.1484589161475598
2024-06-26,2.8725711911187677,1.4894256934634675,1.7450651972467448,1.230446091921725,1.1436678237444988
2024-06-27,2.910055234631863,1.5007901365283944,1.7489903128178432,1.2320709712672022,1.1496667058144112
2024-06-28,2.849370948141006,1.482552334333309,1.730615355996687,1.2245296516690978,1.1384719460300563
2024-06-29,2.876166036772164,1.4905040626559536,1.741476611168078,1.228921189730831,1.1431680163282019
2024-06-30,2.9607642949640836,1.5151080743022347,1.7708748834904506,1.2405632757312062,1.1582873504552487
2024-07-01,2.9689688538970773,1.517433592920406,1.7744178954565335,1.2419431421169242,1.159345067240141
2024-07-02,2.9300940726933113,1.5074182248273342,1.7673545493152736,1.2394363117878717,1.1532359707462665
2024-07-03,2.8424641281198455,1.4834986916774868,1.7295288913920916,1.225369214105928,1.1406117845502775
2024-07-04,2.6914828249338623,1.4409337313087993,1.660011992170769,1.1987643147211025,1.1318782272594496
2024-07-05,2.676587520523395,1.43673734542267,1.6569897736618229,1.1976119369796414,1.131765742539289
2024-07-06,2.7541119668392966,1.4554458822207335,1.6567820190238796,1.1975315416877563,1.1381580723932956
2024-07-07,2.638170905922513,1.4276564434800967,1.6158905068696376,1.1841269833789407,1.1328148175094852
2024-07-08,2.6786056309284456,1.4369568785664586,1.6216443574212043,1.185913459079908,1.1334761431399312
2024-07-09,2.740209387488642,1.4502062514637097,1.6219219124546806,1.1859914108593925,1.139344279624651
2024-07-10,2.727609713648645,1.4475690201774463,1.618402922094303,1.1849756455471376,1.13790380240968
2024-07-11,2.708828942400915,1.4437659215012448,1.6140512757465697,1.18375959157157,1.135286587549563
2024-07-12,2.735024521047067,1.4490811442705536,1.6252694123293174,1.1868917948641138,1.1389920029318286
2024-07-13,2.7979679028738507,1.4617947293065763,1.6560087510531003,1.195449713194917,1.1472217524070847
2024-07-14,2.8714618485426353,1.4763313834002691,1.6918013338558144,1.2052317860316546,1.1537072561446902
2024-07-15,3.0643021973175797,1.5130063301379193,1.7545184861354586,1.2217575345429652,1.162321020815125
2024-07-16,3.0750249196132624,1.5150577405172734,1.7563144596408529,1.2222526729446739,1.1622567668016814
2024-07-17,3.0288098776512538,1.5073227878459745,1.7560287745181955,1.222175061850395,1.1581646800650434
2024-07-18,3.0219733602783805,1.5061549220366737,1.7531757668232169,1.221495374262157,1.157465656142647
2024-07-19,3.151219335774679,1.5280309030539487,1.8043449903199031,1.2336047262676564,1.1695253498927507
2024-07-20,3.172641161628561,1.5316199845106362,1.8143662807565426,1.2359725499989542,1.1699714443811482
2024-07-21,3.2194475946345658,1.5390500335379376,1.8143020514944623,1.2359496450563454,1.174020403080091
2024-07-22,3.192556554882385,1.534724083063677,1.8050874270858206,1.23383969377629,1.1712810435318908
2024-07-23,3.114256749700065,1.522118296372726,1.7751436660099902,1.2269860103369195,1.1630325323028714
2024-07-24,3.088014487143108,1.5178011856668332,1.7631089805973306,1.2241862635558365,1.1604995910919584
2024-07-25,3.107150093017236,1.5210000789892228,1.7683833496452939,1.2254348981229157,1.1625801296860196
2024-07-26,3.2079943521694045,1.5400529841852308,1.811048105869911,1.2368526803594972,1.1746818153143408
2024-07-27,3.2033307586449244,1.5391786036311101,1.808796745624262,1.2362523763364952,1.1742393063125218
2024-07-28,3.2242348174880564,1.543061668681597,1.810670034679485,1.2367462087588896,1.1766857535364943
2024-07-29,3.156404017694868,1.5288016773834414,1.7841639657851123,1.228808881915541,1.1671359945888973
2024-07-30,3.1271688182475463,1.52259110543923,1.770676989735766,1.224734828665472,1.1633161560336145
2024-07-31,3.052450204136015,1.5071863405974848,1.7440316353915746,1.2169291065408283,1.1536860258973396
2024-08-01,3.0873232700289717,1.514419653282754,1.759356076661067,1.221423421016584,1.157265815903602
2024-08-02,2.9010926618427906,1.4774381271668986,1.7040377123840953,1.2058738376460845,1.1409806829004472
2024-08-03,2.866374409393177,1.4702876132262521,1.689381535229253,1.2016796048098501,1.140834674434367
2024-08-04,2.7452992254161286,1.4487709472194865,1.6887734826518614,1.2015050151282198,1.1359133300032034
2024-08-05,2.550420099840837,1.412624100805558,1.628607316326913,1.1864613997211477,1.1350408895316797
2024-08-06,2.646919618424539,1.4341062821607018,1.6293453080601197,1.1866929747876007,1.1350353930674497
2024-08-07,2.599358308426026,1.4252305760883046,1.6293303267535935,1.186688584429582,1.1346691958170623
2024-08-08,2.915031038342442,1.4807979196342136,1.6350166360917586,1.1880185555279013,1.1447952115027804
2024-08-09,2.875822826993122,1.4744218702779326,1.6256664086891817,1.1858439073768763,1.1447530163368518
2024-08-10,2.8789262921940493,1.474736989440799,1.6253323595094933,1.1857659107433587,1.1448417199077614
2024-08-11,2.7737601731253507,1.461983364519682,1.5957278583899732,1.1806527790449948,1.138078412257487
2024-08-12,2.803757445899257,1.465746634520673,1.608946419935976,1.182980860030936,1.1390358513472583
2024-08-13,2.863042875758434,1.4730081778006607,1.6131099954845622,1.1836966642016924,1.1426584098123092
2024-08-14,2.7746002989984597,1.4623246668340668,1.5835229213378308,1.1785993126307137,1.137785049558406
2024-08-15,2.718993672023573,1.4555081835906558,1.5662688416955106,1.175612332636716,1.135416063402454
2024-08-16,2.7820088326697374,1.4632736755693911,1.5743884600725786,1.177014883796711,1.1391291313048995
2024-08-17,2.809636481797154,1.4666862323955765,1.5811648722024139,1.1782051638860622,1.1409386617723927
2024-08-18,2.7626348251641453,1.4609962827039553,1.5699494520673871,1.1762670637597854,1.1372553495697657
2024-08-19,2.8103205025772144,1.4668326873118855,1.588836806849974,1.1795423902382938,1.1409691889775657
2024-08-20,2.787615330479653,1.4640847174665426,1.5797610843285796,1.1779800422159483,1.1392781212236553
2024-08-21,2.8897615725355466,1.4764268464345298,1.6194853714588655,1.1847945670824374,1.1462232645916326
2024-08-22,2.852289153869806,1.4719949318140024,1.6024741792220338,1.1819137508306856,1.1452529125998694
2024-08-23,3.0276555118567963,1.4924981137842386,1.61452611115249,1.1839255811831626,1.1513968618957993
2024-08-24,3.0316535367398743,1.4929599025680125,1.6153670010655907,1.1840720226232326,1.1513477560778602
2024-08-25,3.038954125400002,1.4937646796550548,1.6149177977881823,1.1839933172935506,1.151680939014742
2024-08-26,2.970323609917366,1.4858537819601458,1.5922954784843368,1.180106774621856,1.1471279047651908
2024-08-27,2.8108249840481316,1.4649454287672776,1.52308481465625,1.1666681407354835,1.1398444176709772
2024-08-28,2.788315958184507,1.4618760150394792,1.5155141870734101,1.165150841130989,1.139734761675878
2024-08-29,2.8053476512088236,1.464073972500582,1.5150712507667081,1.1650615474257877,1.1408474853097397
2024-08-30,2.792654794068602,1.4616376220180873,1.51073505751002,1.1638750202650012,1.1391747103727121
2024-08-31,2.785589101133594,1.4603165678893069,1.50758193691601,1.1630074317233439,1.138249851136755
2024-09-01,2.7079113175454426,1.445783282637115,1.4719698926232045,1.153202801279495,1.1288670473978206
2024-09-02,2.7923243162652334,1.4627054283121144,1.5116162010873093,1.1648653690216515,1.1350782787268228
2024-09-03,2.7128965318467357,1.4474555008384902,1.491722172858298,1.1592441380404155,1.131351580329391
2024-09-04,2.7384291251508976,1.4523359633636017,1.494109252527716,1.1599074458923706,1.1327532214750953
2024-09-05,2.6528796592111465,1.4359737304614484,1.4848575456421822,1.1573173255798468,1.125706913556892
2024-09-06,2.5484029120427194,1.415331914720976,1.4477103403958813,1.146750419287176,1.1215650857182038
2024-09-07,2.557422132897474,1.4171307929988817,1.4486916038763222,1.1470282719000588,1.1217589024233572
2024-09-08,2.590577120159963,1.4234638860648905,1.4492062201036895,1.1471669038096821,1.1249341242768156
2024-09-09,2.693458864462773,1.4430542164169151,1.4841474578372407,1.1567522373828705,1.1346903263561496
2024-09-10,2.7231795396781924,1.4486027668324197,1.4959996953588461,1.159971298238149,1.1357405386026682
2024-09-11,2.7087466458625005,1.4460658921415241,1.4950011398694019,1.1597084651894,1.1342517760802229
2024-09-12,2.7457732608582583,1.452840871550486,1.5059049525448343,1.1626115671680033,1.1385431810587048
2024-09-13,2.861235304255475,1.4738879336545494,1.5554298924604306,1.1757839808681634,1.1496128161695598
2024-09-14,2.8344904054414672,1.4682721353849497,1.5441786993973925,1.1723222673708398,1.1486581908514937
2024-09-15,2.7956477309589665,1.4608137381965454,1.5427396002290155,1.1719028033269576,1.144577306589169
2024-09-16,2.748867130947083,1.4517887841308952,1.5275551635800366,1.1676443038961173,1.13925532543004
2024-09-17,2.8488231041442447,1.4714910033974586,1.56700318206554,1.1788983374807378,1.1491528273826128
2024-09-18,2.912175200842308,1.4851391889826957,1.5917171690417253,1.1866544655617206,1.1523219119201054
2024-09-19,2.9731482633031665,1.4973646311430775,1.5951093818916822,1.1876399939029982,1.157443956524275
2024-09-20,2.9850766483387776,1.4996826489019102,1.597019479320091,1.1881904704107291,1.1586893348441758
2024-09-21,2.99461216003319,1.5015097206997357,1.5991832608321135,1.1888065082026198,1.1599026844528952
2024-09-22,3.0066043894685586,1.5038105706662064,1.6037801603580877,1.1901142202756143,1.1615308135878242
2024-09-23,2.9915398789465955,1.5007726137554025,1.5969440057809123,1.1880699177379834,1.15936059877825
2024-09-24,3.037462639032258,1.5103335190163167,1.6179941293029576,1.1945692257935887,1.1660758081260165
2024-09-25,2.9827227090101482,1.4983869907742657,1.5928689412057948,1.18642748080504,1.1583608557211755
2024-09-26,3.0789867783045715,1.5194793282373147,1.632572274599023,1.199325820012244,1.1702251687616492
2024-09-27,3.1077848465870797,1.525962063595571,1.6433042606641926,1.202940760222301,1.1728497777789453
2024-09-28,3.1123661435731442,1.5270717899926898,1.6434376565893152,1.2030139192824698,1.1734662485764082
2024-09-29,3.1004460619999294,1.5240680699710165,1.6390712862676142,1.2013728289779952,1.1714488963155487
2024-09-30,2.991525670799828,1.4966984606531597,1.591856783746382,1.1836845047542925,1.1553770983120697
2024-10-01,2.8737866334921867,1.4643991758700419,1.5382193673525522,1.1618162575071427,1.149667821634043
2024-10-02,2.864139670880279,1.4619844034068352,1.536711172253783,1.161234901952815,1.1493490699761217
2024-10-03,2.8701207471049566,1.4632646644238014,1.536693040115734,1.1612233762289363,1.1499830084017897
2024-10-04,2.931910870265601,1.4769117732460926,1.556639348984881,1.1677536706928873,1.159245657777958
2024-10-05,2.932972421802609,1.477134047732618,1.556945090012495,1.1678470127851852,1.1594002143433242
2024-10-06,2.967408725573525,1.4852737171669417,1.5682091186800793,1.171811291793858,1.1651605484147354
2024-10-07,2.939902676039866,1.4786926527018383,1.5562154895491778,1.1675282781853467,1.1605085784676519
2024-10-08,2.9349573183580744,1.4774693351109864,1.554101039899183,1.1667537980815994,1.1596402897226485
2024-10-09,2.861745505889374,1.4580585007177844,1.5222277443840095,1.1541511970202583,1.1462023764641853
2024-10-10,2.8472151847815668,1.454003676941863,1.5155973678118462,1.1513981787783574,1.1438713997065961
2024-10-11,2.949748368185123,1.482261293896881,1.545819533650122,1.1637877612176255,1.1603129230402842
2024-10-12,2.985078862595416,1.4918648100478735,1.560209182249073,1.169648030600525,1.1630748103040514
2024-10-13,2.9689402530821574,1.487902027003928,1.558390031305391,1.1689597114967933,1.1609606972141286
2024-10-14,3.1198521762267855,1.5243371150912741,1.6052952983259527,1.1859116136024868,1.1789761658094924
2024-10-15,3.166852725731475,1.5353980236164633,1.6243591342333414,1.1926951385543165,1.1791647801348777
2024-10-16,3.193854109272831,1.540850727935629,1.6238097131200981,1.1924964824353739,1.1816838955305757
2024-10-17,3.1837980627468707,1.5387802772669048,1.6209494057095852,1.191601920598828,1.1802821453945291
2024-10-18,3.2319308354796292,1.5491506873612697,1.6389533158405294,1.1975050092692303,1.1874659183972345
2024-10-19,3.2292829535821737,1.5485821923654057,1.6377548622068137,1.1971128709704935,1.1870753017935942
2024-10-20,3.259466223913755,1.5549868120538142,1.6494498928460275,1.2008952369431674,1.1915633795067353
2024-10-21,3.1822872016335353,1.5386594073116184,1.6164183793708966,1.1902309750388698,1.1804743579372754
2024-10-22,3.1819827413456747,1.5385550868239666,1.6162780730140165,1.1901680045825447,1.1804263894938856
2024-10-23,3.1380891629482575,1.5272739807835654,1.6030045725033923,1.1850099062417496,1.1728095354348596
2024-10-24,3.2197561143929305,1.548416787368318,1.6363721016438677,1.1981314337580864,1.1861319252582494
2024-10-25,3.1480193658885685,1.5305597962755673,1.6079232492025015,1.1873494849811401,1.1769097652596845
2024-10-26,3.165604992115405,1.534918826355931,1.6120174349944043,1.1888895140114437,1.179298753749589
2024-10-27,3.2088084605270044,1.5450667788266816,1.6229122821737245,1.192789823683451,1.1857107646518361
2024-10-28,3.3022659595315114,1.5670018412473394,1.6589418474882722,1.2056978707099566,1.1977551719560613
2024-10-29,3.43513242915394,1.5979131221730187,1.7101764516870186,1.2239542601948727,1.2058710290004329
2024-10-30,3.4171371654488905,1.5939377459833326,1.706529873195973,1.2227110772078253,1.2053489513083582
2024-10-31,3.3167881616983084,1.5717676817230148,1.7041892982723268,1.2219168784244985,1.194823469422085
2024-11-01,3.2821763780887525,1.564001522782429,1.6925195727817557,1.2179551079926014,1.1914767863399316
2024-11-02,3.273050319351167,1.5620031717985379,1.6907459855822702,1.2173660114941078,1.1901695950334406
2024-11-03,3.2471568022148505,1.556430269580698,1.6813781766560072,1.2143277755343242,1.186346935041691
2024-11-04,3.203244402636002,1.546917369776612,1.6625587371454242,1.208184949599999,1.1799696930961403
2024-11-05,3.2763705971813284,1.5653180150688462,1.6942399443558709,1.2201816094565998,1.1907415447275564
2024-11-06,3.572999059309975,1.6391509183809623,1.8156025250172105,1.2657183052504892,1.2157082400744292
2024-11-07,3.5855538944530325,1.6420426430174693,1.8191706112453787,1.2669647237539134,1.2155669043426043
2024-11-08,3.615815032809752,1.6467121499920279,1.818635584866577,1.266776765503751,1.2178667988694116
2024-11-09,3.626839816615269,1.6484551106448928,1.821510915210421,1.267472353081753,1.2188736357435561
2024-11-10,3.8013974173648695,1.676045290449959,1.8898250247763575,1.284002828277671,1.2329914945782963
2024-11-11,4.190034147527806,1.7356425641552784,2.0527490616670345,1.3225036187872947,1.2336332107306784
2024-11-12,4.154810491000343,1.730679485835261,2.051653734966488,1.3222593825515434,1.2336293623612007
2024-11-13,4.278967182133315,1.7447501030594716,2.051639228853252,1.3222562070010049,1.2376061571779826
2024-11-14,4.12148998805409,1.7270997762239773,2.0067834944053606,1.314310410489416,1.2349933950756178
2024-11-15,4.301728264211011,1.747811777819635,2.031261222920925,1.3187065152322417,1.2359703605102847
2024-11-16,4.27775376949515,1.7452066147264496,2.030215912904211,1.318524086841189,1.2358668545200038
2024-11-17,4.244091163898173,1.7415942326219644,2.029952654973881,1.3184789644514077,1.2339283845237925
2024-11-18,4.277005719793945,1.7451099405473731,2.039025825972107,1.3200138141827138,1.2360372458409479
2024-11-19,4.362087424018711,1.7541032589381425,2.07072454981048,1.325331222046784,1.2414591769470458
2024-11-20,4.456359400423592,1.7640712719473985,2.1076452631601494,1.3315448398696155,1.2463516247344881
2024-11-21,4.653114554936266,1.78466097745996,2.17049906247297,1.3420434807029653,1.2533858519843424
2024-11-22,4.676399677751856,1.7871073122459575,2.1766819167657507,1.3430995349707366,1.2535362740477345
2024-11-23,4.618751875198597,1.7810504809924168,2.17543055157968,1.3428872304278503,1.2504537074659108
2024-11-24,4.629925383241699,1.7822407192027907,2.178051053474832,1.3433346178565528,1.2510927511463739
2024-11-25,4.397917417822483,1.7576768853459621,2.0964752866931713,1.3294978957376058,1.2391826615188342
2024-11-26,4.34515426541483,1.7517702982273244,2.07531592734898,1.325739705507154,1.2389328081990065
2024-11-27,4.533027667505752,1.7710340476533235,2.0752756960190117,1.325719132586089,1.2435364070586854
2024-11-28,4.518381097924397,1.7693705106148503,2.0710759327092263,1.324951981143939,1.2433733526895459
2024-11-29,4.603836273435604,1.7787180788147312,2.0716415789855125,1.32505082977108,1.2479253906100916
2024-11-30,4.556009806204573,1.77357813829287,2.057388360448731,1.3225155650780844,1.2450707713056293
2024-12-01,4.595251600446251,1.7778297480306,2.068574558183289,1.3245170303405014,1.2476681999315813
2024-12-02,4.528434930193718,1.770474661636652,2.0452813531743517,1.3202739661509333,1.243043955301224
2024-12-03,4.534899821494014,1.771344673603573,2.0476179789576876,1.320795011755639,1.2435779967073477
2024-12-04,4.665576022257711,1.7904008972699041,2.0932365655357925,1.3317807628071012,1.254681764372224
2024-12-05,4.562836359422569,1.7752479430612342,2.05422432709745,1.3222416947757079,1.2489850219558762
2024-12-06,4.720002081401244,1.7999971226999092,2.0827697926083606,1.3296956609932393,1.2576459740960046
2024-12-07,4.720126079773028,1.8000022377429454,2.082726549320402,1.329679539166548,1.2576189037468242
2024-12-08,4.782133753648453,1.809551830374503,2.086048416111475,1.3305320045652593,1.2623202879397801
2024-12-09,4.602475612730946,1.7818534908258317,2.0324741122464625,1.3166106347200122,1.2497129922921075
2024-12-10,4.566703189599788,1.776224421769845,2.0205800020830003,1.3134799438296672,1.2486385427719848
2024-12-11,4.779158530811201,1.8075384814920374,2.0316408792112273,1.3161933683040277,1.2585182522965117
2024-12-12,4.72577870792959,1.7997873042352006,2.0163059719361103,1.3123807562090182,1.258021017124488
2024-12-13,4.7926791508916295,1.8094742940100728,2.0161171072762993,1.3123325443226015,1.2623569327635888
2024-12-14,4.788603073462027,1.80889043110501,2.01455960252498,1.3119492647567157,1.2619997703812798
2024-12-15,4.926807008712734,1.8286533475039515,2.055247875343963,1.3219800525418481,1.2734169856524344
2024-12-16,5.008576185005574,1.8401384308936344,2.083311875021377,1.3288112607812692,1.2782636821352826
2024-12-17,5.013814009085098,1.840910047394226,2.083715283191394,1.328943469586697,1.2786190187120143
2024-12-18,4.725709696931006,1.7957118371767926,2.011532231690373,1.3092739739072017,1.2581226785979673
2024-12-19,4.605226457562114,1.774543093498998,1.9700473364188669,1.2967935554570407,1.2578474961457333
2024-12-20,4.617743281299536,1.7763104548970559,1.9692622771579513,1.2965545478943123,1.258274187886946
2024-12-21,4.5926505869809855,1.7726890343153217,1.9662066206586464,1.2958009832575554,1.2561422996837903
2024-12-22,4.492517104209932,1.758139504710296,1.9349339118186188,1.2880430860131342,1.2473404280210727
2024-12-23,4.472738994867725,1.755222418336369,1.927850226975851,1.286265965690307,1.2457789344327217
2024-12-24,4.661209508165628,1.7827850921236352,1.9789632891694093,1.2989743826109272,1.2594434109679773
2024-12-25,4.690643252624912,1.78697826222997,1.9888537308946475,1.3013926929312076,1.2598229568845267
2024-12-26,4.525138271101039,1.7643392993366562,1.9844661644560362,1.3003552729884682,1.2513189860596934
2024-12-27,4.448110187315043,1.7533443521051804,1.9623778848567373,1.2950592670690004,1.2486636692573088
2024-12-28,4.495303746190098,1.7601361180683746,1.965172661140585,1.2957324044457592,1.251878075698386
2024-12-29,4.418131735722569,1.7491921003389879,1.9471313318391497,1.2914253960233453,1.2453564042381104
2024-12-30,4.376231357343014,1.7431672592045842,1.933378538149133,1.2881127542446076,1.2417130382095842
2024-12-31,4.413359643622779,1.7487518156802366,1.9449167522139383,1.2910292211927514,1.2452609055009483
2025-01-01,4.460150945875084,1.7557625174735394,1.9611969902761295,1.2951159105168362,1.2497511479614984
2025-01-02,4.5766913322554865,1.7750505025999577,2.0030468235912227,1.3067357281460334,1.261604078608093
2025-01-03,4.634347253749755,1.7844062995961258,2.0233753604835516,1.3122842709842195,1.26645235455786
2025-01-04,4.640431292908146,1.7853505372226606,2.024323415140829,1.3125288181181802,1.2670009329511598
2025-01-05,4.644150505976098,1.78592409052927,2.025235518271931,1.312768602562151,1.2673531206344133
2025-01-06,4.821911028953993,1.8148179662176651,2.0890391891682354,1.3302514575274904,1.2826400960577131
2025-01-07,4.578383762413219,1.7752571832762634,1.9993207329102287,1.305592780383951,1.279419469353496
2025-01-08,4.489616058970087,1.7615646935677631,1.9941155209442782,1.3042244005678545,1.2792814446293637
2025-01-09,4.36871247988256,1.7420501075744752,1.9938292730503775,1.3041485017701644,1.2737170757853684
2025-01-10,4.473457521147077,1.7594428359489018,2.013311948360108,1.3094565119175294,1.2794743358405631
2025-01-11,4.467087104796711,1.7584194916330302,2.012258061405859,1.3091761550735856,1.2789746527679224
2025-01-12,4.463395200893974,1.757839215855702,2.01155454290838,1.3089994344570546,1.2785632553402164
2025-01-13,4.4647219096635,1.7580410811672877,2.0116403761986303,1.3090196667447695,1.2786856854366713
2025-01-14,4.56002462253383,1.7730749568272843,2.0475162376517146,1.318372218506528,1.2879432104225923
2025-01-15,4.747578433583192,1.8052051013729447,2.119313197222865,1.338740399462436,1.3009110756092566
2025-01-16,4.712264361576304,1.7994234222015004,2.108977836988638,1.3359277996984518,1.3002086909635213
2025-01-17,4.934522955014059,1.8352482871319369,2.1134370430287075,1.3371170719706587,1.3104793472729703
2025-01-18,4.931973607537039,1.8348357218238016,2.112134465752112,1.336763501509076,1.3103683656066254
2025-01-19,4.7752178920793495,1.8119467540774206,2.1105940924187725,1.3363658788461812,1.3017694555859143
2025-01-20,4.819009614671373,1.8185952220484152,2.1224922061874936,1.3393835924146267,1.3034826163043405
2025-01-21,5.014081565095643,1.846578380711179,2.1440887665497623,1.3445586510577368,1.31393316711884
2025-01-22,4.896309313938417,1.8300844202622923,2.1096922560524036,1.336356006156284,1.3118381898738998
2025-01-23,4.9108160163087415,1.8320317437577025,2.1094246391242697,1.3362864615932009,1.3124905305700159
2025-01-24,4.951407769014656,1.8374371093621904,2.114914743942669,1.3375291379424348,1.3156650796093816
2025-01-25,4.946455584041561,1.8367774928161567,2.112927101865928,1.3370784040648667,1.3152265215001846
2025-01-26,4.850462023099867,1.824012260511037,2.079799751182299,1.329571382494225,1.3069039762556747
2025-01-27,4.822364582522212,1.8202301762039188,2.0695555978854556,1.3272274241847584,1.3045707935879276
2025-01-28,4.786690324768716,1.8152363877517075,2.0587435857900447,1.324668419453579,1.301332996682172
2025-01-29,4.898677830456588,1.832936945836313,2.0978177506237885,1.3351509282690803,1.3125526544956876
2025-01-30,4.9474313331338085,1.8407110761109706,2.115144896782608,1.3398506890119661,1.3168408368661841
2025-01-31,4.837354730925383,1.822581505883354,2.0877200708896595,1.3321752101162225,1.306235041981994
2025-02-01,4.754730851569894,1.8085440182382095,2.06064019229038,1.3243843753605855,1.299257804261372
2025-02-02,4.614580584733517,1.7854380833075678,2.0242164270657352,1.3142359182253782,1.289153300776129
2025-02-03,4.790136077141753,1.8141978874563736,2.0754079244631893,1.3283164444069964,1.2949598078504738
2025-02-04,4.623217661796659,1.7887486861962305,2.0507944372667537,1.3219701672881992,1.2931394046929925
2025-02-05,4.56386967918743,1.7798753444824482,2.0488647120057992,1.3214866160483758,1.2918591611297827
2025-02-06,4.562823442925509,1.7797100925264435,2.0488031745676016,1.3214708138409783,1.2916453630306193
2025-02-07,4.559790280372869,1.7792470251011019,2.0475123354126747,1.3211460910924926,1.291304974788674
2025-02-08,4.557587464059851,1.7788209742197825,2.046491982716667,1.3208353245119175,1.2910097392590274
2025-02-09,4.558420762641656,1.7789647126065913,2.046761977272966,1.320912337089252,1.291104922704364
2025-02-10,4.602704050207535,1.786975640380206,2.0637413490742116,1.3259919276329684,1.2964932292880251
2025-02-11,4.522866812832212,1.7724505224920308,2.0331004678359093,1.3167663139765062,1.2870297147806133
2025-02-12,4.623880831660036,1.7934806829064267,2.0698849342381136,1.3294523499785604,1.299793633786235
2025-02-13,4.5642675072969014,1.7809417393858968,2.050742206580366,1.322794313495481,1.2926238336295834
2025-02-14,4.6060774701970315,1.7893199636086115,2.0607980840762585,1.3261222973784461,1.2978971210356067
2025-02-15,4.609449414015436,1.7899953560287842,2.0616985264353054,1.3264211209446317,1.2983277503639645
2025-02-16,4.543065630935826,1.7768277046405228,2.0383358451292484,1.3187498036032321,1.2895325035568357
2025-02-17,4.524092772924664,1.772951802666298,2.031164772508991,1.3163268653697098,1.2870086542585866
2025-02-18,4.5130469536810764,1.7707144462943203,2.0272926398979556,1.3150296703002724,1.2855089351508007
2025-02-19,4.5648221785849685,1.781207465758715,2.0464839254296225,1.3214598787707077,1.292530569313378
2025-02-20,4.645046910872115,1.798339643487733,2.076802405362044,1.332174567183604,1.3035753655427549
2025-02-21,4.540728114010602,1.7762847172141718,2.0397221769286356,1.3191856753175855,1.2903624375410525
2025-02-22,4.562089416849686,1.7808285738367322,2.0462363815599387,1.321476419108985,1.2928967162193634
2025-02-23,4.547736974358544,1.7778225470024327,2.0425292043986207,1.3201911892802576,1.2910504767510422
2025-02-24,4.318363605296949,1.7264035747322983,1.962194301135388,1.290421258395859,1.2645245131809963
2025-02-25,4.191672697440656,1.6915714953230847,1.9142146509254205,1.2687254384699718,1.263854718083104
2025-02-26,3.984340408006313,1.6419893083058714,1.9127222402653639,1.268090486333484,1.260629013709185
2025-02-27,4.001213781680942,1.6458530327543894,1.9139027515827907,1.268528482868167,1.2606611839797521
2025-02-28,3.9855678442698586,1.6426945221505342,1.9137201381372109,1.268462097961391,1.258871767317719
2025-03-01,4.063930386723617,1.6581336228628014,1.936731313173512,1.2757540808286267,1.2678160234428368
2025-03-02,4.452054147431855,1.7339901411244414,2.0844838289050487,1.32237521499832,1.2971122022071226
2025-03-03,4.065525020546461,1.6647079080216793,1.9674996705818488,1.2882196811043838,1.296954875143154
2025-03-04,4.120156267471874,1.6715243451266728,1.9668646403450312,1.2880283787633975,1.2969548758998106
2025-03-05,4.280828264838385,1.688657111660789,1.9668646407292927,1.288028378829693,1.301267568361872
2025-03-06,4.249564806309751,1.6853790702985267,1.9589231739460518,1.286646825713207,1.3008655612108293
2025-03-07,4.0975047910978075,1.6699049711366234,1.9544833687371188,1.285895896248277,1.2951516335777764
2025-03-08,4.06972546539062,1.6669937440303597,1.9455986714868316,1.2843930117943783,1.29458441877641
2025-03-09,3.8073895648727425,1.6398690435615029,1.9285432678685304,1.2815493858351832,1.2856022185831395
2025-03-10,3.7096533839561654,1.629227109816345,1.8955364448335943,1.2760046330961061,1.2855299413193122
2025-03-11,3.9142016147097545,1.6506060604197432,1.8949233555320513,1.2759002117837768,1.2874460548261304
2025-03-12,3.9548328549923966,1.6546673290295058,1.899552031671476,1.2766390930332454,1.2874424321204807
2025-03-13,3.8293863593672137,1.6428948990597094,1.8992728547302762,1.2765949978059683,1.2837652260113979
2025-03-14,3.9664883328972516,1.6561344761574224,1.937270368624698,1.2823440716335117,1.2860758122024631
2025-03-15,3.984155517576957,1.6577849820323003,1.9388570063223585,1.2825787648719256,1.2863565570291897
2025-03-16,3.900855920903804,1.6502069543549565,1.935814076387793,1.2821381561401526,1.282246933011347
2025-03-17,3.9715231834515348,1.6567298197817748,1.9579862186255614,1.285342500315635,1.2857231338376511
2025-03-18,3.907413072897391,1.6507350891142578,1.9394950634287218,1.2826261187153176,1.2825936939420284
2025-03-19,4.102774352855822,1.6692868331819188,1.9988800312852952,1.2914538046558444,1.2902661418886217
2025-03-20,3.975845781453611,1.6572873819652694,1.9569130778792228,1.285154009975512,1.2899690524130043
2025-03-21,3.969990548814582,1.6567340572464666,1.9562395414033575,1.285051344707127,1.289821923934586
2025-03-22,3.9600348819229225,1.6558149224761376,1.955466164886206,1.2849392982936556,1.2892055137366814
2025-03-23,4.064991384696463,1.665546441636352,1.9901657686106473,1.2899958073147975,1.2955639237944163
2025-03-24,4.133227762497359,1.6728203020582022,2.0172281562314804,1.2945628307425796,1.2995927998012688
2025-03-25,4.1319423865184275,1.672628529819266,2.01657638456079,1.2944579860935226,1.2994524311947921
2025-03-26,4.10497827629716,1.6693348163131667,2.0085468596371854,1.2929032147828923,1.2971267338265067
2025-03-27,4.118026152585165,1.6709954282638924,2.0134448770940834,1.293891408842708,1.2982896868448897
2025-03-28,3.9846297375404722,1.6539366456394886,1.9595779235075528,1.2829820768256686,1.2871520310644091
2025-03-29,3.9017013978971224,1.642660315201002,1.9253030570070295,1.2756308322760685,1.282481388318207
2025-03-30,3.889274989639126,1.6409916690132307,1.9230904733663265,1.2751602309026129,1.2815505436432069
2025-03-31,3.899402261420308,1.6424955563559802,1.9252173330588345,1.2756607580663204,1.2825124608111065
2025-04-01,4.023176624240282,1.661822170904886,1.9716133513716378,1.287058861294475,1.2945520949075477
2025-04-02,3.896416705385407,1.6395856400782707,1.9200234024791438,1.2727586470508785,1.2872710924003237
2025-04-03,3.925567763080447,1.64454438578454,1.9233008329932835,1.2736298751901811,1.2888887516948262
2025-04-04,3.960569624901237,1.6504938303103909,1.9260483526049306,1.2743681577621861,1.2924118533601952
2025-04-05,3.9445557518453085,1.6475913455212576,1.9204788838384825,1.2727745227414713,1.2905268022634873
2025-04-06,3.6946547475692095,1.6026782421555938,1.826265797504188,1.2459096014415414,1.2659531180608246
2025-04-07,3.742877197695847,1.6118905762066176,1.8459882980192848,1.2518355574286477,1.265772997961644
2025-04-08,3.6028944762784865,1.589365493901399,1.845211750943364,1.2516039286007137,1.2604987342598188
2025-04-09,3.9005850435083005,1.6381939771132272,1.9246774278576735,1.2716460018042373,1.2628553560521332
2025-04-10,3.761337824337857,1.6146234266146542,1.9181644504261466,1.2699237747307996,1.2628407300487978
2025-04-11,3.9398338495626684,1.6386858270199505,1.9180793937532374,1.2699011029417948,1.2635041369222075
2025-04-12,4.0287476939439735,1.649943810606151,1.920710072288307,1.270431706744342,1.263647782045343
2025-04-13,3.9530669853228018,1.6410396893511456,1.9204860423070518,1.2703885028347668,1.2606458000865717
2025-04-14,3.993569060634837,1.645883439072504,1.9262676129440182,1.271490519136924,1.2631827284997377
2025-04-15,3.952311923808908,1.6409852708802792,1.9156075782579447,1.2694635734969812,1.2599417875798107
2025-04-16,3.9695476974867847,1.6430391466994503,1.9214380322561353,1.270573246367396,1.2613517356823067
2025-04-17,4.01026086526507,1.647870802270709,1.936779662628815,1.2734823072751253,1.2647623712656737
2025-04-18,3.98924277220503,1.645395030016908,1.9283324528767334,1.2718902112946382,1.2630240782009112
2025-04-19,4.018180892219954,1.6488900629606078,1.9395486155882478,1.2740633505292003,1.2654877070885784
2025-04-20,4.023419085342251,1.6495249102892107,1.9416238075484447,1.2744659877191014,1.2659235503613084
2025-04-21,4.134172142953887,1.6629923769792159,1.985742948986941,1.2830552682321792,1.2742135502366974
2025-04-22,4.413958969086397,1.6963728650602035,2.09911471548476,1.3047818307894654,1.2830825259492769
2025-04-23,4.426109333350066,1.6977647766787038,2.1011663216720797,1.3051633715263347,1.2830164698861677
2025-04-24,4.43766775300558,1.6989856352400587,2.100714514754108,1.3050796236287716,1.2835668984901856
2025-04-25,4.474357247428053,1.7029042527754423,2.1107345852617483,1.3068162478763488,1.2861612301048138
2025-04-26,4.470881971633163,1.7025352874768036,2.109239131035077,1.3065580190548916,1.2859018312427728
2025-04-27,4.428742084493823,1.698047522248084,2.093097133403218,1.3037616606916027,1.2827608184917088
2025-04-28,4.48655632533778,1.7050938209027107,2.116061441635727,1.308309358227566,1.2876266327964063
2025-04-29,4.453775362925893,1.7011522303607571,2.103390824534126,1.3058307791107286,1.2849425823441911
2025-04-30,4.4501155657444205,1.7006578790917146,2.1020081409572153,1.3055472391139904,1.284599179667751
2025-05-01,4.558054303167904,1.7179371281414244,2.1435299142047746,1.3163522683542968,1.2963629930442429
2025-05-02,4.577787020249012,1.7213709473894914,2.1513184863197408,1.3185613297506587,1.298446252617711
2025-05-03,4.529686354237519,1.712082647719317,2.1387882291006606,1.3146583022860707,1.2921602172861337
2025-05-04,4.455248581676366,1.6974180584782086,2.111414440763354,1.3058897884225587,1.2822738982626174
2025-05-05,4.475658861289004,1.7015757868145736,2.1190605076262896,1.3084184677953208,1.2849983636395175
2025-05-06,4.57270456317699,1.7205551301119129,2.152302131567519,1.3189758462103724,1.2975040092430064
2025-05-07,4.583561801563491,1.7226941348756333,2.156368562467218,1.320281159437869,1.2986634750847148
2025-05-08,4.8768659263914715,1.779671448533928,2.239638688284135,1.346631773981244,1.327206636414526
2025-05-09,4.864083022814598,1.777261855061135,2.2347668987518867,1.3451191075054416,1.3269756073251149
2025-05-10,4.945590178738492,1.7899458334492613,2.2338843846219736,1.3448445262120743,1.3334105741175597
2025-05-11,4.917721544680199,1.7856557967515387,2.225435704071859,1.3426827749799586,1.3307875908982507
2025-05-12,4.856624299326171,1.7762077692548568,2.2073475764606854,1.3380351002976407,1.3244664838611888
2025-05-13,4.920718910083842,1.786230425253738,2.230380498357999,1.344004901487987,1.3311498518968763
2025-05-14,4.8909404796744225,1.7803700342999682,2.2198302759642017,1.3405684982494397,1.327230565351742
2025-05-15,4.900634864282681,1.7822409759613964,2.2231522699503588,1.3416320835088713,1.3285096991368548
2025-05-16,4.888572701241798,1.779930694218956,2.218606675027625,1.340192963925753,1.3269141266417592
2025-05-17,4.874486338590107,1.777234186900666,2.2132021326401174,1.3384765301816013,1.3250664432480004
2025-05-18,5.028240629173649,1.8066543378316555,2.272272586695808,1.357225849834579,1.3439297164448714
2025-05-19,4.988569269144008,1.7990793716231097,2.2570962006689492,1.3524085404727952,1.3404480811934094
2025-05-20,5.044541248464327,1.8092593519397837,2.263806562474333,1.3544261908745336,1.3465246337233496
2025-05-21,5.180915469645685,1.833952220945756,2.3051838074743287,1.3669245005056687,1.3609985126286033
2025-05-22,5.275163827313084,1.8508236648337766,2.3368513280654177,1.3764207459651316,1.3680449173742404
2025-05-23,5.068004618939355,1.814353063447442,2.2983453741712547,1.3650394137092745,1.35362434211209
2025-05-24,5.091782044814346,1.8185824346646031,2.304150204921687,1.3667552338793112,1.3543341557403725
2025-05-25,5.150556534954077,1.8278189543148704,2.3053683065459967,1.367054113202937,1.3595081154932227
2025-05-26,5.169686605186607,1.8309034220442846,2.310104565787212,1.36833475069836,1.3614777863063146
2025-05-27,5.148631607849251,1.827504080023733,2.3030289329007485,1.3664245371190056,1.359147124838024
2025-05-28,5.092309775979972,1.8182654210300382,2.2822621732835384,1.3607308492155283,1.3528275470939444
2025-05-29,4.990249889932999,1.801527497488884,2.243879557316036,1.3502227689000224,1.341727162754459
2025-05-30,4.912629861538847,1.7845485913648005,2.215732893768972,1.3399842874768506,1.3312247758331475
2025-05-31,4.942839333907323,1.790822259233944,2.2245331989345587,1.3430239508218047,1.3352833252025376
2025-06-01,4.990738502564668,1.8007821722547113,2.23954980544718,1.3482271275330235,1.3420269150224566
2025-06-02,5.001576181684192,1.8030254307178486,2.243332441535764,1.3495336486481275,1.3435550484033854
2025-06-03,4.9803636030826945,1.7985891722920593,2.2357024035981197,1.346870809895799,1.3404944236884426
2025-06-04,4.947274489955215,1.7915574537644121,2.223219642237093,1.3424458760553521,1.3357370487128872
2025-06-05,4.798191542794391,1.7597496406603852,2.166821092617138,1.3223816053952413,1.3160081700286328
2025-06-06,4.93113624948473,1.7883143022245473,2.216878951115955,1.3402790210734536,1.326833985344726
2025-06-07,4.989015441856764,1.7995868796810015,2.22558864117824,1.34309121303857,1.3312699332015734
2025-06-08,4.997424819528864,1.8010960221844745,2.2264858665968754,1.3433581032091604,1.3320534384299372
2025-06-09,5.210014861352482,1.8426733576284537,2.285251040076046,1.3626071369581985,1.3539815527724002
2025-06-10,5.2082733485059185,1.8423345215602644,2.284440009642306,1.3623419484843744,1.3537446100348318
2025-06-11,5.134081727474466,1.829635101360325,2.2821624947446755,1.361652769740846,1.3467686395072782
2025-06-12,5.003821068873352,1.806154988530559,2.2446933732599312,1.3503546985633719,1.3330738026076854
2025-06-13,5.011469480347186,1.807561081700538,2.2470514877282595,1.3510774179646925,1.3338254981753983
2025-06-14,4.9822501497391105,1.8017337171710894,2.2405701673373404,1.3489539364468626,1.3299471702601806
2025-06-15,4.98601106464043,1.8024817909618183,2.2415374650020774,1.3492743322297491,1.3304438043710853
2025-06-16,5.044809173517643,1.8143293514781111,2.263162016672799,1.356529784098459,1.3385065767027187
2025-06-17,4.941092654461935,1.7934834177875907,2.2239028490134207,1.3433788619914946,1.324800471303435
2025-06-18,4.954423586556958,1.796140450520458,2.2286140971293547,1.3449412608641078,1.326436021122355
2025-06-19,4.945021483825045,1.79429709255154,2.2257632979462922,1.3440097755712832,1.325186585309957
2025-06-20,4.880084717459012,1.7812174088276027,2.2021268743229574,1.3360888990073512,1.3163068684236003
2025-06-21,4.8303816677264395,1.7709198745497594,2.1831917188329526,1.3295681266586257,1.3095760027594026
2025-06-22,4.7703775270665245,1.7585953190418808,2.1618616009358695,1.3222903258738687,1.3018377888101453
2025-06-23,4.987227429620781,1.8034820236076248,2.240431432479726,1.3492739536557592,1.324479109830894
2025-06-24,5.009327925134512,1.8079259995266672,2.248166003090017,1.3518640163957591,1.3247035738619342
2025-06-25,5.07147472813542,1.8184309594331889,2.2477530404700055,1.3517020726945088,1.330253340748819
2025-06-26,5.052520322262916,1.815215949253591,2.241946562538538,1.350050797832096,1.3281916936442386
2025-06-27,5.058587016410969,1.8162865400764265,2.2437655114783386,1.3505901733905825,1.3288920535056208
2025-06-28,5.069889689424679,1.8184120277480165,2.2477715894198673,1.3518544447141578,1.3303333391642302
2025-06-29,5.11986066421057,1.827985294200118,2.2664951229421346,1.3578692268605443,1.3368323702236882
2025-06-30,5.0608027492210494,1.8167183659608668,2.2442693314531867,1.3507543168267195,1.3293400109229057
2025-07-01,4.992919914396844,1.8012010357179329,2.219733785281188,1.341379588609541,1.3193394394532207
2025-07-02,5.142239417975268,1.834864298861353,2.2724439837451693,1.3612851865353597,1.339477456624426
2025-07-03,5.179493547840682,1.843191968478118,2.2850513064780285,1.366018037394239,1.343303855374858
2025-07-04,5.103269239214639,1.8266339061284442,2.2746699492394256,1.3622244729888369,1.3330225626446957
2025-07-05,5.112567640927293,1.828654723628265,2.2770626632386297,1.3630957542635485,1.3343043622872155
2025-07-06,5.159847186768495,1.8386929230910896,2.292125859683313,1.368461096805753,1.3410210639338187
2025-07-07,5.11581152690341,1.8293667448345001,2.275894869571077,1.3627018485074178,1.3348189989938481
2025-07-08,5.146535813940449,1.83592589851862,2.2869859543827773,1.3666697316587086,1.3391164182242454
2025-07-09,5.258785339997268,1.860854577725851,2.327838039978696,1.3818679356280172,1.3543860091846323
2025-07-10,5.478942603884625,1.9093101658315161,2.4089065295396104,1.4118021995733077,1.3740182813116524
2025-07-11,5.551205976426292,1.9243636572327725,2.4275175252069903,1.4183183702533133,1.3758402432861165
2025-07-12,5.547343574762352,1.9235840703695566,2.426782034227985,1.4180615745421101,1.3752943973649379
2025-07-13,5.626744603579795,1.9387603609298671,2.443867468192988,1.4235683315048022,1.3846894786874142
2025-07-14,5.661397350937171,1.945532472686785,2.455227011534796,1.4273243232207058,1.3889478901904688
2025-07-15,5.563496945986536,1.9230103765956357,2.423687312471972,1.4150805917211773,1.3743966947000046
2025-07-16,5.6089072901816595,1.9334773181454974,2.4397011540242515,1.4213155311994892,1.3809182952096026
2025-07-17,5.634951007726654,1.9390891399487873,2.4476371790227476,1.424202486717051,1.3845827464920406
2025-07-18,5.574174460542506,1.9258213899082375,2.4265823903171766,1.416430857208566,1.3758334117903952
2025-07-19,5.571186690250966,1.9251641928081116,2.4254528790373655,1.4160111632479648,1.3754019598893097
2025-07-20,5.540993086721736,1.9187032134568502,2.414823582363783,1.4121681166742865,1.3711197722798742
2025-07-21,5.547547286373138,1.9201049939062675,2.417188804759559,1.4130224232783655,1.372044934514983
2025-07-22,5.668280367699463,1.946378990451407,2.461495933201769,1.4293089760047644,1.389159325549982
2025-07-23,5.609684494261944,1.9331897558440625,2.439841230515682,1.4210666955106601,1.3813286743336317
2025-07-24,5.591405436664331,1.928852603356866,2.4347438194857887,1.4190539832095501,1.3785309708786515
2025-07-25,5.55682206934831,1.9209045477804345,2.4232522120785056,1.4146105724236755,1.3732979226032778
2025-07-26,5.5715358047143795,1.9244015679819606,2.4284778884875577,1.4167092128436858,1.3756111658364174
2025-07-27,5.642445159321307,1.9411114203295605,2.4543073112839435,1.4269962479828793,1.3866656100210215
2025-07-28,5.570454509389008,1.9241454107737084,2.427768999707064,1.416425958110053,1.3757197696318408
2025-07-29,5.570344534642605,1.9241096407830358,2.4276543352864186,1.4163853321698507,1.3756969687263896
2025-07-30,5.56604776963465,1.9230929664187275,2.426194119691238,1.4158016738459165,1.3750359411596156
2025-07-31,5.468125222117625,1.899474144486689,2.3903842831596807,1.4012148943130394,1.3596038006598188
2025-08-01,5.3529547225112095,1.8614318485078993,2.347561578959033,1.377347816785247,1.3366031493993682
2025-08-02,5.315487285922907,1.8495178714279377,2.3356170585410747,1.370936694382463,1.32961292295393
2025-08-03,5.395354415762857,1.8726513658670132,2.3561610920914844,1.380967997418791,1.3444520394250066
2025-08-04,5.435705183537895,1.8849589623753644,2.3696062995867764,1.387898785676879,1.3522681009230444
2025-08-05,5.391753665425091,1.8721421381314993,2.3555632993926046,1.3809807476552105,1.343901042714227
2025-08-06,5.43363227028103,1.8847227238652051,2.3701718763292523,1.3883918060903615,1.3521482526686694
2025-08-07,5.550256798413715,1.9201846157409197,2.411865417944973,1.4098018738226117,1.3750229170950097
2025-08-08,5.512080799700936,1.908723811478663,2.398222068797141,1.4028844444334148,1.368161516222198
2025-08-09,5.503182809397166,1.9061986812613658,2.3956296208231054,1.4016342610337125,1.3665783212856943
2025-08-10,5.635749985330558,1.9425521825423868,2.4403782688892743,1.4223681158070718,1.3898607274041728
2025-08-11,5.608573675514721,1.9350985110353973,2.4304475626931294,1.4177625980698003,1.385631271997271
2025-08-12,5.67666465046299,1.9520094276421842,2.4455654056807155,1.4240938206875557,1.3960406591820633
2025-08-13,5.826462064432661,1.991996555594013,2.4950102090884303,1.4464547011599331,1.4179872494812908
2025-08-14,5.591007608554861,1.9298138881606632,2.4173648797368736,1.4116829427054005,1.3982083914578358
2025-08-15,5.545601692873015,1.9187490107036547,2.408718757273762,1.4081017608533732,1.396497106730912
2025-08-16,5.549994778044765,1.9195017666727912,2.4083226421620547,1.4079312768767986,1.3967692111935512
2025-08-17,5.548186099413486,1.919140850127703,2.407185637707616,1.407551393092329,1.3964838802369246
2025-08-18,5.491465701349188,1.9077268905301175,2.387337642778936,1.4008011543197147,1.3889721440666687
2025-08-19,5.329860025766571,1.8745750606673033,2.3281223450849104,1.3802841802550412,1.3687670907220033
2025-08-20,5.3980502732208215,1.8885881329515566,2.352613595838336,1.3887680432974565,1.374933925470074
2025-08-21,5.3103911742682754,1.8718991953157587,2.339075157429886,1.3844056013556152,1.3660886686275289
2025-08-22,5.5208367085370345,1.9124122475546383,2.396535199691319,1.4029793410833877,1.3843670811075979
2025-08-23,5.449991936415412,1.8987878692196132,2.375816677042856,1.3962458727134917,1.3818621949852679
2025-08-24,5.359489731938407,1.8831494882911262,2.373334952489225,1.3954967080496834,1.3744709335690046
2025-08-25,5.201996299977162,1.8558347382031721,2.336655009047153,1.3848512843647884,1.360761333194938
2025-08-26,5.281275175636687,1.8695689963854638,2.358829816297882,1.3912392471956625,1.3664970114233297
2025-08-27,5.253849392906192,1.8650591766408149,2.3550741433234097,1.3902050553667549,1.363900611806354
2025-08-28,5.316332393873453,1.8751845147045816,2.370126087686467,1.394264175466148,1.3701899513557183
2025-08-29,5.121054148538984,1.8426241974849162,2.302037484170207,1.3753323665328894,1.3520936316050782
2025-08-30,5.139818497383309,1.8457739766809593,2.3086180220603203,1.3771673580206547,1.3529424132177146
2025-08-31,5.112828923210693,1.8415232385131952,2.3065373549079444,1.3766097314707797,1.3503141313995446
2025-09-01,5.1607221871836675,1.8493437721468602,2.319785773174227,1.3802010420447213,1.3554335942393287
2025-09-02,5.252834894322763,1.8643412734017182,2.352843449990953,1.3891373828231335,1.365318604089516
2025-09-03,5.277522379676378,1.868340786658895,2.3618185155162084,1.3915561328057744,1.3678597762028422
2025-09-04,5.2303033568499755,1.8604686752992237,2.3470817184528623,1.3874813866094011,1.3625722974288226
2025-09-05,5.226873104273412,1.859799804676912,2.345682401071835,1.387034639361329,1.3621205299169294
2025-09-06,5.206736285355689,1.8561163027294028,2.338223328764417,1.3847675681893803,1.3596064214767893
2025-09-07,5.2512775338200095,1.8642834475257646,2.3552898468081773,1.3899663865471756,1.3651659301352161
2025-09-08,5.293971354161869,1.872083248825848,2.3717024676073355,1.3949507471223939,1.370420165710172
2025-09-09,5.268421415847368,1.8674543287802017,2.362142642519315,1.3920700287993824,1.3673133244743576
2025-09-10,5.382963435611085,1.889469017900931,2.404745425171727,1.4056857767953408,1.381887715918943
2025-09-11,5.456284484740642,1.903636596348371,2.432528521643876,1.4146261032447809,1.3903917186224728
2025-09-12,5.484345390083755,1.9089164807909693,2.4397585467954928,1.4168916618349936,1.3937616025374004
2025-09-13,5.477209209979073,1.907305645374872,2.4374143150959267,1.4160163156924876,1.3926656206633596
2025-09-14,5.451566272885734,1.9016860177310608,2.4279751218224765,1.41256613359783,1.388842464336918
2025-09-15,5.45332439265709,1.9020635596663182,2.4285969510174024,1.4127885024159585,1.3890990399117156
2025-09-16,5.519377144369172,1.9191071615113726,2.453729120427067,1.4236044020539325,1.4006675211125839
2025-09-17,5.501678222010974,1.9143772250783921,2.4469439127198878,1.4205788285648724,1.3975276997478998
2025-09-18,5.533265700094447,1.9227151714647766,2.4581238699342656,1.4255022641701087,1.4031679803701387
2025-09-19,5.46484959846302,1.9044547172098898,2.432322132277138,1.4140095712959426,1.390861746805869
2025-09-20,5.466413232692918,1.9047784805561263,2.4329107149701175,1.4142133402872197,1.3910845444285795
2025-09-21,5.446768716834596,1.897933324605587,2.4258471865534217,1.4101074205529183,1.386459531649639
2025-09-22,5.325954815140947,1.855835570502076,2.380046507391229,1.3834841946914695,1.3586237846507407
2025-09-23,5.291282139473819,1.8437538336002515,2.3667627476456157,1.3757625507668394,1.3513882859253135
2025-09-24,5.353358455305052,1.8645735772044318,2.383470947694162,1.3851043964136525,1.364461945318127
2025-09-25,5.151213062047537,1.7972510142983913,2.3122732565837456,1.3455497799320475,1.327362597969385
2025-09-26,5.182556971900722,1.8076195134613844,2.3233141745598545,1.351641330961812,1.3299511200973222
2025-09-27,5.181098145818402,1.8070439185768545,2.322447382672584,1.3511567357869487,1.3296034917967712
2025-09-28,5.296390429539962,1.835608100970129,2.3537459382027293,1.364093009297074,1.3475806484746864
2025-09-29,5.403985219098858,1.8624113776214617,2.392146548532225,1.3800903812175485,1.36227911724762
2025-09-30,5.387721504085496,1.858584472497608,2.387765434887586,1.378358685483632,1.3602245547932172
2025-10-01,5.604675845744557,1.9068796328369055,2.438926707633034,1.3974156086092593,1.3855473071509206
2025-10-02,5.700677894670034,1.9291335295573682,2.471318090865353,1.410066557079629,1.3893835329877358
2025-10-03,5.775562208986717,1.9437426267653388,2.471882158085797,1.4101970554235195,1.3961580696690983
2025-10-04,5.78306816995011,1.9451649219162108,2.472753124797814,1.4104796148970704,1.3969492541912198
2025-10-05,5.8344647569687345,1.9548838860590168,2.4866136151207083,1.414928357352417,1.4032393350346266
2025-10-06,5.892994571749858,1.9659695162699538,2.5066838703502334,1.4213843755724247,1.4103846106704239
2025-10-07,5.7370566550775015,1.9366150542828102,2.452339006782338,1.4039976499008158,1.3924795275214994
2025-10-08,5.826972450587948,1.9537904697841864,2.4835013247468125,1.414095189994745,1.4006864629424935
2025-10-09,5.749064568830728,1.9399969617094865,2.46821616124681,1.4094898236726512,1.3936946788369784
2025-10-10,5.347960835704747,1.869651410544816,2.3636964561456613,1.3784741313017495,1.364422135123209
2025-10-11,5.234284590286874,1.8490488480676048,2.327562102263362,1.367550692263834,1.3642148442963062
2025-10-12,5.440328920442873,1.8771135976043611,2.3267285735309966,1.3672967866012748,1.3688875865018553
2025-10-13,5.445114667125271,1.8777359779436151,2.326999476779624,1.3673573853830243,1.368936101219752
2025-10-14,5.343440061733482,1.8649480550096342,2.3255080424903585,1.367034705104545,1.3623030003457723
2025-10-15,5.233116938952581,1.8508849569285697,2.2950721764943887,1.3605005349307715,1.3547608718914108
2025-10-16,5.110435311783948,1.8352012176365313,2.261955257274316,1.3534046911778488,1.3464899551200231
2025-10-17,5.029269520425232,1.824213710725488,2.2417515904483976,1.3488597911185585,1.3407257946429019
2025-10-18,5.06377538875889,1.828816775624241,2.248582357998518,1.3503707363876163,1.3434883705186833
2025-10-19,5.133141037445669,1.8379590208875594,2.267423064420978,1.354502203823964,1.3494387456093937
2025-10-20,5.223941797526165,1.85005895970955,2.2986646020792594,1.3614487768808377,1.3571674115413572
2025-10-21,5.124174405186091,1.8367602106020056,2.265382158198307,1.3540333580885493,1.3490261796632899
2025-10-22,5.08693688224547,1.8318093713994665,2.2537590215677437,1.3514563571902802,1.346023797854206
2025-10-23,5.199415952907197,1.8478542419769728,2.2861712557111016,1.3591794882044812,1.3562969081515313
2025-10-24,5.244962104842844,1.8544140614691167,2.3019961295828053,1.3629930643026051,1.360189918247532
2025-10-25,5.273673263552272,1.8584463235412056,2.3093698688540893,1.364726170326664,1.3627904080520568
2025-10-26,5.407389269638525,1.8770684677240344,2.3543910800845347,1.3752429492187386,1.3748319421056887
2025-10-27,5.390708905334261,1.8747699174833767,2.348243492176614,1.3738175434673092,1.3735103020371437
2025-10-28,5.335763972051659,1.867405124967751,2.3355175655281286,1.370945556986861,1.3687529759831325
2025-10-29,5.198734699947934,1.8484976602093954,2.288335169807294,1.3600279647989413,1.3568783390860728
2025-10-30,5.116080559085046,1.8367362827880982,2.2587850436258563,1.3529996339082273,1.3505434316124854
2025-10-31,5.175156557170452,1.8450689145128354,2.2715981809744483,1.356013520277916,1.3555588632818252
2025-11-01,5.199146182640013,1.8492641203984745,2.278254294921788,1.3579718755958805,1.3582366638274914
2025-11-02,5.226336516081229,1.8542015502574025,2.287150624484746,1.3606796815229123,1.3614103520715541
2025-11-03,5.0330359709681485,1.8136523700670866,2.216355479340169,1.3357808216960851,1.339312507399152
2025-11-04,4.798879807566341,1.7640740536636141,2.128524692195764,1.3046806498384744,1.3341593899035544
2025-11-05,4.907587999171873,1.7855572728621616,2.134491523482865,1.3066236556461397,1.3345274171740384
2025-11-06,4.785217106018243,1.7641918212298704,2.134033451318812,1.306483964674751,1.3287960607705362
2025-11-07,4.883051452312482,1.7811788940420055,2.1460566970854016,1.3099519802168706,1.3351075359466589
2025-11-08,4.831548950017958,1.772505315694362,2.1386639788480375,1.3078725394443997,1.330718494599953
2025-11-09,4.946691402373613,1.791479677878042,2.162064446025223,1.3143066103209078,1.341912929680893
2025-11-10,5.0070114436473565,1.80140240262106,2.1806428561399516,1.3194373060123328,1.347162519877777
2025-11-11,4.865340351542768,1.7786284208551673,2.1486355423868124,1.3107830563394232,1.334339818554366
2025-11-12,4.802312274399543,1.7682679097638623,2.128735496381429,1.3053246302254413,1.3297582976305724
2025-11-13,4.709457791286386,1.7534747125096242,2.1132007086786624,1.301199321051517,1.3222625734130076
2025-11-14,4.459113197596944,1.7119633527079372,2.039797929032908,1.2810730293192387,1.3071193097666078
2025-11-15,4.513500507249294,1.7212334849004634,2.0553581096898297,1.2854115510886344,1.307128883843995
2025-11-16,4.448687370212272,1.7113188239796462,2.0546527341922953,1.2852173933929543,1.3023525295376268
2025-11-17,4.350282114747948,1.6956439263299121,2.0307654222155205,1.2790349805532433,1.2933443392424593
2025-11-18,4.390670155843075,1.702159650659674,2.0433948239359423,1.2823272850020149,1.2969618994337109
2025-11-19,4.320622516111488,1.6910046324046502,2.0249307865053994,1.2775673416576767,1.2903536600948298
2025-11-20,4.092272133617105,1.654406200271086,1.9438374568784518,1.2566165528465842,1.2740720515719564
2025-11-21,4.019469220541072,1.6423542025308102,1.9184554305967387,1.2498975971697246,1.2737141602964974
2025-11-22,3.998574756810042,1.639056782086993,1.91772663295264,1.249703592786658,1.2721920684916221
2025-11-23,4.100449383384886,1.655248746175764,1.9372767255842802,1.254644454048397,1.2817622023439192
2025-11-24,4.169678486245595,1.666213352518779,1.961238716462818,1.2607341015225573,1.287443962243816
2025-11-25,4.125810371799526,1.6595354053616878,1.95124515579876,1.2582848746401862,1.2835836756391465
2025-11-26,4.275859103897723,1.6833341979438388,1.9942964645470815,1.2692331710539777,1.2970068863910904
2025-11-27,4.312090616238698,1.6891956042701735,2.0069920559919914,1.2725550187106929,1.2987845687952257
2025-11-28,4.2947965338026615,1.6865737091468274,2.005326335758979,1.2721362345649265,1.2971106676342579
2025-11-29,4.291607635199747,1.6860762230924053,2.0039153352190695,1.2717849409514328,1.296746636981434
2025-11-30,4.269999073702643,1.6827475122235922,1.9956023569615078,1.2697163517231538,1.2944923999474585
2025-12-01,4.077613016581465,1.651759420867214,1.9187112511042803,1.249721069845806,1.2771821319471144
2025-12-02,4.315152933170418,1.6918061871518424,2.0145561819886346,1.2757024918311939,1.278047273522809
2025-12-03,4.418017332462889,1.707811920519003,2.015002531550101,1.275804399530209,1.2780549517273536
2025-12-04,4.352537704177531,1.6992295895056087,2.0149709344236704,1.2757966300772625,1.275652218527971
2025-12-05,4.222451971850897,1.6824037178443618,1.9996012719064227,1.2725734271076283,1.2679569436777594
2025-12-06,4.21700157913403,1.681593921652897,1.9977969059862353,1.272153791214625,1.267629670110303
2025-12-07,4.270534185723732,1.689132132132902,2.004289531025174,1.2736121703056917,1.2723421499286807
2025-12-08,4.281614325945224,1.6906873440155252,2.0075463740409685,1.2743469803790133,1.2733621869819134
2025-12-09,4.37852237487882,1.704392955815586,2.042141959409562,1.2822125628551466,1.2825983435432056
2025-12-10,4.3468371004604585,1.6999584725503136,2.029606911248751,1.279382909744346,1.2798646742104978
2025-12-11,4.370001915331996,1.7031807641970782,2.035924440275393,1.2807988091738423,1.282008362662961
2025-12-12,4.264146424363026,1.6865167919643693,1.9969409382120147,1.2708986231968227,1.2708999192792882
2025-12-13,4.265483097287428,1.6867268865622644,1.9974135585017645,1.2710179688468408,1.271003823225366
2025-12-14,4.165172843028028,1.6709152599428208,1.970563938411863,1.264205130592916,1.2608388630497838
2025-12-15,4.082252253282915,1.6573325288529042,1.9390163073905404,1.2559424718979588,1.2532325616356204
2025-12-16,4.149528012745264,1.6682772074713996,1.9570123268983632,1.2606123031810241,1.2595314059131542
2025-12-17,4.069213603064238,1.6554982975417365,1.934996496807868,1.2550036879875328,1.2518146322817305
2025-12-18,4.037033073244291,1.650021644313102,1.9248642492746941,1.2522557773593996,1.2485387228895661
2025-12-19,4.161781339942646,1.671069764616645,1.962215678999911,1.2622868731995391,1.2614908593052918
2025-12-20,4.17314748831334,1.6729512614873772,1.9662829045141055,1.263365987205063,1.2623263291861828
2025-12-21,4.186267696984886,1.6749937683772975,1.96762486920153,1.2636933409112476,1.2636194484161125
2025-12-22,4.180044897743785,1.6740185952171773,1.9651139834116162,1.2630617580982038,1.262931659845057
2025-12-23,4.129216636595833,1.6651491759129087,1.9451460996332146,1.257472777563104,1.2567318273597845
2025-12-24,4.13856781142505,1.6671247169738717,1.9489282717895438,1.258755703685161,1.258095023479003
2025-12-25,4.120748950165574,1.6629308232242488,1.9419459652643252,1.2561485242400499,1.255149396620659
2025-12-26,4.123899099277306,1.6636720154425448,1.943192211595869,1.2566185886423031,1.2556694764558192
2025-12-27,4.147552157737741,1.6697441840336282,1.9528379147355335,1.260588046255541,1.2599453538114522
2025-12-28,4.149143101132854,1.6701543673297479,1.9534852118123884,1.2608559183083485,1.2602316774006013
2025-12-29,4.116185736275395,1.6614913588297817,1.9400807525062764,1.2552126593171276,1.2541526016753153
2025-12-30,4.177216184887481,1.677585281456352,1.9651242274011231,1.265797992007444,1.265271440600409
2025-12-31,4.133696077776507,1.6651730556193345,1.9475997861272114,1.2577950808930427,1.2569639158444916
2026-01-01,4.19147489051424,1.6809878245233905,1.9692437715083861,1.2672918069285222,1.2676821500293047
2026-01-02,4.248760293064252,1.6966028655594876,1.991371671448383,1.2769713085736225,1.2781014938000856
2026-01-03,4.279865801285971,1.7053387842820398,2.0029694930637354,1.2822248137055223,1.283940531705891
2026-01-04,4.318142548675824,1.7157755620389596,2.017174624218366,1.288447561611404,1.2910319604796898
2026-01-05,4.434774826706745,1.7501714488058677,2.0628698569557873,1.310112247133285,1.3134629594901195
2026-01-06,4.427522767171289,1.7478204090081513,2.0600267138328485,1.3086290889981589,1.312180581582291
2026-01-07,4.313161947409196,1.713946696464536,2.03132898494721,1.294939845011728,1.2908405287521991
2026-01-08,4.299891538328972,1.709552365661123,2.026097942190283,1.292175208891352,1.2883917573726011
2026-01-09,4.275610369068612,1.7024986192241145,2.0195197492771797,1.2890956211446358,1.2836941891280484
2026-01-10,4.26963704274217,1.7004436079337748,2.0170246145926423,1.2877418666799765,1.282257692424551
2026-01-11,4.290459912175207,1.7072240355609722,2.025313579897118,1.2920771716521489,1.2869736417092121
2026-01-12,4.307726685446029,1.712843951045302,2.032362627177562,1.295756038336669,1.290728446395993
2026-01-13,4.50276025542189,1.7762022602330612,2.111961621701873,1.3372184118083301,1.3265589911192697
2026-01-14,4.578696710684865,1.8016114150239524,2.142830714796098,1.3537977583852754,1.328630963488339
2026-01-15,4.513596827413093,1.7849824586066099,2.1404468483529047,1.3527093873955967,1.321004655363694
2026-01-16,4.512365331679043,1.7846679643474166,2.1397041982613145,1.3524104601376397,1.3207368496513565
2026-01-17,4.492280178749563,1.7797838166286442,2.1329033864393536,1.3497879881214414,1.3174726168709774
2026-01-18,4.423054028231039,1.7630364239232175,2.1053559779729625,1.3391443047763862,1.3063193177452428
2026-01-19,4.371998067692045,1.7506886394262577,2.0844446904287866,1.3310786232415697,1.298798839429963
2026-01-20,4.171584223126218,1.7031813152835071,2.008580471488987,1.3023996272741445,1.2749380556643946
2026-01-21,4.2219419547383845,1.7152522382331186,2.0282842455406644,1.3099053538147738,1.275784231403622
2026-01-22,4.225980389805124,1.7159768115690037,2.027581667708646,1.3096313157252468,1.2760275217004897
2026-01-23,4.227937054588443,1.7163673107125943,2.027581675739926,1.3096312729984607,1.2762255645611713
2026-01-24,4.209366084157257,1.7125936808853752,2.0201955527891364,1.307244443590996,1.273669582343667
2026-01-25,4.089453015872904,1.6881047710064652,1.9707619917497328,1.2911880335141963,1.2579079791556256
2026-01-26,4.169516845510951,1.7047916953509383,2.0041197038109337,1.30222266524746,1.2658921076529914
2026-01-27,4.208980434459301,1.7130554617241696,2.01323461352873,1.3052625569563596,1.2703954106291033
2026-01-28,4.212853907406435,1.7138158801650043,2.014242548153823,1.3055910943711644,1.2708496387446913
2026-01-29,3.9944757987285047,1.6685556458033353,1.9330303869021592,1.2787744073418463,1.247231625753262
2026-01-30,3.974025293453592,1.6642044810267012,1.9245224105554106,1.2759075781851081,1.2469389344613555
2026-01-31,3.713863054869653,1.616862104146118,1.9222693692193151,1.275218374937165,1.2347511661563226
2026-02-01,3.6360784333986707,1.6021662385500124,1.8968116474935195,1.267889384186917,1.2346549746921565
2026-02-02,3.7170585962424854,1.615231688862626,1.8962333516574796,1.2677212945015675,1.2375163403796436
2026-02-03,3.5727377770265756,1.5922185019541646,1.8682504160023765,1.260856509991478,1.232385623404324
2026-02-04,3.4492663983233696,1.570226260712069,1.8369822920607182,1.2524247182063282,1.2313123388408136
2026-02-05,2.9618887682939157,1.4818015415271646,1.8124930454863974,1.2457703743128887,1.2278822705950931
2026-02-06,3.332858498298533,1.554149047525752,1.836302190469397,1.2521506889187612,1.2278701761243282
2026-02-07,3.2727052643582595,1.5469385731479792,1.8362058498253484,1.2521250780445383,1.2278701761243282
2026-02-08,3.3191282619229465,1.5510820208510954,1.8362058498253484,1.2521250780445383,1.2296094431067555
2026-02-09,3.31232864882739,1.5504751184703813,1.8341495760791158,1.2518572765546785,1.2292087172265995
2026-02-10,3.2496530075325367,1.5449150041814428,1.8105083371519897,1.2488002896587784,1.2254388577049546
2026-02-11,3.16453144668827,1.5371546771882316,1.7710731837187674,1.2435843738658183,1.2208306954186388
2026-02-12,3.1281526862808025,1.5337484802410895,1.7560834436167934,1.2415565046355352,1.2191816217063205
2026-02-13,3.2526706702887034,1.5455134137845483,1.7919562851342419,1.2464439079763168,1.2249992703378887
2026-02-14,3.29564643930926,1.5494563792988323,1.809169639258763,1.248755905976593,1.225735971721804
2026-02-15,3.2493802849231685,1.5453704520144922,1.805786265803991,1.2483151835049802,1.22342883996506
2026-02-16,3.2519768698751546,1.5456012322143926,1.8061946386661316,1.2483680560735577,1.2235659923414641
2026-02-17,3.1882564684894725,1.5398789664620547,1.780501365882742,1.2450128797660203,1.2195305858097338
2026-02-18,3.1377644053078733,1.5352578299877773,1.7566983771575284,1.2418589691443502,1.216473299305962
2026-02-19,3.162904337101388,1.5375911296717542,1.7667879555534631,1.2432121784847667,1.2180570154791128
2026-02-20,3.212404413308721,1.5422326125366002,1.7873981001940407,1.246009514782594,1.2213407506337568
2026-02-21,3.21232617624081,1.5422248780695433,1.7872919105217928,1.2459955854219196,1.2213327933428961
2026-02-22,3.1960587707997172,1.5406716482536384,1.7802081684555564,1.2450194180097354,1.2202530106237455
2026-02-23,3.0523315568844422,1.5269002936429388,1.7118559285415733,1.2355177600460068,1.2122133588939148
2026-02-24,3.026979425496358,1.5243547840097043,1.6995933996364267,1.2337413611942674,1.211954042029882
2026-02-25,3.210264703309913,1.5427754149376944,1.7054361818394774,1.2345872983913537,1.2170775737228832
2026-02-26,3.1863459340527998,1.5404578103512048,1.6970002939317392,1.23335673056519,1.2170302494092102
2026-02-27,3.1120897305360433,1.5311819407813156,1.6964314555078888,1.2332719073596878,1.212681856224919
2026-02-28,3.1647152299893064,1.5415427274178983,1.713397906310463,1.238261093361053,1.2176088740823976
2026-03-01,3.105301926809228,1.529941891176213,1.6950694043257195,1.2329513544563304,1.2117224584472912
2026-03-02,3.248797566384342,1.5581443595223736,1.7490585970086354,1.248618206658414,1.222617652348825
2026-03-03,3.22601950833908,1.5538353427372147,1.740454339857529,1.2461996281001537,1.2223284071125118
2026-03-04,3.4346641138747955,1.5902930980681798,1.7440155973812324,1.24711173843427,1.2321466681813404
2026-03-05,3.346355868684253,1.5750419461693639,1.7153973446749657,1.2394822099432492,1.2320652281393962
2026-03-06,3.218595843914102,1.5552862585259675,1.7148407819251095,1.2393328999188116,1.2296122631548638
2026-03-07,3.17778746310034,1.548716212254405,1.7085693696036193,1.2378237023452783,1.2289494869826878
2026-03-08,3.1162458902474217,1.5391280192231582,1.7055524959793378,1.2371234064540315,1.2248091265035825
2026-03-09,3.2311558456559837,1.5572700234422499,1.7418726815111798,1.245544834497031,1.232111659090321
2026-03-10,3.303171221454085,1.5682552395214795,1.767098968447612,1.2512563878516816,1.2343466068342173
2026-03-11,3.316301394280506,1.5701652564544113,1.7679065261487061,1.2514285569353754,1.235167921166436
2026-03-12,3.329933096235658,1.5721446451110332,1.7707767447097662,1.2520519175889842,1.2364457819163135
2026-03-13,3.352361670774733,1.5753951884857773,1.7796466923814647,1.2539771643407216,1.238761450737744
2026-03-14,3.3639990655837035,1.5770808695607332,1.78484387407016,1.2551059982937744,1.239968380884082
2026-03-15,3.4384117432362817,1.5878371480229456,1.8189363160953271,1.2624980042720455,1.2473681242570542
2026-03-16,3.5362486728299327,1.601791331892642,1.8641990993997217,1.2722010521365557,1.254876665160572
2026-03-17,3.4919111359763986,1.5951566532090296,1.8476282884395299,1.2684859996368947,1.2521025098333651
2026-03-18,3.3654612130509816,1.576243784215543,1.817145150091236,1.2616334730718177,1.2431034461731978
2026-03-19,3.3025036230774307,1.5656686923838907,1.792603292157078,1.2555277102558888,1.2404041329173685
2026-03-20,3.3313088876940156,1.570289492678673,1.795430645820521,1.256191595805674,1.2426159356258886
2026-03-21,3.245758868190105,1.5564951979716917,1.7709691319637788,1.2503376817756413,1.2344309006058656
2026-03-22,3.2048364531594355,1.5497448479756233,1.7535150222573017,1.2460991402398311,1.2312321556724177
2026-03-23,3.3498388943773802,1.5735707664742178,1.798536389870058,1.2569699306668656,1.241922568781501
2026-03-24,3.331085616816251,1.570350474752534,1.79081758755473,1.255000832479012,1.2415600880598818
2026-03-25,3.368498804116899,1.5763145740119935,1.7911646455071994,1.2550719326022155,1.2444387778247048
2026-03-26,3.249542663743361,1.5540603721368302,1.7501058658661386,1.2435928471910174,1.2334100503826462
2026-03-27,3.1336573282853255,1.5313950778775898,1.701037667230488,1.2293343423678078,1.2293358191791026
2026-03-28,3.132774947014689,1.531213537681779,1.7004664746120173,1.2291658823506797,1.2292967987685457
2026-03-29,3.1155439708928636,1.5278977143994912,1.699198359306644,1.2288033803324028,1.227115461089582
2026-03-30,3.1503354783329507,1.5346937160523535,1.711694086739336,1.2324049487614828,1.231895387548533
2026-03-31,3.223169391001931,1.5498240122058362,1.7444106615041404,1.2424523182725853,1.2424723141091816
2026-04-01,3.2158590227083144,1.5482807681072188,1.7411039338152974,1.241418342277324,1.241474365483785
2026-04-02,3.1596471655854383,1.5368164601860006,1.720766980061555,1.2352744124701214,1.2332915289642057
2026-04-03,3.161656234442546,1.537230161609978,1.721532494282649,1.235507077189182,1.233574038544294
2026-04-04,3.1786340472219803,1.5406975093694988,1.7285982069026589,1.2376369172180102,1.236089611753096
2026-04-05,3.258530700483784,1.5569995979995188,1.7658163792344772,1.2488543454323533,1.247482255720583
2026-04-06,3.252764407153088,1.5557933258564682,1.7630905259978182,1.248010444257049,1.2467786832957473
2026-04-07,3.3982971628360703,1.5863525462632675,1.8122860793430164,1.2633031158055312,1.263343230311949
2026-04-08,3.3596879079075963,1.578402826942776,1.795112778147299,1.2580230926123992,1.2623197288042498
2026-04-09,3.3901309843514857,1.584391045686443,1.7954142932609245,1.2581008320417832,1.2654732811676948
2026-04-10,3.4473458997318236,1.5957528340189724,1.8128772653314673,1.2633020065991207,1.2729548899528444
2026-04-11,3.450899412594625,1.596451720039689,1.814172232819013,1.2636855153055961,1.2733960743235793
2026-04-12,3.342212256427163,1.5744085759876096,1.7705152899035372,1.2503668076450873,1.2602692800806274
2026-04-13,3.518466346805001,1.6113231789283056,1.8504282095310258,1.2754588950806027,1.2673323118820872
2026-04-14,3.5041519157194947,1.6082554002431895,1.8468829627381322,1.2743329016454676,1.2672297395263066
2026-04-15,3.5336030051891174,1.6136646523934037,1.8465866828720559,1.2742339881491296,1.2701184426120642
2026-04-16,3.5499969923014056,1.616691928449038,1.851424952725824,1.2755842169340206,1.2721131999466504
2026-04-17,3.6432788269458865,1.6352080622819736,1.8903325503303645,1.2872716356098652,1.2845245912711125
2026-04-18,3.577114993359082,1.6207707782331968,1.8607760589430595,1.2774882533313214,1.2769557062925063
2026-04-19,3.488787557944335,1.6017670980839764,1.83343458783815,1.2685732412125497,1.2666784385207006
2026-04-20,3.5840264264149075,1.6218678428414774,1.8672165550590265,1.2793300529593545,1.2761486804754612
2026-04-21,3.606712223766878,1.6263172603935057,1.8737003634742415,1.2812534475610193,1.278223355993442
2026-04-22,3.6941170522487132,1.6433162486172508,1.893139916482331,1.2869865549086557,1.2888771983516842
2026-04-23,3.6972277137837173,1.643914058260193,1.8940401473629251,1.2872510763370533,1.2892230023006455
2026-04-24,3.6587933851297234,1.6363822796430767,1.881993130322765,1.2836491407248387,1.2839191724374137
2026-04-25,3.666195645073858,1.63784038758636,1.8849148629929353,1.284526850989385,1.284952275978052
2026-04-26,3.7155835322781487,1.6473781029896888,1.9061774621979313,1.2907990079616591,1.291829828318553
2026-04-27,3.6546040115687597,1.6354658765094874,1.878881251769135,1.2826551334156977,1.2835308770348894
2026-04-28,3.6066129512608964,1.6259972379756336,1.8584340496953329,1.2765015004290576,1.2770761521498555
2026-04-29,3.579473176679603,1.6202114869713051,1.8474634677180528,1.272964919543291,1.2730421041740958
2026-04-30,3.604423420487711,1.6255081862802105,1.8578037207768714,1.2763082345807475,1.2768104715153485
2026-05-01,3.6929785552935,1.6441390075377875,1.8964422883923648,1.288694385920062,1.289820406556323
2026-05-02,3.7155698776955406,1.648883264606856,1.906397514918923,1.2918854205460524,1.2927269315250045
2026-05-03,3.709947511046379,1.6477280592949168,1.904336979723482,1.2912376445249436,1.291901754268929
2026-05-04,3.7708687229976077,1.6612330330563998,1.929682328288064,1.299819828233954,1.3015616666540506
2026-05-05,3.8227897197969,1.675269108348905,1.9526108320385556,1.3093007744805583,1.3111949048808134
2026-05-06,3.846430968888594,1.6815801168237983,1.962119784336162,1.3131843766994078,1.3155715702670523
2026-05-07,3.7794700029117543,1.6638729658093976,1.9347262941983723,1.3021001150114628,1.303022793511718
2026-05-08,3.787820333740148,1.6660948541586575,1.938319524067647,1.3035620340215353,1.3045336509359324
2026-05-09,3.8103810255920156,1.6721666822649848,1.947215171774503,1.307231078315638,1.3088757639223463
2026-05-10,3.8800356347701834,1.6918123624018278,1.977605753758595,1.3203450763770452,1.322893990469229
2026-05-11,3.8606383775698823,1.685679072867782,1.969051560351666,1.3162039765340965,1.318762529364234
2026-05-12,3.80155352245792,1.6661123586196633,1.9457991072542258,1.3044578524064758,1.3049740273905488
2026-05-13,3.744850838446735,1.6475081740687991,1.9210955077617862,1.2920690542307038,1.2924135747001024
2026-05-14,3.8286563927618973,1.675820119697169,1.9555029246393512,1.3098605925315268,1.3107262857869644
2026-05-15,3.7348630648338106,1.645571272635832,1.9175445070798451,1.291126399853674,1.2934188783905962
2026-05-16,3.6907318228904753,1.6318551694789618,1.902288501709244,1.2838777969191881,1.2857186825375788
2026-05-17,3.6575670559944977,1.6223821049477927,1.8924941283958745,1.2796036470077263,1.2793594172435012
2026-05-18,3.635120767402311,1.6159657601649566,1.8835129587862856,1.2756904543562442,1.2747718319090386
2026-05-19,3.625519012530116,1.6131377469028747,1.8793202188539255,1.273809838223076,1.2727082246666395
2026-05-20,3.6589096336032703,1.6231079220763038,1.8941458755960547,1.2805536950680123,1.2799936337185474
2026-05-21,3.6627546902568713,1.624258191118869,1.8958686136420917,1.281339143453865,1.2808197498375158
2026-05-22,3.56587395048849,1.5953081487985175,1.8529963039398791,1.2618138311295104,1.2605474749633703
2026-05-23,3.6218562630064577,1.6136509794420961,1.8783726798545375,1.2744702382003958,1.2711757327588475
2026-05-24,3.636393964969728,1.617968269183828,1.8826267672772872,1.2763823279170796,1.2740306207308811
2026-05-25,3.6505087439149526,1.6220221646360686,1.8877808016861926,1.2786589827105417,1.2769178759451212
2026-05-26,3.581816229246425,1.6014514799382973,1.8578058587944588,1.264977399705944,1.2622574512416913
2026-05-27,3.5118560526520772,1.5797469451361401,1.8263388020311713,1.250110588507883,1.2479418255519525
2026-05-28,3.473681161067618,1.5681100143874516,1.8111297248614275,1.2430548345371775,1.2403344194347075
2026-05-29,3.4659327390022554,1.5657578837728072,1.8082030758765675,1.2417039596729398,1.2386614328807972
2026-05-30,3.483992216149835,1.5712246008052626,1.8157120515406824,1.245160066180728,1.2426125915066213
2026-05-31,3.4757186462182594,1.5686819166663368,1.8119443617885422,1.2433997353728268,1.240814282957313
2026-06-01,3.3689660122677263,1.5337709183946833,1.7636436890575375,1.2193832460379856,1.2191260139429239
2026-06-02,3.1509122921874075,1.4619994273851387,1.6638232848878154,1.1694873317262988,1.2037726514758476
2026-06-03,3.0238770674237516,1.4224936232039649,1.632336775634218,1.1546413534399342,1.2036504759649118
2026-06-04,3.0138252648896824,1.4200448089356268,1.631956386931327,1.1544613743243772,1.203542664712035
2026-06-05,2.8778330029785497,1.38829020670003,1.628579086953996,1.1532775001515614,1.1930147811761342
2026-06-06,2.8752229479653435,1.3876576038807698,1.6271195649148045,1.1527606357486002,1.192883860863081
2026-06-07,2.9872752206599062,1.4126467936565121,1.6297450798176036,1.1536069655525472,1.202808677542313
2026-06-08,2.9802401582750706,1.4111165052654884,1.6267161276714726,1.1526223178613142,1.2024450380798266
2026-06-09,2.91189657354857,1.3980577697487169,1.6209896114727966,1.1509682854091576,1.1945967251796685
2026-06-10,2.902709253710639,1.3962834962073,1.6170234669831636,1.149835575593796,1.1935453657365256
2026-06-11,3.002463729553653,1.4157871759159226,1.6511728890887964,1.1597087867037255,1.206227882437249
2026-06-12,3.0016202822955855,1.4156236149272476,1.6506257420376613,1.1595513046101136,1.2060939047204964
2026-06-13,3.04310068999928,1.4230039906918779,1.657403086733057,1.161338431042903,1.2111696432989165
2026-06-14,3.1039933011355885,1.4340169189659202,1.681733655396112,1.167934261993999,1.219085163913717
2026-06-15,3.1313485966964096,1.4388300148425308,1.6933709653913258,1.1710174111979976,1.2224538810482068
2026-06-16,3.0988086192154,1.4332754519457198,1.6807400472167326,1.1677720996379204,1.2182715874272685
2026-06-17,3.0429646977373688,1.4237355986613194,1.6558250542981685,1.161379979769413,1.2111403144042188
2026-06-18,2.971070552490252,1.4112304206909556,1.623122186992687,1.1528527399423458,1.2024564312215438
2026-06-19,3.001508646856703,1.4165773476717798,1.635752097611435,1.1561702667218192,1.205923897177494
2026-06-20,3.0345200764804305,1.422278071591082,1.6469326215295887,1.1590615072907158,1.210110914084993
2026-06-21,2.987181668316909,1.4142020921109661,1.6265564314136938,1.153843642314871,1.2040377252608023
2026-06-22,3.0209359810430167,1.4199485038491617,1.641666192987022,1.1577018525077967,1.2082466922231914
2026-06-23,2.960279003717374,1.4094770975310544,1.6155687666741199,1.150949375091556,1.2006716763180363
2026-06-24,2.881256059221038,1.3931874660300283,1.5800836225367378,1.140005706690912,1.1903710298738621
2026-06-25,2.8211011645882853,1.3797165271331358,1.5560813318656006,1.132012706971042,1.182990295385951
2026-06-26,2.8350245948556236,1.3827344703254025,1.5599858633093653,1.1332694392139637,1.1849113736702477
2026-06-27,2.8314188624404193,1.3818391932535474,1.5587312895607546,1.1328081796831242,1.1841928674667515
2026-06-28,2.8121574129806426,1.3772333150641825,1.5499743135814334,1.1296908246282034,1.1805600179154563
2026-06-29,2.840785168023335,1.385023626092272,1.5635634382693624,1.1351961410018467,1.1866043074783597
2026-06-30,2.7661726537090883,1.3647185384004177,1.5281121243258138,1.1208292714374435,1.1719698036762287
2026-07-01,2.8344260074775502,1.3840322984936724,1.5605433480489903,1.1344747389030414,1.1822667799268174
2026-07-02,2.904410356373541,1.4025676076150997,1.5847166551662257,1.1440024188675877,1.19160287349485
2026-07-03,2.9544300448054894,1.4164325230476795,1.6002328661997343,1.1504537400498864,1.1990573296846225
2026-07-04,2.9801322132639205,1.4230436204018349,1.6077812507001152,1.1533646851709947,1.203439726869173
2026-07-05,3.0018415234380975,1.4285690620040465,1.6157435435703578,1.1564128763708748,1.2075533352767198
2026-07-06,3.0229629484746234,1.4340883602604186,1.6249739676565782,1.1600415866590923,1.2118049931699848
2026-07-07,2.990009089523509,1.425460824521284,1.6097004277398619,1.1540242864864576,1.205128152051728
2026-07-08,2.9408906035436284,1.412533408001662,1.586676224467306,1.144911767994766,1.195311501777356
2026-07-09,2.985084767279788,1.424453108318271,1.6070634294491069,1.1531820413474807,1.2040322219505943
2026-07-10,3.029204199854382,1.4365924869407465,1.626177486182395,1.1611051154450618,1.2129229522216165
2026-07-11,3.013846669370526,1.4324342649626853,1.6195366772562905,1.15839800238165,1.2098551230813128
2026-07-12,3.011777262020006,1.431874800854834,1.6186369045326126,1.1580333514936254,1.2094302854894419
2026-07-13,2.940018924513414,1.412171604705432,1.5852570589167148,1.1442414209692944,1.1955296722750253
2026-07-14,3.0683627749507116,1.4481839148752345,1.6463252370730888,1.1699911533207237,1.2106860032909885
2026-07-15,3.056849193992138,1.445053255945372,1.6418506447340817,1.1681582701806372,1.2101958096177126
2026-07-16,3.013244576086109,1.4341564867833996,1.6393377837456125,1.1671965546197538,1.2033094217321214
2026-07-17,3.0184491863160487,1.4355065904672926,1.6407312329048889,1.1677433195260507,1.2042327940905253
2026-07-18,3.0608278441296255,1.4463210828325597,1.6583333636406594,1.1744782090745265,1.2124590163532947
2026-07-19,3.0558302668954314,1.4450500838832596,1.6559247459539808,1.1735601457782767,1.2115012899922248
2026-07-20,3.081301783620634,1.4515353388505183,1.667364254189421,1.177925688257345,1.2164955111265898
2026-07-21,3.141534177235751,1.4668186453279528,1.6958456614409816,1.1887635315989415,1.228068209175156
2026-07-22,3.1224347375533936,1.461537230212531,1.686881919891281,1.1850463226762484,1.224319205353461
2026-07-23,3.0725527020758356,1.447550383506107,1.6660381382160587,1.1762848393198881,1.2137942162245439
2026-07-24,3.0278511045265746,1.4345142897807877,1.6452981441980747,1.1672216898827485,1.2042845116541647
2026-07-25,3.0379276329264457,1.4374096293910852,1.6497004276342835,1.1691155054697728,1.2064220806523327
2026-07-26,3.0865108223638513,1.451074346106992,1.671115177409095,1.1781379291149896,1.2167527924421133
2026-07-27,3.01020329459246,1.4296528321721114,1.635173460312749,1.1630076370694646,1.2016498497507972
2026-07-28,3.0171219239823626,1.4315685926079418,1.638190728221296,1.1642583721098838,1.202856495291198
2026-07-29,3.0188604844867406,1.4320080345112058,1.6386690309214642,1.1644343864193911,1.2031717441197536
2026-07-30,3.057460144303113,1.4424918932755144,1.6559656232532556,1.171473538024265,1.2111328736698226
2026-07-31,2.9671627585652134,1.4175892255710125,1.6130905505136417,1.1537440124567144,1.193643275294008
2026-08-01,2.9647807719858226,1.4169184791462728,1.6119715879040408,1.153275420670211,1.1932103783280317
2026-08-02,2.998729385732002,1.4256911203422,1.6215017017994249,1.156953572518841,1.1996123439402038
2026-08-03,2.9977326012016845,1.4254339536814904,1.6208465526718372,1.1566999067226682,1.1994082591716402
2026-08-04,3.0258414821053083,1.432974317841559,1.6335044423336655,1.1617963501576194,1.2052625639880357
2026-08-05,3.0514227890555277,1.4414262790658339,1.645573323618832,1.1677880867661397,1.2117899725350014
2026-08-06,3.0355799673249604,1.4362071858031398,1.6381760369335217,1.1641270955251322,1.2077539804902706
2026-08-07,3.0647764172810996,1.4460142563006824,1.6518197652706377,1.1710105647502351,1.2153832042530288
2026-08-08,3.0659335508963568,1.4463980720039116,1.6523576114897736,1.171281963677805,1.2156776797769775
2026-08-09,3.0631087129891688,1.445432898814841,1.651031628582119,1.170612406331285,1.2149185911959606
2026-08-10,3.0189747032250347,1.4304652789547396,1.6300206638501546,1.1599059096111315,1.2032565195074012
2026-08-11,3.002030104295185,1.4246287478777808,1.6219080547585216,1.1557093444568418,1.1988315893776675
2026-08-12,2.994970869608707,1.422075576271229,1.618681344944654,1.1539866156204364,1.196838583569063
2026-08-13,2.994958506675806,1.4220708028011406,1.618648003403183,1.1539684118525864,1.1968310716498618
2026-08-14,2.974808033175476,1.4145473125442964,1.609025469175959,1.1485743494297491,1.1909269015209436
2026-08-15,2.977109752951703,1.4154165218898473,1.6101260028607032,1.149198269233674,1.1916073761127013
2026-08-16,2.96739451742676,1.411676577164316,1.6055082247287555,1.1465296119543706,1.1887109879435598
2026-08-17,3.0471125539863517,1.4442544053142323,1.6436889175736356,1.1699517399258776,1.21252546683795
2026-08-18,3.0553534636325024,1.4480144948557188,1.6476221652588972,1.1726473020907007,1.214501257603238
2026-08-19,3.27195979795647,1.5330724173526245,1.7206023149494756,1.2156609395510032,1.25855560249099
2026-08-20,3.449883068797331,1.602177039281455,1.7977461421095775,1.260842270912926,1.258236025988583
2026-08-21,3.7003564584146087,1.6588232862907395,1.7970233297076903,1.2604172902313555,1.2582771971807585
2026-08-22,3.641225841998774,1.6467516918309162,1.7969323020173449,1.260388287832208,1.2582766542559727
2026-08-23,3.672962413362605,1.652064688521062,1.7969299033883352,1.2603875029996272,1.2605861569630272
2026-08-24,3.7300828537930126,1.6614112102316905,1.8104073143589747,1.2638296878123982,1.2664332465057706
2026-08-25,3.7112111135016974,1.6583358818505196,1.8031318358733828,1.261971773787013,1.2644051615476457
2026-08-26,3.7330558623736256,1.6619022651121762,1.8114759258356592,1.2641057468666934,1.266859320502847
2026-08-27,3.7911634922222484,1.6712644868062396,1.8356566255671452,1.2702162012130367,1.273223952518603
2026-08-28,3.676506331113304,1.6528037432310019,1.7871325683427783,1.2579526109066677,1.262092777565844
2026-08-30,3.7170239062218124,1.6594499406808823,1.8032438711292003,1.2620905195808705,1.2650178393093723
