date,constant,rolling_20d,rolling_60d,ewma_0.94,garch,egarch,gjr
2021-08-31,,,,,,,
2021-09-01,,,,,,,
2021-09-02,,,,,,,
2021-09-03,,,,,,,
2021-09-04,,,,,,,
2021-09-05,,,,,,,
2021-09-06,,,,,,,
2021-09-07,,,,,,,
2021-09-08,,,,,,,
2021-09-09,,,,,,,
2021-09-10,,,,,,,
2021-09-11,,,,,,,
2021-09-12,,,,,,,
2021-09-13,,,,,,,
2021-09-14,,,,,,,
2021-09-15,,,,,,,
2021-09-16,,,,,,,
2021-09-17,,,,,,,
2021-09-18,,,,,,,
2021-09-19,,,,,,,
2021-09-20,,,,,,,
2021-09-21,,,,,,,
2021-09-22,,,,,,,
2021-09-23,,,,,,,
2021-09-24,,,,,,,
2021-09-25,,,,,,,
2021-09-26,,,,,,,
2021-09-27,,,,,,,
2021-09-28,,,,,,,
2021-09-29,,,,,,,
2021-09-30,,,,,,,
2021-10-01,,,,,,,
2021-10-02,,,,,,,
2021-10-03,,,,,,,
2021-10-04,,,,,,,
2021-10-05,,,,,,,
2021-10-06,,,,,,,
2021-10-07,,,,,,,
2021-10-08,,,,,,,
2021-10-09,,,,,,,
2021-10-10,,,,,,,
2021-10-11,,,,,,,
2021-10-12,,,,,,,
2021-10-13,,,,,,,
2021-10-14,,,,,,,
2021-10-15,,,,,,,
2021-10-16,,,,,,,
2021-10-17,,,,,,,
2021-10-18,,,,,,,
2021-10-19,,,,,,,
2021-10-20,,,,,,,
2021-10-21,,,,,,,
2021-10-22,,,,,,,
2021-10-23,,,,,,,
2021-10-24,,,,,,,
2021-10-25,,,,,,,
2021-10-26,,,,,,,
2021-10-27,,,,,,,
2021-10-28,,,,,,,
2021-10-29,,,,,,,
2021-10-30,,,,,,,
2021-10-31,,,,,,,
2021-11-01,,,,,,,
2021-11-02,,,,,,,
2021-11-03,,,,,,,
2021-11-04,,,,,,,
2021-11-05,,,,,,,
2021-11-06,,,,,,,
2021-11-07,,,,,,,
2021-11-08,,,,,,,
2021-11-09,,,,,,,
2021-11-10,,,,,,,
2021-11-11,,,,,,,
2021-11-12,,,,,,,
2021-11-13,,,,,,,
2021-11-14,,,,,,,
2021-11-15,,,,,,,
2021-11-16,,,,,,,
2021-11-17,,,,,,,
2021-11-18,,,,,,,
2021-11-19,,,,,,,
2021-11-20,,,,,,,
2021-11-21,,,,,,,
2021-11-22,,,,,,,
2021-11-23,,,,,,,
2021-11-24,,,,,,,
2021-11-25,,,,,,,
2021-11-26,,,,,,,
2021-11-27,,,,,,,
2021-11-28,,,,,,,
2021-11-29,,,,,,,
2021-11-30,,,,,,,
2021-12-01,,,,,,,
2021-12-02,,,,,,,
2021-12-03,,,,,,,
2021-12-04,,,,,,,
2021-12-05,,,,,,,
2021-12-06,,,,,,,
2021-12-07,,,,,,,
2021-12-08,,,,,,,
2021-12-09,,,,,,,
2021-12-10,,,,,,,
2021-12-11,,,,,,,
2021-12-12,,,,,,,
2021-12-13,,,,,,,
2021-12-14,,,,,,,
2021-12-15,,,,,,,
2021-12-16,,,,,,,
2021-12-17,,,,,,,
2021-12-18,,,,,,,
2021-12-19,,,,,,,
2021-12-20,,,,,,,
2021-12-21,,,,,,,
2021-12-22,,,,,,,
2021-12-23,,,,,,,
2021-12-24,,,,,,,
2021-12-25,,,,,,,
2021-12-26,,,,,,,
2021-12-27,,,,,,,
2021-12-28,,,,,,,
2021-12-29,,,,,,,
2021-12-30,,,,,,,
2021-12-31,,,,,,,
2022-01-01,,,,,,,
2022-01-02,,,,,,,
2022-01-03,,,,,,,
2022-01-04,,,,,,,
2022-01-05,,,,,,,
2022-01-06,,,,,,,
2022-01-07,,,,,,,
2022-01-08,,,,,,,
2022-01-09,,,,,,,
2022-01-10,,,,,,,
2022-01-11,,,,,,,
2022-01-12,,,,,,,
2022-01-13,,,,,,,
2022-01-14,,,,,,,
2022-01-15,,,,,,,
2022-01-16,,,,,,,
2022-01-17,,,,,,,
2022-01-18,,,,,,,
2022-01-19,,,,,,,
2022-01-20,,,,,,,
2022-01-21,,,,,,,
2022-01-22,,,,,,,
2022-01-23,,,,,,,
2022-01-24,,,,,,,
2022-01-25,,,,,,,
2022-01-26,,,,,,,
2022-01-27,,,,,,,
2022-01-28,,,,,,,
2022-01-29,,,,,,,
2022-01-30,,,,,,,
2022-01-31,,,,,,,
2022-02-01,,,,,,,
2022-02-02,,,,,,,
2022-02-03,,,,,,,
2022-02-04,,,,,,,
2022-02-05,,,,,,,
2022-02-06,,,,,,,
2022-02-07,,,,,,,
2022-02-08,,,,,,,
2022-02-09,,,,,,,
2022-02-10,,,,,,,
2022-02-11,,,,,,,
2022-02-12,,,,,,,
2022-02-13,,,,,,,
2022-02-14,,,,,,,
2022-02-15,,,,,,,
2022-02-16,,,,,,,
2022-02-17,,,,,,,
2022-02-18,,,,,,,
2022-02-19,,,,,,,
2022-02-20,,,,,,,
2022-02-21,,,,,,,
2022-02-22,,,,,,,
2022-02-23,,,,,,,
2022-02-24,,,,,,,
2022-02-25,,,,,,,
2022-02-26,,,,,,,
2022-02-27,,,,,,,
2022-02-28,,,,,,,
2022-03-01,,,,,,,
2022-03-02,,,,,,,
2022-03-03,,,,,,,
2022-03-04,,,,,,,
2022-03-05,,,,,,,
2022-03-06,,,,,,,
2022-03-07,,,,,,,
2022-03-08,,,,,,,
2022-03-09,,,,,,,
2022-03-10,,,,,,,
2022-03-11,,,,,,,
2022-03-12,,,,,,,
2022-03-13,,,,,,,
2022-03-14,,,,,,,
2022-03-15,,,,,,,
2022-03-16,,,,,,,
2022-03-17,,,,,,,
2022-03-18,,,,,,,
2022-03-19,,,,,,,
2022-03-20,,,,,,,
2022-03-21,,,,,,,
2022-03-22,,,,,,,
2022-03-23,,,,,,,
2022-03-24,,,,,,,
2022-03-25,,,,,,,
2022-03-26,,,,,,,
2022-03-27,,,,,,,
2022-03-28,,,,,,,
2022-03-29,,,,,,,
2022-03-30,,,,,,,
2022-03-31,,,,,,,
2022-04-01,,,,,,,
2022-04-02,,,,,,,
2022-04-03,,,,,,,
2022-04-04,,,,,,,
2022-04-05,,,,,,,
2022-04-06,,,,,,,
2022-04-07,,,,,,,
2022-04-08,,,,,,,
2022-04-09,,,,,,,
2022-04-10,,,,,,,
2022-04-11,,,,,,,
2022-04-12,,,,,,,
2022-04-13,,,,,,,
2022-04-14,,,,,,,
2022-04-15,,,,,,,
2022-04-16,,,,,,,
2022-04-17,,,,,,,
2022-04-18,,,,,,,
2022-04-19,,,,,,,
2022-04-20,,,,,,,
2022-04-21,,,,,,,
2022-04-22,,,,,,,
2022-04-23,,,,,,,
2022-04-24,,,,,,,
2022-04-25,,,,,,,
2022-04-26,,,,,,,
2022-04-27,,,,,,,
2022-04-28,,,,,,,
2022-04-29,,,,,,,
2022-04-30,,,,,,,
2022-05-01,,,,,,,
2022-05-02,,,,,,,
2022-05-03,,,,,,,
2022-05-04,,,,,,,
2022-05-05,,,,,,,
2022-05-06,,,,,,,
2022-05-07,,,,,,,
2022-05-08,,,,,,,
2022-05-09,,,,,,,
2022-05-10,,,,,,,
2022-05-11,,,,,,,
2022-05-12,,,,,,,
2022-05-13,,,,,,,
2022-05-14,,,,,,,
2022-05-15,,,,,,,
2022-05-16,,,,,,,
2022-05-17,,,,,,,
2022-05-18,,,,,,,
2022-05-19,,,,,,,
2022-05-20,,,,,,,
2022-05-21,,,,,,,
2022-05-22,,,,,,,
2022-05-23,,,,,,,
2022-05-24,,,,,,,
2022-05-25,,,,,,,
2022-05-26,,,,,,,
2022-05-27,,,,,,,
2022-05-28,,,,,,,
2022-05-29,,,,,,,
2022-05-30,,,,,,,
2022-05-31,,,,,,,
2022-06-01,,,,,,,
2022-06-02,,,,,,,
2022-06-03,,,,,,,
2022-06-04,,,,,,,
2022-06-05,,,,,,,
2022-06-06,,,,,,,
2022-06-07,,,,,,,
2022-06-08,,,,,,,
2022-06-09,,,,,,,
2022-06-10,,,,,,,
2022-06-11,,,,,,,
2022-06-12,,,,,,,
2022-06-13,,,,,,,
2022-06-14,,,,,,,
2022-06-15,,,,,,,
2022-06-16,,,,,,,
2022-06-17,,,,,,,
2022-06-18,,,,,,,
2022-06-19,,,,,,,
2022-06-20,,,,,,,
2022-06-21,,,,,,,
2022-06-22,,,,,,,
2022-06-23,,,,,,,
2022-06-24,,,,,,,
2022-06-25,,,,,,,
2022-06-26,,,,,,,
2022-06-27,,,,,,,
2022-06-28,,,,,,,
2022-06-29,,,,,,,
2022-06-30,,,,,,,
2022-07-01,,,,,,,
2022-07-02,,,,,,,
2022-07-03,,,,,,,
2022-07-04,,,,,,,
2022-07-05,,,,,,,
2022-07-06,,,,,,,
2022-07-07,,,,,,,
2022-07-08,,,,,,,
2022-07-09,,,,,,,
2022-07-10,,,,,,,
2022-07-11,,,,,,,
2022-07-12,,,,,,,
2022-07-13,,,,,,,
2022-07-14,,,,,,,
2022-07-15,,,,,,,
2022-07-16,,,,,,,
2022-07-17,,,,,,,
2022-07-18,,,,,,,
2022-07-19,,,,,,,
2022-07-20,,,,,,,
2022-07-21,,,,,,,
2022-07-22,,,,,,,
2022-07-23,,,,,,,
2022-07-24,,,,,,,
2022-07-25,,,,,,,
2022-07-26,,,,,,,
2022-07-27,,,,,,,
2022-07-28,,,,,,,
2022-07-29,,,,,,,
2022-07-30,,,,,,,
2022-07-31,,,,,,,
2022-08-01,,,,,,,
2022-08-02,,,,,,,
2022-08-03,,,,,,,
2022-08-04,,,,,,,
2022-08-05,,,,,,,
2022-08-06,,,,,,,
2022-08-07,,,,,,,
2022-08-08,,,,,,,
2022-08-09,,,,,,,
2022-08-10,,,,,,,
2022-08-11,,,,,,,
2022-08-12,,,,,,,
2022-08-13,,,,,,,
2022-08-14,,,,,,,
2022-08-15,,,,,,,
2022-08-16,,,,,,,
2022-08-17,,,,,,,
2022-08-18,,,,,,,
2022-08-19,,,,,,,
2022-08-20,,,,,,,
2022-08-21,,,,,,,
2022-08-22,,,,,,,
2022-08-23,,,,,,,
2022-08-24,,,,,,,
2022-08-25,,,,,,,
2022-08-26,,,,,,,
2022-08-27,,,,,,,
2022-08-28,,,,,,,
2022-08-29,,,,,,,
2022-08-30,,,,,,,
2022-08-31,,,,,,,
2022-09-01,,,,,,,
2022-09-02,,,,,,,
2022-09-03,,,,,,,
2022-09-04,,,,,,,
2022-09-05,,,,,,,
2022-09-06,,,,,,,
2022-09-07,,,,,,,
2022-09-08,,,,,,,
2022-09-09,,,,,,,
2022-09-10,,,,,,,
2022-09-11,,,,,,,
2022-09-12,,,,,,,
2022-09-13,,,,,,,
2022-09-14,,,,,,,
2022-09-15,,,,,,,
2022-09-16,,,,,,,
2022-09-17,,,,,,,
2022-09-18,,,,,,,
2022-09-19,,,,,,,
2022-09-20,,,,,,,
2022-09-21,,,,,,,
2022-09-22,,,,,,,
2022-09-23,,,,,,,
2022-09-24,,,,,,,
2022-09-25,,,,,,,
2022-09-26,,,,,,,
2022-09-27,,,,,,,
2022-09-28,,,,,,,
2022-09-29,,,,,,,
2022-09-30,,,,,,,
2022-10-01,,,,,,,
2022-10-02,,,,,,,
2022-10-03,,,,,,,
2022-10-04,,,,,,,
2022-10-05,,,,,,,
2022-10-06,,,,,,,
2022-10-07,,,,,,,
2022-10-08,,,,,,,
2022-10-09,,,,,,,
2022-10-10,,,,,,,
2022-10-11,,,,,,,
2022-10-12,,,,,,,
2022-10-13,,,,,,,
2022-10-14,,,,,,,
2022-10-15,,,,,,,
2022-10-16,,,,,,,
2022-10-17,,,,,,,
2022-10-18,,,,,,,
2022-10-19,,,,,,,
2022-10-20,,,,,,,
2022-10-21,,,,,,,
2022-10-22,,,,,,,
2022-10-23,,,,,,,
2022-10-24,,,,,,,
2022-10-25,,,,,,,
2022-10-26,,,,,,,
2022-10-27,,,,,,,
2022-10-28,,,,,,,
2022-10-29,,,,,,,
2022-10-30,,,,,,,
2022-10-31,,,,,,,
2022-11-01,,,,,,,
2022-11-02,,,,,,,
2022-11-03,,,,,,,
2022-11-04,,,,,,,
2022-11-05,,,,,,,
2022-11-06,,,,,,,
2022-11-07,,,,,,,
2022-11-08,,,,,,,
2022-11-09,,,,,,,
2022-11-10,,,,,,,
2022-11-11,,,,,,,
2022-11-12,,,,,,,
2022-11-13,,,,,,,
2022-11-14,,,,,,,
2022-11-15,,,,,,,
2022-11-16,,,,,,,
2022-11-17,,,,,,,
2022-11-18,,,,,,,
2022-11-19,,,,,,,
2022-11-20,,,,,,,
2022-11-21,,,,,,,
2022-11-22,,,,,,,
2022-11-23,,,,,,,
2022-11-24,,,,,,,
2022-11-25,,,,,,,
2022-11-26,,,,,,,
2022-11-27,,,,,,,
2022-11-28,,,,,,,
2022-11-29,,,,,,,
2022-11-30,,,,,,,
2022-12-01,,,,,,,
2022-12-02,,,,,,,
2022-12-03,,,,,,,
2022-12-04,,,,,,,
2022-12-05,,,,,,,
2022-12-06,,,,,,,
2022-12-07,,,,,,,
2022-12-08,,,,,,,
2022-12-09,,,,,,,
2022-12-10,,,,,,,
2022-12-11,,,,,,,
2022-12-12,,,,,,,
2022-12-13,,,,,,,
2022-12-14,,,,,,,
2022-12-15,,,,,,,
2022-12-16,,,,,,,
2022-12-17,,,,,,,
2022-12-18,,,,,,,
2022-12-19,,,,,,,
2022-12-20,,,,,,,
2022-12-21,,,,,,,
2022-12-22,,,,,,,
2022-12-23,,,,,,,
2022-12-24,,,,,,,
2022-12-25,,,,,,,
2022-12-26,,,,,,,
2022-12-27,,,,,,,
2022-12-28,,,,,,,
2022-12-29,,,,,,,
2022-12-30,,,,,,,
2022-12-31,,,,,,,
2023-01-01,,,,,,,
2023-01-02,,,,,,,
2023-01-03,,,,,,,
2023-01-04,,,,,,,
2023-01-05,,,,,,,
2023-01-06,,,,,,,
2023-01-07,,,,,,,
2023-01-08,,,,,,,
2023-01-09,,,,,,,
2023-01-10,,,,,,,
2023-01-11,,,,,,,
2023-01-12,,,,,,,
2023-01-13,,,,,,,
2023-01-14,,,,,,,
2023-01-15,,,,,,,
2023-01-16,,,,,,,
2023-01-17,0.5301263582887508,0.31280425425803793,0.29843209217878125,0.3922336529819573,0.484755874189956,0.4559795349207323,0.4663213403467933
2023-01-18,0.5296003697904945,0.3057400787197776,0.2984895174645497,0.3802875557580642,0.46720467462186815,0.4239668328963342,0.4660344004143804
2023-01-19,0.529289637245916,0.3292744347694759,0.3033204196647137,0.3787970555823368,0.4890248880774828,0.5048416726877334,0.508148021533029
2023-01-20,0.5289600115289789,0.3264249702304686,0.2988847697552177,0.3747985126314204,0.4884124223731301,0.4765442078995527,0.47812077115604634
2023-01-21,0.531171645935593,0.39008503320586035,0.3234742791519,0.4668888179189668,0.7143612609033582,0.563602799760261,0.46936985286704225
2023-01-22,0.5306618269971654,0.3901761375276975,0.3209933320704469,0.45299716530635664,0.5361768251143469,0.48009441252883744,0.46689043549591575
2023-01-23,0.5301415616543144,0.39345967413463384,0.3186788333047832,0.43930561936137913,0.48118471497424825,0.44023219337441466,0.466516458800875
2023-01-24,0.5296707941841843,0.38954625477089033,0.31854912972463817,0.4274945869430846,0.4713097979020783,0.4318361425072556,0.46608907037126995
2023-01-25,0.5292208978080112,0.4029743167870915,0.32010470073623304,0.4175387876948447,0.47270386636032835,0.462804248617106,0.480030890136175
2023-01-26,0.5289313723099864,0.3985521340139557,0.32116869759903777,0.41317832739260874,0.48876394384935756,0.46145556491414597,0.4699153781412107
2023-01-27,0.5284193763034555,0.4035723920993034,0.3214426073964991,0.4008467930511517,0.4688964256946941,0.4361535653686216,0.4678990078984224
2023-01-28,0.5279087987572152,0.40269630000937673,0.31893717442768704,0.3887128019930421,0.46344444907044485,0.4180197914153536,0.46647691582332096
2023-01-29,0.5273967281641545,0.4068620016869916,0.318930963011506,0.37695650655439245,0.4620155718694238,0.4084528970576457,0.46626378552669095
2023-01-30,0.527392236369986,0.4096130441350349,0.3138025496930682,0.38642832339612393,0.5164257009702596,0.456738214573075,0.46601827735625323
2023-01-31,0.5275672397873455,0.45530666620752597,0.3251979044125825,0.40462858255667855,0.5514399517357655,0.6058489612627882,0.5896450390931559
2023-02-01,0.5271471947695205,0.4522646676585752,0.32558050926417387,0.39559387355696385,0.4943390285897817,0.5098319522785787,0.5036346553203451
2023-02-02,0.526951717591906,0.43116843178075476,0.32641777509526676,0.39591922047582184,0.5035996311794082,0.4880862679031113,0.4767818764995816
2023-02-03,0.5264894259882364,0.40610240710391715,0.3277841786120806,0.38607195945317085,0.4779390719303,0.4766473853464585,0.47814741895296675
2023-02-04,0.5259839302133342,0.3705148145877432,0.3266640628187135,0.3743292916450101,0.46549450823572963,0.43298540521325907,0.46938606758992457
2023-02-05,0.5254880757219608,0.37068835329316735,0.3273760588965816,0.3634481324993897,0.46360961378821836,0.4281574452798106,0.4686657676739979
2023-02-06,0.5250931595491547,0.37729098396751115,0.3279106216693068,0.35790973810661686,0.47566077099086035,0.4758716128421521,0.48858387056761327
2023-02-07,0.5246190138033712,0.3797336848430344,0.3270659871353053,0.3485838449457117,0.4629985307798225,0.4581460552935572,0.4729320878576982
2023-02-08,0.5243605169992525,0.37169178483470294,0.3281893438678927,0.34876868858364574,0.48445109525116936,0.4578899301530845,0.4637028412508724
2023-02-09,0.5239410801568226,0.37484455921690363,0.3303789894642715,0.3424763725778772,0.4733405015228532,0.4760011337816628,0.47798146315102563
2023-02-10,0.5244942534732995,0.3182513058405918,0.3481823111135741,0.38251670932866866,0.5799512146330763,0.6645365106342755,0.6495739164660019
2023-02-11,0.5240182880687203,0.31803919739524705,0.3490270380160798,0.37206819753672504,0.4916433410934905,0.535554554376132,0.5269964599509764
2023-02-12,0.5235783454672166,0.32110815895265693,0.34389301227676156,0.3628848217202752,0.4700867385599243,0.47327521394344824,0.48048937041324324
2023-02-13,0.5230879433588755,0.3184489561202698,0.3442163581119609,0.3521367783163223,0.45961320614636214,0.4394613157697509,0.4670006915010023
2023-02-14,0.5225966539185549,0.31611255991901205,0.3389709704949319,0.34142774188471076,0.45626152200473774,0.41467137386160025,0.46193699496281954
2023-02-15,0.5222831386568664,0.31396066975336734,0.32682042831256675,0.3391068312581732,0.4756234761103632,0.4325441441244986,0.46044184031183094
2023-02-16,0.5258398017918001,0.4622849987636867,0.37414507750908094,0.4914004543860766,0.8215729342921051,0.5888505666482194,0.46000256269348916
2023-02-17,0.5256854112923206,0.4754333070433291,0.3804342421680246,0.4888465230331308,0.6022573541530204,0.5873874589658815,0.528001162637158
2023-02-18,0.5259317378796048,0.49411213881674815,0.38302853195028935,0.4986791520025411,0.5732494519368496,0.5391711981205498,0.4808126441206789
2023-02-19,0.5254471453852855,0.48242796201911653,0.3804956106939525,0.48363574027033357,0.48707703340688285,0.46457762520417484,0.4660728613297428
2023-02-20,0.5250227300671502,0.4608286193358887,0.38179450792807323,0.47150694235300294,0.47216767153697103,0.4733183210185925,0.47572516256520886
2023-02-21,0.5247365110209223,0.4636582623753904,0.38269804368717686,0.46411757350053295,0.4830413943834351,0.4620874077817095,0.4645397374369451
2023-02-22,0.5243521347157136,0.46151277116554046,0.38509442572840114,0.4541639471448423,0.47604007079283833,0.48616186262710365,0.48310653665101216
2023-02-23,0.5239062313635088,0.46134041350305793,0.38654944190953433,0.44208617112139176,0.46608845678215993,0.47141218582362304,0.4754504115044197
2023-02-24,0.5234601952557509,0.46318752355654713,0.38776237682465603,0.43037084865297615,0.46345877242609324,0.46433069673142163,0.4729138277305826
2023-02-25,0.5233922177857493,0.47722759394791675,0.3952870268505883,0.43463924949722943,0.5102167114393181,0.5628301877512205,0.5463003153952168
2023-02-26,0.5229100735072625,0.4733989446949025,0.393841890232147,0.4214156434601836,0.46919112866677404,0.4694623096516265,0.48679202199235294
2023-02-27,0.5225632483539332,0.47519207394304885,0.39310146027488335,0.41367448876284146,0.474215925493622,0.45393113655476724,0.46788907094632215
2023-02-28,0.5220839742705039,0.4693751705787094,0.3934261188194775,0.40112221126801345,0.4622889305496968,0.42588432232789863,0.4637579672049844
2023-03-01,0.5217082105399112,0.47027069363364127,0.3956514279699886,0.3938253121660424,0.47287383487724033,0.4743043176033892,0.48336629697282596
2023-03-02,0.5214507872376853,0.43680383558222025,0.3964736427144008,0.3909280124239595,0.4862494262157594,0.46683353394538085,0.46789882768054636
2023-03-03,0.5209935421695695,0.4366389576505461,0.39742834468252497,0.3800614411530721,0.46725159162305413,0.4527375963219394,0.4674870275915872
2023-03-04,0.5214769386884411,0.47287543962743595,0.4122532027703163,0.41201208753450497,0.5696677504982115,0.6474566877937856,0.630867209906068
2023-03-05,0.5210027201152247,0.4725257891876152,0.4122473796842856,0.399463833894977,0.48427792893769855,0.5022448342078698,0.5159732420361063
2023-03-06,0.5205385393293591,0.47256720952665965,0.41208211252203997,0.38755819620432963,0.4647695989449977,0.45026580774475916,0.4778150246267335
2023-03-07,0.5200669523247113,0.46824938858461906,0.4120000536211127,0.3757529365087264,0.45974874012898725,0.4215766370960263,0.4662549814894294
2023-03-08,0.5196286167601574,0.31421241427020546,0.4130471971568714,0.36612031855457844,0.46339996116179477,0.4427300256396799,0.46998362902675145
2023-03-09,0.519366535227183,0.3091798587694058,0.4167622132650973,0.3656630400474967,0.4864222044259935,0.5115884174336134,0.5059996057575585
2023-03-10,0.5205497810364461,0.3290893361146686,0.4386082354649147,0.4295899730802434,0.6411167274055991,0.7391562239802107,0.73792538328416
2023-03-11,0.5201070277347282,0.3259370215266759,0.43924227838899976,0.41785326727975425,0.5066380093295895,0.5586304602436614,0.5603517230519437
2023-03-12,0.5198703430729825,0.34452313493368614,0.4403520931004066,0.41409888323690686,0.49453110358760266,0.500134203270861,0.4919897045519125
2023-03-13,0.5218503957197256,0.44224109520642074,0.4611828461697815,0.4944707277282915,0.7032239480609365,0.5687911954029712,0.47047839181141693
2023-03-14,0.525067077840077,0.5579849057449866,0.48538500966010373,0.5975931229591772,0.8330708839507779,0.6183763047493209,0.4641028380228058
2023-03-15,0.5248305505327319,0.5621530647301793,0.4754159666755587,0.5860551251893658,0.5824574542608949,0.5228079483074416,0.4622516972435754
2023-03-16,0.5244507589010274,0.5638029307429906,0.4655736363265808,0.57117006662098,0.4988338123851587,0.5057176775858331,0.4803374085133294
2023-03-17,0.5243280134320583,0.5572150139319418,0.46806258269270723,0.5641968491863646,0.5071581143167175,0.48914164342524646,0.4670002745153959
2023-03-18,0.5277142562835274,0.6418638646959511,0.5036596593927183,0.6592884632851856,0.8188284252218947,0.6067355066075355,0.4630907532095494
2023-03-19,0.5273586035616243,0.6476284086839601,0.5054849206014325,0.6424949247830081,0.5676911064296197,0.5417295193046878,0.48519892343646476
2023-03-20,0.527574510283972,0.6564739388020528,0.507407896132811,0.6418431019042484,0.5600899923239863,0.5215416364010046,0.4684443964020724
2023-03-21,0.527144883115681,0.6535998766307834,0.5075417090149679,0.6234275061793719,0.48731497722647227,0.4912294834280003,0.4795585777577873
2023-03-22,0.5267757208794365,0.6524329654740918,0.4864374893164957,0.6071374300866792,0.4809753410764667,0.4664159583799612,0.4706570790166693
2023-03-23,0.5267023160653526,0.6657324063661149,0.4916639110342727,0.600717060062961,0.5176741409417143,0.5586994182656099,0.5389078473309649
2023-03-24,0.5268453136703413,0.6390631511880916,0.49641999016797517,0.6004798346756549,0.5456584601740639,0.5380776825138524,0.4985622952971147
2023-03-25,0.5267435893048703,0.6552308279194339,0.5010919508195736,0.5935084896826884,0.524728616561309,0.5726789761491533,0.5414647185931213
2023-03-26,0.5262822212019034,0.6559080750227655,0.4999695641935669,0.5754278652679681,0.4758824916392579,0.47146242734079197,0.48878167505274617
2023-03-27,0.5259659879109435,0.6549708430679934,0.49954581410663734,0.5623548075296826,0.4851369246780367,0.4656723123829687,0.474394131041543
2023-03-28,0.5258868581026322,0.6682666621646078,0.5042395834533402,0.5579910227603746,0.5174064224080152,0.5569958279801996,0.5385821041502427
2023-03-29,0.5254395515825029,0.6570732762398568,0.5042422177738258,0.5413042940487193,0.4757643971902202,0.47357008274475026,0.4880016835989082
2023-03-30,0.5256492357067049,0.6007595289947077,0.5095668586882969,0.5469569763547562,0.5467375924615522,0.51413921039721,0.483728592429365
2023-03-31,0.5252410551885912,0.6022412244744705,0.5070201932835611,0.5320504250609568,0.4864979080908416,0.48584643440880754,0.4800266404228557
2023-04-01,0.5248949544101579,0.6019824856993293,0.4998032249052928,0.5195205216286852,0.4827223314616697,0.46662481162788294,0.4710798603587809
2023-04-02,0.5244424397825689,0.5655416938818253,0.4996269873908066,0.5037780194677355,0.46882092393211405,0.4317403894585675,0.4667419240520084
2023-04-03,0.5240104337761514,0.486625363595706,0.4981499973125918,0.48928975410951664,0.4692360958609191,0.43734739295392433,0.4694502418094682
2023-04-04,0.5236416984417384,0.4897622732610176,0.4986794761816901,0.4777261285210389,0.4777030218134764,0.4708008216799362,0.48271775640208486
2023-04-05,0.5232714568382438,0.48380988490150756,0.4990415156260553,0.46618061060474353,0.4776916188967212,0.4558019735033506,0.4713780869642659
2023-04-06,0.522821912313968,0.47847537795386424,0.49877032230099755,0.45198093504026104,0.46766997668364507,0.42239264760745526,0.46642526187416106
2023-04-07,0.5223813854776446,0.3471687119983763,0.49738975076223346,0.4386008392138267,0.4672382216928722,0.42174205885380045,0.4666865018000772
2023-04-08,0.5219401501603399,0.3413403339158816,0.49701220300416404,0.4255554271707053,0.4669046101772799,0.41920598055499075,0.46638107368591575
2023-04-09,0.5214943863851037,0.3107374351112266,0.49558505193865027,0.41260259973770613,0.4659017162447033,0.40647018039240357,0.46491647836604166
2023-04-10,0.5211314895675982,0.3121826159183222,0.4946631940589811,0.40360820171170764,0.47604758012431775,0.42891167539851005,0.4660047553408365
2023-04-11,0.521592172738477,0.34883993522993134,0.48976601972429507,0.4312078092006871,0.5684204055714459,0.5158007190614745,0.47847417048225466
2023-04-12,0.521310523620521,0.32982641137367796,0.4898037198596146,0.42498218826975764,0.5019041864501578,0.4832396873017196,0.466753176438372
2023-04-13,0.5208714059378198,0.30792024066114226,0.4900872105891077,0.4122204726820348,0.4658247691657916,0.43769799065804754,0.459933952252367
2023-04-14,0.5204618187724789,0.2825439533126387,0.4897090906017567,0.40106797196991817,0.46107430592916027,0.4271704858647222,0.4577448511654991
2023-04-15,0.5200251126664903,0.2820438375464577,0.48963886954437613,0.3890076945488894,0.45632323465148755,0.40967067824767056,0.4563710650800961
2023-04-16,0.5195971657443488,0.28024707494209894,0.48945392161788176,0.3777594424244681,0.45675933405070585,0.41472075422086313,0.458444822755628
2023-04-17,0.5191588759613024,0.24945333874716216,0.4536454527800138,0.3662515894906061,0.4549756667560525,0.3973805167879957,0.45649960495481884
2023-04-18,0.5190533288284692,0.2777465742750556,0.45381510430139627,0.3722276804844893,0.5010749045195333,0.5266010656855621,0.5231297195049234
2023-04-19,0.519049975394738,0.2663438955095967,0.4515333119438385,0.38218104464472286,0.5207342741437468,0.5149867600325791,0.48778797756876763
2023-04-20,0.5196973543040575,0.3282100585558897,0.4657706421160028,0.4217625151874515,0.6036400482264729,0.6784287117193238,0.6570138724351442
2023-04-21,0.519419789835809,0.3321939303425138,0.4670599260891827,0.4162494363075581,0.512346950736272,0.573272385927499,0.5554315482265372
2023-04-22,0.5194534663839443,0.3536143534386087,0.47170743370098855,0.42504722956365176,0.5310346955059626,0.6004882485521549,0.576825786731703
2023-04-23,0.5191845939283636,0.36100363447204276,0.47161313701053736,0.4192421950763269,0.49333813143520244,0.5151542400080407,0.49988457332598607
2023-04-24,0.518776288183325,0.35840654088445206,0.4714005291836319,0.4076974362050124,0.4671454442014883,0.4703820180274944,0.4752313063311931
2023-04-25,0.5183461993097186,0.3547681199854756,0.47079056068973363,0.395386899858189,0.4576430626000159,0.4290292050608315,0.4622292547994938
2023-04-26,0.5182494252695724,0.36977031634617474,0.4682472908476636,0.3989522987053342,0.499518242888463,0.4703424142036388,0.4660302086165142
2023-04-27,0.5178272239374636,0.3694380100699134,0.46814402912438946,0.3871216225145629,0.46547207208873376,0.4316463995553004,0.45903414655538705
2023-04-28,0.5179574985241459,0.39018704078218047,0.47235775358728815,0.4019313852985476,0.529787351017338,0.49315549858014884,0.47076300310275254
2023-04-29,0.5175366604394805,0.39104048720938317,0.472547264937463,0.3900848967155666,0.47309357088768933,0.4472283218806641,0.46208427334871194
2023-04-30,0.5171128104853062,0.3892994822723023,0.47094684743539783,0.3783968598970987,0.45921845333361716,0.4216956841284258,0.458454501393447
2023-05-01,0.516687034639125,0.3516597180723764,0.46962520095475907,0.3668793114818399,0.4555214066186801,0.4024182983059051,0.4565082316773843
2023-05-02,0.5169019255005803,0.3700984974825358,0.4777858073873831,0.38856813468261064,0.5371721094337352,0.5928935715319924,0.577570673836845
2023-05-03,0.5166584331838386,0.3800873102664992,0.46714141688824734,0.38545097046376786,0.4945373009303673,0.513007025469762,0.4979718500196274
2023-05-04,0.5162888651266143,0.3812414744939998,0.4672274110854592,0.3763095287758875,0.46675098419280425,0.46301417205882744,0.4667509227927629
2023-05-05,0.5158770220538506,0.38096210192580143,0.4676944069176818,0.36546457094618007,0.4545468631750581,0.4363627009884846,0.4575645717137034
2023-05-06,0.5156863916761746,0.39192792439022156,0.46922016517167453,0.36622058528236495,0.481901266513731,0.4580331225204068,0.45871076499325847
2023-05-07,0.5154427763008653,0.39845496107384826,0.47142102747372966,0.3646163492510632,0.4826713678558061,0.5040159961594745,0.49131015677169115
2023-05-08,0.5151158904835618,0.3894292727455027,0.4698950606905723,0.3586465133655627,0.4708086586893321,0.4949212701095342,0.4835753556515875
2023-05-09,0.5149747860043957,0.3777741314138204,0.4534670945290482,0.3629266527517104,0.49449143709700083,0.5417289486353037,0.51945635273989
2023-05-10,0.5145569759345107,0.3336241080954191,0.4527361699001438,0.3519057425349759,0.4596103058660414,0.45432694032057347,0.4726754899280258
2023-05-11,0.5141402250751383,0.32665509694646017,0.45165395373831385,0.34122496788666684,0.4511063377029296,0.4159211760578634,0.45705105396093343
2023-05-12,0.5139183940893889,0.3130325361362133,0.4316224412044281,0.3421842188265072,0.4785532082177317,0.49524798277822124,0.49500123269318114
2023-05-13,0.51352184798571,0.3045634351389872,0.3910963839299112,0.33295605160088043,0.4587561429989402,0.45734430055259245,0.4687133575076522
2023-05-14,0.5131076133099077,0.3036145014238149,0.3887490305407163,0.3228271225887459,0.4508229786766971,0.41512176400631606,0.4556772005561772
2023-05-15,0.5127078553165076,0.3045245050594705,0.38728216820339845,0.3137148912519406,0.450582190947358,0.40776858566168184,0.4518425587480264
2023-05-16,0.5123358399315507,0.2873894965764247,0.3838963702497643,0.30650233134534355,0.4542769364468172,0.413694895371555,0.45140468438391335
2023-05-17,0.5119359167604268,0.2868187723193555,0.3315939505714987,0.2980015957367867,0.4517777879485766,0.4153562277878348,0.4529837234184367
2023-05-18,0.5116001583999868,0.2543086105784829,0.330863486027237,0.2935805200232348,0.4594485779726396,0.4253478321086927,0.45276235085587346
2023-05-19,0.5113535346770581,0.26151760094066057,0.3233021266318044,0.29577710866452345,0.47601416669472196,0.48942753188105703,0.48733418004900375
2023-05-20,0.5109474671855011,0.26251073277585235,0.32278066777211234,0.2868893591261372,0.45515576362734744,0.43480737565324934,0.46177582162902664
2023-05-21,0.5105736652282239,0.26607813781990913,0.3218422576121398,0.2802965924063986,0.4544478902123889,0.4242098343574333,0.45436124964671526
2023-05-22,0.5102384893334885,0.23233475931242592,0.31683796106322676,0.2770429510220476,0.4612858224424822,0.45625081781524646,0.46780490527006835
2023-05-23,0.5098390736362117,0.2169179945706668,0.3070553399736024,0.26897628077806013,0.43809687017699606,0.41110813624544595,0.443312913128891
2023-05-24,0.5095146146147816,0.21940081686762108,0.30246159018258106,0.2663601964925399,0.44681450087476854,0.41932268929478766,0.4423605346791591
2023-05-25,0.5095209846410858,0.24337027475739675,0.30981369960556654,0.28789118201750247,0.5020332347618437,0.5429532240407181,0.5312327540339908
2023-05-26,0.5091307345625339,0.22294115021197397,0.30761597287506875,0.279900492995926,0.4553858722278677,0.46041878244730167,0.46957923428568366
2023-05-27,0.5087642114941909,0.2202435015579841,0.3019084260314029,0.2737118325640927,0.4447841467866887,0.43127315220608947,0.4490291022680948
2023-05-28,0.5083766592706946,0.21808673282460778,0.3019715421062521,0.2662586392128209,0.438366581979364,0.40943600706591443,0.4412867844196507
2023-05-29,0.5087890869880675,0.25916482620760134,0.30537011278674886,0.31253100063535627,0.5518764657805487,0.5018538641579977,0.47329243896596523
2023-05-30,0.5084431354341599,0.26314556366385305,0.30553097045802097,0.30663958670569236,0.4786577377138106,0.4739247974384338,0.4619014387595867
2023-05-31,0.5080444999037124,0.2631657329893019,0.30374943600421306,0.29736070853294916,0.4466338328997598,0.41939508166823997,0.4451025585135808
2023-06-01,0.5077598776223478,0.2579259943235666,0.3057520647378874,0.296156147048558,0.45645275063244917,0.46313742512475786,0.4671635821152506
2023-06-02,0.5074422219722282,0.2622129169163544,0.30680857178781007,0.2927558688492544,0.4536967069397918,0.468670835334801,0.4661571027531131
2023-06-03,0.5071496675876747,0.26813007664132654,0.3072981972936584,0.2905913648474594,0.4550526669643382,0.4503814678034224,0.45089975559871387
2023-06-04,0.5067681600650547,0.2688135844191021,0.3062102041897065,0.28283653860414654,0.4421388698220408,0.42762070554133885,0.4449525761025723
2023-06-05,0.5063748303224076,0.26661381309395754,0.30623596842138173,0.27429279118453176,0.4358171074267382,0.39882319875811545,0.4394288204539065
2023-06-06,0.5069376862461201,0.3203799307563323,0.32262485347977377,0.329682654656467,0.5754003167839271,0.6499426240637439,0.6351416677647261
2023-06-07,0.5078318022802284,0.38114842453147446,0.3441680118161702,0.38985863380122526,0.643504619965043,0.6112197763538015,0.5568581544179465
2023-06-08,0.5078424062345076,0.3921058255344829,0.35057735224826864,0.39889036216844187,0.559393746415249,0.6008255952358137,0.5649287930068477
2023-06-09,0.5074656024504585,0.3927387664940162,0.34957431949094947,0.3874789465952782,0.4744575969620637,0.48679286114398146,0.4821621162410802
2023-06-10,0.5070734586263729,0.3911886118219295,0.3352930886588373,0.37569697576371575,0.4452702440562714,0.42350362957132925,0.45182732258774977
2023-06-11,0.5068915363537451,0.3970680454153886,0.335314271445755,0.37578461436549676,0.4720789135753732,0.4961416184714132,0.49207898926807886
2023-06-12,0.5065065409602358,0.39703445522991343,0.3355219093188197,0.3645821631694342,0.44517498413580414,0.43542981503435296,0.45540751226318194
2023-06-13,0.5061171906681865,0.3928666962980271,0.33475774120781315,0.35352061729315376,0.4335024141352768,0.39830330908250855,0.4390372492372643
2023-06-14,0.5057287254768156,0.3759717275979984,0.33463851623118546,0.3427596130127787,0.4311559853015703,0.382034472711167,0.4349428582477116
2023-06-15,0.5056896175440817,0.3899409880928131,0.339536306533936,0.3530246919183047,0.4895479791060604,0.5194857245767385,0.5170065562572309
2023-06-16,0.5054317462245953,0.39460867174384784,0.34218481428549996,0.3493370160203704,0.46717725583721564,0.475148342405808,0.4668401029170634
2023-06-17,0.5053830387681875,0.4093395726556424,0.34395251579630354,0.3574252414904444,0.4936377091194571,0.48335559867941097,0.4595825994848268
2023-06-18,0.505017569607349,0.3732125213678112,0.3371063968946439,0.3475915163038143,0.4510849883168886,0.43608851119700676,0.4425061771597294
2023-06-19,0.5046471819031281,0.3718657198931918,0.3209510199390137,0.3379726054139532,0.4387851258577777,0.420634935712241,0.4398467685393622
2023-06-20,0.5044136850855631,0.3799166577784579,0.3213413222403709,0.3363771475632183,0.45729684953422267,0.43715269484945696,0.44241470338352956
2023-06-21,0.5051902984198992,0.4235665197385054,0.33327082484082227,0.3899706145182678,0.6050190785714216,0.5380096648094919,0.48903658943861233
2023-06-22,0.5061785589732767,0.4647409403830789,0.35265514569782325,0.44429118712455057,0.6641585371332411,0.5804341830835461,0.5119431458227626
2023-06-23,0.5057999960909458,0.46444451204996595,0.3522628929392846,0.4310137073439521,0.5040415824331526,0.47302303233185966,0.46039003667367046
2023-06-24,0.5056788063326054,0.46815265628794067,0.35573466204971615,0.4301067341625159,0.49294272257685595,0.474923395887413,0.4543905954762078
2023-06-25,0.505304849331235,0.46962424904110656,0.35171275698364496,0.4174182478678598,0.4492808091339132,0.43097185979896024,0.4417631291036636
2023-06-26,0.5049252852063545,0.4215232482181147,0.351754460370302,0.4047957388120502,0.43574666477646307,0.4003851530770753,0.43614069251635873
2023-06-27,0.5045618646560524,0.38318109757216395,0.34421004022639345,0.3933698040446925,0.4348952580172533,0.40522394832115255,0.43819894515670993
2023-06-28,0.5042551809534809,0.3560736281244768,0.3450713335830446,0.38512999071281034,0.44398368109240793,0.41619503153185333,0.43832613460215475
2023-06-29,0.5040187071476913,0.36924597239642853,0.3475545887716238,0.3811068214337734,0.45891948871820465,0.4713621001200594,0.4701252830570224
2023-06-30,0.5036955664326821,0.368552576982919,0.34831589275550734,0.37240023473534006,0.44732793411658706,0.44159127028184664,0.4477178541840751
2023-07-01,0.5033189404806163,0.35096799907347626,0.3376138337549167,0.36107841046092454,0.43494049963674625,0.40414702597090807,0.437729530602388
2023-07-02,0.5029481573752121,0.3509191989609789,0.33522515766495586,0.3503743366300377,0.43242061086445305,0.39193675753577945,0.43481511182274074
2023-07-03,0.502573169503401,0.3501023399078927,0.3345680967951222,0.33972292468600457,0.43090689098102003,0.3796892404504367,0.4336261168777353
2023-07-04,0.5023145671011139,0.35010852794243436,0.33594360226844666,0.3363244286541416,0.44383136870328455,0.4101976369184722,0.4327992775516239
2023-07-05,0.5019948365668967,0.32744433722714894,0.3338248329827811,0.329488913752591,0.43937783128026675,0.43128771623267537,0.4426614732574983
2023-07-06,0.5016482328500281,0.332799074568944,0.3312096994884212,0.32118021006736575,0.43278572152511696,0.42386738106591526,0.438187705100657
2023-07-07,0.5014201666052829,0.3387580937443665,0.33224039899014646,0.3207922744155681,0.4535963220738338,0.47394578035702106,0.46824226247830747
2023-07-08,0.5011283783209987,0.339909401976801,0.3282338149720598,0.31607135970817196,0.44527500629563804,0.44577810784914645,0.44399033261006576
2023-07-09,0.5007584100618042,0.33773905714568914,0.3282486276866429,0.3065088007559917,0.4291102268256776,0.40116176170931356,0.4314683297492554
2023-07-10,0.5003939542747782,0.33669422027422746,0.3284003521444793,0.2975789836509362,0.4257415043103263,0.39018492767260854,0.42884561674991545
2023-07-11,0.5000498573923666,0.2831951800133628,0.3247472305582168,0.2902115778871786,0.42787525546262567,0.3926548355922712,0.42799383637112126
2023-07-12,0.49969931876386353,0.19081863260567553,0.32427815118791825,0.28260619288001826,0.4271396723643938,0.390507965024632,0.4272759439642451
2023-07-13,0.49935180132654133,0.192493447719447,0.32485218133063193,0.2755397905572641,0.4282273737414393,0.40085129522508306,0.43164687945348595
2023-07-14,0.4994600122047156,0.21111435697278788,0.3319294940827332,0.301025841526448,0.5067428023802212,0.4756175409051368,0.45655230005333186
2023-07-15,0.49957755631087514,0.24937109664095247,0.3411025281807268,0.3241637145017922,0.5305775739455771,0.5752851238915718,0.5539748948723751
2023-07-16,0.4992121593732013,0.24929090742059687,0.3407892309531413,0.3143266497614753,0.4542152578851885,0.45623084109949513,0.4693082028679893
2023-07-17,0.49884782138595873,0.2481140123120579,0.3400531211136876,0.3048098667877662,0.4315821276479909,0.4055855779524406,0.43970274142990384
2023-07-18,0.4984874928522572,0.24297788755798738,0.3369890823211838,0.2958219922494931,0.42606986433575267,0.3897157277223044,0.43099758108342506
2023-07-19,0.4981568708287519,0.23515550181599093,0.3378497848406021,0.28922786042496923,0.4305997466106304,0.4103417750082457,0.43647348665891605
2023-07-20,0.49779578356201315,0.23090464639977978,0.3375401836970307,0.28051630923310705,0.4250170265543426,0.3866798730157353,0.4289198618118267
2023-07-21,0.4974395059769186,0.23108294631971507,0.33618991410620697,0.2724319176177725,0.4246864591145686,0.38358276746455067,0.4281073550667839
2023-07-22,0.49708452692130317,0.23114298369284603,0.3361960946442481,0.26457157295320527,0.42418666784748166,0.3787601327360461,0.42657138123102567
2023-07-23,0.49673134523119156,0.23134251616445697,0.33553172897283723,0.2571287715841755,0.42479913059803037,0.38202890806908546,0.42782284713824864
2023-07-24,0.4964135823325966,0.22505510866289047,0.32820006076464237,0.2526196453586785,0.43076753032474907,0.3953261688066616,0.4287555362426299
2023-07-25,0.4963848543888823,0.24444938199079225,0.3348540329621674,0.27156861237643476,0.4800587030784506,0.5127362880983919,0.5067406758563923
2023-07-26,0.49602794358608454,0.2438246548935106,0.3345040117555854,0.26338145453496997,0.43117689865975,0.4276888703944658,0.44493634784738323
2023-07-27,0.4956780525810642,0.23539941846455617,0.33445334109317043,0.2559212928081027,0.4169501678680168,0.39457206109121296,0.423809609225904
2023-07-28,0.49532948598045196,0.2286441639924403,0.32208948770477597,0.24885988156503297,0.4133744945452577,0.38285501124878113,0.41867975770139954
2023-07-29,0.4949791065760995,0.22948276164611947,0.32100186709044154,0.24171096475080064,0.4112261823043844,0.37070451974523283,0.4149975212377686
2023-07-30,0.49462469458491837,0.22949494182815547,0.32095307153819985,0.23440072765654843,0.409686551797099,0.35778493277450674,0.413398059514703
2023-07-31,0.4942727023853096,0.22686108895289073,0.3187254879713777,0.22751686593583662,0.40984911939051627,0.3543849867929219,0.4135630954430559
2023-08-01,0.4939196853901542,0.22458910461921108,0.31702456225804415,0.22066745990945968,0.4094272228971142,0.3468999555582927,0.413065404011758
2023-08-02,0.49365355310980646,0.23190262832098787,0.31687858322249407,0.22200596090679786,0.4270128727709037,0.3869995871727302,0.42014979788470525
2023-08-03,0.4934124637599251,0.19390068894076654,0.31892608528434957,0.2259194763822908,0.4389909406501464,0.4420830802790176,0.44847711094138987
2023-08-04,0.49306135532679857,0.15145545472482938,0.31892753892734427,0.21906605485342284,0.41799743098609415,0.3926580831569174,0.42439743243282424
2023-08-05,0.49271472057438076,0.15155076782952137,0.3005439220113257,0.2128492428449669,0.41273819836735365,0.3759156160057943,0.41765136243617296
2023-08-06,0.4923649507657098,0.15157706789147035,0.2776877699388066,0.20640927381330348,0.4101691810277747,0.3562899674376416,0.41426660754958916
2023-08-07,0.49201564514027263,0.151634801936574,0.2685231789507077,0.200121219110858,0.4092816602339205,0.34660921930808547,0.4130932653157826
2023-08-08,0.4916760478242321,0.15043593570326305,0.2684415979775183,0.1949117116351044,0.41071792856852746,0.3550552057474018,0.41350134693576
2023-08-09,0.49147653828096177,0.16799589460031944,0.2709739362998096,0.20441664976472249,0.4401638017033945,0.4061525097127028,0.42553722911570135
2023-08-10,0.4911455158081183,0.16913256138357163,0.2662592914419653,0.19997297767998456,0.42222344319287486,0.39727816184366427,0.4217234310497075
2023-08-11,0.4908056759414438,0.16895396142553987,0.26661644998572004,0.19465576366037013,0.4145885264805862,0.38214426091052944,0.41754502546479294
2023-08-12,0.49046021085910585,0.16835877303231572,0.2665956831060564,0.1887727566805125,0.4107127524943087,0.3594668440418394,0.4142291206690466
2023-08-13,0.4901154132500856,0.1633091875177619,0.266595832205273,0.1830378963954039,0.40945342496547965,0.3500443478638463,0.41310241728617797
2023-08-14,0.489777914438523,0.12313763783827825,0.2580730643290502,0.17833123140587492,0.41086093770167625,0.3585434315604659,0.414840912643178
2023-08-15,0.4894415462329515,0.1238884494908729,0.25612521628415097,0.17370019667862072,0.39012173649024073,0.2669644529755599,0.32365441016172153
2023-08-16,0.4891212563087119,0.1263868552501156,0.250764493555236,0.17132582311326436,0.39498670561264887,0.2767921314490548,0.3251552010869179
2023-08-17,0.48886978317286156,0.13750869612634425,0.25318076222753666,0.1774619161376802,0.4142143309540179,0.30811016762673243,0.3356643494858721
2023-08-18,0.4903263494806068,0.2831534371991456,0.29314690792047937,0.325235875568745,0.7251716323474666,0.5390558754262407,0.5197887640559657
2023-08-19,0.4901696609281427,0.28958518348141116,0.2942483568967313,0.32783350106508646,0.5648119552150556,0.5425188696645429,0.5144592803695914
2023-08-20,0.4898298285197706,0.2906688247599114,0.2707904722653123,0.3179226370616605,0.45670280108806205,0.49159950534487057,0.49299508412892096
2023-08-21,0.48949456881255987,0.292173748477018,0.2391382666384958,0.30855130884956733,0.4137637483072684,0.4523978890713801,0.4735804856792877
2023-08-22,0.48915619587432574,0.2822364173828806,0.23911417864937276,0.299309350453448,0.39757045277332764,0.4186797571643834,0.4560864533685535
2023-08-23,0.48882051713847813,0.27906898811982583,0.23172101800986808,0.2905175037318085,0.392468440445498,0.39327903819724047,0.4404998425865701
2023-08-24,0.48856990547225504,0.28803855671832834,0.23458506432068524,0.2879342208135765,0.4101743544208401,0.3877468897393465,0.4282746674580003
2023-08-25,0.4882666078011605,0.2886311672336138,0.23514108627912858,0.2819590833072563,0.40544429973167917,0.3846830831567554,0.4189199483216688
2023-08-26,0.48793513141861683,0.28826261007613935,0.23499659390212338,0.27390055522266316,0.3958813230333007,0.3669962875598222,0.4073206616045107
2023-08-27,0.48759899113689925,0.2879496988036559,0.23258033967342817,0.2656209259685805,0.39084041921746226,0.3448017114829026,0.3962599149884568
2023-08-28,0.4872673346192478,0.28723826247182016,0.23015054982657782,0.2578152380557282,0.3895889550736135,0.3293245086039063,0.3863753206647761
2023-08-29,0.48693243044161544,0.27228701988120707,0.22832965818485754,0.24997318112150496,0.3883910584275844,0.31262309438018665,0.3774471930175919
2023-08-30,0.48798066177483396,0.36497613793915545,0.26385144252430853,0.3421256049842211,0.6545871799209926,0.39959228595146634,0.41037347305327104
2023-08-31,0.4877282978377469,0.367683450843606,0.2651877822008563,0.3371431044665224,0.513889337287991,0.4088770016683237,0.4083445307054099
2023-09-01,0.488269093896713,0.4028012016830218,0.2829501071307443,0.38039066444470826,0.610705679960535,0.5222361416955958,0.48681674960301746
2023-09-02,0.48794280814618635,0.40207792349356763,0.2798639778349711,0.36932319233327876,0.47852930549905975,0.48234824920261016,0.468721504464471
2023-09-03,0.4876125393283135,0.4032824075774566,0.27943465671297196,0.35821906807975873,0.4217039730636981,0.44350887505460174,0.4515371429863331
2023-09-04,0.4872861357080714,0.4031540298646006,0.2794922202047714,0.3476364074418694,0.40097314784448995,0.4131628639114294,0.43608722607981965
2023-09-05,0.4869655836538349,0.40307089253851874,0.2772695009097517,0.3378663647723257,0.3985107197435413,0.4059196146632453,0.40430426762320965
2023-09-06,0.4866344949570425,0.4014876936307212,0.2750698690655025,0.3276100294373827,0.39421371092784324,0.38107736905208484,0.3990350855990892
2023-09-07,0.48630395713619107,0.31702544334635785,0.27508125871798295,0.3176553257710922,0.3928207400892241,0.36001709670631543,0.3973155355649733
2023-09-08,0.4861041524815443,0.3142430868443405,0.27855097013335023,0.3166331835259258,0.42360040579779173,0.36678691911852823,0.41236923629360533
2023-09-09,0.4858289233811333,0.31770048748269847,0.27855069353053497,0.3109643195101075,0.41661774293655074,0.3776632472374074,0.42063029923551437
2023-09-10,0.4855001059481803,0.31739034383853487,0.27791418861317924,0.3014948125372971,0.39983874838666567,0.35696198295074755,0.40420750691341345
2023-09-11,0.4851735201752791,0.3173860820444431,0.2777303184607783,0.29246530018666755,0.3950546527285694,0.34337610236485877,0.3994675000834519
2023-09-12,0.4850751613397234,0.3300372588304137,0.2700964524134934,0.30093544356379054,0.45082390169064535,0.39521915318544615,0.4739752215219904
2023-09-13,0.4850036760576895,0.33996829424918273,0.2683415240180626,0.30962934449878354,0.46903594771643875,0.40582580640491805,0.4509282499592786
2023-09-14,0.48476250696773077,0.3427817403698726,0.27080849876648927,0.30602732465958293,0.43696581451273864,0.39970618535617375,0.4243251836789978
2023-09-15,0.4844884686290095,0.3446578829033887,0.272350087473139,0.3002735197783227,0.41864488459291,0.3903683552007267,0.4116594663866802
2023-09-16,0.4841661348881468,0.3445451570339822,0.2724986420028315,0.29130155373567523,0.4010431804722228,0.37114422748146325,0.40165499513874603
2023-09-17,0.4838420388883125,0.3446247459448345,0.2720305070035221,0.28248907161473025,0.39508074854912256,0.35292646504401015,0.39826240904167587
2023-09-18,0.4835184118563279,0.34472859679204165,0.27192267485568533,0.2739287674149237,0.393147370434259,0.33714891693905413,0.39712348734942216
2023-09-19,0.4832208087934056,0.2610701263305739,0.27267108147117913,0.26753512725477707,0.3985166537767293,0.33400039378163054,0.3998466903840959
2023-09-20,0.48300299543753333,0.2637401387205059,0.2751395267042392,0.267747996814874,0.4196410461508764,0.3428046909053104,0.41034657989591106
2023-09-21,0.4826833133817127,0.1871532385818008,0.27507901724826556,0.2598373447588198,0.40160598298949785,0.3326540744055966,0.40170583286074163
2023-09-22,0.4825082708490575,0.2030708841921026,0.27677038489880124,0.2645878183286099,0.433054588068802,0.37177897484068884,0.4485375831770231
2023-09-23,0.482187539916807,0.2030629879426005,0.2704632156419042,0.2565333553619709,0.40521458045315945,0.3530907089972086,0.41357358300235636
2023-09-24,0.4818672846193632,0.2029079799093627,0.27040054948387005,0.24871831726786045,0.3961651112348356,0.33693203514445874,0.4019119836344671
2023-09-25,0.4815962335604396,0.20691727061633003,0.27100205135709904,0.2457153286761431,0.40679301090525116,0.35143199830085964,0.4156130718221257
2023-09-26,0.48127843512855956,0.20676401553889312,0.2710014416019037,0.23830970230060455,0.38356292236671935,0.32237570768847124,0.3456360507523637
2023-09-27,0.4809627014414598,0.20717002426854814,0.27078956442417,0.23136178927261467,0.38067151950112155,0.3132964017457016,0.3419097455829824
2023-09-28,0.4806552978408627,0.19687896118160625,0.27109013592363956,0.22521160376585686,0.38117243774393283,0.3072831048577966,0.33857751646678946
2023-09-29,0.4805660633787363,0.20950984913004328,0.27667538319991886,0.23961731829604446,0.4385224813597791,0.3291751037461737,0.3426917491415875
2023-09-30,0.48025435108929254,0.2105151165031688,0.2767376146275406,0.23285455392019896,0.40094391482030634,0.3214894280888816,0.33956759838089523
2023-10-01,0.47994021661036035,0.20985526414900707,0.2746990258838931,0.2259068315778892,0.38601924779725855,0.31040247469712345,0.33622865457057377
2023-10-02,0.4801207808427445,0.2179301884770238,0.283997041057775,0.2634873375834757,0.5026724904773026,0.34938565010273354,0.3493156317142208
2023-10-03,0.4798933505523549,0.2156002617109331,0.2857841794095445,0.2631000328072092,0.44752645570683575,0.36943827465998363,0.3551933331455645
2023-10-04,0.4795827886570768,0.21205747023433993,0.2857874267025786,0.2554819913271688,0.4039899683121925,0.3546892195186021,0.3505665015489896
2023-10-05,0.4793334612716489,0.21308400180067105,0.2872796203994097,0.253174237362711,0.40392435582046793,0.3531890244352176,0.3480226870925672
2023-10-06,0.47908325348542824,0.22069695705539535,0.2885517543394338,0.2512540068708192,0.40550583537420226,0.3663407367358661,0.3512292702932657
2023-10-07,0.4789022830793647,0.22908215048114805,0.2912886210338448,0.2549630077541509,0.42220551514242766,0.37069081127351033,0.35075564173951956
2023-10-08,0.47859034431009206,0.2287296822222138,0.28812898541224646,0.24721517880538765,0.3932890848276719,0.35067438422039,0.34613658882703896
2023-10-09,0.47827899390414635,0.22815186951801647,0.28786073625342146,0.23972993255633102,0.38315175147249775,0.33291780873009374,0.3420521206540279
2023-10-10,0.4780202005871983,0.2268896524666747,0.28878346908311997,0.23751820295089246,0.39549784048827163,0.34616264256659973,0.3447357468652927
2023-10-11,0.47772526930553294,0.228225260579214,0.28905125126663195,0.2318784284220515,0.38878445357157493,0.3431265678554429,0.342670799414069
2023-10-12,0.4775343046454932,0.2259527394576318,0.2913393089194588,0.23652220017570638,0.4162772517753168,0.37150272320219474,0.35325349626328967
2023-10-13,0.4772305657398236,0.22665140220771904,0.2913308259169663,0.2299357511117441,0.3930684245200284,0.3580559550762736,0.34904605482101286
2023-10-14,0.4769278616257231,0.22698479461681847,0.291303552819501,0.2234583349452136,0.3843336774352892,0.3438941933141694,0.3447937810520936
2023-10-15,0.4766196896666893,0.22196932854147094,0.29097362732561305,0.2166509154338278,0.37988238892784865,0.32691260607761147,0.34081598937568175
2023-10-16,0.47635609802820283,0.22471836740828663,0.29037311146407585,0.21443309831504428,0.39030871016368074,0.326566190292024,0.3387258848540443
2023-10-17,0.4769109246426745,0.28167170026736865,0.27063248696491937,0.28482399656093904,0.3937197195526001,0.37015285961250904,0.35521359109248796
2023-10-18,0.47660796891150065,0.2830690888599549,0.2660636890436827,0.27650896021944454,0.3830253774733164,0.3560238780346345,0.3497735313265172
2023-10-19,0.4763043856126664,0.2722782432856156,0.26623464509835065,0.26835206892302593,0.37329702139873305,0.34259342849021157,0.344732790809837
2023-10-20,0.47606525061883775,0.273953191297441,0.2673997787518798,0.265667806773977,0.369251475810378,0.3419517262706645,0.3419695870765917
2023-10-21,0.47614532181178953,0.2939736390461227,0.2750838123155073,0.28870288890018647,0.39033112379823304,0.36547603737444295,0.34985739408335487
2023-10-22,0.4758624462098337,0.2678961590791254,0.27505239166714096,0.2816022714212557,0.3810842399661466,0.3548126313684794,0.3451314912381151
2023-10-23,0.47556046576832584,0.2577165503445531,0.2737364422467586,0.27319973696203237,0.37136204670832684,0.3394566334372797,0.3402545885359675
2023-10-24,0.4788462437893127,0.4326113985931579,0.341750562906804,0.48049568203421095,0.5876721823159181,0.4629343953605015,0.44042840476269596
2023-10-25,0.47874425209066074,0.43569058464967003,0.3438281131716792,0.47560952308555887,0.57009818871842,0.4568709606916376,0.43205098706398976
2023-10-26,0.47854414934851375,0.4268363099763643,0.3446229893458739,0.4662495378722801,0.5489662850709717,0.4437883712366114,0.4218504823460407
2023-10-27,0.4782737490109206,0.4327257228320379,0.34597242464646555,0.4537260781553527,0.5260381854967229,0.4331517918159766,0.4130753463537153
2023-10-28,0.47798750263900147,0.4360170032041379,0.3467437434969901,0.44080041698279043,0.5040960564539219,0.41782587155644363,0.40347853773058057
2023-10-29,0.477693371033122,0.43440357529962403,0.32539113568746586,0.42786875484152775,0.483378216157745,0.396623788659454,0.3932216512439614
2023-10-30,0.47744807886657065,0.42591362890786527,0.32348019057294103,0.41798240888393234,0.4675189092909158,0.3875120436716139,0.3853552152977914
2023-10-31,0.4771462111427063,0.4229823243690841,0.3034029543399026,0.40526937992830125,0.4495316754735139,0.3651966306114711,0.37653019807194293
2023-11-01,0.4768519797092849,0.4081799151806115,0.30268896146532187,0.3933652575307439,0.43358521198914635,0.3509892655332496,0.3687388502600717
2023-11-02,0.4767140731427891,0.4039794254067036,0.30465459374767706,0.39102538058091013,0.43004221328634273,0.35917425941897896,0.36663145041035855
2023-11-03,0.47648034416684004,0.41510566708945096,0.30725891985426784,0.38304692402013335,0.42048342629519303,0.3708420351163763,0.36713837651237086
2023-11-04,0.47619206662676505,0.4181606729065033,0.3072345890273504,0.37208421831939886,0.4077461932758028,0.3617049012984009,0.36134117198324894
2023-11-05,0.4759257636788957,0.4182458672095899,0.3071049025772679,0.36286930160339176,0.39767547755361166,0.3540353976558578,0.35587065484803126
2023-11-06,0.4756270662905918,0.39726601251193877,0.3070959992200126,0.3518336697389079,0.38621371305479374,0.33611383720291,0.3498772844179967
2023-11-07,0.4753286462710903,0.39586473046573223,0.3059919666510863,0.3411179899227817,0.3788301450590531,0.3291352046025985,0.35251723434020005
2023-11-08,0.4750747234317147,0.39245024783377314,0.3040190288001474,0.33378423894569464,0.3736912124578327,0.3290348228741434,0.34994756314909636
2023-11-09,0.47478879909226224,0.3928346575263574,0.30378029301918175,0.32444828316783986,0.3666829160475638,0.3224242804993065,0.34695863982722525
2023-11-10,0.4747707913975618,0.38979066448828464,0.307110827618568,0.3343072586606392,0.38174235247629834,0.3445228517056435,0.35008573261802295
2023-11-11,0.47456757380678666,0.390179613835633,0.30054545774661323,0.33073291072752925,0.38010900479688403,0.3485076781354676,0.34885185672591434
2023-11-12,0.4742794765683965,0.3931923838513364,0.2985448936806582,0.321181058602277,0.372330731898473,0.3417318343795555,0.3466943988858263
2023-11-13,0.4739859762361372,0.19264976568940465,0.2984368212023901,0.31151938506660365,0.3649197901334438,0.3304573776456389,0.34406242112435925
2023-11-14,0.47376597424265193,0.19235149641000818,0.3011964563683807,0.30753713237418256,0.36485990832064374,0.34988305287931537,0.35014130151072387
2023-11-15,0.4737044890010447,0.21264134956364467,0.30818335176569783,0.315381376759637,0.37809234505088096,0.3948298063890235,0.3726660011492118
2023-11-16,0.47483760924140717,0.3074946230979751,0.332144185773429,0.39902064394523773,0.4717557400347363,0.4525229958998987,0.3956717857872732
2023-11-17,0.4752303204366408,0.3547779973512982,0.3483676150887308,0.42549763820391234,0.49840694847938494,0.5275863221523804,0.4527870317521003
2023-11-18,0.4749841531876097,0.35610650943360167,0.34859998634544886,0.41526406264950844,0.4801831301959675,0.49653403444863925,0.44068949104153654
2023-11-19,0.4746905630234239,0.35460866395333696,0.34794636350387614,0.40261513680851596,0.46094590378631606,0.457163234467462,0.4288444683565514
2023-11-20,0.47455237208304246,0.36033620706956376,0.34919488517841385,0.3995219403012293,0.45377873606320723,0.4491601315637288,0.4208416078366442
2023-11-21,0.4742613704489309,0.36038857924788104,0.34491604385874314,0.3874650112661156,0.43727544559377013,0.42056607661871015,0.41078266830519583
2023-11-22,0.4746176500050969,0.3922349999465904,0.3598931299575634,0.4133987629497658,0.46814292497723486,0.4992258999840452,0.4615840955599579
2023-11-23,0.47498838459885084,0.4179619205937448,0.3688932781253496,0.43763635905352555,0.49250812980753,0.511222716493826,0.4591427138263667
2023-11-24,0.4747016951324026,0.4173879137684485,0.3675391645862157,0.4245631211750673,0.47244898236162014,0.4766859420726163,0.44618262791395796
2023-11-25,0.47445256742372627,0.4177108544251651,0.3675813148429142,0.4140716502281499,0.4566103548559251,0.453666401888763,0.4345787882797954
2023-11-26,0.4741628739853282,0.4173825364501391,0.36717322022533494,0.40153483198385503,0.4397865232851774,0.42391654678074825,0.42327879366367893
2023-11-27,0.4738965539865615,0.41949825864248086,0.36841481673294846,0.3906718281235462,0.42658692256380537,0.41387737800285807,0.415355302876469
2023-11-28,0.4736191694613229,0.4197587312374706,0.36702797257619346,0.37948874588385684,0.4135975119103657,0.3982394068616614,0.4081578375142636
2023-11-29,0.4734061640327769,0.4220571910048231,0.3670109434046476,0.3728230487514466,0.40675624462690374,0.3919720385878614,0.40062471989944115
2023-11-30,0.4731175096524197,0.4109158940671226,0.3670828438450767,0.3614763329151717,0.3952311607812513,0.3693405914960268,0.39238850809117726
2023-12-01,0.4728345544062418,0.40743266403864326,0.36156840291278924,0.3507838638177445,0.38561454185560423,0.35773239971619136,0.38560440316520805
2023-12-02,0.4727608569484143,0.4162761427928473,0.36120157526433855,0.35467352335239644,0.3932909299903294,0.37112469156282357,0.3832012871910666
2023-12-03,0.4726049315815979,0.42065890644363846,0.36182941668265706,0.35286183286915673,0.3934253340458065,0.375359255172434,0.37938920768353585
2023-12-04,0.4723684785741297,0.416031851740014,0.36176955925168414,0.34566803968929316,0.38725187335625816,0.3695659538399038,0.3743221446894839
2023-12-05,0.4728835240304913,0.42811141622804455,0.3701789311371179,0.38758574277722335,0.43865577868882516,0.41274129344974964,0.38539153990490144
2023-12-06,0.4733937785335338,0.4029147933731244,0.37963500728785765,0.4231607788481047,0.4783467211674659,0.4475804402104277,0.39488305600821155
2023-12-07,0.47312780466635945,0.35587166863313496,0.38069121260628996,0.4113274319675845,0.4604774744650465,0.43139211210196426,0.38941478025160237
2023-12-08,0.47287902631709416,0.36281254368297894,0.38207422141635144,0.4008313052204413,0.44579765906628765,0.42463213752043066,0.3863350679223242
2023-12-09,0.4727201761423729,0.363372885538746,0.38057842041286705,0.39646847941784885,0.43873416589439684,0.4194636390703198,0.3821391399358336
2023-12-10,0.4724696657561755,0.3667919864935102,0.38113563383055005,0.38634291409192967,0.42634142338737324,0.41387214952259616,0.37957388109603485
2023-12-11,0.4721855462820403,0.36706123004548763,0.3772572420512434,0.3746038088091507,0.4125844108261452,0.3882101727753859,0.3734638026494799
2023-12-12,0.4729891863077379,0.39482311075621734,0.4002888673026577,0.4273612962106107,0.47994531808137664,0.5222548218101537,0.47532283615170834
2023-12-13,0.4727123040736286,0.3686756619869129,0.4002540983569191,0.41479880146981285,0.4607757530296441,0.4815320579496821,0.46024701707961196
2023-12-14,0.4728079583257244,0.38114398845420344,0.40376872287241644,0.4242594243816829,0.46903537484663516,0.48357844416100393,0.45306860365692636
2023-12-15,0.4725272055665748,0.3810725306876523,0.40385119580259615,0.41151207482598556,0.45073988619347516,0.44787788660437694,0.43991064489176235
2023-12-16,0.47245616207916263,0.39780317519727426,0.39988906140122316,0.4110493786238774,0.4500481978579359,0.47507332989189305,0.4482153555729741
2023-12-17,0.47218987504723353,0.39441753002910906,0.39930383197180713,0.39956512601870786,0.43470365785115256,0.4458182483994258,0.43574255511200966
2023-12-18,0.4720489258955324,0.4038535974536694,0.40281656091496926,0.3956867145710992,0.4310273461300685,0.4615474211344252,0.4379406216844287
2023-12-19,0.4720563339441119,0.41212963215885057,0.40551130892679704,0.4014699090770532,0.4369987345000801,0.4610046935664558,0.4308856757965525
2023-12-20,0.4717987967556517,0.41497640723102025,0.4028341373301989,0.3905694911663209,0.4245408352060223,0.4449591354790392,0.4228478524772868
2023-12-21,0.47185067152752513,0.42382028306352343,0.4064618444985279,0.3994336921749835,0.43472851969199394,0.45131898796260844,0.4189325795889225
2023-12-22,0.4715771407230534,0.4183742331932642,0.4063871133170594,0.387747012540407,0.420966678716183,0.4244161886829655,0.40978262184028985
2023-12-23,0.4712994562006413,0.415354060055452,0.35324674657586386,0.3761078515664048,0.4084114676701797,0.3997233569504767,0.4013957528526043
2023-12-24,0.4710324745607497,0.41646506356188007,0.3515326445270421,0.36536426666772215,0.3982640953199041,0.3886679913296175,0.3950620218563666
2023-12-25,0.47084397325896643,0.3865445519319725,0.35303351027437757,0.3600245642064282,0.395680015093395,0.40391912778597944,0.39721048942095377
2023-12-26,0.47062359700227724,0.34545365544874385,0.3523962429582393,0.3532041438554129,0.3900813493832547,0.3950495299033333,0.3910075593590953
2023-12-27,0.4705495728976537,0.3557494215103056,0.3567591486658962,0.35603341806982525,0.3977108161287213,0.4298555852946638,0.4048397081645841
2023-12-28,0.4704161782716147,0.36289723031687243,0.3585866293016215,0.3553454187002075,0.3983597546000305,0.4257773797361321,0.3994536158272452
2023-12-29,0.47025415182859326,0.3610945310017548,0.3611743923828955,0.3521584845238046,0.3977811745707995,0.4398123816309684,0.4035702626847973
2023-12-30,0.4700284303630474,0.36194727825547895,0.3625669222985234,0.34481640049221063,0.3921176685158488,0.43666209499464437,0.4009362861377424
2023-12-31,0.46975253811034096,0.3619620698626911,0.3625858678367466,0.33435408575862297,0.3827055757753773,0.4082036247572194,0.39334574684644996
2024-01-01,0.4694783849511471,0.2946288824394448,0.36049321678505286,0.3243221460585539,0.3744532203489365,0.38572652067641505,0.38649286013833095
2024-01-02,0.4698307583726649,0.3328744885170801,0.36864493455774916,0.3598590836147957,0.415458622323044,0.4179992592756194,0.3920297055831884
2024-01-03,0.46965209514347817,0.31680006175267766,0.3690932163456623,0.3557720533916654,0.4103243134611545,0.411484829946662,0.3870640113526559
2024-01-04,0.4700788750306252,0.362159546129324,0.38366513059541707,0.39022727450165506,0.45115635736443804,0.5004660799344244,0.4477621271935247
2024-01-05,0.4701000297706759,0.36498130490502934,0.3876297360459049,0.397173314765853,0.45517269329000676,0.4947405145152379,0.44082055661735386
2024-01-06,0.46982585798430937,0.36474545793934715,0.3876321326776833,0.3850768017892602,0.438901984707608,0.45579233022978227,0.42963432407796626
2024-01-07,0.4695577479159063,0.355324230566224,0.3876656568498569,0.3736582011690359,0.4248414480907107,0.43115077529570023,0.4200111738394238
2024-01-08,0.46928497144944387,0.34073354771559605,0.38777222168459546,0.3622979828861017,0.4118523500312028,0.4044537828085651,0.41073671447644966
2024-01-09,0.4704753261846596,0.4130624135933828,0.40696805388041485,0.4417568356976903,0.4992472370493581,0.4590796330863544,0.426578067915805
2024-01-10,0.4703041576085586,0.40792472628049276,0.4086137683395065,0.4337859089026368,0.4855317338183437,0.4648667611330538,0.42649862531203625
2024-01-11,0.4700633419962085,0.40875338632348424,0.408443633345825,0.4225774572329636,0.4680935330268062,0.44312983505685,0.417357129788056
2024-01-12,0.4698020519579197,0.40998190734427653,0.40872038960796053,0.4102738179555111,0.4514569875113381,0.42607931303009877,0.4096681373677919
2024-01-13,0.47132977292585454,0.49605769237587455,0.4387558714913102,0.49510885958704887,0.5510070131829546,0.5842075405812708,0.5485988671072635
2024-01-14,0.4710573553128368,0.4924537188714271,0.43450226374129336,0.4800268467405188,0.5253294009289549,0.5331550932720773,0.5290825059604704
2024-01-15,0.47097438379944273,0.49714426890905866,0.4181931346833051,0.47498963091539526,0.5143360467596425,0.5404668889799706,0.5255643832284934
2024-01-16,0.47078991575375223,0.4933456585889675,0.40734597419905977,0.46530812359331686,0.497216656407978,0.5127834801578836,0.5089252807355207
2024-01-17,0.47058613897043633,0.4901344056562315,0.407669019609005,0.4549502221333386,0.48073464348602074,0.4877981046719233,0.49335171369859177
2024-01-18,0.47034545031119296,0.48650606739701013,0.4084367517595425,0.4426522300450598,0.46420740034184016,0.4717257536885815,0.48072898377018836
2024-01-19,0.4704512458718779,0.500580141067471,0.41362139058151454,0.4498079424684039,0.47366675993025603,0.513071343888365,0.49743383035814265
2024-01-20,0.4702025107147215,0.501609310670815,0.4138457695584377,0.43739600479921625,0.4567715841788735,0.4815027144084517,0.482146058768492
2024-01-21,0.4699330354145854,0.5015314318447601,0.4023738297213021,0.42409406966925356,0.4403892045039321,0.4476286140144031,0.4678094016343267
2024-01-22,0.46966690610885875,0.4721844085725528,0.3927074008880815,0.4113264334882239,0.4260771010748703,0.4244368936310526,0.454982874113133
2024-01-23,0.4701450215470785,0.4929391212593163,0.4063031749753601,0.44208216347035456,0.4678671859350179,0.5100116419168645,0.5052372924223286
2024-01-24,0.46989747672584564,0.4706498393097797,0.40602679873475944,0.42990503743477804,0.45155641536380453,0.478876635899984,0.48932071386061393
2024-01-25,0.46963865230387203,0.4545051991458125,0.40613225758367344,0.41742032130112844,0.43623228974601036,0.45008435965519294,0.4745209306150709
2024-01-26,0.4693753107970689,0.4542666888934876,0.4057597564983239,0.40494265947331803,0.4225036755287857,0.4279190231872196,0.46127932429542956
2024-01-27,0.4697796588737539,0.49008691132061405,0.41612057324736285,0.4333128265127949,0.457191035828132,0.451267109829151,0.45885091258370714
2024-01-28,0.4695270669022479,0.4912011622985697,0.4153446441158099,0.42105725194447263,0.4416185813474743,0.42830741508587694,0.44663975950240825
2024-01-29,0.46926185277819715,0.4146412712655633,0.4154217416881689,0.408304609760731,0.4270391495767582,0.4063357056537234,0.43545538260856864
2024-01-30,0.4692602628739641,0.42966915355841684,0.41907673325445993,0.4124765216172309,0.4327709289419816,0.41596061588126787,0.4310742164340244
2024-01-31,0.46901411746699045,0.42700162210142406,0.41677406508810827,0.40104568384820843,0.4216520365107821,0.40835941767429607,0.42376538240743017
2024-02-01,0.4687728145335875,0.4273113141414705,0.4155761814211021,0.3902683212737458,0.411998345589701,0.4034516906950776,0.4174543605841361
2024-02-02,0.4685461004484719,0.3348312999992698,0.41545283516118525,0.38104965993583995,0.40389199854584495,0.39314494681959833,0.4100706758484319
2024-02-03,0.46828280438475994,0.3348991910038086,0.40299210946951414,0.36957497955511753,0.39419985170875826,0.3758807546837262,0.402738363878784
2024-02-04,0.4680255227530732,0.3223806571304995,0.3898092175565384,0.35874004389240327,0.38609336453472165,0.3674860341442599,0.3966852685861144
2024-02-05,0.4677909953824347,0.31922493706043803,0.38998645411431165,0.3497698511676262,0.3806584036302539,0.3698192859608508,0.3932110918056748
2024-02-06,0.4675281536998026,0.3144702443874454,0.3894204110401343,0.33918375734949285,0.37335998152393846,0.3548467348942867,0.38728086302981457
2024-02-07,0.46729340681762865,0.314568294328961,0.38772514366341015,0.3311355547436666,0.3687946002672104,0.34941361994001213,0.3823010613134971
2024-02-08,0.46727316140749325,0.30045445201889953,0.3915862404526564,0.33980282664098377,0.3807686040608441,0.36271377775158964,0.3813320733413246
2024-02-09,0.46715486160235026,0.3071542507779149,0.3940949249198597,0.340561091878967,0.383864221300286,0.3679356046517367,0.37881983406549424
2024-02-10,0.4673846680621651,0.3326407748442072,0.38293585314843315,0.3662234395555627,0.4112667990601053,0.39087519923446296,0.3824089117757227
2024-02-11,0.4671723271453143,0.3315923927754461,0.38353527041906577,0.3587779961802005,0.4040606617508833,0.38381342518265166,0.3782247962388029
2024-02-12,0.46694414173397863,0.2564057163063839,0.3780897574932659,0.3504399032540419,0.3965168203190455,0.37553730849045813,0.3741407158695048
2024-02-13,0.4670313815852303,0.27029900977783916,0.38380736254771414,0.3652349773400468,0.4120373645865625,0.39109389395474725,0.37584000909788956
2024-02-14,0.4667776819839247,0.2754731750536609,0.3795940052402049,0.35450651442699543,0.4020326477956186,0.38038881796728913,0.37209624874049374
2024-02-15,0.4670327556635942,0.2904463262026937,0.38774760428547367,0.3803687180677838,0.42810305103933644,0.40273330034818255,0.37690167446064077
2024-02-16,0.4667734270142611,0.2635000712017136,0.38441010094573497,0.36887663947178345,0.41594527718677893,0.3838351591723504,0.372389864084238
2024-02-17,0.4665179085513334,0.2642784651284509,0.3804713138540289,0.35802393355470996,0.40521255653019034,0.369361553924684,0.36833584585187173
2024-02-18,0.46628913609181016,0.2704238046261236,0.3806474247053301,0.3490904546156859,0.3976901152595759,0.37149921278152703,0.3675403394943162
2024-02-19,0.46605124197272085,0.26064002999574226,0.3759852003193909,0.3402185335459741,0.39001340075122276,0.36291764972175894,0.36421672212299805
2024-02-20,0.4658080751485525,0.2596506456635511,0.3765034543824589,0.33084745509892155,0.3784946278121136,0.3558491954526453,0.3578624149761026
2024-02-21,0.4655755796150248,0.25067288958325756,0.3767552652930117,0.3230090063954296,0.3725603733619643,0.3492167186856473,0.35492745061884845
2024-02-22,0.4653426288175628,0.2594561621126867,0.37706586448772933,0.31491811737141534,0.3677605619034299,0.3522252713733644,0.3546082580474936
2024-02-23,0.46512062130713316,0.26785382995512935,0.3758926205210015,0.30794265651897795,0.36443189963734046,0.35836846463091115,0.3554900227707335
2024-02-24,0.4649047358810117,0.273243149291924,0.376363037033417,0.3017036875155961,0.362001815222383,0.36542602870504365,0.35691258963471906
2024-02-25,0.4647250870032716,0.26609071179913135,0.3728515553519134,0.299500356140949,0.36196381631048047,0.36385552305177715,0.35511123800937466
2024-02-26,0.46447114778920257,0.26558558243967145,0.3709169381911311,0.2906335966985738,0.3561629284329941,0.3501681141087809,0.35198283299271393
2024-02-27,0.46506472106819163,0.30828904476626906,0.38228082743879693,0.35121216780088255,0.4155004968578969,0.38752374835835907,0.3665448269872308
2024-02-28,0.465449728467297,0.32771287232624835,0.39043386407541003,0.3864710966154462,0.44783235058380283,0.41238567847297936,0.37506628046465457
2024-02-29,0.4678272527243389,0.4380984280861747,0.4312744380510125,0.5259948330448542,0.586466867546983,0.48357476911783603,0.41962443722509757
2024-03-01,0.4677089989133553,0.4475376146676384,0.43495803527144444,0.516406298940342,0.5670459896726732,0.49180462375430367,0.4234051581197482
2024-03-02,0.4675657833620343,0.4481858625806337,0.42852895582834155,0.5068579331353792,0.5475737188691717,0.47583190543457965,0.4160186778933179
2024-03-03,0.467325738265391,0.45396857308044053,0.4285965559062015,0.4920823829721841,0.5247918254819285,0.4575760255197757,0.40879017793016664
2024-03-04,0.4671615317391831,0.4474040718387753,0.4149999697426591,0.48239105969933654,0.5081774166894651,0.44491042923895435,0.40234106605263276
2024-03-05,0.46883234821374403,0.5058223589421093,0.4398853817880994,0.5654663193213482,0.5945169583695687,0.49624439088635725,0.42989962102726453
2024-03-06,0.46989474686379507,0.5747456150548165,0.4650488090214948,0.6058034632554563,0.6340724556760581,0.6007163865125917,0.5276544785202621
2024-03-07,0.470003746682399,0.5803966901440255,0.46842293247292305,0.6039232419806871,0.620848331855111,0.5817162326727928,0.5153079672120643
2024-03-08,0.46978701972061354,0.5795368969132626,0.4682171857245293,0.5875021825281329,0.5928118597759865,0.5445980996437709,0.49910763028279803
2024-03-09,0.4696448922501359,0.5737204780590398,0.4512997478223259,0.575176420483605,0.5710726520808601,0.5206610380115668,0.48532873459469683
2024-03-10,0.4693911020442821,0.5749107187046059,0.44852038461455956,0.5577690593672178,0.5453234196765663,0.48481424172756266,0.47087362723085696
2024-03-11,0.46914977430827576,0.5702383297167689,0.44846039180592634,0.5415850179734047,0.5224333103928687,0.45848205553591337,0.45776458860319896
2024-03-12,0.46946134735012535,0.5795110746248471,0.4543602519356528,0.5534424259482384,0.5295418029137136,0.48908634571595255,0.49113091879618687
2024-03-13,0.46923518388185903,0.5797364144366366,0.42126180574065203,0.5376996655325225,0.5038832960360258,0.4676370775685999,0.47268298334659137
2024-03-14,0.46911587111403474,0.5710029694051151,0.42171837244319105,0.5285546802225296,0.4892382174151647,0.4600670887640475,0.4595837069548416
2024-03-15,0.46902939007486744,0.5806831575599463,0.4212710834633977,0.5202532013468348,0.480406749429543,0.476188912326865,0.46036617342554026
2024-03-16,0.46901651169142994,0.6030275716071263,0.4277613681079723,0.5159488917852558,0.47907672915949917,0.5003621382289153,0.4688802192876556
2024-03-17,0.46979616581572387,0.6578159815709804,0.44927251797560225,0.5501866808649191,0.5395831952985531,0.5974459344134242,0.5521765718509393
2024-03-18,0.4701612513626703,0.6525447511682192,0.45514370108410473,0.5639744951480544,0.5545733841075703,0.5986971845300594,0.5483439252307971
2024-03-19,0.4699582415521511,0.6444876596196685,0.44840436026060343,0.5488854158122877,0.5276075859186793,0.5621764612873338,0.5252094890163337
2024-03-20,0.4717449172933324,0.6408558176607579,0.48648673075287185,0.6232587228093976,0.6420362822489583,0.7097832199873311,0.6728504631372784
2024-03-21,0.4741343945047776,0.7206542188807575,0.5199276805027083,0.7121717871702068,0.7531991972773088,0.7597194461825593,0.7168194425921312
2024-03-22,0.4742595085416125,0.733397500170561,0.5273358222157428,0.7042670539140764,0.7223013864505818,0.7367145472441262,0.699202720796397
2024-03-23,0.4742120284426282,0.7401877617384254,0.5187377015456054,0.6903421652330148,0.6854404534624332,0.6986235856099003,0.6712213492578194
2024-03-24,0.4739621995018946,0.7378639780694835,0.5188053873710733,0.6695346083865301,0.6400313623709152,0.6184605576643679,0.6302209826846324
2024-03-25,0.4743827466794608,0.6993834664327715,0.5255377290693989,0.6770883013981305,0.6414707190184283,0.6185222119642739,0.6175382316038983
2024-03-26,0.47457576857395833,0.666902252485206,0.5287228847033373,0.6751091914303926,0.6287494918511467,0.605478503752343,0.5984381273724807
2024-03-27,0.4743227878349872,0.657086295435247,0.5233163869477248,0.6545446336775839,0.5893498931752876,0.541192040782842,0.5649291548301316
2024-03-28,0.47409047953709693,0.6574010749118517,0.5244314852902496,0.6352937972999577,0.5559922268118463,0.5066412548069766,0.5370699739401299
2024-03-29,0.47392681874835557,0.656727008258115,0.5242987274737504,0.6201571941498211,0.5311206870984143,0.4859213455019036,0.5139752365852394
2024-03-30,0.47372210536625325,0.6587665669545231,0.5243050986113281,0.6030861459589946,0.5069276312967013,0.47191412769534263,0.4948325087343668
2024-03-31,0.4734760774302598,0.658656988951401,0.5238165978480243,0.5848758507549371,0.48218983199202214,0.44226030594860166,0.47355614834948767
2024-04-01,0.47337911569812385,0.6443653381891484,0.5235278531182033,0.5748396632884789,0.4725745904563288,0.4422383505186571,0.46144252202573244
2024-04-02,0.4732873608454237,0.6488812907464364,0.5275942334401582,0.5643788465359589,0.44120636943092895,0.45373212550982484,0.445006393609291
2024-04-03,0.4741148458583328,0.6768701147573726,0.5464664584269912,0.5964579994970536,0.5395263189334975,0.592130060570217,0.5651771269906638
2024-04-04,0.4738794026052977,0.6746626782343071,0.5458932098328254,0.5791566357264034,0.5023354606084884,0.5308617673200872,0.5288469383271764
2024-04-05,0.4740238235848265,0.68323604983922,0.5482320784954232,0.580941824263141,0.5110141040538312,0.5319695278045461,0.5172670972231881
2024-04-06,0.4738054750376622,0.648193684258829,0.5493530958392279,0.5645308936913869,0.481202345956004,0.49912292880177866,0.4915159997527489
2024-04-07,0.47361687617933285,0.6289376396809095,0.5495452910451565,0.5506854157273694,0.45932730003777034,0.4716894277947139,0.46865751611988954
2024-04-08,0.4733773556760724,0.6271808465768874,0.5479384886222047,0.5345579578892808,0.43591284798137553,0.4369899223999927,0.44654478538174125
2024-04-09,0.4734121898689122,0.5476399774480546,0.5495178961221008,0.5336515700924006,0.44922279755249334,0.451976036471026,0.4443929163414915
2024-04-10,0.47351910766995814,0.4553769570464746,0.5522397535720271,0.5347911764254012,0.46962145181762216,0.5068799313877421,0.4765781856673914
2024-04-11,0.4733834045636565,0.43847573119439565,0.5528388554484166,0.5248632411166415,0.4558437756794019,0.48597408788741514,0.4590922900275312
2024-04-12,0.47315463492995746,0.42621476026022104,0.5535824566979032,0.5097020584794776,0.43475964278580137,0.4582685740534583,0.44093741182521157
2024-04-13,0.473392432061168,0.4563823224192289,0.5590202453453181,0.5191226252113865,0.4740518680145121,0.5297762990425873,0.49154380460729225
2024-04-14,0.47386902368667355,0.4582445396455567,0.5702841065973241,0.5398594840202259,0.5272657739693534,0.6086013980575877,0.5572398684167184
2024-04-15,0.47385932105159856,0.4466442320670624,0.567499063843168,0.5362895564647158,0.51479178920331,0.5762731666309447,0.5330984232339846
2024-04-16,0.4739708009892099,0.4609642845057764,0.5733122284534888,0.5376432879290345,0.5197579100873778,0.5982132413682656,0.5455674398278708
2024-04-17,0.4737314661951173,0.46230096865998205,0.5733282479316593,0.5218004211781593,0.48526343464875604,0.5323773104935224,0.5117058665932012
2024-04-18,0.47393849374337815,0.47108630268167495,0.5796778167331067,0.5289652787072374,0.5076841598339503,0.5794393047105283,0.5405970410672085
2024-04-19,0.47404548207662284,0.4947411812771715,0.5835210225292438,0.5321183732883331,0.5113193589567538,0.5649575978726641,0.5250550693186682
2024-04-20,0.4738045001186769,0.4958947401174081,0.5831109133949592,0.5163053101253019,0.4780664952770591,0.5060455647369038,0.49408044221137104
2024-04-21,0.4736406752517596,0.49169418969053036,0.5836957460971846,0.5054603595216552,0.459190220792365,0.48074412440548914,0.4720105166356401
2024-04-22,0.47339586561029734,0.48676999205134963,0.5831951781954686,0.4900787860592726,0.4350253725361618,0.43847988547411043,0.4490179959987564
2024-04-23,0.4733768076373277,0.4483232845441782,0.5845947574081228,0.4887389251114256,0.448060981572707,0.44855210944314033,0.42378195680031683
2024-04-24,0.4731461963493615,0.44841402779691475,0.5841134121587978,0.47451110710747224,0.43112427416170057,0.42737778047429015,0.4076927855153425
2024-04-25,0.47319900432153456,0.43963920175116133,0.5885493258382121,0.4766675653901387,0.4459164522404724,0.4790250141436194,0.49944084907683534
2024-04-26,0.47295612823966926,0.43932016631542825,0.5885489613437834,0.4623124056338702,0.4277126395565851,0.4384179298568168,0.4325906431883774
2024-04-27,0.47275182385787384,0.43523948774053506,0.5802035634056065,0.4503637726414029,0.4165884442958007,0.4314354622445035,0.42060971685929177
2024-04-28,0.4725180632372111,0.43356281961306636,0.5732188034236597,0.43712501098693163,0.4038190384245589,0.4110925997104604,0.4048658239050313
2024-04-29,0.47228321753814523,0.41117711939215895,0.5399207612835576,0.4242232680805159,0.39282362503246254,0.3939152459733844,0.39846139985883616
2024-04-30,0.47207213144151544,0.40088713578190527,0.5384604376058799,0.4137373594003163,0.3856173435982597,0.3838621131350818,0.39713804645026346
2024-05-01,0.4725406313666292,0.4219124494029425,0.5471295214404643,0.4460914798547348,0.452793039630256,0.5038936623098372,0.6135166660491052
2024-05-02,0.47273562188100204,0.43700806022726874,0.5529123746834642,0.4587012333297268,0.47684208121050425,0.5558904450551935,0.608650749320199
2024-05-03,0.4725486949791481,0.42749198883617817,0.5524610019813581,0.4484978573870378,0.45910321425435896,0.514731882473987,0.48658145066751257
2024-05-04,0.4733899485478892,0.4612424614212111,0.542135160055842,0.5004411939251227,0.5345928359817094,0.5618437743744379,0.5504795594107026
2024-05-05,0.4732103926600014,0.45153323277942936,0.525655840248466,0.4891322022163129,0.5094407861819465,0.5207222167053447,0.46184039667354176
2024-05-06,0.4729689576560024,0.4331724070618034,0.5204208699553657,0.4743074299547314,0.4825184829905119,0.469321302605802,0.4170876439730485
2024-05-07,0.47278321927537,0.4356230133935005,0.5205009196760484,0.4628774769077157,0.4648904399289564,0.4612026510412669,0.4211657717162016
2024-05-08,0.472594007684534,0.4132148615216588,0.5192745866347324,0.45165601711483827,0.4494899871427388,0.45373202429702864,0.42125585923911096
2024-05-09,0.47245246823102544,0.396598601127938,0.520424905531198,0.44370241296927276,0.4413361413861224,0.46157477346030645,0.43875676606634273
2024-05-10,0.47245154187916155,0.41211643358658007,0.5241916180010548,0.4461630564783443,0.44698154561580633,0.4665237190410434,0.43950455262239674
2024-05-11,0.4725731237908155,0.4244639794979537,0.5200742879973916,0.4544184144620102,0.465375302587851,0.5186544947601699,0.530377069932835
2024-05-12,0.4723330628551616,0.42454524882927475,0.5199126749999082,0.44057500297213,0.44439788809746866,0.4665787698512022,0.44555896097588843
2024-05-13,0.47212065905259665,0.4106059681412071,0.5181054731736029,0.4292009080222744,0.4288136419210084,0.43990207444735724,0.414242305331711
2024-05-14,0.472023437622724,0.42185109741831495,0.518973631745625,0.4261634014515538,0.42686418182431723,0.43687443150150285,0.41745400569924074
2024-05-15,0.4719172005391439,0.41352216993890667,0.5177394238188391,0.4215081755548779,0.42594854172306956,0.45714277060411196,0.4476219542659564
2024-05-16,0.4732309900737124,0.4986914082225674,0.5279119059043141,0.5056851290171004,0.5501515915006183,0.5438244514364698,0.5797586826059198
2024-05-17,0.47306426104594024,0.5004501013255485,0.5200037330807933,0.4940336390135629,0.5244125955843987,0.5218659992540426,0.4933658881063771
2024-05-18,0.4730231589227763,0.5081950830219654,0.5225490322021106,0.4911200807568751,0.5122299215384837,0.5071982377434082,0.45554757908729604
2024-05-19,0.4727860637333502,0.5076502027533842,0.49252007698309447,0.4762021482800684,0.48518141870910947,0.46004751452149373,0.41590028292957965
2024-05-20,0.4725784228936586,0.508809621807265,0.4513004541687009,0.46329585784467425,0.46470187911710986,0.44427758978079385,0.41067914920697174
2024-05-21,0.4739376458135545,0.5359681486981456,0.4725625804181951,0.541995072575057,0.5797197258974501,0.5376028232979709,0.5747079344696353
2024-05-22,0.47379798373342796,0.51583983692818,0.47085484712415066,0.5303102527343193,0.5520910159518636,0.5241791352861074,0.49916179339829553
2024-05-23,0.47362243009116045,0.522480533828933,0.47203063157816333,0.5172202844681038,0.5252298915875716,0.5042849842031173,0.45532231606451556
2024-05-24,0.4734719488220255,0.48649990374306956,0.46288804952180507,0.505932877638454,0.5043181076189582,0.49656854773195636,0.4461667963158759
2024-05-25,0.47325137672145096,0.48489265268311055,0.4557057505626577,0.4917072584368023,0.47952695903197173,0.4591011597385956,0.41374774920308494
2024-05-26,0.4730407444535884,0.4854429321106469,0.45623687856079426,0.4785728035585516,0.4590387713581327,0.43343005823881864,0.40205924503251794
2024-05-27,0.47283996556295693,0.4841797375982199,0.45651757604026916,0.46588900953035944,0.4428924854679456,0.42616173760154874,0.40743004005009564
2024-05-28,0.4726416539639148,0.4804018871465116,0.4556764908556065,0.45442651013644575,0.4288840938148069,0.41102702894559207,0.4011964926433263
2024-05-29,0.4724793853129637,0.4787678689866762,0.45617206747947225,0.4448605505782312,0.4214229880559317,0.42221352131949486,0.4211647371110924
2024-05-30,0.47227770919380346,0.47300345855875237,0.4566281167493313,0.4332419136547153,0.41082696085033416,0.4167824568624677,0.41406145251034115
2024-05-31,0.4720734555783048,0.4496134090209669,0.45448480483369796,0.4224769259550546,0.4010608778274001,0.40196252106524016,0.40282182335266714
2024-06-01,0.47188739726099027,0.45423801725098106,0.45281220019366625,0.41260920770438836,0.39546037990024513,0.4070597287253069,0.41269775063494735
2024-06-02,0.47165408777264145,0.4538939802353354,0.43468067667675625,0.40023213559283516,0.38496275874932584,0.38148476871712944,0.398192638691697
2024-06-03,0.4714196145120505,0.44883413952123025,0.43441982659993966,0.3880479303590536,0.3760039825537125,0.3574330641477711,0.3923115034236419
2024-06-04,0.47124312526185336,0.44004802158094974,0.42848846672727114,0.38105104114546695,0.37474738888010595,0.36138029621263185,0.39957177223051976
2024-06-05,0.47117240632669216,0.3617181509362052,0.4310200080334519,0.38264180729049313,0.38635919127763246,0.3797502982613233,0.41436506426595626
2024-06-06,0.47094990271023335,0.35481795260110843,0.4301548152045805,0.37206898662023213,0.37838741689762473,0.3660307160040355,0.4011501060813804
2024-06-07,0.470724510883567,0.34504232095414444,0.43011979347075524,0.36117386812807645,0.3717299899489167,0.35772558229435686,0.39787531990526126
2024-06-08,0.4706065270341415,0.35427599155889133,0.42691092223469007,0.358696166001192,0.37968586301261953,0.3921450381439897,0.43736598193989656
2024-06-09,0.47037444166375386,0.3516574187440649,0.4207792074858198,0.3477749623478634,0.37179779117551803,0.3686692572980429,0.4088199120401204
2024-06-10,0.4701466917893528,0.2110002073851393,0.41870942695931945,0.337726567416663,0.3655584878192552,0.35365310830036756,0.3982285444620742
2024-06-11,0.4699168410434311,0.20110041479851154,0.4184350516980339,0.32752570464691244,0.3603105185373455,0.34117868518482114,0.39451832277957677
2024-06-12,0.4699587925204107,0.22441048387683218,0.41487976101970225,0.3401634387676061,0.3899528909295823,0.4131665094465981,0.49089259730850077
2024-06-13,0.4697700669561808,0.22179622871809518,0.4020508635439167,0.3339538429269294,0.3849062277453633,0.40176393726633414,0.4352536763542253
2024-06-14,0.4696732234294943,0.23257672323998008,0.40031621428857844,0.33465146166632415,0.39264252968627406,0.43107227475437826,0.4573125741576155
2024-06-15,0.46948007533341785,0.23060205248178692,0.39413612629511247,0.32734808343656224,0.38735562145592467,0.42572021512720887,0.4307867370329736
2024-06-16,0.4692506615683362,0.2289859489851336,0.394010083289885,0.3175526249289589,0.3781476265917102,0.39591683134089684,0.4061862478328549
2024-06-17,0.46903004139213983,0.22491795580022392,0.38494579908103477,0.3090017445731752,0.37136724403356625,0.37814572420668385,0.39785523756754515
2024-06-18,0.4688026772057311,0.21887079382257998,0.3781099903769579,0.29971401441499473,0.3651848442820667,0.36160820804078914,0.3945557757418667
2024-06-19,0.4686899712197118,0.22696831338023385,0.3805138185481112,0.30111080139970814,0.3748903056882654,0.3960214835715074,0.4374930180676924
2024-06-20,0.4684641027094889,0.22139541013342387,0.37883207972476834,0.2921364032615313,0.3682416901860161,0.37720670902182796,0.4100017181649979
2024-06-21,0.4682373304748949,0.218011896793673,0.3788519593903279,0.2833463418249601,0.3625483136650846,0.3603499799940779,0.39895683322449876
2024-06-22,0.46804694773114147,0.21956650530494884,0.37462331901495616,0.2782052307926344,0.362761328118775,0.3704899233388588,0.40932459893733525
2024-06-23,0.46781955947491494,0.2200123350897815,0.37445673396122536,0.269896761069037,0.35768320175404117,0.3514577648417661,0.3979403459814788
2024-06-24,0.46767127515943835,0.21451627287877564,0.3701764876810332,0.26959359671045985,0.36426408131583277,0.37800194942030707,0.42502490158888595
2024-06-25,0.468014093566497,0.23239539220254252,0.3818701950524225,0.3166215779884991,0.4172752280680217,0.4760535931809047,0.4470105677282647
2024-06-26,0.4679456305072956,0.25555028348063974,0.3849583595850829,0.32239800902312893,0.419435681017642,0.46897555863416496,0.4382573416444752
2024-06-27,0.4677919209638706,0.2574489360043484,0.3861965177226001,0.31876321928283446,0.41304263882990655,0.46655399056301977,0.43260192494038524
2024-06-28,0.46760492505413215,0.2627084075346222,0.38706068531881427,0.31318995961122215,0.40331073786750776,0.4433713999387141,0.4194910714816211
2024-06-29,0.46749949180671546,0.26720197973025833,0.38858549863489894,0.3142893024637282,0.40489691752213836,0.45877847967821583,0.423590275681511
2024-06-30,0.46729302350233476,0.27025312871770274,0.37509625748056574,0.30690096231853786,0.39422075437691384,0.4319675412252328,0.4106059191914283
2024-07-01,0.467282096098942,0.2987741585000116,0.3704889064689229,0.31877591307693015,0.4066728295132393,0.4408006359272027,0.4106140413685497
2024-07-02,0.46705740620465186,0.2829615343168783,0.36944138624421835,0.30925249194702736,0.3937821305910813,0.4082207212728602,0.3983642978345101
2024-07-03,0.4668815522490042,0.2777345326646513,0.3468520150875313,0.3041235354333922,0.38873473799379965,0.41137416312005504,0.3954530527108554
2024-07-04,0.46689999908508745,0.2857951805917525,0.35056231185341136,0.3169626185417467,0.40682877359827485,0.45840837622234226,0.42169735226420013
2024-07-05,0.46742621971570186,0.3327007934544031,0.3665322335672375,0.3702649529753907,0.47272235004623836,0.5609520016501764,0.5069334394507053
2024-07-06,0.4672110425658076,0.3307451935943998,0.36578787995286827,0.3596296140957329,0.45192211781364555,0.5127495838014501,0.4835168647351751
2024-07-07,0.46719465311152353,0.3521638785232911,0.37024673217853965,0.3664119867467324,0.45312485621211895,0.5028202693397426,0.4720136771497979
2024-07-08,0.46744293074091786,0.37364719053576323,0.3781457218058263,0.3911494068147634,0.48119224116992926,0.5608757660413881,0.5111992538022275
2024-07-09,0.46727465684180214,0.3799675123190101,0.3739857584197503,0.3838877954202439,0.46328588542181437,0.5200013653352739,0.4886039841663364
2024-07-10,0.4671800686500856,0.3941874467080162,0.37034564074074494,0.38278590047564964,0.4550233885174468,0.4995648010555486,0.472520011469971
2024-07-11,0.46696333982460614,0.39400582595604144,0.37043802205768744,0.3715551286349203,0.43627453416743595,0.4629085391335748,0.4530623110053563
2024-07-12,0.46675443421521395,0.3934517782527101,0.3698916439260951,0.3612296326569453,0.42094117727968416,0.43947073449996116,0.4371977023318501
2024-07-13,0.46655238437783814,0.3961550774048934,0.3670300736051549,0.3522380176392805,0.40806030865058707,0.41704271436919327,0.4224295508426114
2024-07-14,0.4664586737589428,0.4054382342039867,0.3678240969844035,0.35303742552255013,0.4088010788125408,0.41915085918812595,0.4157883570456581
2024-07-15,0.46640507179244994,0.38423345030118267,0.33591528421305256,0.3571965056601425,0.413745257829547,0.4258375405555176,0.41244814805798946
2024-07-16,0.4673189954907829,0.4438471053575291,0.3625365173528017,0.4337363848805883,0.5076944373030255,0.4995013372187807,0.4606724966127342
2024-07-17,0.46709836349600364,0.4382144140378017,0.3579809127980889,0.42074309955140904,0.48255088428355664,0.457440122799389,0.44289020976614324
2024-07-18,0.46693990504356636,0.4416517305693835,0.35925285811081237,0.4120904152837596,0.46657724777186044,0.4546339923311357,0.43565922718820027
2024-07-19,0.4667202069796521,0.4335417987600745,0.3587373761058909,0.39963287263190994,0.4465996476730295,0.4232545208455223,0.42117025257868945
2024-07-20,0.4669513048041382,0.45539944342855676,0.33215535594675655,0.4216408614980156,0.47180487704164603,0.45512414946715163,0.432340784286603
2024-07-21,0.4667390522599331,0.4462815072733626,0.3305139305274201,0.4096497065425366,0.45169097714034767,0.4265225940052479,0.41842207680827725
2024-07-22,0.4665677988984836,0.447926050151044,0.33066936381244816,0.40129173527297873,0.43806798635575334,0.41486569493116787,0.4085166865700773
2024-07-23,0.46636817080567733,0.4457763251752287,0.32918751258567797,0.3904200767248225,0.4238011854199874,0.40495414229699,0.40022449528300397
2024-07-24,0.46631102385781675,0.4406195003214129,0.3325074440378509,0.3903549984517454,0.42657596941323,0.4363586401871725,0.41321316384662027
2024-07-25,0.4661120991861214,0.38792462668584604,0.3320691326834303,0.3798789422615508,0.41391030768219716,0.42244348632364914,0.40433144374978963
2024-07-26,0.4658995652580611,0.38505123869073676,0.3316989669523996,0.36909366134408544,0.40119835637880075,0.39929904235147334,0.3939216497468348
2024-07-27,0.4659360689723496,0.3877909084286113,0.3374539333054757,0.3794511371666633,0.41665883633720213,0.4197875212187474,0.39920374332766023
2024-07-28,0.4657177115796166,0.342421843581095,0.33588163562979956,0.36793495297748036,0.4030402043299103,0.3933007559742114,0.38924522891875046
2024-07-29,0.46550681498445423,0.34202022073886357,0.33539631993336955,0.35762752768222983,0.3919236626024505,0.37603902192404637,0.3809049543188105
2024-07-30,0.4654089502659635,0.3545101814160322,0.33739223699659154,0.35625208250448975,0.39558505491348483,0.4045020003393027,0.3913975888464734
2024-07-31,0.46521573849243386,0.3569691261174793,0.3369071640508532,0.34727183772623266,0.3877704975918413,0.3986869533672854,0.38614191189577135
2024-08-01,0.46515163286753636,0.37064617833182706,0.34033183434098074,0.3492760692212337,0.3959519483544541,0.4297933542409702,0.40057063468706017
2024-08-02,0.4649624661530395,0.37091350539450074,0.3412094687219466,0.3415371662559171,0.38804725833377607,0.41269169775021747,0.3918877970970843
2024-08-03,0.46568998970047193,0.4338222599126775,0.3609457647661804,0.4057891881587832,0.47657971588771236,0.5434850978999584,0.505094872551938
2024-08-04,0.4655124255577759,0.4268207991630448,0.35701971146386885,0.3961696657780924,0.4592459361352611,0.5153258969535681,0.48696188667421747
2024-08-05,0.4657603701892228,0.3725829850794282,0.36568238423394955,0.41774458706905,0.48517980441877073,0.5669792997750932,0.5206343214103252
2024-08-06,0.46683695796017505,0.43760955244552485,0.39126781523615795,0.4901334512904507,0.5786606625083365,0.6927046090168135,0.6418797884413397
2024-08-07,0.46696881209967583,0.46709709823527706,0.3991651783594436,0.49745653197084955,0.5717659989474071,0.6516119004197992,0.6150490777562115
2024-08-08,0.4668376641038711,0.46862117130406256,0.40025936438935245,0.4873366369672928,0.5452821822483545,0.6120199577286233,0.5878897826115212
2024-08-09,0.470278479113055,0.6337452118928864,0.4750114779482883,0.6680130295534292,0.7742124450406508,0.719367873767647,0.6848484535801066
2024-08-10,0.4701093586405446,0.6336053064722437,0.4756339291547155,0.6497709709172395,0.720746914944314,0.6528804146021773,0.6457747607417319
2024-08-11,0.46989069220249874,0.6300400813748108,0.47164305712348353,0.6299903048657173,0.6696800078469971,0.5732411154956953,0.605972962285519
2024-08-12,0.47001703035307485,0.6399804578291173,0.4760916126314331,0.6270971674871849,0.6497644313519285,0.5978606620797855,0.6071947763737068
2024-08-13,0.46982450521506314,0.6388926621382777,0.47501584860097873,0.6094458087975909,0.6083925009061208,0.5434684932798713,0.5725589763416992
2024-08-14,0.46971093764643274,0.645068051018329,0.47682638637188934,0.5965727583973137,0.5780869097343867,0.515179705373407,0.5450495880313858
2024-08-15,0.46974073561605834,0.6514499866458431,0.48067071218170276,0.5907398205252233,0.5643793420512501,0.5396800495151185,0.5457266866489129
2024-08-16,0.4696294198655136,0.6380772565222063,0.48182901922766685,0.5780208767893615,0.5406460346612626,0.5314866866196161,0.5298374926800834
2024-08-17,0.4695382953465873,0.6470926127113926,0.48458063996842055,0.5676116144256314,0.5212597678428963,0.5086599155442579,0.5085049542224047
2024-08-18,0.4693426407346608,0.648096876181497,0.4835493020350686,0.5516730214981345,0.49513124545116854,0.47279216467201624,0.48513913196852226
2024-08-19,0.46920076552664836,0.6469579470972875,0.48460464149208277,0.5388078271758117,0.4781016088360705,0.4715166720520133,0.4737531306390123
2024-08-20,0.4690527117036765,0.6519454347147977,0.48609041662588043,0.5266876648946481,0.46228115108963225,0.453466529128654,0.4569994467559394
2024-08-21,0.4688553795195194,0.6481262468785045,0.48584313299606896,0.5116080923379448,0.44405545118505313,0.4355387874439157,0.441759622327927
2024-08-22,0.4689598718312961,0.6619931083386069,0.4918730873653445,0.5160812909531253,0.4592706214982287,0.45302721439606874,0.44224840634229107
2024-08-23,0.46879011145121624,0.6275753015662889,0.4914052011314143,0.5028935751280683,0.4443972141802225,0.44682772636985274,0.43296547740042063
2024-08-24,0.4694870314168785,0.6623862254053674,0.49804570757373573,0.5430315177936619,0.5160434300106511,0.5004003954758071,0.4645193386434077
2024-08-25,0.46927151144040874,0.6401236015287037,0.4955622171077747,0.5265136282041133,0.48870862905051404,0.4548619713676791,0.44559424762453403
2024-08-26,0.46905689964985553,0.5729606166849721,0.49427247564334764,0.510559777335796,0.4649062260587676,0.4200266477595337,0.4291244385396801
2024-08-27,0.4689755582522767,0.5733201208433604,0.4960793228364947,0.5027350138704985,0.4550373304087893,0.44412040283910614,0.4312614925787625
2024-08-28,0.4694879838738476,0.606506773194402,0.5066602742903498,0.5302594642090359,0.5156071353620179,0.5540267373248878,0.5226277800456806
2024-08-29,0.4692915731199402,0.42157955121143725,0.5065757282126061,0.5150477691693367,0.48716913850410754,0.5147682648747257,0.49816803136363524
2024-08-30,0.4690843620118532,0.4201778303220728,0.5030306337837575,0.4999218816968583,0.46144851484019006,0.4720086778815721,0.47451250241953047
2024-08-31,0.4688766839241034,0.4202971604705191,0.5030556838299791,0.4850114437577526,0.4400063210515186,0.4423991030493072,0.45472655183728433
2024-09-01,0.4686652022962475,0.39917534475368105,0.5023945195645315,0.470338945569269,0.42146984720560277,0.4141494492059129,0.4369964648611717
2024-09-02,0.4686508593099083,0.4094332169415685,0.5019035652976712,0.4687248674279252,0.4316419821022015,0.4560955164949131,0.4529396410003525
2024-09-03,0.4686658667759968,0.4182172250441101,0.4936944952210755,0.47033341364957,0.4412125135766024,0.4594862379419774,0.4457517279264201
2024-09-04,0.46865945373523826,0.4159765201272449,0.49722593350601874,0.46922767402000665,0.44811376115708784,0.4924874412081977,0.4611337964343853
2024-09-05,0.46846527074820826,0.4110150361338148,0.4940834567588368,0.4564027006798978,0.4298799208899827,0.45873368769146405,0.44295231658202877
2024-09-06,0.4685003594850838,0.41684748062893917,0.4905859148358289,0.45887004750127636,0.4442729156367563,0.4994522312978193,0.46512168129465087
2024-09-07,0.4686774746521001,0.43443469933181644,0.4963283649377986,0.4705090075859128,0.47202364418273074,0.5524190527359142,0.5027552121390471
2024-09-08,0.4684671324274029,0.43283019610901435,0.4940140397630507,0.4563829435527327,0.4481235220479406,0.4982029244784336,0.47828234220436744
2024-09-09,0.4682923646071267,0.4303584138856784,0.4947299370693247,0.4453420054827178,0.43201812728855354,0.46786641828984354,0.45859050796223155
2024-09-10,0.46845311455791416,0.45656951115509153,0.5012901890873483,0.4585595065265769,0.45830561536720804,0.48078417611693974,0.4571942484073155
2024-09-11,0.468267704685151,0.436952156152831,0.5014058447747268,0.44665555979224864,0.43926590099174484,0.451613954702373,0.4399128135468783
2024-09-12,0.46806466608315467,0.4353854155586413,0.4993073946505355,0.4335387422534012,0.42171662744840877,0.42802168513974104,0.42528751409269056
2024-09-13,0.46789478817700536,0.3709016157834688,0.4971329262059126,0.42367871141630103,0.4107090629961363,0.41316882646089337,0.4133099681009534
2024-09-14,0.4681001129192888,0.4060558238553309,0.4851052352208099,0.44211956318018064,0.4477183102084048,0.44160417464486357,0.42219326456315526
2024-09-15,0.46791349715714114,0.4062859451021729,0.4853457956320438,0.4301890257493122,0.43084693299317783,0.4297631047522103,0.41283115772549717
2024-09-16,0.46775280497243205,0.401855040251896,0.4851885938584212,0.420473779661902,0.4202566038961566,0.4311127396811238,0.40934713501512726
2024-09-17,0.46761552326714095,0.35877434236017436,0.48626969719290164,0.4128244078920943,0.41416738427423644,0.43872113050358236,0.4100019733562002
2024-09-18,0.46771435839757614,0.3809541525244972,0.4839717672349226,0.4244888785046575,0.43614379706848244,0.45292319736521647,0.4140436366790863
2024-09-19,0.4676169456818337,0.387867847450796,0.48609539887958086,0.42054325004590876,0.431396242016122,0.4447285706055864,0.40764005698348993
2024-09-20,0.46750634904528066,0.39255559890441805,0.48711405018775494,0.41578045288519494,0.42597917324430423,0.4364732555480602,0.4015487107648028
2024-09-21,0.46729950197794345,0.39192538205006905,0.48696180286569857,0.4034158651550967,0.4102866187446128,0.4077229699108599,0.391370450027069
2024-09-22,0.46709178281925157,0.3737543208946267,0.4844673010253947,0.39132337709578763,0.39693439488376664,0.3834078418326226,0.38261307265939315
2024-09-23,0.46688547348402487,0.3610430353337461,0.4842356376506844,0.37972150754930034,0.3858561277013404,0.36461576866154854,0.3752142088856554
2024-09-24,0.46668467899421107,0.3422492163047287,0.4841683554733718,0.36866882576955645,0.3775261069364954,0.3570974332569409,0.370220930983562
2024-09-25,0.4665280230990403,0.3438822599091375,0.4804988448565816,0.36238752753213244,0.37600340938520904,0.35818780372435927,0.3674595652283437
2024-09-26,0.46640439010251805,0.3280285456492578,0.48184210994910953,0.35826788869957604,0.37996671744169647,0.3843730985582324,0.37750471689351867
2024-09-27,0.466436449370201,0.29306600995579346,0.48636903268806897,0.3693285541551525,0.4019099724753265,0.40401442210358884,0.38386319371872973
2024-09-28,0.46624663830795754,0.2921804176823017,0.4848232563553812,0.359919533562509,0.39187812427298435,0.3883932178723221,0.37711859269749737
2024-09-29,0.46603932009525934,0.29345327741131527,0.484428006587367,0.3490020104773004,0.3813624554026921,0.36542877706132937,0.3704091583942801
2024-09-30,0.4658371419484141,0.2737977058337844,0.4818736847590578,0.3386975678073382,0.37336963573877285,0.3549595619335255,0.36562822396327577
2024-10-01,0.46593885597469403,0.31164619566327156,0.4868705429757795,0.35565927110039597,0.40709800509664135,0.42935149404364015,0.41405023653986944
2024-10-02,0.46611668919998783,0.3477730968414966,0.47759696254296774,0.377259865171452,0.44159809608711564,0.49786322821311624,0.46178981494025145
2024-10-03,0.4659138952841409,0.34621606975787217,0.4769794371683488,0.36599984645751105,0.4238336513916021,0.46058902652317246,0.4438244101311403
2024-10-04,0.465708001634075,0.31287363525105605,0.468622388726998,0.35494291128577754,0.40825088540936555,0.42466042177739277,0.42765679719198196
2024-10-05,0.4656061343227901,0.3193239488730012,0.44557328810464375,0.3541656804055556,0.40770353173105084,0.421263145273477,0.4188417138613579
2024-10-06,0.46540027405649825,0.3140777447297349,0.4395307196993194,0.3433792532431939,0.394643329042215,0.39084360600183904,0.4060801118253171
2024-10-07,0.46522393542202367,0.3070305328855014,0.4379569453530122,0.3360343649786323,0.3872382699887387,0.3808549668477131,0.39663990161520835
2024-10-08,0.46504226004469457,0.2852089554929191,0.36171776988184534,0.32778511469941213,0.37768740581495963,0.37882390210285816,0.3883527795702049
2024-10-09,0.4648384981255443,0.2748460920003561,0.3605958752047204,0.3178667653672025,0.369187273607453,0.3607176082702908,0.37969197035929747
2024-10-10,0.4647903289578837,0.27790620183366294,0.36437027208608846,0.3230870007838694,0.3833871066632136,0.404845123909835,0.3994596535465243
2024-10-11,0.4645935398453575,0.2772740726816732,0.35645913339300556,0.3138660478615088,0.3749605892817755,0.38988122263471664,0.3903822056032391
2024-10-12,0.46468728467539017,0.3084805613773088,0.36319467264804,0.33497684838325253,0.40390914332404093,0.4128389333225365,0.39714372994510727
2024-10-13,0.4645134802921081,0.31133527555361246,0.36151602208819333,0.32809454147283235,0.39463778929371984,0.3983836659118147,0.38859391675679644
2024-10-14,0.46431836295606227,0.3114199848433205,0.3556539154026496,0.3187933746242639,0.384572394621443,0.3854151127718672,0.3812550784196634
2024-10-15,0.464712649345538,0.3570358586490145,0.3669054043251626,0.36687490538855577,0.4458230669514154,0.43115895091226186,0.4055700707889949
2024-10-16,0.4645577946910179,0.35223009358111945,0.36533166593143185,0.3604898179945168,0.43225438679006917,0.41717442462210796,0.39680774559143345
2024-10-17,0.46436875016320406,0.3359725847073706,0.365219671547539,0.35107679004819287,0.41683648158584957,0.3974070283947549,0.38746309488242875
2024-10-18,0.4641691680863,0.33529594092693654,0.3632370690198192,0.340601686693688,0.4026604533930896,0.3793193983070643,0.37932681498202914
2024-10-19,0.4640152668026961,0.33880451755317087,0.36289464139147626,0.3354171881191063,0.39591744845223975,0.375352317999911,0.37446546970715616
2024-10-20,0.46381318310894826,0.3382734956272807,0.3622876125695388,0.32521463331004824,0.38445165342473475,0.3558640149841231,0.3676726062940581
2024-10-21,0.4636282744875506,0.30862448543381127,0.35562515748770335,0.3173950079344848,0.3767454840785827,0.34844966204875893,0.3627834882297797
2024-10-22,0.46356756145060707,0.283046929389453,0.3582511392619381,0.32120478197008745,0.38742655638193735,0.3916621880672147,0.3834379362669095
2024-10-23,0.46336578032287024,0.2819646964942385,0.3361850682743522,0.3114198125397148,0.37719518832444915,0.36757000116207617,0.3752588564417464
2024-10-24,0.46321405984380515,0.2899789595379733,0.33755734819529937,0.30666020717871373,0.37561249607554564,0.38094026169912815,0.37735695263894475
2024-10-25,0.46316390879888164,0.29386688364073366,0.3414854392173457,0.3140674815589594,0.38658080127758154,0.3915635039770209,0.37854942497521016
2024-10-26,0.463087932412272,0.309055860764153,0.34139576699191804,0.31658450000986366,0.3932942387032621,0.42205368559486794,0.3933024575409632
2024-10-27,0.46289246743040063,0.3077070596738094,0.3217339030918101,0.307707716266077,0.38271726268656725,0.39758152976096667,0.38397871405628364
2024-10-28,0.46273105104299367,0.30592563161756375,0.32186467777944633,0.30301695442102633,0.37808171191305956,0.3882312626581321,0.37788502144171915
2024-10-29,0.46272046577864717,0.3169349017729767,0.32637784277132215,0.3148589460396651,0.3893591426640249,0.3980499237099515,0.3780254872964076
2024-10-30,0.4628870315689094,0.316702676532637,0.3347938826277697,0.34302332777235073,0.4214896082267399,0.42305293919590453,0.3899361384607596
2024-10-31,0.4626953667933234,0.31680061762193856,0.33505420751542264,0.3331966976472681,0.40751366138728234,0.40553075828379503,0.38208722560441555
2024-11-01,0.46270937071017487,0.3286088211901707,0.3356623162886792,0.34263406361053683,0.4202879577576155,0.4507839337245764,0.41041832886190366
2024-11-02,0.46253905720519695,0.33287920401755017,0.33187645258168536,0.3346650939490802,0.40909839015813837,0.4399596492216809,0.40331810212903735
2024-11-03,0.4623424190977742,0.3319235078780354,0.32562840234727897,0.3246499287072408,0.39609926650346683,0.41373218384933086,0.39266153171364687
2024-11-04,0.46216074033162985,0.28702494561087594,0.32618344803613103,0.3162594203068125,0.38690563428620683,0.40409726116124917,0.3860623615109873
2024-11-05,0.46200948517143486,0.28790970406058636,0.3201939979909892,0.3111012302985162,0.3830525559927649,0.40956764613525704,0.38575136353183864
2024-11-06,0.4619251080854105,0.29736932099000885,0.30995476788775533,0.31441498112925237,0.3870440963305153,0.40919724194309415,0.3830322138838381
2024-11-07,0.4636122389927185,0.4331366615304429,0.35669623901865455,0.4656819059079209,0.5672707621836269,0.5062521190193456,0.4669186934846813
2024-11-08,0.46341472520146537,0.43189839840232447,0.35641492598353575,0.45170205183885836,0.5343013790566749,0.46339703146694655,0.44776342725525625
2024-11-09,0.4632292761510749,0.4313386706663502,0.34935072488380253,0.43916926621503094,0.5061868311123112,0.4348240314518392,0.43150938887288187
2024-11-10,0.46303172745552773,0.4312715937260181,0.34915988678393767,0.4259554336826883,0.4803452553768992,0.405132917419083,0.41670737201772884
2024-11-11,0.4633541184169154,0.4416069367047898,0.3594325034186757,0.4534052271632522,0.5088898108745029,0.43964414293247756,0.4296304615137551
2024-11-12,0.4655399862232666,0.5490873750779727,0.4098847247114069,0.5926859146851289,0.6805329134998368,0.5473375770691987,0.5211125011132228
2024-11-13,0.46536118244405683,0.545740786173581,0.4046698759956492,0.575559314892206,0.6367003197811255,0.5122914537607901,0.4982985255420554
2024-11-14,0.46535566788658833,0.5469758531893281,0.40607282016359886,0.5699948679175381,0.6112164157742399,0.500395899948446,0.4838247525064617
2024-11-15,0.465486904682999,0.5622709425208858,0.41383681117296395,0.5708585837468987,0.6010884964653846,0.5438004525378082,0.5085112522703632
2024-11-16,0.46571047688714395,0.5708151538568307,0.41767543278379243,0.5790014621217805,0.5991952176018709,0.5427598018525132,0.5023694522995298
2024-11-17,0.4655218637752384,0.5759400578075706,0.41426469331418336,0.5617808925347187,0.5634627380066627,0.502389792507301,0.48033446613335756
2024-11-18,0.4653416365884014,0.5789400169046709,0.4141681458473646,0.5455256239325328,0.5325969496117515,0.4754253940900187,0.46212662707330304
2024-11-19,0.4651541495741072,0.5702633388880725,0.4131018543835023,0.5297657229121768,0.500473671474893,0.4487792415477299,0.45139354012903127
2024-11-20,0.4650386331150855,0.5673856423615239,0.41399039770033186,0.5194188762760853,0.48293711685229496,0.43851761878122414,0.43827738231810837
2024-11-21,0.4649387643705131,0.5454918087480509,0.4150497098086028,0.5105587333328511,0.46964067297936796,0.432650736531099,0.42796780853838756
2024-11-22,0.46516898429873016,0.5455956581955528,0.4219208710599192,0.5239315933428371,0.4928348848019275,0.46022889547186707,0.4381029075786134
2024-11-23,0.4649752490826214,0.5423257335810547,0.4211364565785174,0.5083430841131397,0.46840290695118486,0.42790494651362176,0.42243452225285616
2024-11-24,0.4648193199557894,0.5453997506578185,0.42283641801532956,0.4951824245655383,0.4518197009749898,0.425957395792012,0.4157066702785103
2024-11-25,0.4646229188877457,0.535910360403437,0.4196611097867467,0.48018931997729963,0.43269555027506024,0.39680150266453956,0.4030061545144405
2024-11-26,0.4650261949833106,0.5890999055361739,0.4328052844131576,0.5046921496828435,0.4843991955428171,0.5021074689425846,0.4867473262326966
2024-11-27,0.46486831849323057,0.5247080974295245,0.43437445161975474,0.491535978128353,0.4652780516377204,0.48428507227379464,0.4702227860803382
2024-11-28,0.4650801042040646,0.5366673159714856,0.4409149601088233,0.5053490454769097,0.48758876831670184,0.499331982540468,0.4717869554749145
2024-11-29,0.4648879774627715,0.5393793766009973,0.4408558303467884,0.4901151386519691,0.46408307972330887,0.46248956960286824,0.45204288556949695
2024-11-30,0.464765013678445,0.5389287282744444,0.43281007312929554,0.4808413497323837,0.45112295925264045,0.4481515636394519,0.4383709321103386
2024-12-01,0.4645990283788848,0.5275743911600088,0.4233637842733056,0.467939772551811,0.4357887271391201,0.4376773122891748,0.4274046494766002
2024-12-02,0.4644165612621644,0.3984168183163207,0.4226963971167981,0.45491898387407315,0.42033092588076093,0.4144321265875722,0.41379093228201685
2024-12-03,0.46427658067810923,0.4017203267882051,0.4250986412798714,0.44466944147102383,0.41289454948645377,0.42039423550076893,0.4109121695728936
2024-12-04,0.46408150225686917,0.390527625437771,0.42435620189004003,0.43115875680457566,0.3993587321031158,0.39098076821980204,0.3988779206512681
2024-12-05,0.4640625696322119,0.3703277028026084,0.4262746542670279,0.43278030162563763,0.40958397145299635,0.4045834340633057,0.39960276568512565
2024-12-06,0.46398904040705835,0.35586334786220924,0.4306400773391949,0.4282438310318659,0.4122502702731445,0.43090716373134524,0.41043790695281723
2024-12-07,0.4640485109169648,0.3708305667057376,0.43266183507337297,0.43626619038161274,0.4292185817341698,0.4446516497114095,0.41393249950661115
2024-12-08,0.4638543871417158,0.3681924268013972,0.43250799405805956,0.42297577705235884,0.41334270360946984,0.41144328243826783,0.4015100977333682
2024-12-09,0.4636934177872883,0.3691075886017431,0.4270095958016591,0.41325944191979935,0.4036806098706603,0.3992225359127501,0.3929244481023056
2024-12-10,0.463838413245509,0.39553081554776265,0.4366484938013934,0.4264700982775088,0.4335690645779305,0.4661067195010916,0.4400889299740867
2024-12-11,0.4636622195751511,0.3908988979561886,0.4340345749139139,0.41458117362846847,0.41929934633968935,0.4465487218893949,0.4271200711814748
2024-12-12,0.46393773090215046,0.3944042975097457,0.441213496731392,0.44078343619849736,0.4588875015001754,0.47311688520771067,0.43924313548463284
2024-12-13,0.46377811512667,0.3967406613883555,0.44213222441782013,0.42955663468457994,0.442798617443304,0.45975875845618736,0.4290173580296562
2024-12-14,0.46362367392448495,0.3962365152694011,0.43331133492649476,0.42009274035187627,0.4291764609578074,0.4397305511407893,0.41686000139686763
2024-12-15,0.46343144931277747,0.3963765381405674,0.43335815127383276,0.40730844872918587,0.41335182387289376,0.4100627873239331,0.40434638732229866
2024-12-16,0.4634132904748268,0.3557656162689708,0.43560726045363024,0.41053682909782846,0.4207880007007225,0.4192474664605186,0.4039120290331161
2024-12-17,0.4632749784702606,0.35110228815101424,0.4354034605035541,0.403228116877582,0.412494186441383,0.41014979548705405,0.3963662341781802
2024-12-18,0.4630825492517661,0.32488373551878796,0.43536782882677394,0.39096531199026097,0.3990164994874612,0.3826831371494261,0.38663608085437845
2024-12-19,0.463663803426741,0.39345631833199946,0.455132727732228,0.44000826620403444,0.4797478626521097,0.5117350951038023,0.49992163025735425
2024-12-20,0.46363024600664543,0.40046027894825514,0.459864429602101,0.4379714259456566,0.4745529529253878,0.5233581862563401,0.49888040812523926
2024-12-21,0.4634387882844247,0.398510052534085,0.45570671833949566,0.4247605535673552,0.4521447447270696,0.4763228654756195,0.4753592152481034
2024-12-22,0.4632563329188045,0.3980579408140979,0.45617390035597183,0.4123623413604045,0.4341070870274473,0.44960488010529265,0.456290433829673
2024-12-23,0.4631818929769374,0.40245286916559014,0.457989770220462,0.40869026655352547,0.43208037316878883,0.465741247759197,0.45654576120901447
2024-12-24,0.4629970331724391,0.4026930551285416,0.4566640387643202,0.39660953093373363,0.4166318937241768,0.43883829685322534,0.43955229051788275
2024-12-25,0.46318576119776295,0.41799048043601733,0.4587677879344719,0.4179807527844766,0.44732030505282666,0.46079402857210916,0.44474508764688364
2024-12-26,0.46300088747114665,0.4099609050239718,0.4587608614307314,0.4059905608743256,0.42933824719302105,0.430571965559994,0.4285720555223038
2024-12-27,0.46310582141868833,0.4108096016098649,0.46661519273474455,0.4168483110611998,0.44937367431828684,0.484531295841298,0.46139669765617164
2024-12-28,0.46298789634761683,0.41425481416280874,0.4664995705251912,0.40953375305439427,0.43951151652452436,0.4821756380385204,0.45412085866829416
2024-12-29,0.46281801775442627,0.41307386592907336,0.460967058516735,0.3991952493932183,0.424298950342708,0.4532168030647795,0.43746537978432093
2024-12-30,0.46270156875901125,0.39628221150319903,0.46273245304511423,0.392748672779439,0.4187016875952233,0.45763019131154614,0.4341321047654694
2024-12-31,0.4625359637308876,0.39667380004538294,0.45825269967837623,0.38256547069864294,0.4077531424443832,0.44308409617284933,0.42292194986941906
2025-01-01,0.4623586352442202,0.3560784917795758,0.4571642042378143,0.3723752007576631,0.39695371072433966,0.42010178700242756,0.41068942244023143
2025-01-02,0.46218960848368323,0.3584262533506398,0.45697060456630567,0.3633773242710956,0.3887045834795049,0.40380440373866755,0.40058299858828855
2025-01-03,0.4621412318548972,0.3682543178025411,0.45800504575510403,0.3666653608687991,0.3963238231606213,0.41008580632029223,0.3988810071326247
2025-01-04,0.4619818870892729,0.37190889810073674,0.45634112282335954,0.3588543771307977,0.3893003116019472,0.398017930410972,0.39098148817079037
2025-01-05,0.4617928399161774,0.3546617208925901,0.45519645192507685,0.3479596746763394,0.37981160474382164,0.37418300261604154,0.3824398706474005
2025-01-06,0.4616040173686719,0.34759499470735217,0.4199849775448985,0.3373738160069793,0.37174719742609064,0.353652562166784,0.37511526101931997
2025-01-07,0.46172464053544227,0.3779101814302421,0.42556420061158323,0.35936564790629016,0.4031065042886437,0.3853660274460934,0.3876812780570066
2025-01-08,0.46212773057048806,0.36487038217478146,0.44058553207594486,0.39995175170218616,0.45981245382053293,0.4859838413505658,0.471427526128284
2025-01-09,0.46203174313896456,0.3601191745303445,0.4432526231447799,0.39502848121282264,0.45094372041666403,0.4883838651375266,0.4656889265834753
2025-01-10,0.46201665940365694,0.37123725814105,0.4379530856899973,0.39705129174980874,0.45234769696555976,0.5071988322598352,0.4723176207789101
2025-01-11,0.46194594382880444,0.38266515736567486,0.38855966727386615,0.3960840646913623,0.4465228922386044,0.49115632869148534,0.45897241809472966
2025-01-12,0.46175926573454334,0.374753071857276,0.38807119229116194,0.38405766903715405,0.4291808118304918,0.4545421241273166,0.4415904685890311
2025-01-13,0.46157225292538834,0.3744130204152036,0.3835561006224212,0.37237159298223843,0.4141301876620136,0.42345823682718436,0.42634691333337177
2025-01-14,0.46138484244736283,0.3400791251116755,0.37539112656637014,0.3610295042783445,0.40108606277630005,0.3955771207706332,0.4129956898349779
2025-01-15,0.46128936642043084,0.348982010371967,0.367380451499005,0.3597374588572499,0.40073977614971545,0.3971306770138776,0.4066428784904975
2025-01-16,0.46145864882813603,0.3552922437090482,0.3760486976773643,0.38369848998631484,0.43108426301250763,0.4247037599934668,0.4162659093214586
2025-01-17,0.46128752471393625,0.3498443009289629,0.3760013578815792,0.373132189571521,0.41765983797059014,0.41277637282248875,0.40687362828834417
2025-01-18,0.46157105368630275,0.3827426609817793,0.38707961255329376,0.4055987940745974,0.4565962419848549,0.4456315924302674,0.42283823805982795
2025-01-19,0.46138485079767455,0.37445617324769076,0.38545940672991685,0.3932477521301326,0.4377994602105388,0.4155141903033378,0.41002370846316805
2025-01-20,0.461436406980994,0.39435060181116777,0.3895671462634167,0.40079835033219957,0.4487112611490345,0.4608077522893115,0.4368086856887132
2025-01-21,0.4612645787791874,0.39444629604541115,0.3796597439252741,0.39022116226319487,0.431678936285254,0.4351002469676177,0.42240009612002843
2025-01-22,0.46142094756864693,0.41414176840887884,0.3881769967255949,0.40977054291561515,0.45344634518967886,0.4543281569306191,0.42861576606920027
2025-01-23,0.4613676915705058,0.41987451718808805,0.3905365232372586,0.40765045250761606,0.4500667049670046,0.4713912828707133,0.4354216444617594
2025-01-24,0.46118256589621626,0.4185611817217645,0.3905449382996817,0.3953996491744078,0.43229156452860046,0.43736083876622883,0.4211769183150798
2025-01-25,0.4610082825832828,0.41886611221016745,0.3757805288577783,0.38469920274473557,0.4180204084886832,0.4156499725611342,0.40936754335842046
2025-01-26,0.4608237421297066,0.41907330983155505,0.37467351128349774,0.3729999902733538,0.40468536962214513,0.3924343893066254,0.3986562150358052
2025-01-27,0.46073054961668547,0.40536079985814594,0.3674620174222509,0.36942610970018697,0.40462794158343324,0.4120836758414622,0.4043102017594494
2025-01-28,0.46055575589573355,0.35901218240421773,0.3676371387775724,0.358879471204227,0.3944280115206407,0.3991914282390429,0.3958437396025123
2025-01-29,0.4603865409052889,0.3516122165038441,0.3662199822179761,0.34913357910254345,0.3864304675343226,0.3918126604552617,0.38946580523894697
2025-01-30,0.4603115750964512,0.33911833578218686,0.36830667817596857,0.3505090536277018,0.39073636787018534,0.39672496880603025,0.3878562391976564
2025-01-31,0.46014447847099277,0.3328297708842848,0.3684277558177624,0.34202753520350315,0.38312563674248845,0.3840016521464044,0.38094782444018965
2025-02-01,0.4600793002353974,0.34630839845877903,0.3701954357943551,0.3427078937669178,0.39019738610808885,0.4115764074282041,0.39416021276105384
2025-02-02,0.459967155165521,0.35416271779437936,0.37212084506096144,0.33884049381700365,0.3901067369537076,0.4226458194892202,0.3973735677177491
2025-02-03,0.4599869017815557,0.37289593766725604,0.3727251112781962,0.34793800098315714,0.40635368434470653,0.4593971282979448,0.4209493195293357
2025-02-04,0.46010311504511703,0.388808964174264,0.37779975799053,0.36834857160955625,0.42897522093459234,0.470778145172911,0.4251889184339377
2025-02-05,0.4602006347026224,0.3828162811941785,0.37835740597959333,0.38196791534043073,0.4464425202784921,0.5100566638257931,0.4545583260700242
2025-02-06,0.46005891658273246,0.3844867920101201,0.3792613224404129,0.3736804787109465,0.4341061124885379,0.4937168876145149,0.44414423167859135
2025-02-07,0.4598759157845203,0.3393723568381721,0.37822950150301826,0.36229776255545637,0.418480983793879,0.4551967156601195,0.4288139890250643
2025-02-08,0.4596934066001925,0.33935438418619635,0.37026030750157674,0.35127022383937045,0.40504180447218685,0.42447981637717797,0.4154936752301084
2025-02-09,0.4595109905916786,0.32278117705508164,0.3698985048567132,0.34057429832322295,0.3934711112463703,0.39873479271067797,0.40389687776064337
2025-02-10,0.459328460711118,0.32017236476930644,0.3570997903518808,0.3301997985664152,0.38350245484046946,0.3759692772885435,0.39378896059777396
2025-02-11,0.4591625869364547,0.2815901332692017,0.35700919716277685,0.3223614781527121,0.37457573632908236,0.3629114253235109,0.38361834225143104
2025-02-12,0.45905357881246733,0.27679021333212894,0.35743912573695313,0.319736023348123,0.3769318758173602,0.38287930435496426,0.38841903456849236
2025-02-13,0.45897071197136385,0.29124466942590604,0.3605463009978372,0.32193054204311783,0.381349660256214,0.3881769371946523,0.38611196824017546
2025-02-14,0.45883079101655905,0.29021997844390146,0.35623629820995784,0.31612356255134744,0.37845736096384375,0.39380262078317996,0.3852452245842825
2025-02-15,0.4586636281611323,0.2937873458240383,0.35498890553016904,0.3085559759483144,0.3719573783851832,0.3802535006441423,0.37815882966044656
2025-02-16,0.4584821737862735,0.2878683103786553,0.35498120297803054,0.299169660816369,0.36469983754482044,0.35857962455566533,0.371163788220181
2025-02-17,0.45835238983187954,0.2908252014519164,0.3362843366661799,0.2954121672297955,0.3658228223269116,0.37267922170802936,0.3743100936810912
2025-02-18,0.4581771048610562,0.2903770473162825,0.3323138772999429,0.2868727125261599,0.36038311038655085,0.36233987945923773,0.3689112366609875
2025-02-19,0.4579987939622399,0.2736304603677466,0.33229646459327455,0.2782953991206199,0.3552932734167678,0.35007016790982587,0.36369658660328924
2025-02-20,0.45784205753449203,0.27470579980030535,0.3329576476958963,0.2734802427296857,0.3536157097387945,0.3466804966829905,0.36029719979863983
2025-02-21,0.45772129687251983,0.2757445185093146,0.3316636185479633,0.27381379938788797,0.3570114551578562,0.3518044891376399,0.35977087471395575
2025-02-22,0.4576602317727079,0.280298655756424,0.33491472690348234,0.2794665553129607,0.3687478516548024,0.3855704647346177,0.37677015419057436
2025-02-23,0.4574831637551971,0.2617512252634218,0.3236186735595643,0.2715696698383166,0.36228038913555477,0.36783252103074754,0.37014720904738896
2025-02-24,0.45730698624445926,0.21872349450411482,0.323391686103514,0.26358059514377824,0.35707507718845066,0.3561387660417574,0.36496752658262327
2025-02-25,0.45769889317066287,0.2535324914372451,0.33177304371965605,0.3221328853473541,0.42540425096265105,0.4606427609959466,0.4521687770601103
2025-02-26,0.4577171625980144,0.2681262610704,0.33532341686271466,0.3325014653115344,0.43428952594010717,0.4891167632655744,0.46455717731282525
2025-02-27,0.4580850081920049,0.3120405625206162,0.348939777935448,0.3753878770470313,0.4794199885995898,0.5589503129193502,0.5209911771864223
2025-02-28,0.45790790662146597,0.313750097009333,0.3476606546645739,0.3643243958940532,0.4577427060669194,0.5088038503868308,0.49633165298838866
2025-03-01,0.45773351664230194,0.31313918961394344,0.34729554876034063,0.35355271290233803,0.43931281304368436,0.47354456192576305,0.4751393357566889
2025-03-02,0.45763039979078635,0.32601729634981363,0.34939256351318776,0.3512045017256215,0.4309263058822082,0.4588568709920632,0.4596057762252186
2025-03-03,0.4593738552405931,0.48341882255167284,0.4010773213406848,0.5038404389382469,0.6005342191314371,0.554274585480998,0.5364871309565853
2025-03-04,0.46084199424500916,0.5693922327438381,0.43532091103510184,0.5937972223234338,0.7339687427650715,0.7246634477013991,0.7212001640261437
2025-03-05,0.46069565750972297,0.5646448285158837,0.43544132508218325,0.5780741061804335,0.6765691085950526,0.6462390783953393,0.6718832856135767
2025-03-06,0.46082530291217794,0.5848864300059541,0.443291488583773,0.5806143099451997,0.6519192786746142,0.6202951626254009,0.640732269954519
2025-03-07,0.4606601273129277,0.583430191731841,0.443465045083476,0.5636422933753039,0.6038321744289833,0.5658122927345985,0.6007523353432127
2025-03-08,0.460767557269323,0.5943136813959911,0.4413490832465842,0.5639064845504803,0.5908695871717047,0.5875574630222345,0.6007414517153985
2025-03-09,0.460600772489137,0.5933643333929914,0.42991272792470236,0.5473628104153595,0.550888852891146,0.5391923469211574,0.5652441410951569
2025-03-10,0.4613288989358831,0.6299499015257409,0.4474435270649723,0.5869031756380831,0.6122129509095025,0.6411607311167734,0.6484584223149956
2025-03-11,0.46129870740570855,0.6327009738334979,0.44715539355227474,0.577712233513105,0.5838554984962631,0.6216720066100198,0.6242735845661874
2025-03-12,0.46174465234442547,0.669364620033876,0.4593800209666834,0.5997470792797258,0.6071328162359828,0.6243806931363489,0.6147383693768014
2025-03-13,0.4615846791006659,0.6663682504590284,0.4600590801503025,0.5828756363443915,0.5652800329890392,0.5650658427199422,0.5768551737336223
2025-03-14,0.4616303354870723,0.6699866433351819,0.4641710066363251,0.578422239680873,0.5529205393729557,0.5773525248014185,0.5731775760056402
2025-03-15,0.46170971428010193,0.6864761134282729,0.4706224912658002,0.5778227735617536,0.5450747049388887,0.5628926113148912,0.5530172430852576
2025-03-16,0.46153370952542794,0.6874368920096805,0.46838219731285974,0.5604876230877515,0.5101989695045609,0.5092232315497965,0.5216318304301412
2025-03-17,0.46145532708499554,0.6697139793191186,0.4612864306407899,0.5494606797251177,0.4929725597984967,0.5089405581221752,0.5092755017596716
2025-03-18,0.4613398089472428,0.6672942337939289,0.46317062973311895,0.5373590517330571,0.4730578730381598,0.4847973921639787,0.48692911545527096
2025-03-19,0.46122266854835237,0.6459033615205185,0.4522609317318477,0.5247565290680027,0.45706787116508757,0.47880453134865847,0.473716108673124
2025-03-20,0.46155322559029,0.6700357699767222,0.4653353788122571,0.5446500002634497,0.4992982577681534,0.5071541788308642,0.48409682071937365
2025-03-21,0.46158841210629037,0.6800444159135068,0.4651121756976519,0.541587079002541,0.4980288408769906,0.5309525632375105,0.49535589934326485
2025-03-22,0.46141172497489463,0.6763765738338361,0.46447012065797144,0.5251193800325595,0.4699492415834524,0.48342248692193873,0.4712326123901893
2025-03-23,0.4612364843949473,0.5739526342368648,0.45563060999368465,0.5092155013623518,0.4463229661407167,0.4476802491961491,0.4504875525868142
2025-03-24,0.4611970960330369,0.4958887714792127,0.45778684407678616,0.5043446975298409,0.44444299875943577,0.4478284320349341,0.4413617372754635
2025-03-25,0.4610728805271544,0.4971921040920612,0.45938937732658663,0.4933176437944156,0.4319738632546528,0.4333491027804249,0.4272717216260698
2025-03-26,0.46089609010505056,0.47608639655488244,0.4588702769338723,0.47829072969065806,0.41464309129715726,0.4032166163148919,0.4125449666728922
2025-03-27,0.46073075363005245,0.47596525332337314,0.4589277152892691,0.4644138201984333,0.4018645188935792,0.3919688523408914,0.4020493083621788
2025-03-28,0.4605551553968703,0.45829437557808034,0.4577469867991713,0.45043550552159395,0.389428116222483,0.370525493160926,0.390957929346342
2025-03-29,0.46061080331380666,0.47259442064985896,0.46183791584192424,0.454515581095411,0.4136471778800875,0.4274876629145301,0.4245013868514176
2025-03-30,0.46053282799228357,0.4164748009922014,0.4632295003253629,0.4480384483013372,0.4137462721791207,0.4440129622422724,0.42777080766425485
2025-03-31,0.46036002414995664,0.4044593940143911,0.4599559776901211,0.43456588932237417,0.399870127638478,0.41795836489838056,0.4135676097090727
2025-04-01,0.46018465647937595,0.35390139702383805,0.4592891409043691,0.42144890469223795,0.3877091198195369,0.39111808634791934,0.4007666801768882
2025-04-02,0.46020834144887857,0.3699350522596668,0.46321109266479005,0.4268443971266315,0.40608152239819884,0.40920489673830773,0.40390662546191575
2025-04-03,0.460251659190918,0.3696857351930793,0.46606579779412927,0.4315950191873142,0.42471953350271335,0.45552482789252036,0.4323432409485211
2025-04-04,0.46008527447759917,0.3474499340730927,0.46320644988527115,0.4194569289718579,0.4095813315279007,0.427999516418648,0.4174379996325909
2025-04-05,0.45992346753123275,0.34861744563401065,0.45617114079802445,0.40815381487355235,0.3975239881043085,0.40756642375646857,0.40496215406136
2025-04-06,0.4597533062516061,0.34028719359566,0.45125805092230686,0.39603201065317106,0.3866054068115866,0.39011756571516826,0.39437502275951153
2025-04-07,0.46043710232625906,0.4024280668944577,0.4678917205414075,0.4561987540294128,0.4929309475177398,0.5297568506277183,0.5259534789214076
2025-04-08,0.4602931858669236,0.40341209051530846,0.4690284634218328,0.44520333387575084,0.46984912486689623,0.49460245291441823,0.4998794058958379
2025-04-09,0.46042184768160727,0.37257046546725636,0.4743045926805713,0.4554806598884181,0.48551733968871835,0.5362742589875066,0.5214070517116265
2025-04-10,0.46163606275487007,0.4762495064904653,0.5060635698072008,0.5461121116573504,0.6093910144381669,0.5981772637315746,0.5684840982367039
2025-04-11,0.4617373450958363,0.49237047562551656,0.5106960282758183,0.5473695334198236,0.5952631056747253,0.6113079118831309,0.5733054492168499
2025-04-12,0.46201180049848184,0.5230015877868273,0.5203769679671152,0.5618604433065512,0.5990691673963167,0.6039682508271031,0.5629458470530625
2025-04-13,0.4619340998078028,0.5205625263876859,0.5217968612536323,0.5517668972890919,0.5674713973016396,0.5651417600276984,0.5357985638945036
2025-04-14,0.4618389877304697,0.5207157498670927,0.5206129465236101,0.5399217454969925,0.5395372308053598,0.5478475278548209,0.5186588468910447
2025-04-15,0.46168245712374406,0.5224399954596478,0.5207202799047012,0.5249874141027969,0.5055164693390187,0.5032109703345553,0.49110049379172976
2025-04-16,0.46153379233654934,0.5231294061112118,0.5205166937369352,0.5105769242464696,0.4790999133674527,0.48052374838226575,0.47141555059773155
2025-04-17,0.461361994058374,0.5232829351475802,0.5206517802245246,0.495313048710374,0.4535612359781701,0.44389985626368816,0.45019381308840906
2025-04-18,0.4612060529449489,0.5114618622138457,0.5205875058018641,0.48187699333293993,0.4343091843972664,0.4221002603362861,0.4330063602392285
2025-04-19,0.46103979573586734,0.5056852391840222,0.5206150284901957,0.46764135870276496,0.41724967960739345,0.40449651934941916,0.41861517518828517
2025-04-20,0.4608744577425344,0.5057360222360866,0.5209245712155423,0.45427168584375294,0.4029855663356542,0.38629224507603327,0.4054658058051601
2025-04-21,0.46070094220633295,0.5057402438701704,0.5202672955702039,0.44046190994514123,0.3901395043804906,0.36367289835884525,0.393739202158154
2025-04-22,0.4606737650039314,0.5026697149025446,0.5222280644456931,0.44025372177700656,0.40201422368520384,0.38079618872336235,0.39454641589127615
2025-04-23,0.46141663643572395,0.5375010187196914,0.5391077630786681,0.5014433586442444,0.5133391825697825,0.45590672130296933,0.4475986259039043
2025-04-24,0.46124394467950863,0.5376828063995416,0.5390512949417748,0.48628519016656213,0.4821740794791508,0.4221255481722336,0.42964406059473786
2025-04-25,0.4610713457106827,0.5377816426100327,0.5390341509012484,0.4715803217591421,0.455923739420276,0.394632085423187,0.4143058967509644
2025-04-26,0.46090937027814993,0.5364326482108301,0.5288294889084801,0.45834294588740015,0.43534268322709546,0.3795761969712436,0.4020164813255117
2025-04-27,0.4607371912696124,0.4696325006691541,0.5250257442023778,0.4443902364365806,0.41693871149839995,0.3599609570014209,0.39094148266004775
2025-04-28,0.4605866193229636,0.47443933992814813,0.5147005138190388,0.4324083216949151,0.4052110699160802,0.36338690325935774,0.3860322666786857
2025-04-29,0.46044426468677657,0.4418733134246578,0.515160868070179,0.4222973127369269,0.3964280996492449,0.36037611492263066,0.37963977922425196
2025-04-30,0.46028597339258054,0.3566642452748681,0.5153862290494156,0.41041697872801725,0.3871977176239129,0.3588192054534382,0.3749431872367334
2025-05-01,0.46011457073414114,0.3211476407094817,0.5141588100369984,0.39792685289372687,0.3773900105439816,0.34291642521216825,0.36818542591814335
2025-05-02,0.4600538584019947,0.29330083115968175,0.4783163860091157,0.39716545749535154,0.38699191222105533,0.35920264398056234,0.3711440810845531
2025-05-03,0.45988448918541114,0.2879469330861479,0.4420702268391664,0.3854339825219789,0.37738638024795296,0.34526475205082613,0.3650603942318191
2025-05-04,0.45973983616034714,0.27966312894496703,0.4422307984441255,0.37591904170614177,0.37401541065195837,0.353865529982414,0.3656725600157248
2025-05-05,0.4596302003464528,0.29131526613919034,0.436961597885495,0.3700262605982209,0.37724898534765405,0.3751655216906915,0.3736964788042344
2025-05-06,0.45946175739184475,0.28521717325207696,0.43667155547929837,0.35919575949379146,0.3687287685913829,0.35737819505320073,0.3657614168496436
2025-05-07,0.45937854980489196,0.290170731049872,0.43171812290841216,0.3583141112288007,0.37677150417625577,0.36641807903210183,0.3667664575191248
2025-05-08,0.45920815591884245,0.2904370684244429,0.43131305110510293,0.34752108184471997,0.3685862683521316,0.3483047630434051,0.3610331269038044
2025-05-09,0.45984649703301494,0.35003746990733325,0.4266452897544787,0.41885279349788823,0.48360719158549953,0.4224832891950243,0.41406034551248044
2025-05-10,0.45967844333930585,0.3529277152814705,0.4222796518647131,0.40622073088955607,0.4561758843102408,0.3992544185784361,0.4013665302962925
2025-05-11,0.4595583699958153,0.35224073185055704,0.4099087333576576,0.3991991822893846,0.4401482121196436,0.3939148758193703,0.3936251405492113
2025-05-12,0.45939698211502955,0.35076836906547737,0.41019624210519473,0.38765771592482173,0.4214112823721725,0.3826657215251586,0.3854289515046453
2025-05-13,0.45926343785877605,0.28121155042843493,0.4048988808941361,0.37894011861498605,0.4107006401558558,0.38908648387365985,0.38443917977617176
2025-05-14,0.4591236489445172,0.2825770380353181,0.40000379185211526,0.3709627084885091,0.400472206466992,0.3809452758290476,0.3780173402304553
2025-05-15,0.45896393075811837,0.28539345293606666,0.4005215856483706,0.3604306611759426,0.38945563588603643,0.3730011052414721,0.3726253294786987
2025-05-16,0.4587944849245654,0.2853181607227452,0.3972406430464042,0.34953547560772286,0.3787294976059351,0.3532491389199405,0.3659144124026663
2025-05-17,0.4586274633292011,0.28581007792724494,0.3963802112489363,0.3390223388081336,0.370637781894231,0.34209996194955744,0.36084446990043284
2025-05-18,0.4584612490866705,0.28246746381348636,0.3944617318746072,0.3288852662783683,0.3643102886830294,0.3337783400699506,0.3567684124499389
2025-05-19,0.45848117588738224,0.29676232939454666,0.3870113454489805,0.3416417362609389,0.39048139267507403,0.3610606514226956,0.36721928767509115
2025-05-20,0.4583282789980497,0.29711299491615467,0.3810412497803464,0.33265164052328805,0.38249673943868867,0.3608851587546601,0.3649714085416635
2025-05-21,0.4581805824823093,0.2966017917734195,0.381140736338575,0.3254552741956326,0.37652143673004174,0.3552056250131461,0.3611300304318007
2025-05-22,0.45814885031417746,0.2989687486556173,0.383693508344582,0.3325900483375456,0.391083386458379,0.3720802688426817,0.3668219864432983
2025-05-23,0.4580398519727334,0.3016164378554674,0.38205732803717957,0.33012545395351617,0.38965897394792354,0.3736921868923271,0.3656112821406129
2025-05-24,0.4581999313304386,0.3390724438156775,0.39159485105757763,0.35462894606667344,0.43229673458827156,0.45068755800323734,0.4277624069391358
2025-05-25,0.4580344100333905,0.32879996280988405,0.3915102126243767,0.34430917287506135,0.4138018341771935,0.42003644548131186,0.4126593760170672
2025-05-26,0.4578886756395317,0.32907717154138966,0.3912292186692494,0.3368241131490959,0.40177442910188166,0.4039607220228884,0.4011905380199647
2025-05-27,0.4577222476188006,0.3247767706505872,0.39122546291869137,0.3268822970106678,0.38767813529871537,0.3798206825092084,0.3889593079779161
2025-05-28,0.4575598109479086,0.32662457839717485,0.38418619639235296,0.31731958262641585,0.37851980510654165,0.3684347215891521,0.38103075190582114
2025-05-29,0.4574211698839207,0.24943686148019228,0.3819269172179698,0.31057939527848516,0.3751917530263167,0.3741367051959382,0.3792995561106818
2025-05-30,0.4573431932038998,0.2613582630532968,0.3849692667414668,0.31103921489473524,0.38267258618658884,0.3998564691303756,0.39030044491998084
2025-05-31,0.4572312145964123,0.26136023380114853,0.38713346753340006,0.30756911919207813,0.3829495710667841,0.41033324818560096,0.39241982550389
2025-06-01,0.45706953689851837,0.2614605730599737,0.3828710011201408,0.29915646794319917,0.37436423705157384,0.38980922417963554,0.3831787743131555
2025-06-02,0.4569178912786823,0.25886365921587,0.3759273745258314,0.29248043857792977,0.36893260229763036,0.3771192312182399,0.37599321148224646
2025-06-03,0.45675149808216425,0.2551822110423172,0.3758993423754976,0.2836959981895031,0.3622929626701043,0.3575892964504762,0.3689262136647519
2025-06-04,0.4565905452940753,0.25460472431945586,0.37617887124217875,0.27554743093429257,0.3580598528249525,0.35030492578573386,0.364201775357372
2025-06-05,0.45643598376291333,0.2560136718627776,0.37645692618560456,0.2683993752059099,0.35582577264485915,0.34949797485285183,0.3616185833623157
2025-06-06,0.45646444434513445,0.27827591442033245,0.3566876652534199,0.28538762213317204,0.38534193443284004,0.40493883422219373,0.39771446050270465
2025-06-07,0.456441832337927,0.2958490978827319,0.35942340092891717,0.29692899853977023,0.3975907592467811,0.4118720918490144,0.3965778090724338
2025-06-08,0.4562990966614387,0.27620340195186277,0.3486982105828008,0.29147878967883734,0.38895065041379984,0.39776251052365486,0.3878681436411455
2025-06-09,0.45613347472923926,0.2747768294318163,0.3096750819109438,0.2826751674838866,0.37854064866632975,0.37415770251203967,0.3789791378542136
2025-06-10,0.4563135755760682,0.3114338555588905,0.3079931000382771,0.32011367035117355,0.42267245258826547,0.4063747046567149,0.39437744569666433
2025-06-11,0.4561484677853575,0.2968296049925232,0.2955942212839148,0.3103644399870971,0.4063359741887081,0.3824792279514938,0.38459861420046765
2025-06-12,0.45602985067530943,0.29339700079560455,0.2957867765415124,0.305965115648796,0.400515179495551,0.3931734573615639,0.38600665093042513
2025-06-13,0.4560039840401643,0.27290453436522316,0.2982720813640323,0.312619430773868,0.41039899138084257,0.4279650347448756,0.40573143822089847
2025-06-14,0.45583903030258566,0.27233720901055386,0.2980407187754902,0.3031540527262171,0.3961139896386166,0.39887245076589933,0.39419083666813054
2025-06-15,0.4556835217982259,0.26897759938851673,0.29726060450475067,0.2947918515496427,0.3861210614179365,0.38796429422045214,0.38634219967279126
2025-06-16,0.45551887804943236,0.268417734768997,0.29733566362707364,0.2858263760391745,0.3762506393658378,0.36495986545155895,0.3776859694919639
2025-06-17,0.455377676089255,0.2724139338707363,0.29749087136614233,0.28088714571166373,0.3673873837684282,0.3561650865322689,0.36788532824157866
2025-06-18,0.4553061400046888,0.2791819349699679,0.30115746308857405,0.28382138154447906,0.37572409996759887,0.38514312310243176,0.38088852886667923
2025-06-19,0.4551425605759106,0.27053454693694085,0.30107558220222425,0.27537494683654923,0.3670322962948556,0.3645948369654256,0.37248617123956446
2025-06-20,0.4549802358075615,0.2645466486473239,0.301254530172981,0.26708787294442565,0.3601503182003034,0.3505854701781555,0.3656449804446132
2025-06-21,0.4548561517141754,0.2678790943788654,0.2989869466293253,0.26393770175778886,0.36116387279704565,0.36335210007648455,0.368040180420423
2025-06-22,0.4547173215163413,0.2671361621117622,0.2679507353967795,0.25894352004184223,0.35943774238243914,0.36739564234995914,0.3668774341132323
2025-06-23,0.4545895474159043,0.2694897634884948,0.26948252385735094,0.2556596143108159,0.35992179826051257,0.3757272345805629,0.3682394785182491
2025-06-24,0.454820203422581,0.317949374074111,0.28421546509819534,0.30444045906146744,0.41386383112216696,0.41106751213510284,0.38877579583244276
2025-06-25,0.4546592755987618,0.31719057254247424,0.2839687203324704,0.29566851737916294,0.39912688238194133,0.3882313052040761,0.37936394749557906
2025-06-26,0.4545220546330668,0.297475811416695,0.2846945684549536,0.29069204044868785,0.39016699826129186,0.37879950525325107,0.37292495036230805
2025-06-27,0.45436357519198906,0.28335510674221565,0.28393508978973203,0.2822108349330512,0.37984726141255226,0.3663616973467096,0.3666269533924867
2025-06-28,0.4542008165321079,0.28069579485276364,0.28306498568159605,0.2736533887916904,0.3704092414662883,0.34707377241834714,0.36026934261549143
2025-06-29,0.4540385278809393,0.2807245033631616,0.2823771451137216,0.26545901886707696,0.3625951489959733,0.3320270072514712,0.35487786993896814
2025-06-30,0.45389167790937013,0.23693031011201432,0.2827181909760121,0.26021005958639243,0.3584636577174685,0.328532514542489,0.3514132848252787
2025-07-01,0.4537606215159558,0.23997492118067715,0.28045720500448196,0.25623924500151113,0.35834386142108865,0.34130030844985765,0.3543767589822045
2025-07-02,0.4536397030204153,0.23939875283214568,0.28215204947418215,0.25384924373571377,0.35997810739887726,0.35625556926808455,0.3590423095493284
2025-07-03,0.45364350091174643,0.2459589678912327,0.2868609637093491,0.27220608689821557,0.38017126908151033,0.37432125958883916,0.36575159687940173
2025-07-04,0.45348939389365195,0.2468100863819017,0.2843587504825031,0.265412837436194,0.3717512631214807,0.36095398577232246,0.36006764021639054
2025-07-05,0.4533767173441786,0.252388923653471,0.28654642382832846,0.26361331628369433,0.37213117878745927,0.37555616650206247,0.3654284522756761
2025-07-06,0.4532153633719118,0.2523857004000004,0.2836991074858443,0.25568077354334995,0.3640062648482666,0.35553170197924644,0.359255946564383
2025-07-07,0.4530675016814186,0.25115079829207176,0.28408554101087796,0.25048625344234987,0.3592952035861751,0.3476149830443217,0.35496810583093213
2025-07-08,0.4529243515140787,0.24071478075735606,0.2539137328130659,0.24511224864305955,0.35022865525502844,0.3458850110930734,0.3485710633915555
2025-07-09,0.45276832232396125,0.2411559021715647,0.25401496764905446,0.2387898184978333,0.3453835830685022,0.33476598231153326,0.3442799303507445
2025-07-10,0.4526930432958935,0.25055874555633045,0.25555478591977576,0.24656038649327752,0.3542666209143217,0.34506616589662764,0.34676200312863287
2025-07-11,0.45286172174148254,0.27761102132396015,0.2683859243709201,0.28921370633387156,0.39813252313967085,0.3803669405896927,0.36680616873455485
2025-07-12,0.4527301860894906,0.2719365946012161,0.2676622091462955,0.28505460880803785,0.3893691222402975,0.3725906000855273,0.36167949044988484
2025-07-13,0.45257033355426396,0.26382682786612066,0.26677453506632065,0.2763839392594467,0.3779663524840577,0.35414029986270756,0.3552909070672866
2025-07-14,0.4524446967222325,0.2250219301752911,0.26736842103140296,0.2736831346725656,0.37322778372692117,0.35192891650668273,0.35226623165063226
2025-07-15,0.45228968188602775,0.22493097948270013,0.2674723785312144,0.2664240668318339,0.3648020631081742,0.3400783100716132,0.34746236434051136
2025-07-16,0.4521961042396524,0.23841747454629236,0.27036979175607007,0.2669162457478831,0.36806104572608495,0.36326954214949886,0.3578329387996852
2025-07-17,0.45204623456777016,0.2365356009142962,0.2704131967847848,0.26072387916450634,0.36115981560268445,0.3520926415541932,0.35259000897603293
2025-07-18,0.45188911307504737,0.23605145987685047,0.26360005434384715,0.2534251613437623,0.3542297934609845,0.33839336602311537,0.34754340569919856
2025-07-19,0.45175724139801476,0.24287609941529245,0.26413204319372824,0.24925842689642347,0.3529483629235946,0.346997342033915,0.349314190539425
2025-07-20,0.45159841625753216,0.2428434970880282,0.26347479902700743,0.24167399845417958,0.34711388436447305,0.33213186563319913,0.34466707852250067
2025-07-21,0.45144749548824886,0.23847106048566094,0.2585429082151175,0.2352574076440513,0.34365755639084494,0.32988067245722086,0.3424883397498395
2025-07-22,0.4512885106903097,0.22925853479863534,0.2561210630872666,0.2281368889954142,0.33918660063947714,0.3153323602605056,0.3387169059077217
2025-07-23,0.4512139686530562,0.21931009982546504,0.24548904213764322,0.23682298520469533,0.34921760357197745,0.3285809820980302,0.34207740014342425
2025-07-24,0.4510807972645589,0.22568065309053773,0.24671018291377653,0.23310041267823453,0.34844060746704253,0.3377106850504662,0.3442633572884878
2025-07-25,0.4509259230846912,0.21649297947359422,0.24606045083427025,0.22635413399143514,0.3439345735643055,0.32997909392406777,0.34108677354737266
2025-07-26,0.45077783661157256,0.2197292288282346,0.24651362455536865,0.22077237999738802,0.34137640633691696,0.32971494304507326,0.3399287894758386
2025-07-27,0.4506201441184104,0.2189918125098351,0.24627011112234443,0.21429425242019426,0.33732225604594857,0.3169445273968469,0.3365715132642321
2025-07-28,0.45048885311844156,0.21591844658295206,0.24596740619510346,0.21357860156124928,0.33820751950664146,0.3184050768927932,0.33578347229810246
2025-07-29,0.4503683709561227,0.22484587962434505,0.24364335589169223,0.21293237596977568,0.33179100691785085,0.3276795509841533,0.33347673264653177
2025-07-30,0.4502108737728001,0.2151305451844932,0.24094155680629356,0.20644561226927927,0.32766051209016656,0.31390173412121203,0.32975024868594127
2025-07-31,0.45005396574127804,0.15872865255454854,0.2408755226373313,0.20017891951880903,0.3242407783943891,0.30356279812353526,0.32665092711787425
2025-08-01,0.44996454838734995,0.16446021312986076,0.2436734161567652,0.205784015966716,0.3335798247602848,0.3320444193352299,0.34004765046763025
2025-08-02,0.44990277086929414,0.1796378099445095,0.24806874960125075,0.2156703195071394,0.3459325995167587,0.3642404581846339,0.3572122025002726
2025-08-03,0.4497582132878587,0.17008247786777977,0.24839377349224312,0.21086397781233368,0.3420515586157131,0.35985400252696176,0.35313656363659784
2025-08-04,0.44963964442502985,0.17894864544157166,0.2494367209939352,0.2126248217461393,0.3423131067355951,0.3566278368865319,0.3496131948435747
2025-08-05,0.44949098874615534,0.17300634067228743,0.24077998476609566,0.20818850640379646,0.3377376529800365,0.34476173538629773,0.3442497522710448
2025-08-06,0.44935055002317836,0.17106571699696435,0.23570043791487963,0.20428027851639025,0.3357376037990986,0.3456208393617683,0.3428354402976845
2025-08-07,0.44920295555111317,0.17300309620026805,0.2351105435441746,0.20034664199085206,0.33225000842440294,0.33569746813274476,0.33844889785319426
2025-08-08,0.44912815265706163,0.18792017441604827,0.23863371855508855,0.21141412252199898,0.34117183688924546,0.34409149639374653,0.3404413935979102
2025-08-09,0.4489841789577875,0.18943600441687405,0.22367434773082676,0.2067111640648449,0.33793312503180145,0.34244538891480397,0.3386357504874237
2025-08-10,0.4488295106630267,0.1885958532759596,0.2237232307011248,0.2005121836170278,0.33315537953167507,0.32990782800775054,0.33449043324384437
2025-08-11,0.44877725803265545,0.2075226949809394,0.22633349076415443,0.21579340374670372,0.3455240475892446,0.3425096995256675,0.33886776922264056
2025-08-12,0.44862821929350916,0.19296854983397904,0.2196730888473271,0.21005801506611074,0.3406465569315577,0.33670305438907705,0.33597521378191975
2025-08-13,0.44849661950089303,0.19419889023474413,0.22065088788398474,0.20905854746857705,0.3388572570093845,0.3333568027893091,0.3337554499356438
2025-08-14,0.44846613392594736,0.21378160611884622,0.22548555020395605,0.22718236760391236,0.35360751254176653,0.34839469752285535,0.33997701838530636
2025-08-15,0.4486453188706614,0.2608201035768003,0.24217543651314327,0.2705680880284539,0.3987990189755684,0.4260591969902087,0.4066750236737744
2025-08-16,0.44850635001798317,0.2624050801003515,0.24218341225884357,0.26421941170499624,0.3880848081552296,0.4143217840195696,0.39686942310751533
2025-08-17,0.44835124914237745,0.2580491760633793,0.23771626896402154,0.2561887430896386,0.37609530859781987,0.38613098511464833,0.38490632281186793
2025-08-18,0.4481966556184654,0.25408649682918305,0.23776174336084355,0.24838743437081745,0.36578212238897345,0.36453249303184554,0.37449483432227904
2025-08-19,0.4480664437068629,0.25662422178226896,0.2389535969518643,0.2440794902677597,0.35435863262203116,0.3620079375920314,0.3652865160554003
2025-08-20,0.4480916635895803,0.2763020100121481,0.24556303680713024,0.2628588895234621,0.3745086833517161,0.40687394278758077,0.3936935045180254
2025-08-21,0.44796407953397743,0.2746369271359041,0.24537333095744548,0.2596614108661553,0.3676422320101012,0.3938308015788731,0.38375306743335386
2025-08-22,0.44786733946306106,0.2703480062793071,0.24645187128764393,0.2595493044333168,0.3671101716278126,0.40378099808547596,0.38484525627177846
2025-08-23,0.44800204909707547,0.30355865738037163,0.2423072854126322,0.2950749397211878,0.3985098678008223,0.42474404138965255,0.3948284870937339
2025-08-24,0.447885010059285,0.3038967517396502,0.24408593026287057,0.2904045927999565,0.3907492172464117,0.4226055444696992,0.39032166820387243
2025-08-25,0.44779101615887384,0.3087350167954576,0.24579594277507363,0.28886707011485524,0.3873659638346399,0.4287822837089986,0.39097517559041006
2025-08-26,0.44781560346706967,0.3245075525605186,0.25342649574842757,0.30247995652655724,0.40144642227834376,0.46203993796017595,0.41427743889700874
2025-08-27,0.44770106446323915,0.3284263929796847,0.25519315670320103,0.29919266637809255,0.3928927134486669,0.4433438876801799,0.4028048762876857
2025-08-28,0.4475547863811849,0.3174576309078703,0.25547425267495244,0.2907800283938104,0.38138648743687426,0.42264597397391906,0.39143391426070095
2025-08-29,0.4474242326454907,0.32103586657983657,0.25581912016746255,0.28568933803997293,0.3730861887384462,0.40613507694008905,0.3814735784471467
2025-08-30,0.44754541888222893,0.34439091382002884,0.26599855902789354,0.31164327924968493,0.4033607692617006,0.4605212347941899,0.4245489647206913
2025-08-31,0.44739352368046886,0.33012941561937764,0.264526823599826,0.3024851126378998,0.38954082355674496,0.4285255762816886,0.40936301405668607
2025-09-01,0.44724784564702535,0.33014039167471965,0.2576243381532843,0.29398014304413067,0.3784535716993639,0.41023666352743815,0.39726982367517066
2025-09-02,0.4471084553831753,0.3284387813567565,0.25791464727904556,0.2873422724951832,0.3691862756847502,0.39260620279324043,0.3859557254138149
2025-09-03,0.44701046319968185,0.31903433096393374,0.2585747026504225,0.2871037653662559,0.3670975132485037,0.38782445992835146,0.3789840365700199
2025-09-04,0.44686042705961654,0.29158393244920117,0.25869945174900993,0.2789566917479251,0.3576918349088966,0.3679870511403306,0.36899526763892065
2025-09-05,0.44672687491161756,0.29180149670816374,0.2588070029875545,0.2726870303483157,0.3524317791019011,0.3663380328245529,0.36415131805549145
2025-09-06,0.4465750009625995,0.29161279654534,0.2581538042508213,0.264392184217332,0.3446532456585528,0.34796395438827127,0.3558548323625948
2025-09-07,0.44642725574134573,0.29147913197711234,0.2580443836192395,0.25677509083876093,0.33860576136536197,0.3386058213836401,0.34948021950834074
2025-09-08,0.44628621724307793,0.2929338052869605,0.2547386688679117,0.25116513512811234,0.3340329681989456,0.33026171678435723,0.3437026134985807
2025-09-09,0.4461441108411941,0.27627699488080526,0.2400767218454592,0.24555715923842528,0.3271110939299299,0.32012047308680397,0.3358297952223122
2025-09-10,0.44599882208667624,0.27234258808365475,0.2385361696923087,0.23881499596507186,0.3232210832277481,0.31602173587633064,0.3320052616446114
2025-09-11,0.4459299326288418,0.2776117697487355,0.24295291598732255,0.24649055024375527,0.3319285131467174,0.3274128442632719,0.33428694682053295
2025-09-12,0.44580902206231915,0.24252812210811972,0.24277807137119736,0.24478021091069582,0.330938486559586,0.3267476690407926,0.3317614758438779
2025-09-13,0.44566095496564034,0.23874552537996038,0.24266982104463636,0.23816427002470872,0.3257457783691988,0.31560233959191536,0.3271871976345522
2025-09-14,0.4455107768404325,0.2302988203854709,0.24011876320442266,0.23096425260637377,0.3209975173734554,0.3048465717166393,0.3231604337060645
2025-09-15,0.44536593016686754,0.20172244811094892,0.23966255232050962,0.2246669293772185,0.3178443064035693,0.30246072958231435,0.3209054743351598
2025-09-16,0.4452151237386081,0.19602063511526407,0.23944062893148516,0.21782627932006415,0.31390025969154806,0.2900944705774555,0.31745033556467495
2025-09-17,0.44508803004482445,0.19759484306334157,0.23981054178191546,0.21637847180595157,0.3142836609399397,0.2924532581724098,0.3165608047571501
2025-09-18,0.4449408356865991,0.19537486911556418,0.23989600149299517,0.2101569441429906,0.31148330291923393,0.2885790722228785,0.3144941507321725
2025-09-19,0.4447946833184339,0.13230025415395186,0.2399286990651316,0.20497414460374896,0.30896220814350517,0.2830835840301877,0.31223251790560064
2025-09-20,0.4446786089199109,0.14437989721936784,0.24126762103020463,0.20446294805054516,0.31260050463960176,0.30015406712358556,0.31830965244237724
2025-09-21,0.4445285531937478,0.14143488842445773,0.23691672438015446,0.19823730512034682,0.3093388388105578,0.28815118986730615,0.31519175112547054
2025-09-22,0.4443825855507881,0.14164838043197248,0.23612179326149457,0.19270551289019344,0.30732238104149373,0.2856235497081528,0.3134683540387052
2025-09-23,0.44433539374324715,0.1555940569084879,0.24025465183358413,0.20578185795404141,0.32338797606784025,0.3250571688772554,0.33550197044330465
2025-09-24,0.44419637840053383,0.1568901096953368,0.2402872838185246,0.20111244622968147,0.32076576378028865,0.3238109969854409,0.33272165679642157
2025-09-25,0.4440688836053267,0.15810692233650317,0.24154618316889995,0.20025106676234006,0.31992963599820634,0.3212489991907077,0.32966502173692086
2025-09-26,0.44420586580912524,0.210194856909298,0.2516417201814394,0.24342015600710337,0.363302275898913,0.3934233721965879,0.38722769211681035
2025-09-27,0.444061491841015,0.2111410431226722,0.25096877933410966,0.2371876430457317,0.3544143410561089,0.3740902349241771,0.3762012029085961
2025-09-28,0.44391254650539036,0.2086254133119234,0.25096463502645805,0.2299645567711639,0.3460093653187206,0.3533205928560882,0.3661198278380176
2025-09-29,0.4438498476796006,0.22204516012220993,0.2554818498346491,0.23916038421062114,0.351769996876897,0.3600383366027697,0.36402948182008854
2025-09-30,0.44377211987205606,0.23231839276392993,0.25658501097923764,0.24496056824883117,0.3476064827691835,0.35932018678967803,0.3557102576876841
2025-10-01,0.44362631818996895,0.21981412683667143,0.2529170255113677,0.23778622647239428,0.3397002586127737,0.3452497168680229,0.34774646121960134
2025-10-02,0.4437712085969154,0.25845153566900997,0.26538729239918923,0.2786886546582636,0.37688332271621744,0.3779397295074254,0.3656715223188508
2025-10-03,0.44367195586507246,0.2641508636822997,0.26589593504005155,0.2782867786879577,0.37226773904002586,0.3741716263124823,0.3601345497833035
2025-10-04,0.4435513356947458,0.26666793277783096,0.2667310451505391,0.2746014528335173,0.3650732572066945,0.3658051696773248,0.35340624981642715
2025-10-05,0.443402979834068,0.2652869298688796,0.2660355581290579,0.26628394201741973,0.3546593590181604,0.3437553056501963,0.3449995922127266
2025-10-06,0.4432664838468949,0.26584398061937203,0.2661616291794618,0.2604745339308294,0.3470730428360864,0.3342311124074035,0.3386269539786899
2025-10-07,0.44313377246730706,0.26505313422796284,0.26348497932278536,0.2555342957274142,0.34092538928322297,0.3274642704595075,0.33335680082165603
2025-10-08,0.4431293373239876,0.28486918790426735,0.26902709710259015,0.26826695589254335,0.35683384396654566,0.37021264224891154,0.35993258466536576
2025-10-09,0.4430222026381359,0.28863991348096724,0.27068973192810936,0.2671388418060238,0.35342002502108044,0.36568198193642487,0.3543563227552126
2025-10-10,0.44291381871285396,0.28935942204910464,0.26797198466941163,0.26416711172013735,0.3508746748921377,0.3725958918183913,0.35464570624934655
2025-10-11,0.4437147119427185,0.3873553759082704,0.30407581134740325,0.3730898322609651,0.4727754931255948,0.5228831328160453,0.5180671400677043
2025-10-12,0.44366037787929696,0.39405677289954927,0.30579227942442955,0.3710468184609607,0.4635201603473725,0.5213421037849095,0.5078310005684962
2025-10-13,0.443791263529734,0.41176899302527525,0.3118821625771733,0.3909532596069012,0.4762778655308873,0.5235166357369888,0.5013538119533046
2025-10-14,0.44364370414687954,0.41072326755537597,0.30085297935890654,0.37905868217240907,0.454904611118689,0.47709077985643594,0.4779171200898287
2025-10-15,0.44356918999410355,0.41508643945470924,0.3028010447922524,0.3746147374923987,0.4451399415514947,0.4778388950936223,0.46913394613657755
2025-10-16,0.4435100207728405,0.39841857892648114,0.3056035854336637,0.37196952485246054,0.43849287250910807,0.48270064057820133,0.46402043623336336
2025-10-17,0.4434750495655098,0.40720176338022335,0.3091041588152871,0.37198042450233465,0.4358219029322247,0.4928006328879894,0.46369847433924616
2025-10-18,0.4433812972740982,0.4108986055593899,0.3100274632627987,0.36589791204733996,0.4256925622027427,0.4850130699310085,0.4532935749134342
2025-10-19,0.44324098004073936,0.4028178554873794,0.3048287720481207,0.35575294208303293,0.40985998374150134,0.45200073509028665,0.4348756070309188
2025-10-20,0.44312484284187514,0.39863406131844137,0.3050049775832292,0.3490039522885921,0.3988281296846893,0.4326472804543805,0.4200647266010873
2025-10-21,0.44303093316687064,0.40484331360580633,0.3055259327997724,0.3452921336532466,0.3926193304165497,0.4211340674162529,0.4087231095978586
2025-10-22,0.44296001029729754,0.3780953665808848,0.2964890559545575,0.34291090856810436,0.39086828327291306,0.4318505275481227,0.40930119830766226
2025-10-23,0.4428262648548452,0.3696675314392529,0.2957644098181488,0.3336631542725076,0.38013609568078,0.4159866106062113,0.3977019451233415
2025-10-24,0.4427642301768474,0.37694338052112436,0.29766254102055023,0.3347291213439985,0.38034336945793606,0.41300876433705996,0.39135872513867886
2025-10-25,0.44262953210120815,0.37951019892322824,0.2919700438028584,0.32631457954368653,0.37021395949243363,0.3936516295238651,0.38003119778713507
2025-10-26,0.44248735498476854,0.37809256844400124,0.29051876734189,0.3170889557955258,0.3601173078882511,0.3731009909288671,0.3693313681153455
2025-10-27,0.4424531654110137,0.3897790507001594,0.29483596760762354,0.32285176287539985,0.367145228175259,0.38091266972915166,0.36881254350491544
2025-10-28,0.44231049563452807,0.3806374451151447,0.2939935357616242,0.313246134675133,0.35746270190457824,0.36413926189148,0.3597257724235385
2025-10-29,0.44218824485874847,0.37499154603927703,0.284555506578805,0.3062785208223173,0.3521853235481387,0.36450273883058265,0.3561487409292862
2025-10-30,0.44217579781485966,0.3815071637729342,0.28962362721330903,0.31328933801762343,0.3648192213705905,0.39915382961302254,0.37642484601157084
2025-10-31,0.4420835608231458,0.2986448838598849,0.2913210835663737,0.3099728262587521,0.3633571405040828,0.4064395783419279,0.37701993769067965
2025-11-01,0.4419593846914174,0.29331189467467667,0.2916488418009385,0.30386543731093896,0.3565247139344187,0.3915253818785446,0.3680687420031629
2025-11-02,0.44181681783741167,0.2541470467567875,0.2894855198995662,0.29515936927628716,0.34774596061923874,0.3702542049641253,0.3585888493775617
2025-11-03,0.4416752753363867,0.2552996732777295,0.2895243483070094,0.2868892632836961,0.34007606449660105,0.35275118836132147,0.35025620784080524
2025-11-04,0.4417994537439291,0.27845862632234514,0.29878074298792395,0.31313029762256434,0.375553457922466,0.41665024082674273,0.3991898171977269
2025-11-05,0.44207506720615414,0.31336707062939284,0.31333877066832505,0.35340387749276697,0.4242603773244069,0.4921042384370726,0.46345665512886414
2025-11-06,0.44201863991057466,0.3183746356599868,0.31707695568163446,0.35377885588566227,0.4194255670143368,0.47759128846705035,0.44990664390797835
2025-11-07,0.4419984939769113,0.32522213853233917,0.32027461743615937,0.3564419485138334,0.42104464814758186,0.4915468374230561,0.4538024206315369
2025-11-08,0.4419252037318185,0.33375033340447247,0.3228151277020794,0.3546096675314067,0.41439641803161364,0.47435733770265015,0.44013249344674404
2025-11-09,0.441805179367381,0.33008310753838055,0.3233066878265425,0.3462443281595414,0.40289544248524173,0.458466453986595,0.42745544679958053
2025-11-10,0.4417588272430717,0.33581408863032014,0.3239688325079998,0.34825162594067927,0.40205788486798266,0.4509538495857419,0.4186491264549699
2025-11-11,0.44163832576533474,0.3336744297942167,0.32370309107091116,0.34095556526117865,0.39059405745333936,0.428871223704587,0.40415400433591875
2025-11-12,0.4416529847545388,0.347039866352302,0.32811710768621893,0.3483969594819209,0.40092168957666396,0.45837357167069903,0.42109642094062993
2025-11-13,0.4415446808231977,0.3369072582467837,0.3289123966326727,0.34151872758870455,0.3924236170562013,0.449724313872833,0.4124505808655905
2025-11-14,0.4414768386311635,0.33783141757761803,0.33079288761634035,0.33954329533183075,0.3908028985983708,0.4559616159825665,0.41261053197943215
2025-11-15,0.4418750941181142,0.37538816605713665,0.3468067985686097,0.38871287220888173,0.45150385039717267,0.539511037856702,0.4936054793771972
2025-11-16,0.4417552425943103,0.3625267739136074,0.34682268584476816,0.3798435842408549,0.4354971580861223,0.5039171157000853,0.472486652102312
2025-11-17,0.44165448039180394,0.3624019539015543,0.34758830799405094,0.3724810041794351,0.42419454796295725,0.4906006532983751,0.4593308388104153
2025-11-18,0.44160863312927157,0.3652505972730289,0.34918048777205435,0.3712354342251978,0.421604033641696,0.49584884886520436,0.45724514715146003
2025-11-19,0.44147848893876607,0.36630330409055595,0.3497201785716655,0.3617319962923621,0.4072910249720284,0.46398484185435535,0.438987239145762
2025-11-20,0.4413873648444376,0.3663187356652347,0.3505718035752028,0.35615643766204985,0.40050428383642306,0.46067617483129425,0.4313959174874649
2025-11-21,0.44177695422618474,0.3908746347941905,0.3647724135335792,0.40183405006599626,0.4580705638198752,0.542464693945156,0.5063402903302849
2025-11-22,0.44169751518627764,0.3867738552945668,0.36397309891799146,0.395686479585795,0.4470852522080194,0.5295636587210585,0.4929673145962042
2025-11-23,0.4415610362778719,0.3821781736276649,0.3639508196787223,0.3841644211350938,0.4296945241515412,0.49346592239512893,0.47152312507158023
2025-11-24,0.4415308392281984,0.3943502862903442,0.367624227405497,0.3854114457901222,0.427286460128785,0.48217617301971627,0.45866956164870076
2025-11-25,0.4414358484104075,0.38021731157741073,0.36332836570677784,0.37939340348128614,0.41683836033462174,0.46192431297132175,0.44270595796407897
2025-11-26,0.44131676121858443,0.36411289351010323,0.3630986025088601,0.37010345317581617,0.4049440215752315,0.447678053019254,0.4294662204785416
2025-11-27,0.44140757137998066,0.39117502600147513,0.37215593294052435,0.38568963586984845,0.4218182474984003,0.458265347812112,0.4304250462678327
2025-11-28,0.4412758884443637,0.3829381588584818,0.3692347014093129,0.37538876618028605,0.4071729915311151,0.43144982664942316,0.4147194299154034
2025-11-29,0.44113780509815737,0.3825930695861244,0.36598256376051097,0.364286873816446,0.39342100503977057,0.4088106947673318,0.4007354047543191
2025-11-30,0.4409960156646222,0.36716017516378907,0.36602654231146553,0.3532010286834127,0.3804448958500516,0.3830776135541046,0.3874281680055196
2025-12-01,0.44086020675793763,0.36035629235727357,0.35447102107703765,0.34300033590918605,0.36982215024787407,0.3697692385273149,0.37683390205121
2025-12-02,0.4411050257499907,0.37757200366651433,0.3612769895885901,0.3758770607918546,0.4151110660743804,0.4489738407363149,0.4408215809773048
2025-12-03,0.4415697327720392,0.4450570133078061,0.3823359579034948,0.42908955482133504,0.47428251102591484,0.4887944243013172,0.46579140498987803
2025-12-04,0.44152496202822566,0.4528772656427697,0.3865775989933532,0.42621905499903845,0.46513665053566366,0.47644334446917896,0.45298225109574364
2025-12-05,0.44142796078750496,0.4152186762315924,0.3862070091513329,0.41723402492267864,0.4513330550885026,0.468458965554304,0.4426170648718114
2025-12-06,0.4414589393197649,0.424404672937745,0.3884154521846167,0.4208861552897349,0.4546539003297462,0.49377688499005223,0.45563779534369864
2025-12-07,0.4413180412595541,0.4222904276182153,0.3859602752936753,0.4080951350593378,0.43631150014664316,0.45612648401534184,0.43726946255187144
2025-12-08,0.44120239201141587,0.41872355797544347,0.38533245707505087,0.398730138034569,0.42267841559507485,0.4353077504082892,0.4224354342599424
2025-12-09,0.44106154442613177,0.4173013386003537,0.3852179504673854,0.3867148344967233,0.4072442376672193,0.4055221369005462,0.4072257894834673
2025-12-10,0.44100740128935156,0.42133377063904137,0.3644441923955621,0.3851247658279359,0.40472482751656824,0.4049941958528288,0.4003086047708518
2025-12-11,0.4408780798471818,0.3722614440794097,0.3625835729886862,0.37445108227235807,0.3927495497799854,0.39285139000834823,0.3896823840684197
2025-12-12,0.44074074630586385,0.3638551986700389,0.3522261410770839,0.36363470257198505,0.3806416925834615,0.37265940604996106,0.37810405379892703
2025-12-13,0.44071438906940275,0.3765818927182901,0.3546715169951157,0.36492226314243603,0.3861743885212796,0.40165449495463873,0.3908542585898394
2025-12-14,0.4405736068034677,0.3675772895694914,0.35340760299316654,0.35380736053942385,0.3742870637467066,0.3750399366966728,0.3788589024614344
2025-12-15,0.44054086844065327,0.3741293168745341,0.3540506575756838,0.3550081539454237,0.379802557556417,0.4020694620742711,0.39022570551565827
2025-12-16,0.440478409943079,0.37914991718899266,0.3532755714327358,0.3527909804727386,0.38026972066181775,0.4168444044885839,0.39402773974590205
2025-12-17,0.44038292144377283,0.35974166452771816,0.35465071060639447,0.34799463182621293,0.37523164814639093,0.4068052940587749,0.38530965439734793
2025-12-18,0.4403164816195385,0.36330401958641795,0.3556204745774938,0.34568552740952546,0.3756892548269086,0.4196317649232423,0.3889888527693603
2025-12-19,0.4401899533952829,0.3637611732746671,0.35393880464476424,0.3365623211526731,0.36706815305237167,0.40662837394939,0.38003190900262174
2025-12-20,0.44021522693298676,0.38301575986617126,0.3583649289258844,0.34772889515475247,0.3809125338056674,0.41662796340784236,0.3828156071125727
2025-12-21,0.44007587741460996,0.38299257287964084,0.35710459602835215,0.3373028880583519,0.369608443816946,0.3898107691065961,0.37171846140769005
2025-12-22,0.43993698359187866,0.34563602743416255,0.35723128681630506,0.32725570644055385,0.35950956052522215,0.36741494516829654,0.36184796065276376
2025-12-23,0.43979814978605647,0.273047008889178,0.3534013965693171,0.31733882366966387,0.34943589043412293,0.34783051930556314,0.35181246704789976
2025-12-24,0.4396889786033002,0.25833366711006805,0.3529307981684723,0.3112833527672284,0.346332554017016,0.35422510970523113,0.3508072994227201
2025-12-25,0.43954986367369575,0.2552834094342359,0.3526343049133431,0.3019288496913313,0.33847837853331414,0.33553924778539534,0.3430080259228483
2025-12-26,0.43941517422986104,0.2340062281449245,0.34736412932167104,0.29320924438903756,0.3323425529759886,0.3272406982873674,0.3371963081138922
2025-12-27,0.43927592050512576,0.23409948025913382,0.34751034527722485,0.2842924505811324,0.32600607734069503,0.31038747146144796,0.33094912480343286
2025-12-28,0.43914126882197957,0.22996200898487268,0.34787366555510973,0.2765325854788766,0.3210378754531697,0.3018966841685242,0.3258695124974008
2025-12-29,0.4390023062472339,0.22959129942025824,0.3450093375175037,0.2681124378183132,0.31600404597665654,0.28853455138048956,0.32098844848947367
2025-12-30,0.43887724831059105,0.21199409553888174,0.34417418566447255,0.26177319188647136,0.31416486643532354,0.2941299535844566,0.3201490750922765
2025-12-31,0.43877435421039324,0.2204439508384948,0.34484695984428176,0.2602645685238825,0.3158706199835354,0.2994106563418099,0.3194879273731739
2026-01-01,0.4386584868657962,0.22068480815234492,0.34474162084735577,0.2555671592182954,0.3156641704084646,0.30888889411655224,0.321062150856735
2026-01-02,0.4385516035565625,0.2127503174432511,0.34615984533125743,0.25367244293569496,0.3164614366065266,0.3110978190544749,0.3198676944000126
2026-01-03,0.4384433224113033,0.21884863440423638,0.3407136062565998,0.2516207351763948,0.31690670625695955,0.31260749187024006,0.3186856738544875
2026-01-04,0.43831280400026396,0.2018090303556217,0.32871807317614365,0.24561070696944012,0.3135482477690819,0.30581637891061714,0.3154420043571682
2026-01-05,0.43818671301106665,0.18676296778160384,0.32556663861588647,0.24065435536520152,0.3113209520833186,0.30197021066393337,0.3130413636372586
2026-01-06,0.4381730640628378,0.20019156662813248,0.3272844437262492,0.25587135764291546,0.32835815256271605,0.32253451828605,0.3221464298270912
2026-01-07,0.43803625224037485,0.18257858726836726,0.3242021993982533,0.24815796407531798,0.3227060358858635,0.31056017561885635,0.31798343118911615
2026-01-08,0.43802685082202386,0.20780010451377817,0.327534487613551,0.2607200788143584,0.3395118381022701,0.3534794232871797,0.3449050478252911
2026-01-09,0.4378918843678671,0.18148222801908243,0.3231963161473404,0.25306044996745125,0.33290380007494547,0.3401933377843937,0.3383977976757329
2026-01-10,0.43776183219795206,0.1832760456069521,0.321884982106406,0.24633180668852206,0.3279029221474075,0.33400623273600283,0.3338085401523851
2026-01-11,0.4376252737223712,0.1833712703233145,0.31734000091694115,0.23888932317315487,0.3222636785653143,0.32001531736822636,0.3281789277442193
2026-01-12,0.43749099610596354,0.18359500286987088,0.316809148573461,0.23238685022424457,0.3175074611422301,0.30918693345959775,0.3232999282554729
2026-01-13,0.4373557159514438,0.17663491298612244,0.31486001111314044,0.22585020850708468,0.3055591797303155,0.2925508297077536,0.31179850944810394
2026-01-14,0.43757557256927204,0.23368494743635906,0.31019097946524105,0.2809654366712726,0.3613003970739519,0.34295659572967513,0.3447784378598184
2026-01-15,0.43748493801315713,0.23538792847108966,0.31109855609097214,0.28018804880421094,0.3580497761527692,0.3439454232202248,0.3412844413249426
2026-01-16,0.4373888403849683,0.24509723597459707,0.31106989322792167,0.2772211223552437,0.35488752800108786,0.35466299553469577,0.34331250630000504
2026-01-17,0.43725226567220865,0.24566734463234863,0.307507248576443,0.26877794405050076,0.34522835520052314,0.3343745423787594,0.33537311857878727
2026-01-18,0.4371206093803825,0.24729320942272937,0.30717571428914203,0.261164038372038,0.3374631213801058,0.325471200204186,0.3295298490049693
2026-01-19,0.4370314744915545,0.2534576643698421,0.3070528235688041,0.26020143164976034,0.33797392687856603,0.34157280931931805,0.3348500826460805
2026-01-20,0.43692249895941554,0.2554101855112018,0.2873951162103558,0.2562365132028632,0.33498036791865576,0.3467708286100785,0.3345891089404909
2026-01-21,0.4371772547547065,0.3051080841512864,0.30077544936661144,0.30576121904008,0.39032003608674964,0.4341667225113524,0.4135334255721425
2026-01-22,0.4370638914523538,0.30407565501819905,0.3013873452658533,0.3001397516378401,0.38029846231542364,0.4151073576758001,0.40003186788500583
2026-01-23,0.43692771892948756,0.3001175017826792,0.29706866725292985,0.29102005508966106,0.36803297808879226,0.38473384280546036,0.38595057742932465
2026-01-24,0.4367916858694666,0.2988533092616929,0.2951416804066609,0.2821601557531192,0.35699521963921604,0.3587009683274369,0.37333035579269436
2026-01-25,0.4366605606744396,0.29704228601695337,0.2944394876026446,0.2740970827619521,0.3479660740818172,0.3462707136844675,0.3631414447471145
2026-01-26,0.43667835108344044,0.2926553229305501,0.29067261987205634,0.2879091038508798,0.364521266231115,0.38958421375454383,0.3869258530273256
2026-01-27,0.43660612928184916,0.30427340330108305,0.2930309304109703,0.2893331903689779,0.3635046235873879,0.3873481801339665,0.37993210631946145
2026-01-28,0.43648406576303644,0.2945138138989512,0.2936211350865867,0.28292288014822264,0.35490450078653085,0.3720113829819286,0.36918173208835214
2026-01-29,0.43634857862761095,0.2944921928465722,0.29362702596858686,0.27432725041114014,0.34518476083804944,0.34788604044466787,0.3583346074381216
2026-01-30,0.43670859456287564,0.34565063110917,0.3120463945793867,0.3337174585345512,0.41312960166762225,0.4514236396133149,0.4501938944251695
2026-01-31,0.4365793459572384,0.3456502990299961,0.2983539601985857,0.32416294729695133,0.398736208451062,0.4265355028811294,0.43236107063183765
2026-02-01,0.43722687306654995,0.40799758617316406,0.3024338878748439,0.40444693616727,0.48868229082676573,0.5492258459540069,0.5484290040993244
2026-02-02,0.4371750285950049,0.4087799850792961,0.29980591036020293,0.4004938716301592,0.4771279620899479,0.5406261533781698,0.5336085449446378
2026-02-03,0.4371228232901287,0.37574829658717435,0.30321064461917074,0.397833254508745,0.46524546372677983,0.5168297133576369,0.5122004229388327
2026-02-04,0.43726593185704354,0.37637539558410493,0.30719352530120647,0.4142083012271222,0.4799441425807755,0.5531285399932114,0.5322103408665478
2026-02-05,0.437351729097617,0.3847590516098856,0.31407949562405785,0.423477181935024,0.48580444017650387,0.5731571349313996,0.5405110553953945
2026-02-06,0.44078657475299193,0.5922461710319222,0.42119256247721865,0.6858932734544919,0.7885729947503395,0.8719063259650135,0.9197827325049561
2026-02-07,0.4433843362787441,0.7852554936193694,0.499293363755974,0.8242631911070807,0.928101907509458,0.9156258260406668,0.9615645868414887
2026-02-08,0.4433087611376552,0.7853903269729868,0.4970950980587224,0.8022284944433914,0.8765597836398966,0.831320140819461,0.9069269768976709
2026-02-09,0.44320427570295795,0.7916424087081816,0.49850022742089733,0.7797426755874985,0.8266536292738481,0.7446405571060423,0.8520065528828447
2026-02-10,0.4430689792676647,0.7823758636663838,0.4981401664335082,0.7560305401512051,0.778423311113092,0.6637658952749627,0.8001691614800688
2026-02-11,0.44299949885307993,0.7783496791719972,0.49734400221684233,0.7366822935239514,0.7390676395972586,0.6306457246376085,0.7595624419008051
2026-02-12,0.44298899266334774,0.7783944842135481,0.49931891442271087,0.7214658756079082,0.7078204064811416,0.6184692160520752,0.7292406255915761
2026-02-13,0.4428783656181976,0.77676605458959,0.49796615101204134,0.7009139620157029,0.6707018311334001,0.5789073199086255,0.689955519069185
2026-02-14,0.44301086207117646,0.7993791851489533,0.5049440631170907,0.6969655517463217,0.6573872188866434,0.5707723932317251,0.6641840460927168
2026-02-15,0.44290245852166427,0.8013892105333156,0.5044422480222053,0.6776834104474548,0.6241676843437063,0.5312758857216998,0.6284321369579335
2026-02-16,0.44280406522533977,0.7940595857983814,0.5038380632395784,0.659302196914792,0.5950219121867014,0.5120611018501214,0.5994525164620016
2026-02-17,0.44266822036701575,0.7916629158513965,0.5038094018456206,0.6392247482092183,0.5643466565394546,0.4676625039463735,0.5676167448916494
2026-02-18,0.4426037964399736,0.7907021657243303,0.49986933893911006,0.6244172788132083,0.5440693296401984,0.4706967227854074,0.5494534908894028
2026-02-19,0.4425153426486841,0.7772469198972722,0.500259928144856,0.6085189597275357,0.5230456512480779,0.4653467973869815,0.5294380875973383
2026-02-20,0.442389406474751,0.7799226925774074,0.500666347223631,0.5908030151578425,0.49925560994749874,0.4370193055134337,0.5042513461214893
2026-02-21,0.44229345968790856,0.7564663533171574,0.502286866908929,0.576028325713487,0.4809799277806639,0.42249518599502867,0.4833904609546785
2026-02-22,0.44215825199479253,0.7546757039870222,0.5020479070906976,0.5584801904018241,0.4598539253970279,0.3927928909408348,0.46176810908847865
2026-02-23,0.44202871023531576,0.7477392754563362,0.5019021653673784,0.5418245687216076,0.4414230621980093,0.37749717593720966,0.44324208036176893
2026-02-24,0.4422551803161332,0.7515753547432726,0.508947212600064,0.5536576676751117,0.4511290847168655,0.4587832064714957,0.4821463253306095
2026-02-25,0.44213389672729425,0.7444392245633726,0.5088877899391596,0.5377617348866345,0.4308922553325848,0.43805734812522973,0.46041781270585447
2026-02-26,0.44262377061744895,0.5832293520627299,0.525774342098399,0.5720768555619188,0.5077775153528177,0.48546909500669655,0.48648794400659245
2026-02-27,0.4425000874803085,0.37082363918876954,0.5257587487859835,0.5554052322132954,0.4803126121541522,0.45791238130049794,0.46371014465705157
2026-02-28,0.442464421953155,0.3742957341587222,0.5272108292734372,0.5460569040499793,0.4703016863194056,0.473015367208892,0.4629758008528012
2026-03-01,0.442375821543944,0.37600402913266756,0.5275474150856655,0.5334894557444515,0.4522685634244673,0.45163676960844534,0.4440844666986611
2026-03-02,0.4423062446327468,0.3806230739117307,0.5282546081784895,0.522363274822922,0.44074454452949546,0.45686009198024513,0.43877369453694015
2026-03-03,0.44253203953225995,0.4131988016774493,0.5370499490598495,0.5373808049364506,0.47659017551971267,0.47907463795945837,0.448764027230441
2026-03-04,0.44240758649847306,0.4023504134952922,0.5358699176939589,0.5217228193539677,0.45260019155354914,0.4517045898814099,0.4301464695663288
2026-03-05,0.44298246017368187,0.4573951043909656,0.5536471018655119,0.5648972320570776,0.5354374500630428,0.5025501370373308,0.46936813791381865
2026-03-06,0.44296794912370235,0.45047941997211677,0.5549926183683227,0.5567381950964756,0.5206823186630478,0.5146864739712718,0.4722138663888736
2026-03-07,0.4430934417166507,0.4697307512357225,0.5556984250612268,0.5598207379522503,0.52808414671037,0.5556594001016831,0.5033308644231367
2026-03-08,0.44298953230926935,0.4692460227882728,0.5558974479028067,0.5450008497676768,0.501228217695113,0.5264844077414838,0.4826667602242907
2026-03-09,0.44292400998311143,0.4738259074065586,0.5550153887976473,0.5337369246347311,0.4836231180460558,0.5185617174750624,0.47274962289849226
2026-03-10,0.44301652077367004,0.48775453975175037,0.5615447993070798,0.5369745598573656,0.49112183352050753,0.515343906488659,0.4668952536767681
2026-03-11,0.4429632418457035,0.48895771388069587,0.5641348776999152,0.5277802397766671,0.47572474452983093,0.4930951333460527,0.45036209436359587
2026-03-12,0.4428311595611941,0.48862054909212,0.5643345117082638,0.511935318673179,0.4502423990973481,0.45132359868133815,0.4293455373939627
2026-03-13,0.44269935430965396,0.4863115261325632,0.5642876645392432,0.4965969962284836,0.42779604873006266,0.417225371777468,0.41079589628722346
2026-03-14,0.4425719895083796,0.4864864196272648,0.5644711953721739,0.4821804629918671,0.40878679925344075,0.39242306277504396,0.39486552575870204
2026-03-15,0.44243972317868235,0.4856513605116546,0.5554586338694323,0.46768613888465954,0.3913388774885866,0.3675471075262231,0.3804353223161193
2026-03-16,0.44238547481063456,0.45518828283786567,0.5564151700601889,0.4615244726452262,0.3905261708037181,0.37188997447118044,0.3754172286149966
2026-03-17,0.4423847700085328,0.45817556290982286,0.559978947470734,0.46094061051880614,0.40014223480094313,0.3832994849443687,0.3768091876491781
2026-03-18,0.4422813546165696,0.4191991050964361,0.5602466586831911,0.4495499560011449,0.3899369983991484,0.3861758578974681,0.3728621287279407
2026-03-19,0.4423813186574661,0.4419270677166745,0.564208983148744,0.4580357047628644,0.4184078487638461,0.44980634673604625,0.4205849379997272
2026-03-20,0.44231228119687305,0.43857198185605983,0.5645297690757043,0.45000017862457825,0.41196833547133316,0.4555127028466731,0.4188587600945908
2026-03-21,0.44219042449079193,0.4361664080516809,0.5649359808958939,0.43760763853098583,0.3961018145323466,0.4265111043387464,0.402652999108517
2026-03-22,0.4421760303097078,0.4413812346776598,0.5600317628041441,0.43586919825954434,0.4030833481954554,0.4539755924624763,0.41689480765937664
2026-03-23,0.44207308044283283,0.41271256362818404,0.5593738481270134,0.42542511400232513,0.3925345810423053,0.444403999931424,0.4074709916319095
2026-03-24,0.44228114943283114,0.44218018391411323,0.5683308906166878,0.44841886173806,0.4361109331799065,0.4667805791971855,0.4211072436349645
2026-03-25,0.4421550332320164,0.3760034919364535,0.5682984597701217,0.43530285554323334,0.41692557092408816,0.43881887592569047,0.4053789020201649
2026-03-26,0.44204159701603796,0.366903090683149,0.5690752181289105,0.4242954254647731,0.40179332954117336,0.4159946287394353,0.39151008280128036
2026-03-27,0.4421298243469902,0.36300950611285393,0.5705477197738363,0.43368323534020436,0.4258165399869772,0.4708386413440548,0.43213126064819285
2026-03-28,0.44222194852466135,0.3828890963136813,0.5723636264437603,0.4427478005173566,0.44570729197024905,0.5149625348201228,0.46467800067961873
2026-03-29,0.44208965767527825,0.3763022170779433,0.571724914696183,0.42926131529816874,0.4241005691641061,0.46645647531850604,0.4423589396568935
2026-03-30,0.4419636864991907,0.3512502482991526,0.5716275314922554,0.4167334617060229,0.40634055053678003,0.43833338309178543,0.4240633505845771
2026-03-31,0.4418505707078149,0.343354011302019,0.5638131969880967,0.4063647237206761,0.39253427984899497,0.41551151089477656,0.4079067505662639
2026-04-01,0.4418049326503559,0.3544250801580665,0.5663932455392912,0.4041114974258392,0.3927054365426068,0.4125056543322185,0.3996779794537666
2026-04-02,0.4416743624635216,0.35388355235868946,0.5511568277944064,0.39189987945050464,0.3778340125132389,0.3865899259975759,0.3851976253936745
2026-04-03,0.4415981992468913,0.35683125441140934,0.550688319563247,0.3859923358296534,0.3760385854085198,0.4009503318153148,0.38694385061196807
2026-04-04,0.44146643813931585,0.3563207273635849,0.5484392013334304,0.3742416217617969,0.3629152177286833,0.3710800816150078,0.37360993028072
2026-04-05,0.44133867038800567,0.3455449657572246,0.5432536983990195,0.36344103160833713,0.35211547261247156,0.35212112510705823,0.3622888847423865
2026-04-06,0.44130952443308896,0.341628443701138,0.5414467828648738,0.36567302237326904,0.36222237095781284,0.36286893477592014,0.36211709582788154
2026-04-07,0.44117905083277953,0.34013609751219287,0.4549266820749193,0.35459991783975015,0.3506196518203756,0.3430813697294307,0.3516060849755223
2026-04-08,0.44137854276729976,0.357266621470665,0.38650880549122935,0.38530967436351904,0.40323976278741075,0.38445723787643454,0.37539647035384555
2026-04-09,0.4412716880936038,0.3528922823286397,0.3853710600735954,0.37617472980940647,0.3915610699997368,0.38402274280498006,0.37012314433360055
2026-04-10,0.4411525513857891,0.3529915436754776,0.3847492267709372,0.36641293200947606,0.37849137538881067,0.36770290238526115,0.36002731645287545
2026-04-11,0.4410662108434381,0.3423165425807552,0.38613704627430345,0.3612610669402157,0.3732427994535118,0.36453441219870814,0.35453252376111966
2026-04-12,0.440935258485908,0.33733057157185536,0.3839089836659087,0.3502785329004925,0.36044790582203645,0.3409676515852473,0.34525051992454686
2026-04-13,0.44097951906472216,0.3222880472216183,0.3856794338477359,0.3610148237839035,0.38466625117494685,0.4005179066609314,0.3853875286218471
2026-04-14,0.44130849514781545,0.37142440719732217,0.39888758097076943,0.4056617156879217,0.44972844644939775,0.4428979039320893,0.4139094234351838
2026-04-15,0.44118146002124503,0.3708965853264157,0.39131539676167837,0.393621649453488,0.4284264705011546,0.41542502822232924,0.39828836114056504
2026-04-16,0.4410609138977998,0.34366084309496564,0.39082648601936365,0.3830271081463253,0.410427805204713,0.3929314628689495,0.3844947480347648
2026-04-17,0.44093300257652923,0.30938410381449194,0.38953574208352226,0.371796490740271,0.39338309009801814,0.36938152246837747,0.37168975630809764
2026-04-18,0.44091341286534863,0.31602882484332,0.39275087055221447,0.3746710821771133,0.39796227733199185,0.3789171546062557,0.37104851200194855
2026-04-19,0.4408429773972404,0.32611018005793607,0.39242198419220437,0.37005723584799716,0.3937370294213716,0.39603945771401167,0.37590594981240333
2026-04-20,0.4408212743438253,0.3445426607738047,0.3945758877626335,0.3714090420913967,0.39924800343753747,0.42651830182143957,0.3925493179014129
2026-04-21,0.44081088903674354,0.34770829745402604,0.3977830910215179,0.3754138917198414,0.40443420915995815,0.42726611521992974,0.38965965744765796
2026-04-22,0.4406861677297478,0.3464829564422517,0.39691383079494685,0.3648084953067262,0.3885885386779522,0.4000489061898091,0.37648147654743147
2026-04-23,0.4406497681992225,0.34061932467372924,0.3994292715794627,0.3660325830352283,0.39091095912598645,0.4013633613507463,0.3734989670303924
2026-04-24,0.440519844656002,0.34056048610409073,0.3991259777040473,0.35489686072198084,0.37588073333552474,0.37155491788677303,0.3618020195840989
2026-04-25,0.4404107196745551,0.34676058255375214,0.3875970229594218,0.3464514712633012,0.367173285301413,0.37102433586590516,0.3574143829971348
2026-04-26,0.44028131991146124,0.34062965501737374,0.38685163963073893,0.3359892741931141,0.3551914457439782,0.3476932284554913,0.3477886690066405
2026-04-27,0.44017928263205625,0.34023907413007426,0.3688010034526672,0.329938360061577,0.35012274284557576,0.3431905970098633,0.34228244103434896
2026-04-28,0.4400990112535457,0.31856108380479675,0.3703088776533239,0.3261905973227645,0.3510502595973886,0.361915568859373,0.348812789326746
2026-04-29,0.440001710261864,0.31974072338960235,0.3678536092682375,0.3203491725931156,0.3483812389362862,0.36982663732513366,0.3496894043149485
2026-04-30,0.4398837237643335,0.32149764629121186,0.3672364414139453,0.3119653138621689,0.3416213415957306,0.363182843467092,0.34445414026093285
2026-05-01,0.439761242336929,0.31769182483182334,0.3647031222196308,0.3036735686839579,0.33428963838180975,0.3475572640022624,0.3372161171403803
2026-05-02,0.4397281989371228,0.3271729752313232,0.3562864483548887,0.3095337624486556,0.3461700256947943,0.35754212714025374,0.3401224015959534
2026-05-03,0.43960419148819724,0.2997605284564802,0.3558234108480427,0.30104535422582857,0.33789474442123996,0.34172635223187553,0.3332888219469538
2026-05-04,0.43947614350740555,0.24275501121128099,0.3315323337833948,0.291933601961988,0.3301321790839828,0.325793425677445,0.32712929543784997
2026-05-05,0.43938898048009306,0.24598029673488095,0.3279876868532709,0.2901531194649681,0.33163285749964594,0.328290232812546,0.3259492142836157
2026-05-06,0.4392890328327792,0.2480438880714099,0.31779046918162523,0.2863634456046916,0.3302355767261617,0.3268870665152327,0.32357688023595627
2026-05-07,0.4391655373608088,0.24815263009302654,0.3161453932071777,0.2786791221607518,0.3241726810698965,0.31585539517888916,0.31900486136377365
2026-05-08,0.4390921299860456,0.24488010343504693,0.31556870068423604,0.2785400971213152,0.330774525495108,0.34206382948166575,0.33159821191149597
2026-05-09,0.43896418223004824,0.23308408655712612,0.30776998229527974,0.2701912610124519,0.3237549125377561,0.3237185456217559,0.32543710231712586
2026-05-10,0.4388406025286027,0.2089882547747267,0.30517037009664705,0.26298194809196995,0.31852153843497677,0.31286805887945107,0.3205638463624671
2026-05-11,0.438764294665845,0.19810859235061154,0.3068563198112145,0.2646932794320801,0.3241262354009354,0.31985662451764835,0.3214821950747749
2026-05-12,0.4386417361942282,0.20044683766674268,0.30725819058956505,0.2573648508011615,0.31942435438345357,0.31519567890978495,0.31841049416034417
2026-05-13,0.43855674246178095,0.19522459418143626,0.30931990245755525,0.2565228165574466,0.3241386863597292,0.3361793912756726,0.3274595699912449
2026-05-14,0.4384697247180499,0.20376183304004605,0.31130727067677905,0.25538122389077217,0.32760445720444564,0.35274220098899456,0.33433671042356927
2026-05-15,0.4384207523468996,0.21305207193750805,0.3113791740947724,0.26244752755526474,0.3372896629958743,0.3589086504089645,0.3359780694124014
2026-05-16,0.43839929194080096,0.23342735488241215,0.3110610051480892,0.27169848839443667,0.3524828387864887,0.395808983910552,0.36011063930176596
2026-05-17,0.438297871800479,0.2328104454911531,0.31092930296509114,0.26739838448820563,0.3483689016057574,0.39481922732556235,0.35766086046901263
2026-05-18,0.43818604005233386,0.2273954094206619,0.30184400771621595,0.2615964143465456,0.3425751695165411,0.38739540846945203,0.35258679718202857
2026-05-19,0.4380664568139007,0.22330036304552564,0.2993270395488702,0.25474727448322043,0.3312164269499085,0.3716401301705177,0.3415991054682498
2026-05-20,0.437941068728665,0.22164288527900014,0.29910631681914623,0.2472001100457306,0.32388757503528853,0.35321324843209057,0.3339729383102846
2026-05-21,0.43782615256246127,0.22261934544847103,0.2940254922857762,0.24233020800713537,0.31940566591773695,0.3415629780662124,0.3280467961677383
2026-05-22,0.4376991786403325,0.2042739669902132,0.292422103622538,0.23498338563508003,0.31309709340595565,0.32133900459252657,0.3215822297050169
2026-05-23,0.43769497987092587,0.22253166071702676,0.28435141021898463,0.2499646807287316,0.33601397429461377,0.3694920610686266,0.3528890339237446
2026-05-24,0.4376059075623411,0.23120908528922915,0.28552429266762397,0.24992013887857503,0.33513463285903555,0.36369036792560744,0.3471467427722498
2026-05-25,0.4374810653281402,0.22277980804018194,0.2848618186050488,0.24280871749521257,0.3270516168778365,0.3438343515264327,0.33843452799396573
2026-05-26,0.43735618505982327,0.2163334790428256,0.2743984965341019,0.2358951275246447,0.3200010899399668,0.3268254801038808,0.3308089620858529
2026-05-27,0.43729292267708675,0.22159877993313015,0.26656024435852393,0.24012817697490585,0.32851082977598306,0.35402392582236925,0.3431462287300703
2026-05-28,0.4372343708079198,0.22349106136957864,0.2702711589016502,0.2448880102299401,0.3366023826006389,0.3784126586539594,0.35466918738714115
2026-05-29,0.43713012134359785,0.2238266205379742,0.2711343503910885,0.24116085245134228,0.3332890977667934,0.37771906105379094,0.3513162431553774
2026-05-30,0.437005279145619,0.22075305467131745,0.2705803405096754,0.23397494443824393,0.3255787107565902,0.35742420873645836,0.34233306535277475
2026-05-31,0.4368826588090447,0.20721971907790754,0.2670003590586292,0.22775014025053372,0.31905890877037557,0.3400364050954647,0.3343923445037315
2026-06-01,0.43675817466231825,0.2074774168680367,0.26700676876498103,0.22100494623541853,0.3132789569090421,0.32584635275821366,0.327605898265156
2026-06-02,0.4367956349243725,0.22402409483369443,0.2723351730449005,0.24530773882412396,0.3450703958629154,0.3848142015447195,0.3690699793034454
2026-06-03,0.43737850498007536,0.3054870971652818,0.3040248274350459,0.34627506913771877,0.46520704757398745,0.5320351981568656,0.5204477740825684
2026-06-04,0.43752982215083397,0.30270981811335496,0.3148816052474123,0.37052524830075667,0.48616408588818855,0.57416278400043,0.5467281502204326
2026-06-05,0.43740642791956674,0.3000184576865154,0.31030067860993216,0.3594700224405946,0.46105638999821863,0.5219738062994129,0.51681020364895
2026-06-06,0.43762602854446564,0.3242796796831968,0.32314715308154457,0.39019344150746993,0.4931387570111173,0.5786338736183688,0.5564507778434437
2026-06-07,0.4375005968442928,0.32658791880472626,0.3082434966262497,0.37832301491041803,0.46689524474204314,0.5204690375900707,0.5251434869275396
2026-06-08,0.43761927471689016,0.3728540529002854,0.3191945801948197,0.39686866807630006,0.480274361412764,0.5184282532720152,0.5140864767755812
2026-06-09,0.43749504282899276,0.3729252938335322,0.3183985504204071,0.38488740160427476,0.4559328129154549,0.4738275222362814,0.4872155806625013
2026-06-10,0.4374605884872776,0.3689864498830434,0.3187985713837052,0.38366839156796506,0.44898029064232237,0.48470760365407933,0.4823616970300797
2026-06-11,0.4373373998060104,0.36744946608847806,0.31870980413915645,0.37218256654596144,0.42743551131742935,0.44820672419826774,0.45875980056523363
2026-06-12,0.4374009682374803,0.3964653727422885,0.3218420201209303,0.3847930770842275,0.43968150179443366,0.4536087274725603,0.4524084566638938
2026-06-13,0.4372758067523844,0.3876149536938953,0.3013099128813885,0.3730723289638654,0.41872020695979884,0.41627850031580077,0.43144241893406043
2026-06-14,0.43717966343280457,0.3935194160983006,0.30312806353236377,0.3656767885147949,0.4050163564475567,0.4004184473797376,0.41521646872726314
2026-06-15,0.43711695172354403,0.4043049259017357,0.30577834343986715,0.3629744142837648,0.3990908203129485,0.3952248345845042,0.4038679237285578
2026-06-16,0.43700316570993736,0.40617780943995346,0.3062830882465853,0.35358130290189227,0.38465708366663587,0.3765037821512916,0.38921857744266725
2026-06-17,0.43689809920623585,0.40354039222106836,0.3010468886717285,0.3451830204794528,0.37431385287311664,0.37483468399471176,0.38061770911085413
2026-06-18,0.43683022392507376,0.40549611165000915,0.30101607502203664,0.34192485606432665,0.3730094464681905,0.39181193260126385,0.3832036325866893
2026-06-19,0.43680179608387615,0.4097501278136373,0.3006883439400963,0.34400276253184786,0.37983924491388926,0.4197602125066901,0.3957574601416606
2026-06-20,0.4366926707404538,0.41217982772050077,0.29545657401171666,0.33589368494817307,0.36860751493832805,0.39878696691228616,0.38245078613185784
2026-06-21,0.4365861207707353,0.4169198547242663,0.2962252853697175,0.32845706129678753,0.35932434583677847,0.3822501469633467,0.37097518942884616
2026-06-22,0.43650462758268865,0.40861421939672804,0.2919727765685417,0.32417678127988325,0.35739709546281523,0.3920359249747415,0.37124858566332336
2026-06-23,0.43639932180036106,0.3474359843638397,0.293399604933384,0.31735741221309494,0.3498282480977252,0.37698833164278317,0.3612507719341703
2026-06-24,0.43634503928224244,0.32440019966162703,0.29508144857291857,0.31744066750230643,0.35518281314120115,0.3986939992287331,0.37057377992730767
2026-06-25,0.4363427080448905,0.337109152815104,0.29869376184804025,0.32480279916304255,0.37042374032069786,0.43317148432475855,0.39222021389727413
2026-06-26,0.43629383683220796,0.3055098836724279,0.2984901731324143,0.3252041262360715,0.3735451223908623,0.44670801365467355,0.39793163795084036
2026-06-27,0.4361730798270079,0.3061909237701957,0.29802793476734857,0.3158806178630025,0.3607918500548556,0.41456917583346276,0.383215311896841
2026-06-28,0.43604974396125773,0.26831501414246595,0.29747462069220243,0.3062975499285949,0.34930509498201456,0.3859520662629226,0.37007272723166457
2026-06-29,0.43593476831542743,0.26873850932608145,0.29744019676239575,0.29814227010585,0.3412989378315717,0.37441535848408797,0.36090287526651915
2026-06-30,0.4358264395850565,0.261379285403246,0.2980105614148053,0.2917574429316604,0.3334950675632369,0.3582617273896753,0.3494291860037727
2026-07-01,0.43582038659635736,0.2762316432229986,0.29555209784338216,0.3007414148311173,0.35185456389032316,0.399130189560663,0.37405348998484106
2026-07-02,0.4357925861286409,0.26090394120835675,0.30083448020875764,0.3069593523304171,0.36058667525408084,0.4005560246471509,0.37134739897218294
2026-07-03,0.4357648379977907,0.2784986459567627,0.30661747184853305,0.31271123881224244,0.3678311235018788,0.4017540918262117,0.36904669079344943
2026-07-04,0.4356871002026814,0.2812293204974404,0.306848347022244,0.3104924455058033,0.36398070082306744,0.3926648985162727,0.36187248830445456
2026-07-05,0.43557476090266367,0.2725799351539171,0.30577747286779206,0.3029282683058591,0.3537232484578419,0.3739036594308337,0.3519435144735049
2026-07-06,0.4354590613159267,0.2718367470699343,0.3059416275743192,0.2950626544821271,0.3441138071241597,0.356382686975163,0.34290253282901256
2026-07-07,0.43534291611071546,0.2717147403339147,0.30544608645329596,0.287379200915396,0.3356663263441435,0.3413405770640995,0.3349704272275402
2026-07-08,0.4352414132899613,0.26696735455489085,0.30557530862003773,0.28183043219720244,0.3322164413225161,0.3462207697589976,0.33402639611078955
2026-07-09,0.43516562316969537,0.2599128833408717,0.305981466723391,0.2806118892491823,0.33521397405029835,0.36388389112402164,0.3411258237078507
2026-07-10,0.43507717952175345,0.26304217677429653,0.30503539184881256,0.27826772197342153,0.3338863971311532,0.3582136040081087,0.33653784666206904
2026-07-11,0.4349876188103495,0.2654977635763154,0.30749120933575597,0.27584392577099964,0.3325075647702411,0.3531348958656249,0.33245800491086663
2026-07-12,0.4348702225638882,0.25983842252193307,0.30657650050780183,0.2681661986938125,0.32562776691262213,0.34235100658953455,0.3267557079389473
2026-07-13,0.43474802384665073,0.25673990072279407,0.3057343153742182,0.26001048453633374,0.31840470603635357,0.3232539941371812,0.32023823649709077
2026-07-14,0.43472252237770326,0.26093163406432324,0.3037256851985323,0.2685746757897379,0.3352479313414884,0.3641206863734582,0.3450778233079547
2026-07-15,0.43490318402252715,0.28465421286745607,0.3161422180675108,0.31083482769678256,0.38871749088692314,0.3989501393292844,0.3689152849862288
2026-07-16,0.43478395754887456,0.2715484822995889,0.3156213537856277,0.3017185520354073,0.37409870143141133,0.37769852133016063,0.35783301012443003
2026-07-17,0.43469755156255174,0.27926338849919946,0.3162380369462181,0.29773918663484494,0.3683034529104587,0.3846261763119677,0.35780578780779676
2026-07-18,0.4345757239312827,0.27882913540417387,0.316318479442598,0.28874697309695635,0.3554658575784985,0.3582333627787153,0.3472330446902913
2026-07-19,0.43448338529192343,0.27857963839032057,0.3182176647372682,0.28522403883102665,0.3502127862245699,0.35215845022306275,0.34129861952012375
2026-07-20,0.43436230541776005,0.27847964065324005,0.317270635769366,0.2766078367493149,0.3398870402606067,0.33367996605686223,0.33304026037403506
2026-07-21,0.43425039498248297,0.2550311826248557,0.317998615788248,0.27013274199484466,0.3308004996709916,0.3224207911053347,0.32483659373686685
2026-07-22,0.4341873399672934,0.2505368407762631,0.31728327960760994,0.27271036730437814,0.3350670120362154,0.32909873212051083,0.32510754111598406
2026-07-23,0.43407294843360006,0.2425907850459932,0.3152529839735909,0.2654572584366931,0.3281146875085291,0.3243403197160606,0.32077114183706334
2026-07-24,0.4339959002300465,0.246698636139039,0.3162101819233108,0.26476085927399823,0.3308945579387908,0.34448448454955394,0.329144374595742
2026-07-25,0.43391154936692194,0.25216162075499304,0.3168499304068787,0.26285504851796093,0.3315527300269198,0.3577047822371716,0.3338055609987047
2026-07-26,0.4337915155672629,0.25122506230913244,0.3153494545706177,0.2551757579572672,0.32338418593029966,0.3373783167420038,0.3260934403241714
2026-07-27,0.433709019314717,0.2561762670266105,0.3155801717053935,0.2550975131952597,0.3244830787404756,0.33684724626914314,0.3238331374840512
2026-07-28,0.4336915435524177,0.26917787613869115,0.31851524007904114,0.2653524773886626,0.34129471968670977,0.37757782770768156,0.3499518309868538
2026-07-29,0.4335710185691382,0.26168760521173273,0.31864764517672317,0.25742395784317057,0.3317432759602042,0.3528059815399141,0.34010287222886476
2026-07-30,0.43345009529134626,0.25669266466182594,0.31833435010864,0.2495918446434369,0.32336321854251937,0.3297448773700603,0.3314433021560933
2026-07-31,0.4333535509086699,0.2553347065979507,0.319808885710225,0.24704297927689375,0.32127608861314544,0.32609727669283206,0.32673720859496425
2026-08-01,0.4333793576372931,0.27641812406621774,0.31936402286370896,0.2656246752609359,0.3482013150465051,0.3820083827673801,0.36487593352922715
2026-08-02,0.433258978680626,0.276418708978002,0.29130283162656995,0.2575515953247309,0.33784526472185195,0.35687356327336445,0.3532371278381014
2026-08-03,0.4331576952707691,0.2653173443118059,0.2804624310016652,0.25364412757475574,0.33261795695937013,0.3471997747594756,0.3450571316069579
2026-08-04,0.43303734594669663,0.21247240478914886,0.2803773313958155,0.24592050234620724,0.324186918301018,0.3264792475384968,0.3358158158184646
2026-08-05,0.4329296041680938,0.2153719662003852,0.26466817653669017,0.2412004810244368,0.31941141285416536,0.31880055796302986,0.3291622506575272
2026-08-06,0.43281944475166056,0.21105961268568382,0.2650792459641351,0.2361518814400761,0.314746093191223,0.31106017780481504,0.32310019709008725
2026-08-07,0.43270459115028453,0.21204589102720717,0.2533416694632392,0.22984609571420214,0.31010506612308725,0.3069403099012286,0.31845024826999613
2026-08-08,0.4325978115009757,0.20882102916483436,0.25397457531643697,0.22596058681472503,0.3074734079077964,0.3025016282884529,0.31422662103528354
2026-08-09,0.4324778335375861,0.20871565762520733,0.24920066065110744,0.2190818362004843,0.30232474422254463,0.2867728751111542,0.30896043672068774
2026-08-10,0.4323582999492282,0.2065332376276675,0.24908434791642226,0.21243793308448636,0.2980219822422433,0.2762040237175257,0.3045389808761725
2026-08-11,0.4322746248322056,0.1984513805788407,0.24112243162669414,0.21345012504435623,0.29819513993378777,0.2956539107722304,0.3080990267987859
2026-08-12,0.4321610401213503,0.19832822905888234,0.2414157163974256,0.20809520613006688,0.2951810297771467,0.2939876238854573,0.3050093734489167
2026-08-13,0.43204278987135014,0.1912649828809284,0.23976422576058312,0.20196287735429022,0.29125094774184745,0.284933075343699,0.3006823236548056
2026-08-14,0.43192333946073014,0.18466424522783811,0.23605491857133037,0.19581027515712357,0.2874252703995546,0.27174694220576084,0.2964655686148101
2026-08-15,0.4318124463588318,0.18536173478234413,0.23558793694769992,0.1916392767124262,0.2865724780733229,0.27611611936775027,0.2958511150261851
2026-08-16,0.4316931541462172,0.17442489175641376,0.2347451625504239,0.1858255297755044,0.2833374743969628,0.2636674264637627,0.29226347407176173
2026-08-17,0.43157627144286087,0.15213947891262994,0.23198871778908978,0.18061084066767122,0.2813135004681064,0.26085708076364916,0.2900222656827989
2026-08-18,0.43156886748298995,0.18079309165282312,0.23339047966362256,0.20390024893120615,0.30612492210735615,0.28736557954348296,0.3022685415882456
2026-08-19,0.43145058199115016,0.18095395330138303,0.2325596575070698,0.19796814182494724,0.300420473318581,0.2759493946530834,0.2979177908126335
2026-08-20,0.43212743216876237,0.3065539404548913,0.273080990980374,0.3359054628951795,0.4516128628022081,0.37390094922078465,0.38721613940075966
2026-08-21,0.4324728910648105,0.3301728116105744,0.29151010446934167,0.3882939512929759,0.502473963388993,0.42307885817196145,0.41940290940165154
2026-08-22,0.4331842336797732,0.40028495672107534,0.32455485203904505,0.47056063566251605,0.590235496112983,0.490902885604664,0.47699503226312284
2026-08-23,0.43310928617121436,0.41194242160363514,0.3233847410537565,0.46043738050131783,0.5609946643339845,0.48111624759682575,0.46289805646116833
2026-08-24,0.4330005764234309,0.41016235398359624,0.31727476123921367,0.4476952613134306,0.5296045943614748,0.4467928732558257,0.4411018474451142
2026-08-25,0.43291705865103386,0.4105205673219465,0.3137172581345313,0.43824877656078,0.5048376280723156,0.4273544260001622,0.42398246290878544
2026-08-26,0.43280333223402573,0.41433983076157155,0.31437414205169584,0.4253531421014074,0.47831160581748755,0.4037871716393048,0.40657404240781514
2026-08-27,0.4326888555430379,0.41075051729328366,0.31413679622512936,0.41302982577059155,0.45407925518582914,0.37898721441951466,0.3901747251935493
2026-08-28,0.4326056158654395,0.4110847822159634,0.31395080522729685,0.4049956286254485,0.43746756311270046,0.37099610067038497,0.37893513536021445
2026-08-30,0.4326395035136209,0.4352384761234584,0.32202680208008905,0.40988993178488614,0.44381532082447506,0.41922623521535746,0.4065636676704931
