date,constant,rolling_20d,rolling_60d,ewma_0.94,garch,egarch,gjr
2021-08-31,,,,,,,
2021-09-01,,,,,,,
2021-09-02,,,,,,,
2021-09-03,,,,,,,
2021-09-07,,,,,,,
2021-09-08,,,,,,,
2021-09-09,,,,,,,
2021-09-10,,,,,,,
2021-09-13,,,,,,,
2021-09-14,,,,,,,
2021-09-15,,,,,,,
2021-09-16,,,,,,,
2021-09-17,,,,,,,
2021-09-20,,,,,,,
2021-09-21,,,,,,,
2021-09-22,,,,,,,
2021-09-23,,,,,,,
2021-09-24,,,,,,,
2021-09-27,,,,,,,
2021-09-28,,,,,,,
2021-09-29,,,,,,,
2021-09-30,,,,,,,
2021-10-01,,,,,,,
2021-10-04,,,,,,,
2021-10-05,,,,,,,
2021-10-06,,,,,,,
2021-10-07,,,,,,,
2021-10-08,,,,,,,
2021-10-11,,,,,,,
2021-10-12,,,,,,,
2021-10-13,,,,,,,
2021-10-14,,,,,,,
2021-10-15,,,,,,,
2021-10-18,,,,,,,
2021-10-19,,,,,,,
2021-10-20,,,,,,,
2021-10-21,,,,,,,
2021-10-22,,,,,,,
2021-10-25,,,,,,,
2021-10-26,,,,,,,
2021-10-27,,,,,,,
2021-10-28,,,,,,,
2021-10-29,,,,,,,
2021-11-01,,,,,,,
2021-11-02,,,,,,,
2021-11-03,,,,,,,
2021-11-04,,,,,,,
2021-11-05,,,,,,,
2021-11-08,,,,,,,
2021-11-09,,,,,,,
2021-11-10,,,,,,,
2021-11-11,,,,,,,
2021-11-12,,,,,,,
2021-11-15,,,,,,,
2021-11-16,,,,,,,
2021-11-17,,,,,,,
2021-11-18,,,,,,,
2021-11-19,,,,,,,
2021-11-22,,,,,,,
2021-11-23,,,,,,,
2021-11-24,,,,,,,
2021-11-26,,,,,,,
2021-11-29,,,,,,,
2021-11-30,,,,,,,
2021-12-01,,,,,,,
2021-12-02,,,,,,,
2021-12-03,,,,,,,
2021-12-06,,,,,,,
2021-12-07,,,,,,,
2021-12-08,,,,,,,
2021-12-09,,,,,,,
2021-12-10,,,,,,,
2021-12-13,,,,,,,
2021-12-14,,,,,,,
2021-12-15,,,,,,,
2021-12-16,,,,,,,
2021-12-17,,,,,,,
2021-12-20,,,,,,,
2021-12-21,,,,,,,
2021-12-22,,,,,,,
2021-12-23,,,,,,,
2021-12-27,,,,,,,
2021-12-28,,,,,,,
2021-12-29,,,,,,,
2021-12-30,,,,,,,
2021-12-31,,,,,,,
2022-01-03,,,,,,,
2022-01-04,,,,,,,
2022-01-05,,,,,,,
2022-01-06,,,,,,,
2022-01-07,,,,,,,
2022-01-10,,,,,,,
2022-01-11,,,,,,,
2022-01-12,,,,,,,
2022-01-13,,,,,,,
2022-01-14,,,,,,,
2022-01-18,,,,,,,
2022-01-19,,,,,,,
2022-01-20,,,,,,,
2022-01-21,,,,,,,
2022-01-24,,,,,,,
2022-01-25,,,,,,,
2022-01-26,,,,,,,
2022-01-27,,,,,,,
2022-01-28,,,,,,,
2022-01-31,,,,,,,
2022-02-01,,,,,,,
2022-02-02,,,,,,,
2022-02-03,,,,,,,
2022-02-04,,,,,,,
2022-02-07,,,,,,,
2022-02-08,,,,,,,
2022-02-09,,,,,,,
2022-02-10,,,,,,,
2022-02-11,,,,,,,
2022-02-14,,,,,,,
2022-02-15,,,,,,,
2022-02-16,,,,,,,
2022-02-17,,,,,,,
2022-02-18,,,,,,,
2022-02-22,,,,,,,
2022-02-23,,,,,,,
2022-02-24,,,,,,,
2022-02-25,,,,,,,
2022-02-28,,,,,,,
2022-03-01,,,,,,,
2022-03-02,,,,,,,
2022-03-03,,,,,,,
2022-03-04,,,,,,,
2022-03-07,,,,,,,
2022-03-08,,,,,,,
2022-03-09,,,,,,,
2022-03-10,,,,,,,
2022-03-11,,,,,,,
2022-03-14,,,,,,,
2022-03-15,,,,,,,
2022-03-16,,,,,,,
2022-03-17,,,,,,,
2022-03-18,,,,,,,
2022-03-21,,,,,,,
2022-03-22,,,,,,,
2022-03-23,,,,,,,
2022-03-24,,,,,,,
2022-03-25,,,,,,,
2022-03-28,,,,,,,
2022-03-29,,,,,,,
2022-03-30,,,,,,,
2022-03-31,,,,,,,
2022-04-01,,,,,,,
2022-04-04,,,,,,,
2022-04-05,,,,,,,
2022-04-06,,,,,,,
2022-04-07,,,,,,,
2022-04-08,,,,,,,
2022-04-11,,,,,,,
2022-04-12,,,,,,,
2022-04-13,,,,,,,
2022-04-14,,,,,,,
2022-04-18,,,,,,,
2022-04-19,,,,,,,
2022-04-20,,,,,,,
2022-04-21,,,,,,,
2022-04-22,,,,,,,
2022-04-25,,,,,,,
2022-04-26,,,,,,,
2022-04-27,,,,,,,
2022-04-28,,,,,,,
2022-04-29,,,,,,,
2022-05-02,,,,,,,
2022-05-03,,,,,,,
2022-05-04,,,,,,,
2022-05-05,,,,,,,
2022-05-06,,,,,,,
2022-05-09,,,,,,,
2022-05-10,,,,,,,
2022-05-11,,,,,,,
2022-05-12,,,,,,,
2022-05-13,,,,,,,
2022-05-16,,,,,,,
2022-05-17,,,,,,,
2022-05-18,,,,,,,
2022-05-19,,,,,,,
2022-05-20,,,,,,,
2022-05-23,,,,,,,
2022-05-24,,,,,,,
2022-05-25,,,,,,,
2022-05-26,,,,,,,
2022-05-27,,,,,,,
2022-05-31,,,,,,,
2022-06-01,,,,,,,
2022-06-02,,,,,,,
2022-06-03,,,,,,,
2022-06-06,,,,,,,
2022-06-07,,,,,,,
2022-06-08,,,,,,,
2022-06-09,,,,,,,
2022-06-10,,,,,,,
2022-06-13,,,,,,,
2022-06-14,,,,,,,
2022-06-15,,,,,,,
2022-06-16,,,,,,,
2022-06-17,,,,,,,
2022-06-21,,,,,,,
2022-06-22,,,,,,,
2022-06-23,,,,,,,
2022-06-24,,,,,,,
2022-06-27,,,,,,,
2022-06-28,,,,,,,
2022-06-29,,,,,,,
2022-06-30,,,,,,,
2022-07-01,,,,,,,
2022-07-05,,,,,,,
2022-07-06,,,,,,,
2022-07-07,,,,,,,
2022-07-08,,,,,,,
2022-07-11,,,,,,,
2022-07-12,,,,,,,
2022-07-13,,,,,,,
2022-07-14,,,,,,,
2022-07-15,,,,,,,
2022-07-18,,,,,,,
2022-07-19,,,,,,,
2022-07-20,,,,,,,
2022-07-21,,,,,,,
2022-07-22,,,,,,,
2022-07-25,,,,,,,
2022-07-26,,,,,,,
2022-07-27,,,,,,,
2022-07-28,,,,,,,
2022-07-29,,,,,,,
2022-08-01,,,,,,,
2022-08-02,,,,,,,
2022-08-03,,,,,,,
2022-08-04,,,,,,,
2022-08-05,,,,,,,
2022-08-08,,,,,,,
2022-08-09,,,,,,,
2022-08-10,,,,,,,
2022-08-11,,,,,,,
2022-08-12,,,,,,,
2022-08-15,,,,,,,
2022-08-16,,,,,,,
2022-08-17,,,,,,,
2022-08-18,,,,,,,
2022-08-19,,,,,,,
2022-08-22,,,,,,,
2022-08-23,,,,,,,
2022-08-24,,,,,,,
2022-08-25,,,,,,,
2022-08-26,,,,,,,
2022-08-29,,,,,,,
2022-08-30,,,,,,,
2022-08-31,,,,,,,
2022-09-01,,,,,,,
2022-09-02,,,,,,,
2022-09-06,,,,,,,
2022-09-07,,,,,,,
2022-09-08,,,,,,,
2022-09-09,,,,,,,
2022-09-12,,,,,,,
2022-09-13,,,,,,,
2022-09-14,,,,,,,
2022-09-15,,,,,,,
2022-09-16,,,,,,,
2022-09-19,,,,,,,
2022-09-20,,,,,,,
2022-09-21,,,,,,,
2022-09-22,,,,,,,
2022-09-23,,,,,,,
2022-09-26,,,,,,,
2022-09-27,,,,,,,
2022-09-28,,,,,,,
2022-09-29,,,,,,,
2022-09-30,,,,,,,
2022-10-03,,,,,,,
2022-10-04,,,,,,,
2022-10-05,,,,,,,
2022-10-06,,,,,,,
2022-10-07,,,,,,,
2022-10-10,,,,,,,
2022-10-11,,,,,,,
2022-10-12,,,,,,,
2022-10-13,,,,,,,
2022-10-14,,,,,,,
2022-10-17,,,,,,,
2022-10-18,,,,,,,
2022-10-19,,,,,,,
2022-10-20,,,,,,,
2022-10-21,,,,,,,
2022-10-24,,,,,,,
2022-10-25,,,,,,,
2022-10-26,,,,,,,
2022-10-27,,,,,,,
2022-10-28,,,,,,,
2022-10-31,,,,,,,
2022-11-01,,,,,,,
2022-11-02,,,,,,,
2022-11-03,,,,,,,
2022-11-04,,,,,,,
2022-11-07,,,,,,,
2022-11-08,,,,,,,
2022-11-09,,,,,,,
2022-11-10,,,,,,,
2022-11-11,,,,,,,
2022-11-14,,,,,,,
2022-11-15,,,,,,,
2022-11-16,,,,,,,
2022-11-17,,,,,,,
2022-11-18,,,,,,,
2022-11-21,,,,,,,
2022-11-22,,,,,,,
2022-11-23,,,,,,,
2022-11-25,,,,,,,
2022-11-28,,,,,,,
2022-11-29,,,,,,,
2022-11-30,,,,,,,
2022-12-01,,,,,,,
2022-12-02,,,,,,,
2022-12-05,,,,,,,
2022-12-06,,,,,,,
2022-12-07,,,,,,,
2022-12-08,,,,,,,
2022-12-09,,,,,,,
2022-12-12,,,,,,,
2022-12-13,,,,,,,
2022-12-14,,,,,,,
2022-12-15,,,,,,,
2022-12-16,,,,,,,
2022-12-19,,,,,,,
2022-12-20,,,,,,,
2022-12-21,,,,,,,
2022-12-22,,,,,,,
2022-12-23,,,,,,,
2022-12-27,,,,,,,
2022-12-28,,,,,,,
2022-12-29,,,,,,,
2022-12-30,,,,,,,
2023-01-03,,,,,,,
2023-01-04,,,,,,,
2023-01-05,,,,,,,
2023-01-06,,,,,,,
2023-01-09,,,,,,,
2023-01-10,,,,,,,
2023-01-11,,,,,,,
2023-01-12,,,,,,,
2023-01-13,,,,,,,
2023-01-17,,,,,,,
2023-01-18,,,,,,,
2023-01-19,,,,,,,
2023-01-20,,,,,,,
2023-01-23,,,,,,,
2023-01-24,,,,,,,
2023-01-25,,,,,,,
2023-01-26,,,,,,,
2023-01-27,,,,,,,
2023-01-30,,,,,,,
2023-01-31,,,,,,,
2023-02-01,,,,,,,
2023-02-02,,,,,,,
2023-02-03,,,,,,,
2023-02-06,,,,,,,
2023-02-07,,,,,,,
2023-02-08,,,,,,,
2023-02-09,,,,,,,
2023-02-10,,,,,,,
2023-02-13,,,,,,,
2023-02-14,,,,,,,
2023-02-15,,,,,,,
2023-02-16,,,,,,,
2023-02-17,,,,,,,
2023-02-21,,,,,,,
2023-02-22,,,,,,,
2023-02-23,,,,,,,
2023-02-24,,,,,,,
2023-02-27,,,,,,,
2023-02-28,,,,,,,
2023-03-01,,,,,,,
2023-03-02,,,,,,,
2023-03-03,,,,,,,
2023-03-06,,,,,,,
2023-03-07,,,,,,,
2023-03-08,,,,,,,
2023-03-09,,,,,,,
2023-03-10,,,,,,,
2023-03-13,,,,,,,
2023-03-14,,,,,,,
2023-03-15,,,,,,,
2023-03-16,,,,,,,
2023-03-17,,,,,,,
2023-03-20,,,,,,,
2023-03-21,,,,,,,
2023-03-22,,,,,,,
2023-03-23,,,,,,,
2023-03-24,,,,,,,
2023-03-27,,,,,,,
2023-03-28,,,,,,,
2023-03-29,,,,,,,
2023-03-30,,,,,,,
2023-03-31,,,,,,,
2023-04-03,,,,,,,
2023-04-04,,,,,,,
2023-04-05,,,,,,,
2023-04-06,,,,,,,
2023-04-10,,,,,,,
2023-04-11,,,,,,,
2023-04-12,,,,,,,
2023-04-13,,,,,,,
2023-04-14,,,,,,,
2023-04-17,,,,,,,
2023-04-18,,,,,,,
2023-04-19,,,,,,,
2023-04-20,,,,,,,
2023-04-21,,,,,,,
2023-04-24,,,,,,,
2023-04-25,,,,,,,
2023-04-26,,,,,,,
2023-04-27,,,,,,,
2023-04-28,,,,,,,
2023-05-01,,,,,,,
2023-05-02,,,,,,,
2023-05-03,,,,,,,
2023-05-04,,,,,,,
2023-05-05,,,,,,,
2023-05-08,,,,,,,
2023-05-09,,,,,,,
2023-05-10,,,,,,,
2023-05-11,,,,,,,
2023-05-12,,,,,,,
2023-05-15,,,,,,,
2023-05-16,,,,,,,
2023-05-17,,,,,,,
2023-05-18,,,,,,,
2023-05-19,,,,,,,
2023-05-22,,,,,,,
2023-05-23,,,,,,,
2023-05-24,,,,,,,
2023-05-25,,,,,,,
2023-05-26,,,,,,,
2023-05-30,,,,,,,
2023-05-31,,,,,,,
2023-06-01,,,,,,,
2023-06-02,,,,,,,
2023-06-05,,,,,,,
2023-06-06,,,,,,,
2023-06-07,,,,,,,
2023-06-08,,,,,,,
2023-06-09,,,,,,,
2023-06-12,,,,,,,
2023-06-13,,,,,,,
2023-06-14,,,,,,,
2023-06-15,,,,,,,
2023-06-16,,,,,,,
2023-06-20,,,,,,,
2023-06-21,,,,,,,
2023-06-22,,,,,,,
2023-06-23,,,,,,,
2023-06-26,,,,,,,
2023-06-27,,,,,,,
2023-06-28,,,,,,,
2023-06-29,,,,,,,
2023-06-30,,,,,,,
2023-07-03,,,,,,,
2023-07-05,,,,,,,
2023-07-06,,,,,,,
2023-07-07,,,,,,,
2023-07-10,,,,,,,
2023-07-11,,,,,,,
2023-07-12,,,,,,,
2023-07-13,,,,,,,
2023-07-14,,,,,,,
2023-07-17,,,,,,,
2023-07-18,,,,,,,
2023-07-19,,,,,,,
2023-07-20,,,,,,,
2023-07-21,,,,,,,
2023-07-24,,,,,,,
2023-07-25,,,,,,,
2023-07-26,,,,,,,
2023-07-27,,,,,,,
2023-07-28,,,,,,,
2023-07-31,,,,,,,
2023-08-01,,,,,,,
2023-08-02,,,,,,,
2023-08-03,,,,,,,
2023-08-04,,,,,,,
2023-08-07,,,,,,,
2023-08-08,,,,,,,
2023-08-09,,,,,,,
2023-08-10,,,,,,,
2023-08-11,,,,,,,
2023-08-14,,,,,,,
2023-08-15,,,,,,,
2023-08-16,,,,,,,
2023-08-17,,,,,,,
2023-08-18,,,,,,,
2023-08-21,,,,,,,
2023-08-22,,,,,,,
2023-08-23,,,,,,,
2023-08-24,,,,,,,
2023-08-25,,,,,,,
2023-08-28,,,,,,,
2023-08-29,,,,,,,
2023-08-30,,,,,,,
2023-08-31,,,,,,,
2023-09-01,0.2971029994735803,0.2709370276844194,0.19442794235422245,0.22491811619037244,0.24455327319325393,0.23995118121396686,0.25687007292295383
2023-09-05,0.2968600385830739,0.20651944896137925,0.19419076182352923,0.22053544546630335,0.2409170870447023,0.23261161099229447,0.251684238614948
2023-09-06,0.2965663247625324,0.19347846658299134,0.1918878890588433,0.21387378607329816,0.23614196455452321,0.2252288702914908,0.24674195128568624
2023-09-07,0.297383280500843,0.23727206419810107,0.20607768504462023,0.24973736242220032,0.26479529967344656,0.2781726244226209,0.3015726852446579
2023-09-08,0.29783021984711144,0.258581089810333,0.21223406467101205,0.2675112272200798,0.27976969800907864,0.31475677931064866,0.3294006669145731
2023-09-11,0.2975444345238522,0.2588217059587117,0.21233876143949693,0.25971692356352116,0.27349436972322533,0.30221346409767197,0.3210349025257426
2023-09-12,0.297283207851655,0.2598083105831413,0.21267812316838877,0.2531182431311666,0.26800645949323715,0.29073477263417885,0.31301892200951204
2023-09-13,0.2972477466167037,0.2648114621765179,0.21402797503646004,0.2542157213133469,0.26968099643939974,0.3064242573906549,0.31776329589865293
2023-09-14,0.29708267597317317,0.26516389980594224,0.2149861375342274,0.2507449285808586,0.26759443851243453,0.31289877973294766,0.3161114495211981
2023-09-15,0.2968498801997162,0.26677801565831244,0.21588182435319914,0.24549313507561352,0.2629957741287799,0.3008393189617309,0.3083030156035449
2023-09-18,0.29657804730735526,0.26181186468140755,0.21575579652235416,0.2385618294559649,0.25797682104868935,0.29614737908857697,0.30183393784582235
2023-09-19,0.29651296289445594,0.2682267231269994,0.2158897052509193,0.24046263660717954,0.25823798284511257,0.28577212892534976,0.2946350852346761
2023-09-20,0.29625165802906506,0.2677745247781948,0.21633881241021582,0.23437271857375103,0.2533047399909189,0.2753609853504505,0.28774832363352554
2023-09-21,0.2963100237618822,0.2764672203051182,0.2195300725420761,0.2401625740208948,0.25871203233880247,0.29686466342716467,0.29921762707404814
2023-09-22,0.2960951317657681,0.26490995747466684,0.21762518480311957,0.23539797833755793,0.25561931704142776,0.29950887018599326,0.29602949981885135
2023-09-25,0.2958258295505752,0.24967107896821977,0.21743962115018017,0.22903528575360663,0.2505463405725322,0.2880991967416433,0.2890820219922385
2023-09-26,0.29558006698081907,0.2467245048108634,0.21806938187985095,0.2239046060184686,0.2462746837658053,0.27761531829309793,0.2824383687445119
2023-09-27,0.2957616715650357,0.25670210769627083,0.21683186011483965,0.23537875202087544,0.25595995471848626,0.304489512624568,0.3006731944155377
2023-09-28,0.29554857386942407,0.24127083298996319,0.2169730158282327,0.23081583871955894,0.2530109310952918,0.3066132832004936,0.2974102052846765
2023-09-29,0.29526637942173145,0.22673271351521657,0.21692556684614991,0.2238628673379046,0.24772407980606448,0.2944931596414532,0.29040273512114345
2023-10-02,0.29498966293722334,0.2274649631613806,0.21697382223868572,0.2173661337492184,0.24273692279710807,0.28329151708152667,0.2837010681344967
2023-10-03,0.2948775350651085,0.23334274322804738,0.21943887999806228,0.21849709205748416,0.24188366990261043,0.271719566562279,0.27570392765110047
2023-10-04,0.2946512974753605,0.23273105514077122,0.21896342014889322,0.2139845126161292,0.23912132607457434,0.2737382650602996,0.27307330699206583
2023-10-05,0.29440963043398877,0.20489918068813323,0.21966198893188155,0.20940325120088962,0.23560361715571534,0.26524502671402717,0.2677139344009879
2023-10-06,0.2941673077487821,0.18130407236450222,0.21933791747404902,0.204944096375333,0.23221294500086614,0.257242156882352,0.2625795391122372
2023-10-09,0.29405442144610455,0.18898945015557067,0.22152496109897338,0.20681324698714917,0.2327151586171835,0.2504035943041556,0.2576629380558135
2023-10-10,0.29382787586775605,0.18996460073112345,0.22235358371382075,0.20318800209943455,0.22988444187338716,0.24337485707653067,0.2529570874936908
2023-10-11,0.2935624640484985,0.17961970879599895,0.2191223331712475,0.1974288790712144,0.2262611318569645,0.24115530891996412,0.24915875230288664
2023-10-12,0.2933304180115729,0.1750086996647129,0.21992883140633102,0.19386614559920592,0.2235428033990614,0.23459962300114937,0.24482287114869533
2023-10-13,0.2930714296511039,0.17348578599330836,0.21964719627380347,0.18898768595440535,0.22014627247687138,0.2281464098295397,0.24067845903564122
2023-10-16,0.292890270583314,0.1774404405506925,0.2196815285049295,0.18755053218781528,0.21980263401005484,0.23621367215978079,0.2421523208473641
2023-10-17,0.2926170766324503,0.1674146050443153,0.21943543870146742,0.18185895203420804,0.2162154505402308,0.2309375056029615,0.23821542449393782
2023-10-18,0.29241248235262984,0.16882087771364396,0.21971438624138664,0.1795970671559697,0.21526057372173293,0.23676167518269367,0.23845949624969534
2023-10-19,0.2921891664201994,0.15485938479173314,0.21972674919391916,0.17648413951256228,0.21368467667380323,0.24035069816407514,0.23758187584805227
2023-10-20,0.2919224431379923,0.15145748122534566,0.21937001712601994,0.17131391506382002,0.21055905395247126,0.2367268074244481,0.23413246903008791
2023-10-23,0.2918348613378343,0.159617310805111,0.22078523771544406,0.1756609177568569,0.21398902163063113,0.2504624487845887,0.2413162385653339
2023-10-24,0.2915640792062592,0.1569814023722758,0.21855754092714724,0.17033096243794657,0.21058263801771518,0.24271370437880488,0.23732817135673467
2023-10-25,0.2912976077982285,0.13265073481497702,0.21849903104084187,0.165437876798567,0.20739274229210297,0.2355745885011642,0.23351961733351034
2023-10-26,0.29118280378676287,0.1378504593384455,0.21972948857669952,0.16875944174169238,0.2100677226048883,0.2476683156868141,0.2391418148727138
2023-10-27,0.2914121227149659,0.16343103774219336,0.22287166658842184,0.18953880332899511,0.22421445143812835,0.27506175612376704,0.26301162619919705
2023-10-30,0.2911898703560147,0.16599145354643594,0.2235912053946777,0.18635904639738893,0.22161852052709988,0.2665508019884322,0.25807660813161626
2023-10-31,0.2910354488669147,0.16304135325767727,0.20387880098331976,0.18691010688547452,0.22120998521974086,0.25894329693551155,0.25335293982482027
2023-11-01,0.2907730281587866,0.1614961146849069,0.20117725115241325,0.18154728152717786,0.21298463254774225,0.24087015404878848,0.24201272480031846
2023-11-02,0.2907735121021643,0.1734126542987842,0.20473235815092683,0.19050186129742228,0.21803263255531946,0.23657140028847254,0.23816850903570924
2023-11-03,0.29083266120574636,0.18679173588586548,0.20845103038435192,0.20146467974791207,0.22460452507232112,0.23304823781414116,0.23472001898175285
2023-11-06,0.29059230359764426,0.1803661294643086,0.20871161977167352,0.19636347364244758,0.22136166882539846,0.23280885027128884,0.2320491941731882
2023-11-07,0.2904856312322062,0.18551941345483344,0.2108521856137705,0.19867170572957024,0.22232198916450224,0.22796842051436803,0.22837682923200658
2023-11-08,0.29037530918063836,0.19174340208210244,0.21204316732448059,0.20064789505351024,0.22310987944561392,0.2233928559157102,0.2248853272785323
2023-11-09,0.290134509439519,0.19091436101416936,0.21097154367213722,0.19587658262654364,0.21963554080139874,0.21692696622448102,0.22112723162109466
2023-11-10,0.289879306195652,0.19065287833130737,0.2107633686754374,0.19018339302897336,0.2159641672891605,0.21404262162547288,0.21803553524071181
2023-11-13,0.2900220533274466,0.20216945219084181,0.213341238366853,0.20530903011590182,0.22550508751975124,0.21258259373735658,0.21600293935082152
2023-11-14,0.28982545951866384,0.20557932781032895,0.2142631049385993,0.20183338306291462,0.22360575496159626,0.21862135579323969,0.21712038207369433
2023-11-15,0.28971232712699796,0.2061058328598146,0.21555004651994789,0.20341637419632308,0.22419622570893463,0.21458391161937715,0.21421930345871493
2023-11-16,0.2894565147784404,0.2024393455371205,0.2151318082519017,0.19757362798246736,0.220128416704998,0.2079386401119087,0.21095389364761688
2023-11-17,0.2892527678311859,0.20219371984755247,0.2113820387882824,0.19475474115179622,0.21791287207840324,0.20321384993611588,0.2080527371612441
2023-11-20,0.28899382295193715,0.19053352531875373,0.20374576929497598,0.18882217151144423,0.21401060276104658,0.19760058352811166,0.20512724152744263
2023-11-21,0.2887942860857363,0.19052549382881467,0.20306240296226544,0.18659103431127308,0.21221523768670622,0.19354973743602488,0.20255694558749743
2023-11-22,0.28855438577257286,0.19328252210167854,0.2027441549921624,0.1816532286683962,0.20926003635853432,0.19438363214117027,0.20123706381371642
2023-11-24,0.28830379710042814,0.1808770555976851,0.1981547263433519,0.176648758108716,0.20590659105888906,0.18905643120393292,0.198678799921366
2023-11-27,0.2880919138033569,0.1498618420678386,0.19498977428678907,0.17341934682126103,0.20428245915982096,0.1942193000079485,0.19958364685576757
2023-11-28,0.28783773337817603,0.15211154084576406,0.19499773022524575,0.16817666205228834,0.20104339299778706,0.19031927084220052,0.19723250583152727
2023-11-29,0.28758787659273544,0.1506564161105856,0.19435088330923872,0.16353155343618234,0.1980172045683013,0.18515072481190448,0.19489153452010127
2023-11-30,0.2873609799539791,0.15550084797047434,0.19467256234847488,0.15993894630239888,0.19614179204216703,0.1881981547048855,0.1947991447393718
2023-12-01,0.2871118575630148,0.14726247529303657,0.1798208988174208,0.15552320164031042,0.18680430068296108,0.1753972882407896,0.18356953827728312
2023-12-04,0.28688852833248885,0.13473536697239502,0.16901436445744358,0.15308021344351527,0.18482850084837407,0.17106745797760378,0.18132463788957714
2023-12-05,0.28671376041045243,0.13930905676188168,0.17038203006786404,0.1529116297549658,0.185635626505036,0.18211929619115155,0.18651481475605192
2023-12-06,0.2867859398415945,0.14770764484905152,0.17489186848663532,0.16937282587125604,0.19546225415876392,0.18141020365266525,0.18595750251195992
2023-12-07,0.2865646551118969,0.14595901255325672,0.17129706439562312,0.16569535192018736,0.1935310411767526,0.18544935046598424,0.1863700916335929
2023-12-08,0.28638384875191414,0.1478750905812215,0.16988131931357411,0.1654148958777912,0.19277725818249353,0.181435387537388,0.18420733224061803
2023-12-11,0.28616905910007234,0.14698420085782962,0.16966719696193983,0.1629451927333067,0.19074022126899629,0.17690749155575056,0.18196205325237422
2023-12-12,0.28605995635333265,0.1388718005740753,0.17193597650343126,0.16578553617166006,0.19388386761674972,0.19355360868518603,0.19270330204559796
2023-12-13,0.285851867421639,0.13476235031931597,0.169514085523726,0.16365875318321582,0.19200142925375044,0.18840536083863163,0.18996908015152547
2023-12-14,0.2858014024643916,0.13775492809418738,0.17208235543370212,0.17143416658794752,0.19639606266183735,0.18605321322271412,0.1883928760659974
2023-12-15,0.2855532157044138,0.13793359637503017,0.1660310876630247,0.16623770410284325,0.1929467196597753,0.1795172264871488,0.18567635627050094
2023-12-18,0.28531426591997383,0.13702895678436425,0.16476448067329091,0.16152153461230948,0.1901279427072196,0.17887565442143089,0.18403204962932543
2023-12-19,0.28513094072489703,0.1419490529037089,0.16610760816986936,0.16005354989561266,0.18997196449300766,0.1877684733028164,0.187670261617068
2023-12-20,0.2849018222909823,0.13982066508128946,0.1658783710466685,0.15657103346435378,0.1873786773026073,0.182271970889833,0.1850965338996595
2023-12-21,0.2847539019787587,0.1451086997793805,0.1595164253224698,0.15741404247872315,0.18893219780212892,0.19469184873583886,0.1917458252234359
2023-12-22,0.28451016375369687,0.14497070274605112,0.15797336522506805,0.15264794182401217,0.1859294772464438,0.18999157303717845,0.18901310661126283
2023-12-26,0.28429431659958043,0.14400452982048872,0.15878256743296146,0.14956141762510772,0.18443298886732507,0.1932407182614092,0.1890727029389791
2023-12-27,0.28405930298947096,0.14449766374751305,0.15910223872163975,0.1454253517687104,0.18204750499406344,0.19190868148273593,0.18726446480976403
2023-12-28,0.28381600010105906,0.14423951834618537,0.15688755924213005,0.14100949772787572,0.17924852434180266,0.18537657597928092,0.18462474188339556
2023-12-29,0.2835753778593902,0.1424457886528403,0.15560573745352962,0.1369875919495126,0.17660436549733496,0.17915854920833152,0.1821454832842823
2024-01-02,0.28336063726791927,0.14410095973501957,0.15593874898036764,0.13447875876528803,0.1755548931852043,0.18291218239760032,0.18261461237383253
2024-01-03,0.2841178986497672,0.19168516176739073,0.17346868704160923,0.1906918061701268,0.2159477859881516,0.24611422622368448,0.2600910459634623
2024-01-04,0.28392438394888775,0.19071003896156552,0.17196011890193094,0.18716105042572043,0.2139210282438305,0.24909771394959973,0.2571449462944306
2024-01-05,0.28381430979724115,0.1751867591950513,0.17334729675643684,0.1880590974566275,0.2151243261892352,0.26040829512528785,0.2600425113937796
2024-01-08,0.28358881854007767,0.17494738592058617,0.17341286340817505,0.18299661918593504,0.2118621757989456,0.25685435391581196,0.2548263999224243
2024-01-09,0.28377073101283834,0.19481077244391443,0.17954211045477436,0.20078618318036098,0.22243758681790654,0.25052991079160103,0.24983365576067296
2024-01-10,0.2835367049216472,0.19146492020289985,0.1793940690618673,0.19486830081295364,0.21847371535739193,0.2449270879684789,0.24446181862909913
2024-01-11,0.2833175512926443,0.18966546983649601,0.17827606151741457,0.19021456020479388,0.21497073087239896,0.23603412663077322,0.23893589054618786
2024-01-12,0.28308938821728213,0.18620535824079837,0.1784379416040706,0.18484509075516897,0.2115157190344339,0.2329222915683618,0.2345161389655809
2024-01-16,0.2828526127515949,0.1730605719770446,0.17734634037143324,0.17934730839506208,0.20772947296793237,0.22412614022289717,0.22946021298734465
2024-01-17,0.2827379834815946,0.17542652819488025,0.1786107721111067,0.180359213333666,0.2090479159200437,0.23662639712294692,0.234255241373898
2024-01-18,0.28252495626392715,0.17545594811621612,0.17893099270216054,0.17601805341038054,0.20641962832653532,0.23656128176386165,0.23117660578768903
2024-01-19,0.2830552309594625,0.21673460292261854,0.18750777237673044,0.21251709907562513,0.2294342084891637,0.23318329219286552,0.22854692521639086
2024-01-22,0.2829859824201509,0.22407458028141203,0.1896737439217828,0.21471304969622104,0.230258013421934,0.22688224476801208,0.22429911458453813
2024-01-23,0.28284999473757416,0.2260191995193542,0.19085745050645342,0.2134773996285031,0.2288589921246827,0.22038053683109562,0.2200864854258289
2024-01-24,0.2826419633555071,0.22727963445748808,0.18834356282214357,0.20858461310102913,0.2251734972815349,0.2132954677995301,0.2158856580116713
2024-01-25,0.2824193492884927,0.22670177065200056,0.18026279346747257,0.20268356045230934,0.22134410270598281,0.2121084826353578,0.21292473561054542
2024-01-26,0.2821888908460663,0.22652587569902122,0.18013066918775641,0.19661970310155794,0.21733553546808582,0.2081848726195128,0.2094093696917728
2024-01-29,0.2820230440391525,0.22896534172479088,0.18046152818930936,0.1938245133801514,0.21599641601052466,0.216290124490029,0.21160711716985856
2024-01-30,0.2818025304376748,0.22911477878969427,0.18083313812466761,0.18843645205133377,0.2125843766888891,0.21506855008199752,0.2089600908915823
2024-01-31,0.281858647387862,0.23822151551442353,0.1825777903832913,0.19742878003076217,0.21979241584029827,0.24023995080105398,0.22900431554040757
2024-02-01,0.28191688992550323,0.21218363550700353,0.18293578919200076,0.2056823955712505,0.2264852924261594,0.26359063512676195,0.24636302280364314
2024-02-02,0.2818063334569264,0.21561451796353118,0.18431826615265293,0.20605304737081964,0.2250146895895257,0.25149540198001985,0.2386631541674899
2024-02-05,0.28160049500021855,0.2110677714132463,0.18257497742034048,0.20087840589216585,0.2218342543966961,0.25072996491603206,0.2355521082469397
2024-02-06,0.28143366016274307,0.21229638688242194,0.18133260975163043,0.19848666307067192,0.21974511519168824,0.24249609504547054,0.23079611316740128
2024-02-07,0.2812515428072329,0.19725230305165334,0.18176049209436118,0.19534515345563516,0.21724383555952645,0.23458587334716705,0.22623929979465413
2024-02-08,0.28102167056297406,0.19687254309267144,0.18163170591301042,0.1894076268045755,0.21334552730556872,0.22596982417902328,0.2217914806013483
2024-02-09,0.2808211676461696,0.1976172643728928,0.17591360753060808,0.18499572597214828,0.21079371899211022,0.22739446412558173,0.21991143179975894
2024-02-12,0.2806017502552746,0.1974259460442608,0.17511712810178137,0.1800650495125144,0.20740392117035755,0.21967113289398757,0.21580775284146017
2024-02-13,0.2804396611586345,0.20055178539810675,0.17375232914461428,0.1780541184754002,0.20658454905284643,0.22653882685389515,0.21727725518745902
2024-02-14,0.2803130309305279,0.1997023430310048,0.17517235665785374,0.17810954015044092,0.20716587878792095,0.2365435049677675,0.22137770910199883
2024-02-15,0.2801061877064352,0.19956887740242926,0.17435449820059953,0.17369337241734809,0.20457360363131016,0.23584905296570566,0.21889053514015608
2024-02-16,0.27988253447671074,0.15970488082093143,0.17436936283027624,0.16851331121204893,0.20135416044732532,0.2303381748699854,0.21511618785440942
2024-02-20,0.2797139696435371,0.14874483096389285,0.17393019311751912,0.1666358592693518,0.20055052605441143,0.23561469185254932,0.21602844518462938
2024-02-21,0.2795034819378479,0.1385273962760901,0.17392029821791696,0.162349403025934,0.19804285301769398,0.23392552001296513,0.21344503121095473
2024-02-22,0.27928846250985856,0.13646593499811577,0.17399574458154798,0.15824288363686945,0.19520068025048007,0.22581049089609392,0.20967853692598734
2024-02-23,0.2791481705647433,0.14589548076390726,0.1751963238348314,0.15953035964136425,0.1951987377392788,0.2193885028992284,0.2063197713927734
2024-02-26,0.27900398333669774,0.14821892154181143,0.17629992454617296,0.15951563128320168,0.19565379806422553,0.22790137210190714,0.20975657360881322
2024-02-27,0.27882556971052447,0.14747837100704883,0.17667701316268075,0.1573468816216414,0.19465624458683983,0.23181629957111832,0.21008129185152344
2024-02-28,0.27864490719355306,0.15252443217479641,0.1773252778254836,0.15578230572715177,0.19312832918316686,0.22449310219246135,0.2065822933835361
2024-02-29,0.27845846632071997,0.1400164871120474,0.17760025758196368,0.1532179016428304,0.1918787888175653,0.2273509151517505,0.2063749492483941
2024-03-01,0.278248678238228,0.12391496534150431,0.17701455151676532,0.14924280628920905,0.18964160728059484,0.2255515771316852,0.20412757842551643
2024-03-04,0.27805721486921947,0.11296958794575988,0.176440309188613,0.14658394003904188,0.18831225723526707,0.2274261054076712,0.20358577230768302
2024-03-05,0.2783152453816462,0.1402165940852859,0.17752954929820802,0.17302635772216585,0.20042648459045545,0.25012963533886284,0.23155987177370316
2024-03-06,0.27869043526374115,0.15878410881415614,0.1857167287902224,0.20092887626741604,0.21885375060407902,0.28385486666296417,0.2661096860820446
2024-03-07,0.27849722008489797,0.15066457056845475,0.18415648670129386,0.19614402363049235,0.21595623270288497,0.280938188545275,0.261617689345224
2024-03-08,0.27827758006609754,0.150040564355326,0.18309102711810943,0.19018869266726704,0.2121361388406456,0.2709554917614346,0.2555731176984987
2024-03-11,0.2781278004914135,0.1601855474502506,0.1835322246213063,0.18864201467281763,0.2106910839843879,0.26222513274648107,0.25004011695447603
2024-03-12,0.27800252663873043,0.16803245740000325,0.1846044155673908,0.1885927864474938,0.2101456774638153,0.25442479524193296,0.24487346392262765
2024-03-13,0.2777876950888852,0.16894648460750458,0.18078064677892433,0.18316642340787317,0.20658934039123042,0.2449357621000999,0.2395184487158171
2024-03-14,0.27768039525181004,0.16947000130921724,0.1818240503428956,0.18373603090285512,0.20733128778779727,0.2536095864118135,0.2421415224503092
2024-03-15,0.27754198337673186,0.17730736825108684,0.18384559338993353,0.18313604480173068,0.2064614570044624,0.24612496458558245,0.2372738389042742
2024-03-18,0.2773290566512511,0.1772521369464029,0.18336452949933665,0.177762273556749,0.20315484746999288,0.24038621404148153,0.23261376935988323
2024-03-19,0.2771376343085895,0.17911470705798793,0.1835501825081228,0.17411903470015558,0.2005893202136544,0.23261184307905677,0.2279250401528498
2024-03-20,0.27704494773338517,0.18761823367414399,0.18537016577862075,0.1768864503371798,0.20167380207190058,0.22704341653685875,0.22396661210956248
2024-03-21,0.27697405091222654,0.19537961724416836,0.1883553936984606,0.1807840672792619,0.20348472014887428,0.22207937318724125,0.22032121069486693
2024-03-22,0.27796167952623224,0.23566962699661873,0.2048995215069553,0.236563398053469,0.24166465771511092,0.2796502108042513,0.2936726456585328
2024-03-25,0.27776278286464523,0.236357580799786,0.20542454591344045,0.23028433638830606,0.2373723525967664,0.2691906805647469,0.2862641549483729
2024-03-26,0.27759980158828,0.2365994200877196,0.2057957631833292,0.2255897921060056,0.23461022455664948,0.2706946100072307,0.2823027760929391
2024-03-27,0.27741914202515416,0.2333365283849849,0.20583466402208905,0.22025095500870653,0.2313501284562044,0.2697609506895191,0.27746804413647963
2024-03-28,0.27751043359491184,0.24888793137695608,0.21115976827944985,0.22891807461278954,0.23655597824925717,0.2637550606500859,0.27199276925634025
2024-04-01,0.2773795682271912,0.25063382758095204,0.19975815362075036,0.2257101309683202,0.2348683939845218,0.2688966101824217,0.27072412646493155
2024-04-02,0.2772197539133935,0.2512329327550211,0.19989766941638784,0.22129044309816576,0.23227578143703437,0.2706441041223712,0.26771945790331825
2024-04-03,0.27704373533967563,0.23723828033025673,0.19884010932645874,0.21626819920908177,0.2292226569529642,0.2701812542835244,0.26383153815235055
2024-04-04,0.276844534927469,0.21595135888916822,0.19911662970454297,0.21050802555656442,0.22618271853011768,0.25663088156954145,0.25456959948349267
2024-04-05,0.27665088173649016,0.21562666366978056,0.19221312107536537,0.20497982945958806,0.2228988811905875,0.25406790180522204,0.2505037269322176
2024-04-08,0.2764508351553867,0.21619206319121684,0.192595153177972,0.19950480235965032,0.21938290223372606,0.24597909361749956,0.2455089920870585
2024-04-09,0.2762731760837554,0.2141621008946671,0.1923282535623758,0.19515471962391925,0.21689001159366567,0.246273014399605,0.2427717874616333
2024-04-10,0.2760952807758423,0.21123279981326196,0.19313912059150676,0.19129378243748985,0.21427875057107146,0.23927317967002368,0.23820742398230293
2024-04-11,0.27597599219277874,0.21385419167191064,0.1940435683118463,0.19045693382630863,0.21403174881288858,0.2457627786582476,0.23940644327195143
2024-04-12,0.27704603941492645,0.2623010742828177,0.2134217875913148,0.2498150402592031,0.2506115611745775,0.24764651855911776,0.24190209085743822
2024-04-15,0.27688219144077825,0.2613017247712121,0.21405602732032708,0.2445166041090596,0.2471276369180855,0.24090572629343332,0.2374545757695322
2024-04-16,0.2770137253088373,0.2736701919694068,0.20713918143555435,0.25185072988592105,0.2528252036636265,0.26182172700465234,0.25369973284592834
2024-04-17,0.27706621920365165,0.28090248414560576,0.20725555294354242,0.25529969833627886,0.25585571225595105,0.2777082950586001,0.2637621558641584
2024-04-18,0.2769056721113419,0.2763738138233415,0.2055233597457994,0.2495413985464236,0.25243185940382323,0.2780907351048808,0.26106216886938444
2024-04-19,0.2767211240499958,0.2692140166476355,0.20478830507973536,0.2429575436771649,0.24838966194140175,0.27534599560654693,0.25708413793799756
2024-04-22,0.27661969919128315,0.23284952958508628,0.20574857835525112,0.24029517450257057,0.24707327796751527,0.2811359408269374,0.25814089922489714
2024-04-23,0.2764268613306467,0.23276206088643517,0.20634997193418497,0.23381429979948584,0.24280324758301244,0.2716659657566698,0.2528585631521838
2024-04-24,0.2762441459032637,0.23316400005518126,0.20669462385397483,0.2280497522814618,0.23896678934070992,0.2630473343305228,0.24783942484657953
2024-04-25,0.27614173818524723,0.23709636090931446,0.20893304461079562,0.2265521562031173,0.23769340992839197,0.2564373381255122,0.24346077657413445
2024-04-26,0.27595029552159256,0.2244653026399649,0.20629343754844306,0.22056041070668247,0.23376557061815129,0.2483725358943943,0.23877457584424575
2024-04-29,0.2757532374834663,0.2218155358765055,0.2029906969416948,0.2142671595335923,0.2298970628305348,0.24447391730244494,0.23485572963840343
2024-04-30,0.27595626657653216,0.23699367646504416,0.20783111453248548,0.22904401577376635,0.23860350965713903,0.24185053988868183,0.23280361929840404
2024-05-01,0.2759865306500806,0.24534284200303916,0.21061534553474778,0.2331542367706135,0.24182906016894956,0.2577515900041431,0.24353974411452023
2024-05-02,0.27580818885807334,0.24587307883665,0.20952416111683364,0.22727106871877936,0.23826783662960693,0.2565943976208691,0.240545868151734
2024-05-03,0.27592307716899805,0.257072906510968,0.21407195592583494,0.23641543373781582,0.24408886690820739,0.25245228968713235,0.23785099630252896
2024-05-06,0.27810827842728725,0.330537159562348,0.2481113073819185,0.3265547139703485,0.30350677387233305,0.2573513728792894,0.24444023789960584
2024-05-07,0.2779629111073823,0.33170629700231424,0.24851516755721278,0.3185806919794608,0.29876618222265405,0.26011183449370184,0.24356773923677222
2024-05-08,0.2777642607853695,0.3314849102063781,0.24849272071878645,0.30922815853489466,0.2927483040442462,0.2518491744600909,0.23902979884712702
2024-05-09,0.2775598089945814,0.32687980595894195,0.24789436237041823,0.29989542744337294,0.28677524717219105,0.2435972096090535,0.23464313845901344
2024-05-10,0.27741600756625084,0.2942163703335099,0.24770025435517745,0.2933552849730864,0.2825005961791915,0.23759274598084007,0.23071988626832673
2024-05-13,0.2772471522720344,0.2953042492471202,0.24791214327649477,0.2856775935741409,0.27784316870159914,0.2386676841169114,0.228997652822493
2024-05-14,0.2772408713147098,0.286046299671584,0.2504926809063931,0.28534672999585164,0.2775095331398215,0.2346329174820215,0.22598102998192524
2024-05-15,0.27705844803378876,0.272637525914605,0.2500909348207501,0.2776934183466779,0.2725407893851044,0.22823785815400446,0.22222472201702054
2024-05-16,0.27694684743212655,0.2688918479449136,0.25101270092786887,0.2733934803494236,0.26964172344754905,0.22352333858571904,0.21898351238798366
2024-05-17,0.27674344802867146,0.26605987437501444,0.2509182870927938,0.26507621195476166,0.26437091114761146,0.21646428613282884,0.21540775381372076
2024-05-20,0.27654055568715274,0.25794823458351507,0.24997769153445445,0.25700165839957184,0.2592740481569635,0.21003798898052325,0.21198600840032258
2024-05-21,0.27635948993059395,0.25785813955892334,0.24922815171554794,0.2503217435575042,0.25492482593903576,0.20488582921508255,0.2088214918625356
2024-05-22,0.2761843407329461,0.2578419543971848,0.24890430027231064,0.244156273781954,0.25088763412909715,0.20014357995442403,0.20582460236186198
2024-05-23,0.27602574041045386,0.2622028946229681,0.24909853726302708,0.23852620457721657,0.2475760166597313,0.20397377448360685,0.2058951622804552
2024-05-24,0.2761331899496246,0.2796504234088415,0.25268644041833904,0.24532826265160385,0.25246495666010554,0.22530003316007016,0.22428858351801015
2024-05-28,0.2761046606266154,0.28066324050534674,0.2546118461450608,0.24644521313728893,0.2527706687303346,0.2217187481566657,0.2213667317684002
2024-05-29,0.275904055000402,0.27228312244623987,0.25420148830571176,0.23893758756604852,0.2480532238497224,0.2151542818045444,0.21769862601449366
2024-05-30,0.27570455259544324,0.25880228337541966,0.24814721153004773,0.23173993028006398,0.2435005011749862,0.20872623828574405,0.2141809884248186
2024-05-31,0.275519736479661,0.25505306784229176,0.24024779033384236,0.2256075134626477,0.23951804779526034,0.20343649583634918,0.21088848335268354
2024-06-03,0.275333836587833,0.24820372017597073,0.2397413750236602,0.21960340323508112,0.23563147774748347,0.1983543569906283,0.20772945538932192
2024-06-04,0.27518549996415165,0.14462538634638716,0.2400819260859887,0.2159356814893754,0.2327221997089349,0.19086028684986675,0.20143835428471812
2024-06-05,0.274987732850662,0.13761817480315067,0.23953501633504545,0.20945560203692,0.22870957878687176,0.18539733892616259,0.19865961042161276
2024-06-06,0.2748247557178931,0.13848293289337307,0.23899349520135543,0.2053394025262923,0.2258902771119705,0.18125398963604994,0.19600688690438337
2024-06-07,0.2746652699417232,0.14359406164643782,0.2397521573994724,0.20098737174279113,0.2235063581267669,0.18623863012329675,0.19674858854949212
2024-06-10,0.2745607791497163,0.14532300163563236,0.23881855377786396,0.20073391607905758,0.22278201625719693,0.1828357864385666,0.1941832328770967
2024-06-11,0.2746184513090412,0.1622946761151017,0.24220064672809383,0.20837478802676618,0.22795327221206238,0.2048092483808602,0.21241835689033012
2024-06-12,0.27781954512758333,0.2936327566005508,0.28200019875932103,0.34729852613554985,0.3181069347246073,0.21104079681107976,0.20915260869318134
2024-06-13,0.2781275622615108,0.3048877743611403,0.2866938358573064,0.3545816224997725,0.323271991307748,0.20916675328622927,0.2060299705818425
2024-06-14,0.2779440053827261,0.3041783461356656,0.285967426505339,0.3444421344892749,0.3166336941777029,0.20343179808771383,0.20304551780705968
2024-06-17,0.2777959817966166,0.307921065318544,0.2859650484352505,0.3354561750706016,0.3111591541925542,0.2087066324468943,0.20428786450546005
2024-06-18,0.27783177541916687,0.31093381028147976,0.2728537905631602,0.33411077303762127,0.31025666908357175,0.20541784024656903,0.20138109886315392
2024-06-20,0.2777216250976897,0.3172929186914652,0.2745784850455143,0.3267362604303758,0.30595701767070543,0.21443240257162302,0.20573764758642554
2024-06-21,0.2778405078455459,0.3318559610769933,0.27837633185612715,0.3276412528720175,0.3076645154276963,0.23787740925759254,0.2271361206877339
2024-06-24,0.2777220752663239,0.33341373413327197,0.2790766812430345,0.3202455703810122,0.3032609832619158,0.24433190558273218,0.22903936758545548
2024-06-25,0.2775294221379984,0.3197107415208048,0.2766319329232429,0.3107284563850543,0.296995122438049,0.2363365869643206,0.22506539084615157
2024-06-26,0.27734263974418083,0.3170641986893108,0.27514387157656406,0.30176297657262374,0.2910624426318302,0.2289992220859088,0.22125789694717718
2024-06-27,0.2773874287935336,0.3208300333314508,0.27605022427276765,0.3027230466710493,0.291381310019568,0.22469817687198998,0.21761152614615945
2024-06-28,0.27719890333281205,0.32050569305974336,0.2751056244909681,0.29390982358882967,0.285574665849525,0.21789901237540646,0.2141210171814048
2024-07-01,0.27718628377846494,0.330205385798968,0.27825342215685717,0.29188121800142486,0.2849064566609603,0.23355833306884283,0.22476925559810748
2024-07-02,0.27750910159640685,0.3410881592175574,0.282418119539817,0.3047797790555088,0.29293484501251527,0.23057785108903864,0.22097423563989568
2024-07-03,0.2774687497397849,0.34280638058728213,0.2834678110883104,0.3021670413296338,0.290961054068308,0.22555028340983416,0.21733993413429506
2024-07-05,0.27729083362832957,0.3423306556178963,0.28251235637203254,0.2938319497735349,0.2863562643411783,0.2312700538297983,0.22830758103600532
2024-07-08,0.277375015402437,0.346364291447258,0.28458262552847197,0.2970262538104348,0.2878996040984,0.228787894906997,0.22547734800334102
2024-07-09,0.2772024725865258,0.3421107323814447,0.2826018063714332,0.2890979370979032,0.2832802588080385,0.22302527374205974,0.22181322953925772
2024-07-10,0.2770147150704225,0.3420637141641169,0.2712933839360526,0.2806749247211512,0.2784369065096327,0.21695008074094577,0.2182721128801395
2024-07-11,0.2770284077406745,0.3287854751626574,0.27273183416685143,0.28177600413295883,0.2786864849239889,0.21459616735411466,0.21570939685970655
2024-07-12,0.2771991607177122,0.25225396258152616,0.2733120304444631,0.28772669774417564,0.2830856809744842,0.23895102949766545,0.24022051136346262
2024-07-15,0.27710229911633627,0.23851405242958498,0.2692017336246568,0.28353980311996957,0.28042768031264276,0.23410341548074237,0.23610973700150678
2024-07-16,0.2770713461321447,0.24271973558711188,0.2687187226761795,0.2825063371192905,0.27949476291360165,0.23035717236513226,0.232446066921032
2024-07-17,0.2768798017235414,0.2382952469685378,0.2677923595042232,0.2739886629472907,0.2746482446827546,0.2234458283127625,0.22836311389484096
2024-07-18,0.27711545260932136,0.25475525462422893,0.27285653616307476,0.28326784903500707,0.28094008248684676,0.2500699896095363,0.2553844765322348
2024-07-19,0.2772077621326046,0.2637397864288229,0.2780786505468294,0.28601063678978,0.2833037625567957,0.2685163568017929,0.2693122147180976
2024-07-22,0.2770162631830058,0.24839621488081168,0.2782279588522071,0.2773067699835789,0.2783361447482393,0.25935328851872574,0.26352079953509927
2024-07-23,0.2768283535168985,0.2437422774682935,0.27810105899613324,0.26892732768355576,0.27361421846265926,0.2532765531641817,0.25822757876172886
2024-07-24,0.27664761679145805,0.24373659920053697,0.2781007153990288,0.26137124579268384,0.26915873803654483,0.24575487185531433,0.25296516523182505
2024-07-25,0.27699996684415645,0.2700305418529259,0.2860509785962405,0.2769791051734425,0.2788966444665836,0.2756197448772982,0.283685281688527
2024-07-26,0.2768283100926393,0.26279729779941996,0.28347273141692403,0.2691902731918071,0.27458830301403675,0.27254002861447024,0.2785014819309859
2024-07-29,0.2766397930013899,0.26261269281009175,0.2796993843698928,0.2611248828467503,0.26989954902221647,0.26336089483599623,0.2723047394329744
2024-07-30,0.2764504950030919,0.2545638768898208,0.2789445348670778,0.25321924335481455,0.26532868300745305,0.2545109810269734,0.2663780501589695
2024-07-31,0.2762636103390333,0.23350910286916382,0.2765352896823378,0.2457078503738229,0.26093715550091207,0.24644589104551665,0.2607214346736873
2024-08-01,0.2762026889650739,0.23243722177409099,0.2521345493088437,0.24525045546137525,0.259990608188513,0.24162216475895915,0.25574364535735117
2024-08-02,0.27620309792295167,0.23931005932510246,0.2542244255059454,0.24653875339018705,0.26105399741467117,0.2556179830065201,0.26362590247515794
2024-08-05,0.2760388653616108,0.2265172139328734,0.2543324699727384,0.24051604775332525,0.25621085669603355,0.24752341177076428,0.25604000241635677
2024-08-06,0.27732689048424025,0.27850478829602304,0.2753123455421481,0.2990926638023109,0.2904830292553413,0.2998269292300912,0.33034479659960586
2024-08-07,0.27720444650696613,0.27757549177614166,0.27596574710925575,0.29244805164868604,0.2870426696194513,0.30093575600960343,0.32593209319332256
2024-08-08,0.2771038013446035,0.2713063304080352,0.2761279165078971,0.28767376936777367,0.28402688179919805,0.29332529053977124,0.3187621160307523
2024-08-09,0.2770742352268634,0.27284199353231975,0.2758972990288545,0.2863109401053403,0.2828500341624104,0.2871611189252686,0.3121772225720595
2024-08-12,0.27699245102717185,0.2733896245787865,0.27677203588687166,0.28268054888698235,0.28045239631640756,0.28061721437029724,0.3056230771968296
2024-08-13,0.27683111035929836,0.2661916357077046,0.2762074964867274,0.2754676708020933,0.2761874472095757,0.2727964446926401,0.2989665067375399
2024-08-14,0.27681223025380086,0.27572194198933725,0.27782257961197804,0.2753161046909445,0.2756277965449821,0.2678914251388307,0.293229537506074
2024-08-15,0.2766267761742555,0.2628672743895511,0.27777513587271574,0.26704599325400885,0.27092215715077705,0.2594984842705928,0.2869400135745902
2024-08-16,0.2765418331111438,0.25773638286779915,0.27857029981711123,0.2642023220121037,0.2689037008128495,0.2543908905468424,0.28138048406264693
2024-08-19,0.2763726567369136,0.2585072725432071,0.27851968615051625,0.25718539279311464,0.26478650539650805,0.24766500071290765,0.2756312134791441
2024-08-20,0.2761883153924774,0.258431711916177,0.2777808875414964,0.2493656851638344,0.26043046956680127,0.24147252464841493,0.27010881063998105
2024-08-21,0.2760057095921136,0.2581173189737564,0.273229851181053,0.24200446095482556,0.25621803188910874,0.23463009379692934,0.2647406819825206
2024-08-22,0.2758217592376615,0.23397281240621104,0.2719406248827362,0.23463962637765828,0.2521127484828354,0.2288579440241334,0.25963767172152075
2024-08-23,0.2756862667734701,0.23560790211370247,0.2728691752937734,0.22974760625861163,0.24956591763426114,0.23213133852500062,0.2577501231533639
2024-08-26,0.27555841486585686,0.23755017226032654,0.27326553417727656,0.2263124245892805,0.24716958404928305,0.22763023312793568,0.2531760659071529
2024-08-27,0.2753750403072779,0.23754086014307166,0.2732472286159108,0.21949543188775833,0.2433159211696426,0.22117869713784072,0.24849121321519396
2024-08-28,0.27519728237885205,0.23760313275434658,0.2732201415893758,0.2133054777213019,0.23972017114715832,0.21560040378600043,0.2440312253628242
2024-08-29,0.2750480589828943,0.23463782387069132,0.27362702303915754,0.2084679914698916,0.2371726294219673,0.21782450624327648,0.24199599760946328
2024-08-30,0.27498244015405554,0.22922792926548058,0.2746851022608573,0.2099075412126228,0.2370482008842829,0.21510613121310224,0.23845725736676485
2024-09-03,0.2748104798628738,0.22966872174401504,0.2748033682282423,0.20395151532945024,0.2338603815672595,0.21359617335811282,0.2351245264151112
2024-09-04,0.2751007489453301,0.1740091595334345,0.28091026323882073,0.22425659444789842,0.24475778554787012,0.24085720742155103,0.25986064253041247
2024-09-05,0.2749709492813791,0.17293326469940945,0.2810305029146428,0.21999248630641324,0.24263350035384793,0.24396363076851613,0.258147834518667
2024-09-06,0.27481306823982027,0.17011184052124095,0.27767537401472053,0.21498498776653208,0.23963475853158553,0.23806055986539912,0.25358576344981076
2024-09-09,0.274667372049618,0.16567234614040827,0.236719295970235,0.21021297413751977,0.2372064430001893,0.23949029479610948,0.25121933145074016
2024-09-10,0.27448640866312635,0.15962563539424673,0.2297377676444001,0.2038152011387506,0.2337428097075715,0.23258335732038787,0.24678794985081268
2024-09-11,0.27431679575963086,0.15886633411795856,0.2296894152519694,0.19810730537717106,0.23075775547121785,0.23047841571343902,0.24324142000564816
2024-09-12,0.2742086532562377,0.15222374639265351,0.23004550677675983,0.19728433106372048,0.22959570881445585,0.22635596025118165,0.2396269248083758
2024-09-13,0.27402868424453314,0.1520968675761213,0.22669555142440478,0.19128390133308484,0.22637156125196584,0.22001398840785355,0.23566819454354204
2024-09-16,0.27385116674097243,0.14384078789230645,0.22544689561301753,0.18551650237680553,0.2233320183564053,0.2158620118594471,0.23202316202859272
2024-09-17,0.27415805283400385,0.17116158576393506,0.22843328681962444,0.20979973108080838,0.23550249235458712,0.24341683741102302,0.25829343543021294
2024-09-18,0.27398024956044376,0.1717859414348867,0.22727849028550073,0.20358376823335012,0.2321172034267502,0.2364293880094399,0.2535815010111342
2024-09-19,0.2739822255974155,0.18535520571799238,0.22993918944810746,0.2094106859797926,0.23412065524157957,0.23352122093084313,0.25025706504031664
2024-09-20,0.2745971402377719,0.22993589834567496,0.2413977858061,0.2489865003381421,0.2534923646526908,0.23533557952986026,0.25124617558384105
2024-09-23,0.2744261385435115,0.22796844871269195,0.23850875040966102,0.24166957898421465,0.24976961618457627,0.2323173072344947,0.24730357494140454
2024-09-24,0.27428846020424585,0.22703968037334826,0.23912152328079508,0.23615441757900701,0.24714227847407752,0.23468791307260328,0.24557707428050812
2024-09-25,0.27411676665777746,0.22742385381364746,0.23644118178340742,0.22948105601799382,0.2435289201992055,0.2285647542814188,0.24141344673135967
2024-09-26,0.2739543236888582,0.2275490333331055,0.2295458837125314,0.2231464353937841,0.24035680751038727,0.22753235079599052,0.23838135464688326
2024-09-27,0.2737883804898124,0.2269519011156375,0.2274795732189076,0.21724845242484228,0.23710028051158005,0.22202706959130525,0.23455192349348067
2024-09-30,0.27361137989172213,0.22069518808149372,0.2272296656435603,0.21068071852816322,0.23363699071596605,0.21588310712461614,0.23080296004352635
2024-10-01,0.2737271665517291,0.23509568129624686,0.22773854983365338,0.22278440976987854,0.2389433636866801,0.21517150116247985,0.2293860027807139
2024-10-02,0.27407899037877115,0.23825305711016373,0.23537866916398353,0.24391657836318412,0.25104844567412293,0.2445128578746143,0.2588346798889608
2024-10-03,0.27390435540025565,0.23563370257455546,0.2353069665777148,0.23668877793443954,0.24703547014106605,0.23732690488513103,0.2533102490007275
2024-10-04,0.2737463955017773,0.2357122167563594,0.23220535674881013,0.2302661531623103,0.24388686503221335,0.23650601690819326,0.25002065353247604
2024-10-07,0.273581541357394,0.2342577398124989,0.22751818378225908,0.2240987827363961,0.24055319498779024,0.23086334768162295,0.24584153070246517
2024-10-08,0.2737238429140619,0.24926853930363124,0.23050978051870777,0.23427039411496065,0.24644518952832176,0.2499055234873764,0.2601986148068535
2024-10-09,0.2737342867991382,0.2568271486388356,0.23106575779500485,0.23814064895602616,0.24791598569929751,0.24649675351460135,0.25682518868449106
2024-10-10,0.2737103222742988,0.2601379717910855,0.23370189185420118,0.239842213282558,0.24836657701353626,0.24288637075764286,0.2533602824170031
2024-10-11,0.27354009014963165,0.2604682251805571,0.2278498543359009,0.23268986136004463,0.2447664378797741,0.2389277942062904,0.2492702462158265
2024-10-14,0.2733957408738643,0.2618775282650173,0.22419917693484437,0.22701486296582474,0.24205685107612776,0.23974629608099282,0.2468762810654857
2024-10-15,0.2733680417323736,0.24327226515196046,0.22661861703422054,0.2292376960461749,0.2426681397076489,0.23641709819080678,0.2438107849933319
2024-10-16,0.27325647599343983,0.24467394584477725,0.22756436862738894,0.2263507569255825,0.2408505999611493,0.23207086268221747,0.24026045330457027
2024-10-17,0.27313616506362587,0.2427271138945028,0.22827750452887932,0.22213807923396459,0.23897594282006676,0.2357524687052726,0.239704474200691
2024-10-18,0.272963055273983,0.20568870895680222,0.21991996275388898,0.21546028993899963,0.2355120177170538,0.2294164638121862,0.2358599447718617
2024-10-21,0.2728682904852267,0.20909460737136462,0.2207385010960816,0.214281494840796,0.23444506500843743,0.2256739689238289,0.23276649363229895
2024-10-22,0.2727135684852774,0.2068460191472117,0.22096160677136237,0.209191963135639,0.23163521239275894,0.22082122912817903,0.22933983307351016
2024-10-23,0.27254743108743645,0.207439318158004,0.22112097936887412,0.20307518516441278,0.22861787428905225,0.21838181358521513,0.22634549971033663
2024-10-24,0.2726663714028832,0.22283285762410643,0.22608211313460547,0.21409012166844674,0.23461102311362475,0.23706182253019428,0.24145512043547257
2024-10-25,0.2724955076132505,0.22240334893730848,0.22421961751789657,0.2075927659519133,0.23132818272106206,0.23196678368623255,0.23762786848555245
2024-10-28,0.27232874253574707,0.22263671146538608,0.2212997086343066,0.2017665663959312,0.2282315463295338,0.2262482260438982,0.2339009721240569
2024-10-29,0.27219364677717744,0.20930506936991836,0.2215212112288678,0.19845734575376667,0.22618449589295084,0.22186310566437123,0.23056776954438882
2024-10-30,0.2720225245235651,0.17837712766500669,0.19628073365682175,0.19246410227151442,0.22311617413898707,0.21608733398497754,0.22709134474369908
2024-10-31,0.27199999620146564,0.18818843853540188,0.19800607039654033,0.19582937940663114,0.22501951546660992,0.2276518402546402,0.23336422541314
2024-11-01,0.272036443203636,0.19914269343927207,0.2009267454556372,0.20263694259417195,0.22738324309105362,0.24031440630899165,0.24098410346439328
2024-11-04,0.27197854191950355,0.2037266682058879,0.20054758617420804,0.2031363777384135,0.2278858002867611,0.24819811466200356,0.2438836068488638
2024-11-05,0.27182095236000003,0.1874745527003276,0.19896457014775065,0.19757281806530766,0.2251500800918885,0.2459073723011564,0.24061597446987928
2024-11-06,0.27167086030915644,0.17652733294763606,0.1988777949367151,0.1932072133275452,0.22264534423499538,0.24018470055851587,0.23684196516185596
2024-11-07,0.27151005153855545,0.16461658411778463,0.1959523757974328,0.18775158625949626,0.2199555866191534,0.23747642008464703,0.23363265275308523
2024-11-08,0.2715893220785117,0.18339978631277332,0.2006828851606614,0.20010490012588195,0.2249038682134414,0.23529218568281082,0.23207942888261343
2024-11-11,0.27142213184750835,0.18197094504577857,0.19886154925157817,0.19406391266068473,0.22189873407181057,0.23066986773490727,0.22862132712038846
2024-11-12,0.27134613173256233,0.1757330440433742,0.20007835812305486,0.19387837777387337,0.22203380352058977,0.2376776061891947,0.23115335083337504
2024-11-13,0.2711777786640714,0.16961422131731071,0.20007349761612653,0.1879720613445919,0.21905575549065595,0.2317273594411115,0.22761704223609425
2024-11-14,0.27101588457065445,0.16883759773576046,0.20016165550484263,0.1828980517922811,0.21634328926266108,0.22614065221803903,0.22425772539037678
2024-11-15,0.27094708897751646,0.17698692831510374,0.2021382622997068,0.1852342475613485,0.21673696400150463,0.22287279700508994,0.22185807890605716
2024-11-18,0.2709048266946245,0.17603015262369925,0.20353839209373153,0.18778435557088605,0.21821367595465688,0.23252171715564632,0.22697237204878618
2024-11-19,0.2708311588312126,0.1822233065356835,0.20430608452505247,0.18939673826235376,0.21835207086387268,0.22888534198199723,0.22440582179315519
2024-11-20,0.2706640606611406,0.18246070839382245,0.20429756663705712,0.18368048035244142,0.21547989995412264,0.22283806712913623,0.22112549560696002
2024-11-21,0.27050070841813717,0.1667653206612885,0.20425734867590162,0.1785065831443406,0.21280128819960056,0.21748787939250977,0.21801047373167684
2024-11-22,0.2703384540684542,0.1668819144795051,0.20380551490803325,0.173260332625814,0.21028212712397232,0.21461819068483434,0.21530628766072565
2024-11-25,0.2701879260153576,0.1677896866171559,0.20197040360750407,0.1695454880586576,0.20817827692724525,0.21021631404326238,0.21254788964083912
2024-11-26,0.27010972656027454,0.171595721781561,0.20355607718096771,0.17203554940068025,0.20860430660024273,0.20751767960953213,0.21058599069126116
2024-11-27,0.2699874940062557,0.1748026460367987,0.1960557464158981,0.17075629257202177,0.20750902207475358,0.20416824881671541,0.20829673065932838
2024-11-29,0.2698228947161991,0.1648046231373568,0.19506188358736742,0.16556833366606852,0.20503306752965345,0.2003022239211777,0.20576109087568853
2024-12-02,0.2697095448340634,0.15082242633663706,0.19559546645938944,0.16536644635999592,0.2043760858917249,0.1974413654578874,0.20377202384696746
2024-12-03,0.2695890448236893,0.140406227189061,0.19557308206098079,0.16454900472315961,0.19984162559696272,0.19147766926254872,0.19790508421510197
2024-12-04,0.26950734225931533,0.14078687490537775,0.19692745400071773,0.16708724993811638,0.2003745014764508,0.1897354032052652,0.19652642131009718
2024-12-05,0.26934328475277747,0.14099279626400754,0.19662037478880975,0.1620997965365429,0.19786772837332764,0.18512992527465033,0.19413693747104943
2024-12-06,0.2691794091151451,0.1390810550744298,0.1955705507631355,0.15716231613424295,0.19545548137211496,0.18109866880055206,0.19187087997456762
2024-12-09,0.2690169921858913,0.1248895591601105,0.1956196490531947,0.15240811956133737,0.19318139257474196,0.17820699383302663,0.18980341425282715
2024-12-10,0.26898794093583334,0.13145098347484505,0.1977882780466956,0.16048185203377896,0.19602785011142526,0.17791212820540886,0.1895374076839199
2024-12-11,0.26883119888183965,0.11663592428133115,0.1879613295570568,0.15642096455840365,0.19388971208004138,0.17449458620208352,0.18754452942266797
2024-12-12,0.26868807901682085,0.12095224186949285,0.18859192302117822,0.15298038608422296,0.1924382721481081,0.17640114659091718,0.18715713838801568
2024-12-13,0.2685408631966054,0.12098404472953804,0.18589060919779285,0.15012188301010823,0.19076826744384165,0.17352274793342148,0.1853972072283256
2024-12-16,0.26837845778338093,0.11707031005794102,0.1709555884092372,0.14557298324474013,0.18858953127265102,0.16940552926207622,0.18350797050835335
2024-12-17,0.2682846621446283,0.09775853834905394,0.17199775362931616,0.14832256881818798,0.1891507851428484,0.16832676728654844,0.1826690196755157
2024-12-18,0.26816824403726336,0.09461613541268372,0.17167858363745925,0.14868753124155512,0.188791054735343,0.1667651004396081,0.1815506947004632
2024-12-19,0.2682851471701187,0.13367775409491614,0.17816970664319037,0.16649310953476554,0.19788654574158576,0.18708674571657039,0.20148968042137855
2024-12-20,0.26814588197940586,0.13398097627310915,0.1780823594628189,0.16370936273703637,0.1962680822911579,0.18402938488072573,0.19916376955141812
2024-12-23,0.268168804989515,0.14093980634661185,0.18138274685137268,0.1747734168150476,0.20086190746902685,0.18420340879722605,0.19906795327517648
2024-12-24,0.2680107505800057,0.14117411322519371,0.18138976024375592,0.16986769656116057,0.19842960279521712,0.18024321962401244,0.19660109406897266
2024-12-26,0.2679145368210006,0.1401341515481128,0.1772408480294601,0.17063323933107574,0.19840479565917934,0.17864439493414766,0.1950659155511235
2024-12-27,0.2677572669471336,0.13940559597327395,0.16510861238159288,0.16589528585085772,0.19606824304073098,0.1749475980677022,0.19278052210836538
2024-12-30,0.2677078504858476,0.15263898173931295,0.16816340325931156,0.16888240727896925,0.19812841759552993,0.1855580373672004,0.19902164906933845
2024-12-31,0.2676586174415279,0.16291063173242626,0.17050194053813258,0.17166797845393403,0.2000867314856634,0.19569485912822587,0.2047640220622766
2025-01-02,0.26753316703966185,0.16485159440945737,0.17136240258356145,0.16868577608325427,0.19897526542962954,0.19866993524136226,0.2045557360208497
2025-01-03,0.2677818976252597,0.18835008445220866,0.17375416137784402,0.19275641232205332,0.21170621963514227,0.2247553850739088,0.23158029917052483
2025-01-06,0.26762661758354767,0.1884704317551254,0.17035845425236273,0.18704754250136932,0.2089159313243231,0.221052927443139,0.22782554668547084
2025-01-07,0.26748776803809404,0.18992043145267523,0.16772237532608825,0.18323271087440704,0.20674436016467462,0.21626379604891222,0.2241458023282419
2025-01-08,0.26741084360009554,0.1945210641528804,0.1695572448451028,0.18308611524641036,0.2071944870197105,0.22319971256337967,0.22630291272387118
2025-01-10,0.26725315775944747,0.18520539827879265,0.16884271783396645,0.1776827694833348,0.20439442570301972,0.21705285752277112,0.22246627554969958
2025-01-13,0.2674382571346845,0.20169424688430718,0.1735237590988542,0.1961160870938404,0.21491739895908288,0.2386045172690088,0.242612979000473
2025-01-14,0.26734765853465425,0.20354200861261643,0.173499648198353,0.19434929020752778,0.21446906481240788,0.24324684027356014,0.24268277495607707
2025-01-15,0.2672061047672978,0.2012229488402151,0.17279970596237987,0.1893424254908097,0.2120846665179019,0.24159425366433368,0.23932134259436844
2025-01-16,0.267249457771201,0.21650905369545206,0.1773434109405148,0.1988797350354061,0.21633118287841793,0.2392748092470477,0.23716164250999444
2025-01-17,0.26802798083275786,0.2492065470699608,0.19442037465972092,0.24871359401837215,0.24594354480764716,0.27938768585744045,0.29031788983086454
2025-01-21,0.2678964457043384,0.24765461721675017,0.194618688846989,0.24291043724359793,0.24265368955064967,0.2718877240003626,0.2841657610365883
2025-01-22,0.2683243498113065,0.259548096854891,0.20504564886510357,0.266208131755823,0.2578126625989478,0.2994196724082281,0.31024601744067437
2025-01-23,0.2681790498672561,0.2585664548760359,0.20078608136344572,0.2589337913959959,0.25370872230095354,0.2902821612053246,0.303220792558988
2025-01-24,0.26802265342419995,0.24318594018350703,0.20078556287971716,0.25106299608067595,0.24944854505633848,0.2819377716229099,0.2964297794894569
2025-01-27,0.2678768623383687,0.24086022686635342,0.20073287020713818,0.2438949116388557,0.24569556022504413,0.2773913975139543,0.29050729072975806
2025-01-28,0.26825453613524153,0.2701520324521362,0.21061679157815735,0.26680790839390656,0.2583245880673346,0.27651058323385735,0.28906791278247274
2025-01-29,0.2688045202979005,0.3079457871959862,0.22363757270341525,0.29513997748528453,0.2749141025288047,0.27697514529365314,0.28933821292165346
2025-01-30,0.26865594300470774,0.30735329261952554,0.22137029100420183,0.28671140387815275,0.2701834067105286,0.2688269435910571,0.2830634212317985
2025-01-31,0.2685348574726277,0.30547877507723775,0.21850049268121483,0.27946024381547363,0.26652872309135534,0.2686817498335011,0.27910316411475194
2025-02-03,0.26840798906425634,0.30541396216180067,0.21708032092209287,0.2721934925235168,0.26281049362902187,0.26778541036832737,0.2749677349418134
2025-02-04,0.2689018614500871,0.31424424365972814,0.22837948338232775,0.29491487169726366,0.27808501584404094,0.29790185770657723,0.3061448628079969
2025-02-05,0.26897157765152313,0.3257774398638994,0.23189952270654743,0.29737049428314005,0.2853904628588993,0.3005364846824723,0.30662063776026416
2025-02-06,0.2688176603488616,0.3241530252749559,0.23179169706537042,0.2883640751669876,0.2798678065285438,0.29158370333061273,0.29932401277186327
2025-02-07,0.2686653005907757,0.3229409357205884,0.22787573329768238,0.27986064481698597,0.27452806948896297,0.2814398908089499,0.29219255249866877
2025-02-10,0.26883860039597457,0.33202656642803297,0.23332894980285349,0.286895713010261,0.28001186510393516,0.3016725897411547,0.305803022624379
2025-02-11,0.2686831505119397,0.32270331476861924,0.23194914803846076,0.2781940359148582,0.274575276883433,0.29040598546376717,0.2983833819072548
2025-02-12,0.2687714023736029,0.33140209091655304,0.23607640817351122,0.28276298810043843,0.2769594736234801,0.2850936219652385,0.29317515268207245
2025-02-13,0.26878414366057457,0.33715255207157824,0.23871644900230646,0.2832042813077551,0.2768633795797445,0.27918176089181246,0.28761297293559895
2025-02-14,0.2688242050872141,0.33715054120198956,0.24036828855867037,0.285034000964788,0.277643999382276,0.2739831117902824,0.28253320055696557
2025-02-18,0.26874727950115596,0.30139384362285637,0.23941349581913515,0.28073567744192035,0.27471302373573137,0.2673000247220019,0.27671762605574124
2025-02-19,0.2685934274679276,0.3013888308946119,0.23815607372259792,0.2721911841335114,0.269487048381774,0.25926998160206965,0.2705570213823223
2025-02-20,0.2684394891335157,0.27145771789657097,0.23815690104833023,0.26397583047756323,0.2644085079894969,0.2506110283920184,0.2645999883247451
2025-02-21,0.26829092043638436,0.2714782829836698,0.23818757481919214,0.2563876569988053,0.2596580805226143,0.2430248508610239,0.2589428106865441
2025-02-24,0.26813887397820946,0.27158637411966086,0.23813716052858233,0.24861650452484163,0.2549801709676116,0.23709546459772843,0.2536225839853836
2025-02-25,0.26800217150428596,0.2696071552811467,0.2381718519906309,0.24228914192937287,0.2509398817246426,0.2308749898363225,0.24855033908823407
2025-02-26,0.2678492978690821,0.2513729330683151,0.2369337592983891,0.23490993791277887,0.2465086140675764,0.22455417206249526,0.2435870538592707
2025-02-27,0.2681096511417484,0.2426433839255701,0.24317660393210316,0.25085254108118443,0.25711831033060545,0.2527600234267958,0.2689334111972769
2025-02-28,0.26805297094474256,0.24662078995837827,0.24467913786497233,0.24819742145723162,0.2559365534781806,0.26042638450673417,0.2698027923860254
2025-03-03,0.2680827560839116,0.2543007887990398,0.24689427239221337,0.25187343430721576,0.2575316076062961,0.25618583280896573,0.2654781783358234
2025-03-04,0.2680745797660187,0.2599388037751828,0.24835776475302399,0.2517668267278064,0.2580281792827484,0.2674617046250982,0.2699262915490701
2025-03-05,0.267970153660109,0.2292956206173344,0.2475675810546493,0.246495885303723,0.25510249877671365,0.26940115324289204,0.26741261068608735
2025-03-06,0.2678189929769311,0.21793141146668674,0.2475404127444002,0.2390071368747696,0.2505579185727527,0.2615726867600583,0.2616788271868743
2025-03-07,0.2676700073988042,0.21797727561893085,0.2475540587736657,0.23182468364019773,0.24527914224120836,0.2543436189144792,0.2548043611732864
2025-03-10,0.2676421177624189,0.22442256599899396,0.24979186484690943,0.23310311948227394,0.2453661434754322,0.2497027737431584,0.25083375654360013
2025-03-11,0.26877453170910404,0.2728055521027124,0.26639046292172935,0.29430075876022016,0.283481345492775,0.30374078523343917,0.3255989189420998
2025-03-12,0.26909276969683815,0.29193292556376793,0.2722321381367068,0.3070807577966791,0.29252632008041346,0.3280535452902877,0.34308467261166714
2025-03-13,0.2691130603326966,0.28375673291836706,0.274055044383959,0.30538496037865115,0.2921669085501975,0.3364650883379489,0.3436048015062623
2025-03-14,0.26957824955336973,0.2911076351035128,0.2810959627539379,0.3236953715653408,0.3048588463321055,0.36412200750865714,0.3665988255601837
2025-03-17,0.26959028013983233,0.28939971585062557,0.2842399294054242,0.32168962410395546,0.3033333198739251,0.3535761682152991,0.35811997173867055
2025-03-18,0.2694402400928457,0.28279680109681343,0.2829089889777328,0.3120279412974056,0.2973754336111424,0.33997465766084456,0.3488704703537864
2025-03-19,0.26931199537303413,0.2819249330907133,0.2818517169799719,0.30345732189690855,0.292332169574557,0.3343880617190979,0.34126050278993025
2025-03-20,0.2692295904024228,0.2883495138414362,0.280710682256421,0.297883542719164,0.28863153545451603,0.32420701735787605,0.3331272642826775
2025-03-21,0.2690963888832597,0.2858751690571562,0.28011991709070155,0.2895421948864886,0.2837102036324503,0.3186344105753213,0.325869011414751
2025-03-24,0.2691335730335267,0.30022868311727025,0.280336892889593,0.29075828161551787,0.2839236920291688,0.31116835841238516,0.3192574039449693
2025-03-25,0.26904292269002006,0.30335904591521445,0.28151983193819935,0.2852867296777515,0.2802937090126345,0.302201165823223,0.31193830622301444
2025-03-26,0.2689823582901151,0.31047327502785427,0.2820145279179424,0.28166572576536997,0.2777183334472647,0.29432897989153395,0.3051552878011999
2025-03-27,0.26888982039874026,0.2999441866909361,0.2822236259039332,0.2757968034249679,0.27447160071809007,0.29588083866200937,0.3015006820082931
2025-03-28,0.268790914345119,0.3021826815660243,0.2825268764199817,0.27047802738312576,0.27093479791342673,0.28761613765197264,0.294835527494911
2025-03-31,0.26902627300991255,0.3018666058255473,0.2860836877919893,0.28187117138813866,0.2785644835260641,0.3097319004412159,0.3114484781887741
2025-04-01,0.26906169941946734,0.3109609596405941,0.2893105359050314,0.28351760859545244,0.279002471658076,0.30277778348966305,0.3054526067243219
2025-04-02,0.2689211692493031,0.31148295095863365,0.2850784638471006,0.2755060887980538,0.2740239507890967,0.2927701770376408,0.29828612454757236
2025-04-03,0.2687751196427061,0.3120955058691853,0.2852185088755485,0.2673913118658691,0.26903951008738913,0.28295585435091114,0.29135960510877645
2025-04-04,0.27309047455775887,0.4466895870180935,0.3404996265193601,0.4432335648896818,0.38602408801617516,0.4002913684425625,0.4943849661661053
2025-04-07,0.27567734233069924,0.4950831739805559,0.369192760639973,0.5147763689670989,0.4640278688968812,0.5016399602426784,0.6069157886960321
2025-04-08,0.2762213993032651,0.4850586862352856,0.37503993443518374,0.519132118863273,0.46889988158639834,0.5254285580160883,0.6140485296891779
2025-04-09,0.27733547825818033,0.5007187707576307,0.384357467375002,0.5393086668993753,0.48619219601231456,0.5649110602414044,0.6397977606151536
2025-04-10,0.2886861982342859,0.7697195053910006,0.5026601914336717,0.7928954835104122,0.686610830477259,0.566144164435508,0.6456663149107853
2025-04-11,0.2894102542520405,0.774908270248699,0.5093395808264851,0.7862165559378508,0.6836117138328799,0.5926485064624285,0.6574587378494267
2025-04-14,0.290023699674213,0.7872942042383252,0.515065335603338,0.7784374523954269,0.6786109819772972,0.5709107576513094,0.6403374142792168
2025-04-15,0.29008663511131594,0.7920227903503876,0.5113337743484176,0.7595795192156516,0.6648689676430872,0.5472848206423179,0.6226074813264647
2025-04-16,0.2899297119538966,0.7918449022059513,0.5109892006485497,0.736475815980459,0.6479431768661424,0.5240673490813413,0.6050624802038606
2025-04-17,0.29051131199395924,0.8010105189180509,0.51296418729913,0.7299121662035138,0.644516411340395,0.5491242982306255,0.6152150692749769
2025-04-21,0.29043854407404945,0.8034867389390039,0.5137748004398125,0.7097518448564046,0.6295668162471665,0.525505449295154,0.5979973394755812
2025-04-22,0.29046664947161216,0.8009235808301437,0.5150615077664428,0.6922493259253744,0.6170663288318484,0.5253127139006495,0.5882951729760545
2025-04-23,0.2908438893260653,0.8110573369075504,0.5202858094625229,0.6841068938596274,0.6111119541758537,0.5069693367945768,0.5730257519342664
2025-04-24,0.29095415871592034,0.8149696668201817,0.5184850316034715,0.6699802837901229,0.6005531958461461,0.48806409472736045,0.5576288025352004
2025-04-25,0.29094701666130696,0.8180959023834032,0.5141322390166437,0.6535095436394392,0.5881870317129234,0.46932242157395104,0.542451298776159
2025-04-28,0.2907951393937976,0.8171648313401871,0.514119384899199,0.6338285474329316,0.573471224542025,0.44923416725847537,0.5273995425534389
2025-04-29,0.29064259498581296,0.8122340619884387,0.514116792796289,0.6147272818299089,0.5591564814788583,0.43038530477739817,0.5128358803859228
2025-04-30,0.2904940634911809,0.8091391621624592,0.514177623706195,0.5963289941116602,0.5453225728162499,0.41290644650232267,0.4987591666344775
2025-05-01,0.29035061009069174,0.8092863221027331,0.5098826564215607,0.5786499876266875,0.5319835306552163,0.39670303320963,0.48515922744130574
2025-05-02,0.2901979512486595,0.8093423064911861,0.5079780450135835,0.5612225978279001,0.5188371143334272,0.38108654390742647,0.471981682166379
2025-05-05,0.2907166703804889,0.7482864839617113,0.5134332467371083,0.5631860554756958,0.5209627491633126,0.41432558162183025,0.49102864611626956
2025-05-06,0.291038593350467,0.706939720860654,0.516965766260028,0.5595633644973629,0.5187448507713117,0.4372953143333106,0.49968967454462937
2025-05-07,0.2908835499901564,0.6912107276836489,0.5149565681920693,0.5425676705176469,0.5046359408542638,0.4053740861339681,0.4707351184965041
2025-05-08,0.2907919237969539,0.6634269452428839,0.5152944577502951,0.5278983700461876,0.4908550670665862,0.40203177499358284,0.4590343330666185
2025-05-09,0.29065078975746944,0.37823174908873786,0.5132114645035133,0.5124058224363358,0.4758994135540678,0.38008148465074243,0.4436038925754343
2025-05-12,0.29050460747008544,0.3437652590919035,0.511683492488369,0.4972176831579675,0.461357322000185,0.35989426666193186,0.428840973846713
2025-05-13,0.2921792818376075,0.3840368751268574,0.5272273605747625,0.5410011015652761,0.5028648209038937,0.3519682184843948,0.4147217436699422
2025-05-14,0.29206477486564186,0.3786714919753863,0.5269544214724163,0.5260034920846619,0.48824574337790033,0.33509593951253436,0.4012232379503793
2025-05-15,0.29191278777033175,0.3788418189048545,0.5269525699880483,0.5100970021620111,0.473162740576297,0.3232506677897683,0.3887281912216435
2025-05-16,0.29176598783161967,0.34678712147937124,0.5269250321158143,0.49481989184832,0.45881745013150527,0.31466296898958657,0.3771917251549092
2025-05-19,0.2916102051589192,0.3454439060719292,0.526790600937179,0.4797584078712058,0.4446766938506625,0.3012794568345152,0.36545439215087017
2025-05-20,0.29152351419821826,0.3396501144139223,0.5271669362749819,0.4673774260220723,0.4335401838870848,0.30785548583518163,0.3599105485245577
2025-05-21,0.2914109638704003,0.3234877965822941,0.5270620987677423,0.454547999443581,0.4219508898542819,0.3093437828151907,0.3525639697569978
2025-05-22,0.2915118550354033,0.32386098308060335,0.5287337738829746,0.4497296025826324,0.41862586553853826,0.33617149635265337,0.36324847453952236
2025-05-23,0.2913636842300779,0.31626803595921926,0.5263179739305592,0.43625520328077333,0.40628896455213487,0.32558474156333156,0.3527422986842251
2025-05-27,0.291643619600381,0.33131735907913223,0.5290038623844389,0.4390101882724999,0.41056001824499117,0.3647398137687945,0.3776381893253402
2025-05-28,0.2917723826650731,0.34573165402456163,0.5302397032564409,0.43685591629614906,0.4082870019407739,0.34948931529020033,0.36579784011330513
2025-05-29,0.2916169635809383,0.34490851067102873,0.529574929805983,0.423567158353792,0.3960017029991243,0.3312001127032813,0.35449686102719796
2025-05-30,0.2914653014916319,0.34346745154157293,0.5294007559096834,0.410764831325488,0.3843727213668591,0.31888277194323317,0.34405558235295136
2025-06-02,0.2913176842576329,0.34363900316382684,0.5295719792697606,0.39863569598142684,0.37324315476012576,0.30377868062118096,0.33376010195169514
2025-06-03,0.2911693286801014,0.318853156730731,0.5297311049410468,0.3868418211947997,0.3625169164550152,0.2898601150831176,0.3239484320596133
2025-06-04,0.2910392236636236,0.29831632030079075,0.52882059916088,0.3762763347844246,0.3529201985575479,0.2776977775783199,0.3146030150136824
2025-06-05,0.29088821868012515,0.2983618160451491,0.5199312568000806,0.364914986801583,0.3429728670324621,0.26951654522096274,0.30605538004726646
2025-06-06,0.29079249155847614,0.29803773635953273,0.517086973177325,0.3562808518146788,0.30079759472951406,0.2715311388347028,0.2817295742935192
2025-06-09,0.2907547796892566,0.30238959042486957,0.5171550711664464,0.35126304018419174,0.29759214901348957,0.26169656225393734,0.27330916426409957
2025-06-10,0.2906737812300986,0.3060466009466231,0.5131283025752199,0.34380353852665857,0.29280443734642114,0.27280550141005433,0.27452907775712954
2025-06-11,0.2905345061833395,0.20142181276138163,0.5118807205226488,0.33416066038904674,0.28451094513257885,0.261062221670434,0.26656644718209244
2025-06-12,0.2905582117670934,0.20506334074023214,0.5132975247595751,0.33246612789669355,0.2869747029123329,0.2861922919672974,0.28116439339369986
2025-06-13,0.2904063285880533,0.2059788351143099,0.5132037227150117,0.3224425594678367,0.2783292727222244,0.2726299873664605,0.27277969570564264
2025-06-16,0.2903463760213079,0.20944996706076802,0.5132307939973514,0.3171950171743078,0.276206418587885,0.28600846273615804,0.2765838772379636
2025-06-17,0.2902355241635385,0.21483357253106408,0.5136431655242687,0.3099941514983803,0.2704817366081915,0.27383294135469755,0.26848998133887947
2025-06-18,0.29017846618233384,0.21620002927336865,0.5125968598524114,0.30544816054915674,0.269141811088728,0.28749765468737376,0.2730741471137706
2025-06-20,0.2900348393492749,0.21672393600619347,0.5120906730745202,0.2967316972706598,0.261897677746244,0.2742887967279836,0.2652047740150398
2025-06-23,0.2901037065820937,0.21957764886635234,0.5135142909152136,0.3006836762750967,0.2682557595362264,0.26528702798500786,0.2578444940771234
2025-06-24,0.2899536268046691,0.21938026435045205,0.5132499945942117,0.2916840728002312,0.26069231363066586,0.25355272517639627,0.25096797572523644
2025-06-25,0.2898207173497933,0.18972063885480098,0.5127782228610972,0.2837447257291059,0.2549147513609344,0.2537664792108724,0.24721248612089472
2025-06-26,0.28968465166040047,0.16871952836574655,0.5102829567440211,0.2761859697127208,0.24893778554995685,0.2436402951585104,0.24104904247974496
2025-06-27,0.28953821772437155,0.16906776506490448,0.5085560176832976,0.26799005768009515,0.24285434065973796,0.2388670389045962,0.23604696017712812
2025-06-30,0.28938722229932473,0.16880059758236723,0.5084174735284737,0.2598306106920018,0.23671028032846445,0.22891261856669803,0.23065562102745826
2025-07-01,0.2894153825656706,0.18276994989733017,0.5102665733661305,0.264039219831282,0.2431211057543864,0.22323818631360057,0.225641015534574
2025-07-02,0.28933466316306006,0.18727050526494518,0.47394691102668285,0.2608757268896982,0.2415614695656288,0.21669477815856006,0.22098483723264853
2025-07-03,0.28939775171533494,0.20021121224375762,0.45026078004356296,0.26729233189918244,0.24982750662859682,0.21230150113297544,0.21666631854869117
2025-07-07,0.2892574307206543,0.19973538898927992,0.44283192688219514,0.2599446898817222,0.24384297122622275,0.20523910506881166,0.21266540354060623
2025-07-08,0.28924388894237196,0.20620282363625375,0.4310009826253776,0.2604108775706698,0.24761112726777398,0.23090817363128294,0.23007081228009635
2025-07-09,0.28909400610532987,0.1994684560812698,0.297507026104123,0.25248015711020483,0.23601842512061727,0.22028344248413587,0.22281492321141697
2025-07-10,0.28895501891617753,0.1931446435192636,0.28345113252214266,0.24568112403174677,0.23045617398039375,0.2124384947234599,0.21814865705250694
2025-07-11,0.2888191916219581,0.19313445380271294,0.2719132604595132,0.2393422142222051,0.22553385208999804,0.20534123833814644,0.21385037901838877
2025-07-14,0.28868846731368586,0.1786122472207052,0.26882676634344826,0.23317641589604857,0.2218120429462216,0.20929107302383496,0.21309998527879084
2025-07-15,0.28861031471058474,0.1865126907806149,0.2700702355291924,0.23086080932621808,0.22304664399165505,0.22497398386295261,0.22106448091987457
2025-07-16,0.2884630392855153,0.17646599730181967,0.25714343429203124,0.22401412329410553,0.21778895726982417,0.21613742119372067,0.21653562160290582
2025-07-17,0.2883236294106165,0.17477822584754968,0.2559271268289769,0.21806564466506287,0.2134968234136261,0.20854706255313887,0.21236583550764007
2025-07-18,0.28817589882019906,0.1636843840272423,0.25233462474191637,0.2114383579989186,0.20899043549314505,0.20250654122498205,0.20866306666450435
2025-07-21,0.2880390653903106,0.16377420587162006,0.2432372308973429,0.2061190327531887,0.20557043654319637,0.19607574764592212,0.2051304775021838
2025-07-22,0.2879054499038116,0.14838689350044737,0.23861980116946496,0.20126832102972525,0.20268514500873833,0.19026177375977876,0.20188957406632674
2025-07-23,0.2877903016331757,0.15000279211108364,0.2364167119615499,0.19827496027349467,0.20163997792481925,0.1854744814619915,0.19891962315668502
2025-07-24,0.28764411844330795,0.1470820068463216,0.2363126246907974,0.19228817533947576,0.19813988962950801,0.18209376877356562,0.19646730654480496
2025-07-25,0.28749934398444554,0.14777657576180347,0.23623972367536103,0.18656473534398138,0.1950614490949794,0.18017194541237988,0.19445697019582994
2025-07-28,0.28735232369178154,0.14651964541587945,0.23603898256938466,0.18089439809856836,0.19190148468891408,0.1743791422438094,0.1921219812265304
2025-07-29,0.2872055607293834,0.14642753788721904,0.2357353401323587,0.17541084902058712,0.1889934675647571,0.16904599845615045,0.1899895845951805
2025-07-30,0.28714067539900706,0.14232797254784368,0.23715786988232274,0.17740685897746986,0.19493073714616682,0.19022981152554144,0.20313505737990892
2025-07-31,0.28704856895216,0.14170325815028795,0.225186403786391,0.17678893610701088,0.19747528080297974,0.20449141731288134,0.20970418511491234
2025-08-01,0.2869280435653645,0.1178089814111604,0.21579348920726063,0.17359984878916054,0.19690509100744458,0.21080730955952764,0.210636679079266
2025-08-04,0.28707215823388227,0.14245885518948886,0.22213960821754208,0.1943741805301399,0.22099023266193835,0.25405491678446734,0.25241798912870017
2025-08-05,0.286934596179797,0.13430442533835324,0.2209326465148698,0.18937208123870483,0.21638013965862626,0.24331594702489212,0.24552859536454655
2025-08-06,0.2867918859793817,0.13413672993054004,0.22069388504404672,0.18378709512887864,0.21192617467549127,0.237107846026983,0.2396476966935017
2025-08-07,0.2877771957611151,0.22942631581757825,0.2434881133509552,0.26633559601794476,0.2971810049052538,0.23942161297333162,0.23469806876630797
2025-08-08,0.28806471072309175,0.25439338930209837,0.21646851768343212,0.28629070811057117,0.3143210367537111,0.23389207547664984,0.22862287289172234
2025-08-11,0.2886912508831134,0.2899988844577782,0.231918406193392,0.322758229171813,0.3489965515928406,0.23072806008441413,0.22304281958554656
2025-08-12,0.2885804407058739,0.28752837102011974,0.23261616859302817,0.31460060869814116,0.3367897250595824,0.2381465906301953,0.2242515073652266
2025-08-13,0.2884813104491851,0.2882811467830642,0.2331636871435255,0.30793255796225255,0.3257266738529186,0.2290849437229131,0.2190331256113089
2025-08-14,0.28844058166604397,0.2909724549709795,0.23499199174265986,0.3049847162903875,0.3190956931292991,0.2217226520854679,0.21425280336275923
2025-08-15,0.28829903706956694,0.29150581156907124,0.23346777535256327,0.2958356754242267,0.30687971028404326,0.21770819170879663,0.21062778879342503
2025-08-18,0.28816822411029536,0.2938677192632468,0.23278477054759936,0.2875113337173908,0.29630290683861893,0.21962476204631134,0.20933628995043643
2025-08-19,0.2880290080013305,0.2951261395202107,0.22712217464017173,0.27900024239436594,0.2858350699931303,0.21712763884312236,0.2065269088935648
2025-08-20,0.2878860389863094,0.29527494699149903,0.22692172939250546,0.27055785495085544,0.27578849115553067,0.21166608562409714,0.2031982765381768
2025-08-21,0.28792296057510836,0.3066046493080931,0.22142414131288266,0.2733093704470474,0.2803567429983098,0.24641972376357696,0.23300742137660416
2025-08-22,0.28779173610586495,0.30743482627732116,0.21677628707704585,0.26567053760988485,0.2716678381935373,0.24530499790300664,0.22941828797937905
2025-08-25,0.28771220393151703,0.30929598859154694,0.21786234694289286,0.2622806279853905,0.26706206504754376,0.23591650544977347,0.22377292085488107
2025-08-26,0.2875727001756776,0.30991545200567394,0.21788915743328086,0.2544967190401052,0.25864130282247544,0.2311918511287124,0.2194500299973594
2025-08-27,0.28746345283552904,0.3045512203743386,0.2183461803154695,0.24947317823430792,0.252913339149445,0.22250514885698353,0.21463444827548084
2025-08-28,0.28732892251039044,0.29945934916842504,0.21838836058096037,0.24269951489774508,0.2457057223972093,0.21383105125921212,0.2102290330627636
2025-08-29,0.2872162881663803,0.29619227519607244,0.21852960054303197,0.23788309515675884,0.24079180982958268,0.2065655992794162,0.2062046095371816
2025-09-02,0.2870756059216849,0.2747392963851893,0.2184947704501188,0.23074311332583047,0.23420323424826628,0.20275520090487997,0.20305105289721276
2025-09-03,0.2869856895113494,0.2816428123851557,0.2184000841986946,0.22735650919726985,0.23291140751836087,0.21725978545746713,0.21002388149642243
2025-09-04,0.28745633749871774,0.30115623921634144,0.22863547813883464,0.26556771061972945,0.2755368765301659,0.21481526601940265,0.20601733975949915
2025-09-05,0.28732375448437303,0.2557143545081182,0.2265911292787884,0.25836197386068444,0.26670489665136715,0.20686123392520694,0.2023626134888012
2025-09-08,0.287181495261988,0.2376309826711762,0.22660703754017011,0.25049548136164923,0.25725434805312714,0.2012428300469323,0.20023635863371428
2025-09-09,0.28706811565392676,0.19408165352082707,0.2229819861307416,0.2446329917790151,0.25175918229969096,0.2102453381304774,0.20325660140964535
2025-09-10,0.287029722615395,0.1999385926333741,0.22599255528533727,0.24409857129259263,0.25314279791293964,0.23476733214265794,0.2203755902674052
2025-09-11,0.2873564117106167,0.2298714121435912,0.23478781291656273,0.2678507755591528,0.28289214235874616,0.2995698409923432,0.2914920751989615
2025-09-12,0.28729577863852473,0.22828891886937858,0.2355303275926188,0.26556620024697536,0.2784192173600346,0.2848177089233836,0.2808808887198958
2025-09-15,0.28727861417306777,0.23705379808725235,0.2349112785503806,0.26637887891202955,0.27749150163733316,0.2721356637792373,0.27106362968818837
2025-09-16,0.2871857091052711,0.23912221039642792,0.23547746500241462,0.2619334067712735,0.27119108917994356,0.25961648543821375,0.26199475264085464
2025-09-17,0.28705720594333944,0.23918488449747563,0.232125820744486,0.2550685397654231,0.2628220560853006,0.24742943862249447,0.2536303123260862
2025-09-18,0.2869194203181126,0.23898368798197736,0.23212668536597383,0.24767817947474594,0.25443123452542427,0.23595207645748772,0.2459278881650935
2025-09-19,0.28679016589032574,0.22654034208273455,0.23192686778789412,0.24081111546236417,0.2476748888292213,0.23552190489512623,0.24101490824964986
2025-09-22,0.2870749955155425,0.24718215348635797,0.23937104143747315,0.2646231692724679,0.2734106616170404,0.23017489619354595,0.23433590470739346
2025-09-23,0.28770940514039217,0.281679740371495,0.25240324404952924,0.30643958965239737,0.3179956501844703,0.2273067758789202,0.22821223736790333
2025-09-24,0.28759004778117847,0.2835511035529401,0.2532298573392491,0.29815870906792347,0.3070985564276585,0.23147841342458875,0.2267112148620698
2025-09-25,0.2874839203065592,0.28753866261487104,0.25217797374800627,0.2908856071382244,0.2979780517616115,0.23928528864794973,0.22776924260023315
2025-09-26,0.2874729716428091,0.2912952562005995,0.2532114645579172,0.2906479413670514,0.2956130232931021,0.23111532670053797,0.22220165833912287
2025-09-29,0.2873486615790311,0.29358153946329535,0.25089975268819376,0.2826008213036622,0.28598294456211426,0.23291012516965873,0.22029049888955307
2025-09-30,0.28721771138340774,0.29435796385423035,0.2513004549364434,0.2744398522761596,0.2765357852372268,0.23149624622558015,0.217262335130399
2025-10-01,0.28707743898008076,0.2893364711608828,0.24790475532426512,0.2660968673499166,0.266924217238081,0.22101937373444447,0.2126074370389688
2025-10-02,0.2869401299575949,0.26214926079884376,0.2478223448072142,0.25829419481575483,0.25817426480775163,0.2119123933899787,0.2083667696175976
2025-10-03,0.2868151249183095,0.2622826410676462,0.24787513588167484,0.251727840161605,0.25099266159894285,0.20419869512371194,0.20450920952135485
2025-10-06,0.2866787421327693,0.26185919170959765,0.2478165019261071,0.24442999278585914,0.24350378877705398,0.1966069949512187,0.2010051726146904
2025-10-07,0.28655387202733473,0.2606139924795415,0.2477043192202193,0.23782973727209328,0.23771993828575858,0.20120601813301656,0.2012837092570902
2025-10-08,0.2864155636314399,0.2518179324530214,0.2457804797693239,0.23060641885304062,0.23127073087704553,0.1961712453232432,0.19833048189062213
2025-10-09,0.28628929814896253,0.21072440792891914,0.24582281488615249,0.22486068562342282,0.22617120550073427,0.18969252203336473,0.1954187089378579
2025-10-10,0.2862632976194725,0.2225371469169995,0.2489360974321483,0.22626911112636594,0.23147796586935007,0.2185709830056051,0.2163351207436583
2025-10-13,0.2866521352172594,0.2577632095393233,0.2606366146743796,0.2571876560664193,0.2707711248624406,0.29301041254771754,0.29933106232023415
2025-10-14,0.28654861532439246,0.25714359411094084,0.2609725311531292,0.2522150915023066,0.264098225284757,0.2779955625460773,0.28800300130246453
2025-10-15,0.28641003624189754,0.25683935268253616,0.26092224652984286,0.24453770198416908,0.25546674799048447,0.26321903289476545,0.27753603196820975
2025-10-16,0.2862853908484543,0.25723889259118493,0.26070145671899553,0.23836497046805483,0.24842887660220925,0.25061653265729844,0.2678625598086533
2025-10-17,0.28617596846965593,0.2584897193233159,0.2614348623140012,0.232975381654928,0.24377089940011754,0.2550998208126849,0.2637785186290994
2025-10-20,0.28618973698349237,0.2426374811770283,0.2635668318407599,0.23833884698453575,0.24901085345666443,0.24554555028051522,0.25518445237313186
2025-10-21,0.28668855765013074,0.23452949486842703,0.2739206971976264,0.27733527012552117,0.2902364917242161,0.24035510558170495,0.24728067585615096
2025-10-22,0.28655129803926305,0.23274430202608487,0.2738792130429837,0.26900133797470627,0.2796861198402967,0.22921184819830995,0.2400238679505059
2025-10-23,0.28653765088663063,0.23908001969267756,0.2748613265603415,0.26852676782610185,0.2798467192094133,0.2557562978960872,0.25521776033897026
2025-10-24,0.2864057306971913,0.2311544822388112,0.27330262488196644,0.26090085691442433,0.2703639279653377,0.2435461738664809,0.24731128274015143
2025-10-27,0.2863269497903823,0.2336382101512573,0.2729233275093214,0.2575669015343141,0.2655448297106515,0.23388688194785984,0.240051945671333
2025-10-28,0.2863953848886403,0.24433422886659267,0.2686956992040797,0.264979679015154,0.2724166867133163,0.22691065836497304,0.23339797033881632
2025-10-29,0.28625818957651683,0.2443433549838608,0.2688331488428468,0.25692202682776744,0.26315176663987677,0.21678743567184133,0.22731004721810344
2025-10-30,0.2861226808012874,0.24434115196075518,0.2684860907124726,0.2493005940697073,0.2546457514728201,0.2079011571370482,0.22174751769417922
2025-10-31,0.28599898142184077,0.24428749994803392,0.250829096437588,0.2429454460176454,0.24766174364280616,0.20043496519003143,0.2166742503764316
2025-11-03,0.2858709747064083,0.24538896689473394,0.24461427411751516,0.23600617977922184,0.24117803089988887,0.20165630209273905,0.21384394383503394
2025-11-04,0.28574776572730476,0.24527888252468313,0.23142644262864254,0.22960267267609102,0.23567783251682717,0.20507596707545173,0.21224027252016658
2025-11-05,0.28561521679434976,0.24499931053984714,0.23026665668095092,0.2230674242025326,0.2298259478883041,0.19748097900373096,0.20803456617698496
2025-11-06,0.2854792289546547,0.2447742297894606,0.2297358958251053,0.21627668618080656,0.22402830310003496,0.1905353791797927,0.2042301653654731
2025-11-07,0.2853452188431725,0.2359689906515708,0.22822396213118185,0.20975566784984534,0.2189330488626781,0.18775578662279022,0.20120088988052823
2025-11-10,0.2852224341425484,0.19272960437415954,0.22850437130919096,0.20422711999350426,0.21544810777156398,0.19252231818879137,0.20090810658649577
2025-11-11,0.28509313461020575,0.1917696258004654,0.2279902801934684,0.19879392886524716,0.21126790149548685,0.18609738995505634,0.19776301953222178
2025-11-12,0.28514058939644576,0.20057432887747229,0.2309427439050212,0.21024533151647418,0.22365275368232138,0.1826189294633263,0.19492306787870667
2025-11-13,0.28502714703110904,0.2048809427219892,0.23159017527390693,0.20538553610213356,0.22063052958358487,0.19143941436968578,0.19728164201509651
2025-11-14,0.2848950577763549,0.20130646446849085,0.22696058284413637,0.19926588617536561,0.21593832639953311,0.1896900666030145,0.19517890377551428
2025-11-17,0.28476332359016354,0.19512548658510417,0.22658852684226014,0.19334854960222764,0.21166431975112696,0.18825068471810602,0.19332916119350055
2025-11-18,0.2847779441332763,0.16024736119398758,0.22993196224689377,0.20033247579304733,0.2223696641590291,0.22408767452644782,0.22236427535700393
2025-11-19,0.28464371211059347,0.16025729687957582,0.22973333991767445,0.19422976012867732,0.21721619102845433,0.21569764595771948,0.2172956987062619
2025-11-20,0.28451447249320055,0.14667306993317877,0.22933791448964758,0.1890155696372663,0.21279144354463242,0.2072120376502893,0.21261644144006167
2025-11-21,0.28441653498796643,0.1510649247118789,0.23045357536147784,0.18628454343207565,0.2122994156503065,0.21848034298328314,0.21591348927930393
2025-11-24,0.2844327471841441,0.15999145366329062,0.2327653136735458,0.1961534885997734,0.22164079521053187,0.2119137206456249,0.21136030016959598
2025-11-25,0.2844002553504645,0.15002328175120588,0.23422422226999629,0.2004832051886906,0.22540925319463495,0.20546282256810164,0.20722653902249413
2025-11-26,0.28427050318084235,0.1502372552762464,0.23254855691528153,0.1949380707487446,0.22021181907454923,0.19782610820301805,0.2034793201755796
2025-11-28,0.28413777778935206,0.1502009505504062,0.22092038809747747,0.18917480223333172,0.21520604552854483,0.1906083810112048,0.20008749454958275
2025-12-01,0.2840109469565619,0.14962673842913146,0.22088201197607774,0.18431383890517028,0.2110845267922791,0.18436302041492406,0.19702166456181072
2025-12-02,0.28396518261647474,0.15590964094378917,0.22228858851090932,0.18826980863914436,0.2148817786242098,0.18012533286533083,0.19425418811753326
2025-12-03,0.28387506827703185,0.1562105847854713,0.22180468333569403,0.187403651331361,0.21412916709348243,0.17562286557301132,0.19175917028985573
2025-12-04,0.2837681154228493,0.16041296064931954,0.21967908149229595,0.1837965341899201,0.21242236003243947,0.18653624288187517,0.1954353997018527
2025-12-05,0.2837044868704348,0.16870174913349625,0.20938751504404257,0.18434529666437888,0.21347316570114117,0.2063842684574975,0.20611008581536164
2025-12-08,0.28359585729362957,0.1712582547780199,0.20928519664387887,0.18069762508254067,0.2114539494296506,0.21376536880475808,0.20747491074407257
2025-12-09,0.2834699532458873,0.17052684385589228,0.20756324394176706,0.1756320932439117,0.20772084930900872,0.21263458924387704,0.20489197639702397
2025-12-10,0.28334231154144146,0.17088812324894073,0.20713950465379674,0.17057122541915368,0.20409503165471413,0.21026828053488023,0.20213659262262143
2025-12-11,0.28322088670969425,0.15462395059507147,0.2071160529555823,0.16689125767583815,0.20106620563416094,0.20230097678601516,0.19858052773191098
2025-12-12,0.28309398278608855,0.15287937527347126,0.20740534460285995,0.16214490572717455,0.19808108031097493,0.20113852505291283,0.1965415128291226
2025-12-15,0.28296241436668823,0.15252852748718368,0.20688599144840966,0.1572442079144336,0.1946848570361433,0.1932732784731647,0.19352020803381373
2025-12-16,0.28293310341847827,0.16256689984528164,0.20077852603094204,0.16320974764208443,0.20322258008828725,0.22069257926447777,0.21348928872646736
2025-12-17,0.2828023469106967,0.14709263334430356,0.1815322185410327,0.1583966159374429,0.19938602679671869,0.21124341614045386,0.20888111085262254
2025-12-18,0.2827194648713243,0.15257956319700283,0.1823431400131265,0.15850084927971209,0.20150089382482608,0.2253814797175849,0.21513058063551
2025-12-19,0.28258868354625527,0.1520870458936312,0.18126122963166533,0.15375379593746474,0.1977990437199855,0.2154341433346214,0.2103736545769822
2025-12-22,0.28246715926155375,0.14880986525615947,0.17810283540139613,0.15056187158775647,0.19521715700999787,0.2069637112230194,0.20605009206151975
2025-12-23,0.2823827280444964,0.13722187796847382,0.17902159029005052,0.15093215504864185,0.1975916928549105,0.22102417307953237,0.21227666772005307
2025-12-24,0.28226039009276827,0.12468535660950907,0.17889283413704327,0.14768735420011367,0.1949170920459008,0.21201103342213465,0.20777890901101906
2025-12-26,0.2821389317157378,0.12551384393708317,0.17908807047789216,0.14467688036056947,0.19256002142832532,0.20382712127810268,0.20369470089960418
2025-12-29,0.2820108942984454,0.12515963001330935,0.17913182127736743,0.14039022512479174,0.18999520315239127,0.2000370024617679,0.20050095990832315
2025-12-30,0.28188117592871625,0.12379347441485042,0.1787828965872178,0.1362096487307667,0.18732178180136186,0.1923249169093269,0.1971000486470167
2025-12-31,0.2817556839948026,0.10815782631166737,0.1788660122116782,0.13241292831944296,0.185544191562492,0.1915951687609923,0.19507810089109456
2026-01-02,0.2816371789770994,0.09746938342643267,0.1787701624415435,0.12954909031488268,0.18482167823369458,0.1951566970468363,0.19488229114746305
2026-01-05,0.2815138645669226,0.09599887949089311,0.17893493241029673,0.12618947851051246,0.18353139951805938,0.19554052438503572,0.19353154524446806
2026-01-06,0.2814714298334621,0.09845082006506259,0.18114995080493101,0.133653671206907,0.19207563816806594,0.21996474202891203,0.2104770897409618
2026-01-07,0.2814907575954102,0.11270038296256783,0.18229015966210477,0.1478991443431097,0.20131861189468053,0.24478569678614576,0.23309779682868384
2026-01-08,0.2813907977218425,0.11394755162358094,0.16793635455651557,0.14651578806777754,0.20062009563155683,0.24956221057184225,0.23232635383111488
2026-01-09,0.28127496489002635,0.11407634111307592,0.16739238700512865,0.14335309683410685,0.1981539905140424,0.24802598665972247,0.2284913656407889
2026-01-12,0.28114653774417586,0.11036004449074616,0.16739307664114797,0.13907421467339517,0.19425962330844299,0.23568895119551844,0.22234873126470545
2026-01-13,0.2810211915425989,0.11308824359249244,0.16708815089152224,0.13548130346742931,0.19093769061909788,0.22491299155162506,0.21671550885998306
2026-01-14,0.2808953419907256,0.11440859482798964,0.16623462360168423,0.13189675487852667,0.1878385400015249,0.21502796573460964,0.21155762091882302
2026-01-15,0.28077684910653317,0.10570043414736296,0.16195454318248664,0.12890521149739925,0.18614022484988657,0.2150441272646657,0.20897649197377244
2026-01-16,0.28067126924220226,0.10528584228053842,0.1408934820702835,0.12769014138864312,0.18619532226266725,0.22047179877948458,0.20943645130692476
2026-01-20,0.28059321756018446,0.10554945667678292,0.14234170445385208,0.13021245118509178,0.18955351173656637,0.2333336282720087,0.2156911510174386
2026-01-21,0.2809706786139494,0.15227405382905806,0.15530664893828072,0.18437106337225517,0.23916452091416557,0.30419481565523543,0.30008048725890285
2026-01-22,0.2808473300187015,0.15094928682243974,0.15523742403070603,0.17938045168027422,0.23234699696858432,0.28700443419783067,0.2885038211105987
2026-01-23,0.28072187037625645,0.15217353268814132,0.15297479730464061,0.17426274214684434,0.22586579714689392,0.271298660737294,0.27775691374812794
2026-01-26,0.2805959984404947,0.1485704724447046,0.14480039641703937,0.16902370110356835,0.21997701330428385,0.26012804503902975,0.26806598189176695
2026-01-27,0.2808129676469618,0.18974596446217837,0.1580938757001387,0.20050858783089712,0.2458114435200383,0.25264040698845847,0.2588235614033712
2026-01-28,0.2807311221535319,0.19666289032573855,0.1598552123833193,0.1992168083468862,0.2419792617383352,0.2419487162782828,0.25028064048943754
2026-01-29,0.28062844147895605,0.19660904077537877,0.15972068070496206,0.19510306199023095,0.23716528737620018,0.24561167432985712,0.24698955061959232
2026-01-30,0.2805189674317683,0.20002853532893802,0.16044572750208877,0.19120588722404425,0.23162439953800595,0.23472614479340914,0.23936246257211977
2026-02-02,0.2803988309645958,0.20157442778359133,0.16057208976493104,0.18625927035632775,0.22557630042630256,0.22429843647596923,0.2323390205644529
2026-02-03,0.28091740627070877,0.25236401145047077,0.18119556569933656,0.2398147874622499,0.2752352356831995,0.22245838596796597,0.22588173111940232
2026-02-04,0.28079367409257433,0.24723749319450217,0.1812425794369253,0.2326343084342667,0.2658670420955443,0.21724354238598922,0.2205644255366717
2026-02-05,0.2809261529597157,0.25242236251903916,0.18886108634924145,0.24718998258042013,0.2774018895254637,0.2128888939742285,0.2150808896441541
2026-02-06,0.2808029807193351,0.25009913232037817,0.18861620097237594,0.23979835303201313,0.2682955864351384,0.20948176512784966,0.21166791087208203
2026-02-09,0.28069831067684853,0.24884163911923396,0.18906319958616977,0.23457015273397638,0.2608686076226657,0.202172935532705,0.2071131787653242
2026-02-10,0.2806339371524257,0.2546650703113328,0.18553700051765967,0.2319000649554711,0.25791982100990063,0.21915037131222342,0.21599371305680257
2026-02-11,0.2805149065599412,0.25568318365042436,0.18518530492137583,0.22522909111880388,0.25034156961499826,0.21736919410007338,0.2125408828291745
2026-02-12,0.28040345979164316,0.25606954514807645,0.18562031638297424,0.21989345264378168,0.24370971611269354,0.20913513534263187,0.20791273603599414
2026-02-13,0.28130895604110184,0.317122220067287,0.2122303625118299,0.28848641924102886,0.318355929587174,0.32653665997218373,0.3643059756678605
2026-02-17,0.2814021143429208,0.3269479723809382,0.21404531778584765,0.29333438550354807,0.3216857810446996,0.3547027538137694,0.3758094046700618
2026-02-18,0.2816612520471914,0.3432838252011388,0.2240539925215005,0.3099121496065798,0.3343506214417401,0.3385412578775088,0.35958857177408543
2026-02-19,0.2815359812992751,0.31521661457011785,0.2239110600719269,0.30055078958590153,0.32090152958433993,0.3181494945274096,0.3444050795785459
2026-02-20,0.28149926812202547,0.32159083262798666,0.22512079000795962,0.29662473343088946,0.3148994466188729,0.3290844492380605,0.3421000508867848
2026-02-23,0.28145994306506233,0.3246674756905602,0.22365399747633627,0.2937173315049196,0.30849410369340385,0.3122918912432905,0.3280528402604421
2026-02-24,0.28134614590221546,0.32430981444446966,0.22137027881642385,0.28573870882308977,0.29743819246349384,0.2953227147117623,0.3149336517332762
2026-02-25,0.28140882431982334,0.31751509200810524,0.226135207911037,0.29039346369341995,0.29987738554008947,0.2832150950716149,0.30269521149825634
2026-02-26,0.2813031725307354,0.3166157642964036,0.22666400099990414,0.28312619521196647,0.2899824055613923,0.2693401939541452,0.2912921549199162
2026-02-27,0.28118966389754935,0.3156849462511717,0.22663395423929936,0.2751004185176581,0.28048235127134985,0.26553540862733876,0.2825343681905423
2026-03-02,0.2814926446933774,0.33933095050535994,0.2335020330032301,0.2945313679985089,0.3040572661935473,0.3230277643324082,0.3355757383779631
2026-03-03,0.2813686010764633,0.33912591274115467,0.2322682615169378,0.28566933454855226,0.2926037021796965,0.3042261336397102,0.3219577360578314
2026-03-04,0.28125138260978655,0.30582424239711975,0.23199755485867948,0.2773329145558367,0.282591535152855,0.29510113693442275,0.3103653013582369
2026-03-05,0.28113812943300664,0.3060933205416821,0.23098418242576535,0.2694950573126446,0.2736220733349682,0.2888318483760596,0.30017833513159464
2026-03-06,0.2810469577155592,0.2896460476015493,0.23118777563269424,0.26336466526491675,0.26723105882448456,0.2908625673995807,0.2941535880102626
2026-03-09,0.2809753028335236,0.2910321628047345,0.2320298624173159,0.25881783085531895,0.2630605975899994,0.2975703017952355,0.29168101728767687
2026-03-10,0.28088166930487823,0.291785843609882,0.23301223947333896,0.2535810710379895,0.2568202791634418,0.28227289389279814,0.28030441441284926
2026-03-11,0.28076138569619297,0.29094336643304364,0.23279159596401697,0.24626652943907298,0.24897848547936752,0.26825600689705315,0.2710308125377672
2026-03-12,0.2806378810086059,0.2910314955481326,0.23277153378292675,0.23876444491860757,0.2415100831015762,0.25590117355746395,0.2624461631960314
2026-03-13,0.28067242710574863,0.2951070999996727,0.2357709736331227,0.24342694632337353,0.24930252638233336,0.28339341708103977,0.2793842313958684
2026-03-16,0.28075188662512457,0.2500259604229958,0.23796004788677014,0.25110547140202005,0.25999130366781553,0.31370255174497524,0.30020046177038906
2026-03-17,0.28066941726701805,0.24159689929669265,0.2391860382781072,0.24704786066627438,0.25492993933202396,0.29817040940566275,0.28958201583318105
2026-03-18,0.28055587727811954,0.21143000408128695,0.23886804034817652,0.2405014895838286,0.24770933313567123,0.283064109964013,0.27966775315461573
2026-03-19,0.28055329878904006,0.21754862860644236,0.2410192024459214,0.24223105267338488,0.251473876768937,0.3024237360298815,0.28870216079002053
2026-03-20,0.28043838933120174,0.21332100513090993,0.2406661331229511,0.23534607521317222,0.24463484666116692,0.2941232805361222,0.2800960054777802
2026-03-23,0.28032353279299355,0.2030200820299708,0.24008441779379155,0.22867891545644878,0.23831589831774605,0.2865669696500343,0.27211190213440106
2026-03-24,0.28027268160232177,0.20977561412670068,0.24181931648612542,0.22840353306399067,0.23789531569640168,0.27426377997414497,0.2634702428409991
2026-03-25,0.28015015808240207,0.18829619951909196,0.2414686008697914,0.22145758374817034,0.2312205208748579,0.26036226943490265,0.25539344853898693
2026-03-26,0.2800320331642803,0.18568573434866437,0.24170026047518398,0.21524445650966706,0.22536833644801105,0.2483703137037334,0.24790973581623935
2026-03-27,0.2799099104300119,0.18653900035972718,0.24168982442701079,0.20872862551835136,0.21965302316217075,0.23686035910065503,0.24097908224138606
2026-03-30,0.27989836838881915,0.16121177128949313,0.24362313300195054,0.21191621934850619,0.2259165861905392,0.25947032912641577,0.253845723138577
2026-03-31,0.279810475737801,0.16132200310227365,0.24400623164573068,0.2082406561575265,0.2238240201575237,0.2645479985040791,0.25234495921042216
2026-04-01,0.28000540012040775,0.198337013819478,0.25185866398901796,0.23131309663640162,0.24724563688023343,0.2573030584356328,0.24535122886712774
2026-04-02,0.27990085473940945,0.20059021572870872,0.25095755397349495,0.22603135999989402,0.24125697263939214,0.2462600244984885,0.23862781919029546
2026-04-06,0.2797793414622483,0.19888456418526318,0.24823904816726555,0.21918992477741814,0.23432269280039458,0.23494607210779353,0.23240146648951265
2026-04-07,0.2797040290325892,0.19965903339477176,0.24889746138261512,0.2171566114992914,0.23202129712020084,0.22670329502505127,0.22669921391227402
2026-04-08,0.2797604323126376,0.20989023768724732,0.252318004708563,0.2254111809976783,0.24308028775553636,0.2602915700596539,0.25333505311214044
2026-04-09,0.279806147716885,0.22412292627814454,0.25613408592440395,0.23371470767549307,0.2502606762299842,0.25113905597366715,0.24533725075012883
2026-04-10,0.27969683331435813,0.2252803451281062,0.2563462277133661,0.22784967798359035,0.2435705191085933,0.24038418465119374,0.23854658921481156
2026-04-13,0.2795760071551213,0.21333891956771384,0.25627443310837833,0.2209085093007333,0.23647683614116005,0.2302035429476618,0.23228994623294094
2026-04-14,0.27946714376792775,0.19681070057119684,0.2563316162878256,0.21502939104656293,0.23117773351376364,0.23019763783362338,0.22874150361065948
2026-04-15,0.2793480951650319,0.19421391786671544,0.25595842402334523,0.20855261312287457,0.22521507939324648,0.2235041650579689,0.22354636501247296
2026-04-16,0.27954859367365625,0.2181289283844821,0.2618440545698403,0.2322082791068546,0.24902199948121695,0.22055155178767624,0.2192036268680295
2026-04-17,0.2794842218877581,0.21246989417367274,0.2526038273709596,0.22943625584194532,0.24684720117867245,0.2343753212967677,0.2253203005242786
2026-04-20,0.27961195022769214,0.22609744351453362,0.2575849788936581,0.2442310957361502,0.2608348303587278,0.22967614158584,0.2206598417349236
2026-04-21,0.2795286251029059,0.22500870380209825,0.2582109034483453,0.24024245555091722,0.2554515491923399,0.22177735584677488,0.21588667667678788
2026-04-22,0.27966754945041444,0.24599345932184685,0.26398944090942034,0.25269102110876074,0.2701663959422095,0.26586872820229207,0.2583613513689706
2026-04-23,0.27980181519966285,0.25928575035840773,0.262510186848587,0.26547916021236534,0.2813810364786439,0.2584355683183762,0.25108853076156085
2026-04-24,0.27968173315800166,0.25954796380598116,0.2616939195621531,0.2574181924680592,0.27151469815800633,0.24584614981942848,0.2438351747469447
2026-04-27,0.27959545903247096,0.2633258265258602,0.26192528401648035,0.2518416679954717,0.26537053407101274,0.2518213254638603,0.2431102209671046
2026-04-28,0.2795448525398476,0.2601585904538608,0.263118433540508,0.24913482259571743,0.26284699896540353,0.26543927030258374,0.24865182696847812
2026-04-29,0.2794712532489565,0.2571868593889464,0.263940956841758,0.24570922386423488,0.25806390773789295,0.25464684151894884,0.24168205886767422
2026-04-30,0.27935441321455085,0.24150712506506253,0.250660954361785,0.23835016918315904,0.25016288088947847,0.246875552271659,0.23564114313585777
2026-05-01,0.2792403050162536,0.2410889662705272,0.25076892966715336,0.23171231144217613,0.2429450310348647,0.23609129031833584,0.22958921119049594
2026-05-04,0.2795085947642826,0.2623128347343726,0.2538898919635076,0.2575563781425844,0.26939628499291557,0.2327613838632689,0.22490423358245565
2026-05-05,0.27944944179383446,0.2672642001839244,0.25507014623874974,0.25390176081250837,0.26571786101218375,0.24634785648203614,0.23108506020119554
2026-05-06,0.27958736435575376,0.26311755902729494,0.26027252898182773,0.26693978802140217,0.27794846723796834,0.24073914860647466,0.22597681649656806
2026-05-07,0.27951483455535087,0.2578022751420446,0.2600140137837512,0.2627881256562118,0.271986803641942,0.23218074770924513,0.22079333111851526
2026-05-08,0.27939621553228,0.2585469953563639,0.25986999069418754,0.25478430010159514,0.26253674265856475,0.22340885959112558,0.21675904894052442
2026-05-11,0.2794268318060636,0.26337691617080106,0.26268849591623045,0.2595135893693295,0.26637026342512266,0.21825846731031548,0.21266206994053333
2026-05-12,0.2793096182133341,0.261667943775076,0.24017029056287958,0.25165565573623694,0.257856465813265,0.21254353913349147,0.20889282492068809
2026-05-13,0.27920730706979746,0.2600915894886374,0.2347858566494455,0.24560950313226015,0.2510709066445147,0.20538477529904473,0.20516509863539514
2026-05-14,0.2791542835887248,0.24767935619717973,0.22806271927051908,0.24410354012089383,0.24907546823491053,0.20024279833682398,0.20186797629794348
2026-05-15,0.279039298730949,0.2412444103546526,0.22824004785069404,0.23682288648826144,0.242008336920853,0.19776795338314607,0.19941305947038226
2026-05-18,0.27893505723626466,0.2299755391108632,0.2258472388322851,0.23111415010566758,0.23626803595313134,0.19168333565997664,0.19649739641896655
2026-05-19,0.278845980537786,0.23389504175135434,0.22522431362245507,0.22620148516776217,0.2327627127235414,0.20112988958959718,0.2000241877967307
2026-05-20,0.2787316697644521,0.2060506539778525,0.22510250306084847,0.2198061144250333,0.22682782228873172,0.19412976019458666,0.19703066321294224
2026-05-21,0.27865389060205187,0.19272921001032162,0.22188901606677902,0.21733787086215337,0.22480685019511013,0.18925139977637329,0.19438714465595988
2026-05-22,0.2785626773949541,0.19251642814195233,0.22206226985422797,0.21364490864589958,0.2216734624821241,0.18432995726070803,0.19194716781373095
2026-05-26,0.27849832110747846,0.18630722413884537,0.22269642210394067,0.21281428497621147,0.2214415077473349,0.18055534159250478,0.18979263298388552
2026-05-27,0.27838309075244827,0.17477580705442788,0.2110970309179617,0.20642333390645393,0.2163814470493147,0.178433993308492,0.1881702549332317
2026-05-28,0.2782868147899535,0.17406165654274833,0.21139154728547319,0.20264248469459237,0.2134711380294008,0.1741332041651055,0.18628155793198586
2026-05-29,0.27817771915383166,0.17093125206960438,0.2110237094687137,0.19756347184337203,0.2095195718742046,0.16952563220066336,0.1845345976022989
2026-06-01,0.2780626757238155,0.17352420584939385,0.21063108293523086,0.19162671305883164,0.20540402766697533,0.16794625994869997,0.18335034029855282
2026-06-02,0.27808602908559543,0.16904595583470242,0.21390132350682176,0.19912569255029725,0.21674905575730552,0.20210440618855668,0.21201298224829035
2026-06-03,0.2782728139566058,0.17842183957026794,0.2185675775072115,0.22362473082784742,0.24105055189527833,0.20061030337344515,0.20866576010839363
2026-06-04,0.27825881712870193,0.17880629904566703,0.22168781551366462,0.22521432225186383,0.2441175463063471,0.22530923920004345,0.2251742673516434
2026-06-05,0.2781443836915479,0.17679971944933037,0.22168448257104084,0.21869155224447792,0.23719771469045142,0.2162067782798808,0.22007424043001048
2026-06-08,0.27809465173317,0.1858896340358894,0.223885945811277,0.21752813972857712,0.2372957323116293,0.2327305074655841,0.22816158634499684
2026-06-09,0.2781242008491087,0.19056769753458186,0.22367993937915936,0.2233028138800156,0.24453431619154178,0.2626341355706781,0.25029079579984775
2026-06-10,0.2785306289556643,0.23342958347221962,0.23230641812790404,0.2587599949216446,0.2835056197495737,0.32915488555488565,0.3247005867284511
2026-06-11,0.27841739446654107,0.23221847346552263,0.23169117305769188,0.251255537026454,0.27365981828851155,0.31030181292492665,0.31213386492887313
2026-06-12,0.27836679316787294,0.23228691195258142,0.23278645504313722,0.24951683166544705,0.2695415392696406,0.2952982618848494,0.3004364794335781
2026-06-15,0.2783466025435344,0.23811867164574568,0.23221865534874236,0.24905101095745913,0.2690834539203159,0.31013940694574443,0.30397746155906596
2026-06-16,0.27834556099872665,0.24640488928190346,0.23394909942607886,0.2515888891721827,0.26944927673901303,0.2959767677887561,0.2928553978808712
2026-06-17,0.278258842829648,0.24721525152540666,0.23386647307800792,0.24671363175866345,0.26271481507715905,0.2815222145249268,0.2824886330021438
2026-06-18,0.27819488204273296,0.2500401989276692,0.23454830637941956,0.24298819418559203,0.25902836453867334,0.28917017805169065,0.2812354174550673
2026-06-22,0.2780939719421548,0.2480206419573222,0.2346509842692757,0.2371354873397888,0.25190551934739375,0.2748754938094289,0.27169247878980596
2026-06-23,0.2779848153583074,0.24551383607983232,0.23499588978384112,0.23028132409203886,0.2448387347810293,0.2681630591971759,0.26393055741732885
2026-06-24,0.2779059611054998,0.2414157788669296,0.2362463465356022,0.22606753255101386,0.24133338956650524,0.27337962202077276,0.26200163306646673
2026-06-25,0.277799680537185,0.24148708866020832,0.2334212538863641,0.21977255259215867,0.2353671435274179,0.26832522332186254,0.2554651314972091
2026-06-26,0.2791184407536718,0.31531550407085984,0.2668893196383421,0.3193616168353556,0.34429674799234317,0.40020921913270785,0.435665392911562
2026-06-29,0.2793546669519489,0.34016216745742633,0.26794020464134627,0.3327860271130389,0.35305734069225064,0.37925853022473854,0.41608513586401086
2026-06-30,0.27926229974484607,0.34006835931595886,0.26836997282104774,0.32385660408018174,0.3401331623325387,0.36926828481414825,0.40031264057287375
2026-07-01,0.27940580252163527,0.35405681942621053,0.2733124726186445,0.33113495474421584,0.34344326073861475,0.3507943112398314,0.3829044608237591
2026-07-02,0.2793935920841844,0.3424612926660306,0.2744237923393294,0.32805807469980564,0.3361653375070497,0.3323826080574107,0.36656208897621495
2026-07-06,0.280122480285132,0.3844395801023381,0.28597628454091656,0.3695864810705243,0.377130371826747,0.32187236440174133,0.3514296141853242
2026-07-07,0.2800631617075399,0.3871118744342683,0.2842735202922434,0.3619068422832468,0.3643155046504925,0.3055658209456362,0.3371032114744015
2026-07-08,0.27996685557101725,0.3849914958853821,0.2849032266996821,0.3517622195779625,0.350320273669502,0.3017261405620963,0.3263654158876536
2026-07-09,0.2798755759419674,0.3786963746284335,0.28506024367009714,0.34275370797922433,0.3373357780985473,0.28657746330069406,0.3136919045447292
2026-07-10,0.2797858378818159,0.3504949655888642,0.2847844563016446,0.3341620253300972,0.32645562379000564,0.27176059941961606,0.3027843970234242
2026-07-13,0.2796757919285951,0.3514529567378318,0.28490396755377934,0.3241710583852829,0.31424324005035437,0.2646221340756425,0.29254434874727436
2026-07-14,0.2795724079290865,0.34969427659862673,0.27982734449010094,0.3152520598688304,0.3031728764525355,0.25239936178757694,0.28226863853780015
2026-07-15,0.2794844370036116,0.345275073345139,0.2791206790787193,0.3071192242074199,0.2943161106418367,0.25678372404040056,0.2771480548239129
2026-07-16,0.27994175291693385,0.3653357471132943,0.2855232537356537,0.3361999841600342,0.32590809512165914,0.25045785627324213,0.26797982423907823
2026-07-17,0.2799309710889014,0.3677017516130826,0.286651769910601,0.33305506200796914,0.3205355307336463,0.24124352746439923,0.2594863034685109
2026-07-20,0.2798166492114097,0.36285131027374695,0.28039058780709547,0.32295742159270546,0.30829762679330475,0.23039793803251307,0.2516292145100513
2026-07-21,0.2798840669850745,0.37589565141581566,0.28119741957031796,0.3240111036128649,0.3109067152776021,0.2667194687958439,0.2762190228398584
2026-07-22,0.2797725399845775,0.37469353774812136,0.2811608703531995,0.3144386753485017,0.29946743448567514,0.25388130684520016,0.267118614946504
2026-07-23,0.27967364404677847,0.3731293364033956,0.28068398327577954,0.30564871504084923,0.2899512916611582,0.25394211111211007,0.26135787013907824
2026-07-24,0.2796292346472445,0.3774121919726106,0.28074570941481736,0.3006047604304516,0.2856580184469821,0.2690809791441375,0.2656273940468426
2026-07-27,0.27995254758685356,0.30089846703214795,0.28788070303618746,0.3221803318796126,0.3094369098570122,0.26086526119653847,0.2573090033936579
2026-07-28,0.27988191424917325,0.29006926742123534,0.288102438102792,0.31565047052366013,0.3010777089920714,0.2498023324702334,0.24961695406346546
2026-07-29,0.279795134363802,0.28387201015575064,0.2883252530882134,0.3082136492772177,0.29212876627729206,0.2394013375434154,0.24251457563161483
2026-07-30,0.2796963495624074,0.2808771457715958,0.282769789065634,0.2996045612218725,0.2831089457387071,0.24063075694659777,0.23881078037434642
2026-07-31,0.27966386427763157,0.2889969284105563,0.28332350917076676,0.29558835183471455,0.28038519232023856,0.25945609610579745,0.24799771527027947
2026-08-03,0.28156195738389983,0.3674450269351339,0.32007629477168553,0.4048430894326571,0.40876752919227444,0.4367737731901208,0.4938024580903858
2026-08-04,0.2815721164474283,0.3695441002586598,0.32179956941477883,0.3985469676087791,0.3985726410215862,0.44148713726395455,0.4828166513607948
2026-08-05,0.2815876183941567,0.376220386579806,0.3240132624408944,0.3938820922188314,0.38892401225196216,0.41291890281905097,0.46034789066008464
2026-08-06,0.2814809833035481,0.37533853926963295,0.32169292449862774,0.38242528033222667,0.37273887484552043,0.38540875173408007,0.4392312108598412
2026-08-07,0.2813723662598003,0.3742236561868282,0.32172304839325333,0.3711939385027239,0.3574447450318274,0.3607903906086369,0.41939964955843445
2026-08-10,0.2812604419899186,0.37427317870917337,0.3215039773582125,0.360067995121937,0.34469155507587124,0.3394195987319064,0.39879762168836225
2026-08-11,0.28124042481269795,0.3772696807676134,0.322177306169404,0.35415322984994857,0.33824710462785756,0.3500362031446435,0.3934307105017315
2026-08-12,0.28117566076134426,0.37816306505894004,0.32300288571549146,0.34595482373703457,0.32925234771933437,0.35072926369458857,0.38356513808182685
2026-08-13,0.281094620150033,0.3455286547508789,0.3232971813641782,0.33712665910731143,0.3197258401089934,0.3472077060516285,0.3725342907189327
2026-08-14,0.28101220043108355,0.3403076106076911,0.3234195868105295,0.32914229538491063,0.31042092342826066,0.3283725552547125,0.3584122015923011
2026-08-17,0.28089991214876114,0.34048137841533055,0.3233693917305666,0.3192293947231515,0.2996740251619593,0.30991886958045173,0.345105926623648
2026-08-18,0.2807882128410231,0.3343319238278205,0.32266227629435673,0.30953454876070374,0.2896847655547163,0.2960687620391909,0.33275102272165114
2026-08-19,0.2807440119647953,0.339449369142864,0.3234820676971427,0.30537643992508284,0.28531120373418634,0.2830474177330185,0.321002175175919
2026-08-20,0.2807929748571399,0.3500199868341292,0.3255395300560266,0.3081124332785449,0.28840856358328537,0.272660798019121,0.3100076059082959
2026-08-21,0.28079965982945554,0.3523816055181605,0.32762277893439884,0.306338937010558,0.28862151269977043,0.29462804105111867,0.31622709638996943
2026-08-24,0.28070479009038557,0.3248260777000022,0.32749310040657376,0.2980036992386618,0.2807216875197955,0.2919646252257756,0.3079434956375965
2026-08-25,0.28059457226823975,0.3209648216454472,0.3273774606998888,0.2891931590461061,0.2719337710398052,0.2771606806693793,0.2976971013751856
2026-08-26,0.28048398515672207,0.31731033714657053,0.32737701587595647,0.2804373658180452,0.2637634893660965,0.2669405074628042,0.2883507570670613
2026-08-27,0.2804130772796118,0.3221941328561003,0.3258748082458468,0.2755186706762212,0.2592917643566116,0.2559972851994781,0.2793673060539799
2026-08-28,0.2803039978695528,0.32063971536110897,0.32052799991529907,0.267492805546675,0.2519754794853008,0.244516563063173,0.2709525144888151
