date,buy_and_hold,vol_target,regime_only,vol_and_regime,vol_and_regime_LOOKAHEAD
2023-01-17,0.9996167490800686,1.0,1.0,1.0,1.0
2023-01-18,0.9772857863544958,0.9924866613675518,0.9813324630059965,0.993859087229458,0.9936729791399781
2023-01-19,0.9960868549547498,0.9992296408069884,0.9975447736207937,0.9996581532866805,0.9980445673685122
2023-01-20,1.0711830920839218,1.0215845318078065,1.0535389135655289,1.0163061799013986,1.0084641956075366
2023-01-21,1.0759574907010447,1.0230087545157167,1.0571823780550504,1.0174058072594125,1.0083941478692509
2023-01-22,1.073255082733854,1.0223000464510847,1.056765875774699,1.017279841307752,1.0078119531845058
2023-01-23,1.0833646404619233,1.0252850370595632,1.0636906245697817,1.0193625105886917,1.010378216537361
2023-01-24,1.0692896258755076,1.020731867475193,1.0519229492002513,1.0155094226855252,1.006357148467271
2023-01-25,1.0920293034723603,1.028268513348142,1.0709718822694019,1.021894250061199,1.0128478505639222
2023-01-26,1.088010243151212,1.0270299980484696,1.0676966500194158,1.0208712424180613,1.0118316411829822
2023-01-27,1.0901808604822725,1.027695543130303,1.0693198596376954,1.0213761401848422,1.0124102965264306
2023-01-28,1.0879305299122084,1.0269562882735408,1.0674015340694194,1.020738512927202,1.0117580471501324
2023-01-29,1.1230504854204117,1.0388445786187568,1.097174767100552,1.0309486512941686,1.0210307900818476
2023-01-30,1.078910478711214,1.0238456791003792,1.0598952480752313,1.0180807655830197,1.0165994199007862
2023-01-31,1.0930413110170707,1.0282297377553256,1.068269447233303,1.0207053989700143,1.0172475149227431
2023-02-01,1.1206509693092959,1.0346186343333437,1.076834345516547,1.0227062542636338,1.0210066994193987
2023-02-02,1.1087519231741516,1.0313624020545713,1.0679783548791673,1.0202239587772137,1.0189146013957073
2023-02-03,1.1076867734701055,1.0310511459915062,1.067225299712947,1.0200079195332137,1.0186250463788293
2023-02-04,1.1021375695507236,1.0294218401039652,1.0627874037571987,1.0186704340290123,1.0171481050171098
2023-02-05,1.0843676987193847,1.0236556122247982,1.04803341997794,1.0137581099764383,1.0119522044938367
2023-02-06,1.0751300968036097,1.020598520757272,1.040361413051359,1.0111566837785437,1.0093277385159787
2023-02-07,1.0989463644304767,1.0277069769544447,1.0589545291007383,1.0168376577357099,1.015317295232553
2023-02-08,1.0835992594049628,1.0230016979956276,1.046480168545144,1.0129108981583728,1.012059155885362
2023-02-09,1.0306763114765292,1.0066341231954472,1.0071572468354977,1.00044241953308,1.0025902379209166
2023-02-10,1.0227472429737023,1.004187484633887,1.000871555274625,0.9984796374877346,1.002351448587002
2023-02-11,1.0331249102764757,1.00644254672484,1.0020028772270724,0.9986982972231849,1.0039081547394078
2023-02-12,1.0292196996508485,1.0053496543911542,0.9988939790378166,0.99782650496541,1.00295648312246
2023-02-13,1.0301596515940985,1.0056221268643484,0.9996089933480804,0.9980392398127619,1.0031946627889559
2023-02-14,1.0496547051292884,1.0121055554950498,1.0158348082505104,1.0035586939759278,1.0086775504409335
2023-02-15,1.1482410683345428,1.0464813673241111,1.0983962921428243,1.03305414171572,1.0277376965589784
2023-02-16,1.1159132904481024,1.0362562711356191,1.0735216653146094,1.0249344616894638,1.0276340729844968
2023-02-17,1.1604169888102538,1.0467359246573353,1.0730915390800295,1.0247919602264124,1.0288990696288254
2023-02-18,1.1639917216325122,1.0475590349810935,1.0743403541313317,1.0250965137590922,1.0289918517762717
2023-02-19,1.1491764072431285,1.0438376702180858,1.0698101765203591,1.0238992435736973,1.0262781432927277
2023-02-20,1.1728662777201866,1.0507620703470089,1.0869960277055497,1.0292025129122366,1.0318133340827802
2023-02-21,1.1543116374317133,1.0454909304476034,1.0728815867418484,1.0249697328035634,1.0277094092298023
2023-02-22,1.1426199010743943,1.042049399058956,1.0643816109099056,1.022336977255959,1.0248639022586348
2023-02-23,1.131219062683022,1.0388330287306267,1.0559076439721733,1.0198246048344826,1.022115576033034
2023-02-24,1.095820941184546,1.0284844624118814,1.0283245184496912,1.0113438510897494,1.0137046805496666
2023-02-25,1.0947461963683978,1.0281561096940275,1.0274740505332658,1.0110716008510119,1.0134754459126984
2023-02-26,1.1129722040673682,1.032689001548679,1.0373066231257557,1.0136262353870165,1.0172594158538684
2023-02-27,1.11116103439737,1.0321246817992584,1.0357811887612711,1.0131343148001042,1.0167825030268047
2023-02-28,1.09342253220175,1.0266743472002622,1.0223120838797395,1.008780931148624,1.011983461774873
2023-03-01,1.1170033505393377,1.0344615341301582,1.0412182728586086,1.0153427755510398,1.018321878183314
2023-03-02,1.1089217751105007,1.0320759813152718,1.0350978217798832,1.0134395969249863,1.0166074157512222
2023-03-03,1.0563565218899567,1.0163538694002194,0.9973637195904818,1.00157087932118,1.0063762566721324
2023-03-04,1.0559157925581049,1.0162082937302603,0.9969774753694973,1.001438519221568,1.0062720870314366
2023-03-05,1.0597970154034764,1.0170230366651603,0.9972913083906474,1.0014695815289483,1.006841675731337
2023-03-06,1.0595251231403473,1.0169110491365136,0.9968004037028083,1.001316447133813,1.0067278352010411
2023-03-07,1.0496058069618444,1.0137219384523257,0.9888020939384726,0.9986266060704998,1.00389848951199
2023-03-08,1.0259072639796172,1.0055666121339655,0.9694988605363294,0.9916804854009088,0.997403772751898
2023-03-09,0.9618977175811609,0.9843011723783309,0.9182575453715386,0.973915078220261,0.9874900781005403
2023-03-10,0.9535944397063454,0.9817874680529509,0.9123460203312244,0.9720579266031073,0.9874079795438213
2023-03-11,0.9746229582247272,0.9861367241151003,0.9123546390460618,0.9720273424092805,0.9893946731652596
2023-03-12,1.046968996347584,1.0057597891838697,0.9603685494098605,0.9857624344497251,0.9961056507838689
2023-03-13,1.1430303688988468,1.0334206724089745,1.0260114708574672,1.0059595552954401,0.9960604526754707
2023-03-14,1.1689420613917418,1.0395800466135143,1.0256888571459823,1.0058625710684443,0.9960604510831406
2023-03-15,1.1514588445344585,1.0357974628530893,1.0256872783161806,1.0058621688092375,0.9948013001328777
2023-03-16,1.183430496144795,1.0440261441438983,1.0421469295001349,1.0104933648893752,0.9985733718877998
2023-03-17,1.2954371920568712,1.073329726894489,1.1181261336203407,1.0323420381771702,1.0053247004423937
2023-03-18,1.2738000297448477,1.0678267252613522,1.1054360205336324,1.028753058698014,1.0052886182423015
2023-03-19,1.3244762452702556,1.0782975614054446,1.1050627813386118,1.0286464985852701,1.0080930266899506
2023-03-20,1.3116541308987337,1.0753911342354694,1.0978540227522822,1.0267884866430088,1.0076839103734911
2023-03-21,1.3309544221103862,1.0799364385383425,1.1036951588191928,1.0283632287278734,1.010192496466958
2023-03-22,1.2899343952662148,1.06976348435505,1.0777056533285518,1.0209654571437936,1.0045321998657852
2023-03-23,1.338425324010329,1.0826877721893005,1.110016464944929,1.0308032866561148,1.0076807464874853
2023-03-24,1.2987133692756394,1.0740343276803472,1.0916453069650391,1.0262011151064163,1.0066535903161795
2023-03-25,1.2987805350603554,1.0740442866275188,1.0915403813829387,1.0261765417231898,1.0066300373277262
2023-03-26,1.3223814662290807,1.0791472970791636,1.1009057115746717,1.0284855111104245,1.009993709120284
2023-03-27,1.2820198116922348,1.068637539111295,1.0734550038693258,1.0203125733408023,1.0034618265622481
2023-03-28,1.2880776488137307,1.0702619630350803,1.0773739754221516,1.0215140758679067,1.0041674681333412
2023-03-29,1.3391087912262298,1.0816525586452659,1.1009821592878828,1.027521225095211,1.0107910522058088
2023-03-30,1.3242347067752196,1.0778214236774848,1.0908465996431334,1.0245115146421109,1.009828731663987
2023-03-31,1.34525169270694,1.0827986700575525,1.096221664282286,1.025973866267107,1.013123435435621
2023-04-01,1.342065561924824,1.0819977000629448,1.0940262502836409,1.0253366497757386,1.0124854213408596
2023-04-02,1.332064133729292,1.0793988014402787,1.0875797464068344,1.0233895607823873,1.0102680567104658
2023-04-03,1.312739854737384,1.0739444105119487,1.0741382118150866,1.0189847049203267,1.005616024370877
2023-04-04,1.3305894388077266,1.0789503834500165,1.0865036826471532,1.0230060805505468,1.0097754452946262
2023-04-05,1.3310568314799396,1.0790579877839745,1.086793538267537,1.0230824777785201,1.0098667357453481
2023-04-06,1.3247343906900846,1.0773655917537008,1.082591186593665,1.0217762494057585,1.0083967574274058
2023-04-07,1.3191470831043735,1.0757379110348664,1.07866938804037,1.0204509555677284,1.0069845727810787
2023-04-08,1.3201832629507262,1.0760381497778497,1.079393087484307,1.0206942209822643,1.0072418895544804
2023-04-09,1.338381776963096,1.0813445307500404,1.0921165825064052,1.0249984126856366,1.0115916772465552
2023-04-10,1.4007319225320176,1.0999286712506262,1.1358147054296817,1.0401283986365095,1.0232290215086641
2023-04-11,1.4282278233894148,1.1074689892018486,1.1540623489247375,1.0459637660493182,1.0237480279458293
2023-04-12,1.4236927490106892,1.10641371552728,1.1531060333049905,1.045686462354472,1.0231360323047296
2023-04-13,1.4359751383264583,1.1093657468444076,1.1591928451907156,1.0473982265968889,1.0254149993932022
2023-04-14,1.4400674536380798,1.1104312940606849,1.1618255134454278,1.0482026128642896,1.0262956798119884
2023-04-15,1.4321692002068123,1.1082880029476865,1.156458207245802,1.0464985388501018,1.0244700863911032
2023-04-16,1.432020845012,1.1082376552239235,1.1563472016762635,1.04645515589454,1.0244314666288357
2023-04-17,1.3909095723421638,1.096727711399148,1.128033759110485,1.0371857030390297,1.0157706935282482
2023-04-18,1.4359036362891575,1.1101108837091667,1.1593656188962003,1.0480531223069183,1.0204077824284659
2023-04-19,1.3615106101642505,1.0936768713976857,1.1221760286411182,1.0384352279613562,1.0182514066084885
2023-04-20,1.3342691642989504,1.0872996331159557,1.111306412537303,1.0355075537768577,1.018185596655087
2023-04-21,1.2884923606300747,1.0790136816049636,1.1090100949658004,1.0350170049303733,1.0158923994930067
2023-04-22,1.3140284598405816,1.0845871850499056,1.1220958147273723,1.0382113788396117,1.0172515302501772
2023-04-23,1.3033473471175736,1.0823785226377731,1.1181625095359158,1.0372985513369195,1.0159394211876847
2023-04-24,1.300227551773934,1.0816017337156323,1.1161718753317098,1.0367518419804687,1.0153111164445698
2023-04-25,1.337179435608126,1.0913889812473205,1.1422162148448698,1.044456281423673,1.0230122384620453
2023-04-26,1.3426166350458524,1.0929237717950195,1.1461650834550852,1.0457055281336565,1.0239010815569807
2023-04-27,1.3922672807046363,1.1057966025511266,1.1726648471027197,1.0534022945160366,1.0324710859502546
2023-04-28,1.385959878407788,1.104039925304885,1.168149738063586,1.0519833772840066,1.0317987744629713
2023-04-29,1.3816247329514242,1.1029656221941673,1.166429617264985,1.0514933345687107,1.0309646056159005
2023-04-30,1.3825845209437317,1.103205382191759,1.166845256949463,1.051612388054613,1.0311470243477443
2023-05-01,1.3269747571052737,1.087410516175413,1.1269300606739439,1.0388079330191344,1.0197841942482313
2023-05-02,1.3547961536886017,1.0958993808580355,1.1472051006239918,1.045766894275666,1.021628814839536
2023-05-03,1.3701847760260966,1.098983041800983,1.1509254999192573,1.046571171034413,1.0233085822587207
2023-05-04,1.3626930232094698,1.0972044278762574,1.1466382208998116,1.0454248752389037,1.0219465084947357
2023-05-05,1.395129760974687,1.1056481465802697,1.1685032914293099,1.0518723876371332,1.0286227421402208
2023-05-06,1.3653814075512802,1.0975330312448548,1.1473856185762437,1.0453293601315043,1.023162980258685
2023-05-07,1.3441413352631817,1.0919327911286616,1.1346117756545204,1.0415109819999497,1.0193759450716973
2023-05-08,1.3082075481794573,1.0832288572626732,1.1128423575378592,1.0355546859422626,1.0131591666147997
2023-05-09,1.306530710078891,1.0828050815497474,1.111689529393452,1.0352275224470224,1.0128762728031064
2023-05-10,1.304782000898251,1.0823896144992364,1.1106569163128006,1.0349506562881035,1.012531816070823
2023-05-11,1.275449097376734,1.074326940790877,1.089763709600098,1.028505108388869,1.0057654744922901
2023-05-12,1.266200055134991,1.0715009268107485,1.0829870671967043,1.0261854743451886,1.003607727904264
2023-05-13,1.265212219891923,1.0712167901836083,1.0823025532007304,1.0259636546538593,1.0033825426468916
2023-05-14,1.2721353700557962,1.0731258426670307,1.0871736245738497,1.0274687263894793,1.005034511258856
2023-05-15,1.2845141717960542,1.0768811594962444,1.096217311625655,1.0305428504132406,1.0082893382449973
2023-05-16,1.2771430959662522,1.074604453119258,1.090846734484665,1.028683717259868,1.0063383846393377
2023-05-17,1.294250258237681,1.079820752124895,1.103113316347496,1.0328756391287335,1.0108063457223084
2023-05-18,1.267485800156696,1.0717557485781977,1.0837106514005828,1.0263154225707773,1.004160170362213
2023-05-19,1.2702217910162446,1.0725670602620543,1.0856144591867194,1.0269475460671522,1.004788099976821
2023-05-20,1.2815331365351241,1.0754695638718228,1.0927886262089692,1.0290080105996788,1.0072689542273452
2023-05-21,1.263783194013536,1.0703100862992085,1.079942220585583,1.0248201301847637,1.002879995588844
2023-05-22,1.2683865413052973,1.0716840203530222,1.0832534687544988,1.02592857586254,1.0040290740056228
2023-05-23,1.286074576901687,1.0765841167275412,1.095545034662625,1.0297450544147189,1.0081273082576279
2023-05-24,1.2439903229604026,1.063710733021894,1.064411065436798,1.0190524223950097,0.9985682991365429
2023-05-25,1.250669166808441,1.0657498484560815,1.0691853654384738,1.0206843452124987,0.9995765403465712
2023-05-26,1.2621518404347625,1.0684096848721043,1.074509072006101,1.0220535490317246,1.0016435013359608
2023-05-27,1.269193176546742,1.0703250963414417,1.0793030353675992,1.0235250188017861,1.0031563916912867
2023-05-28,1.3266950226832146,1.087179178034151,1.121003005600066,1.0372697591184898,1.0146712238578155
2023-05-29,1.3106455369996755,1.082350766212233,1.1092369967223907,1.0332729620881556,1.013962125950757
2023-05-30,1.3085890461462162,1.081806653110146,1.1084837833898815,1.0330330290924012,1.0135533232725458
2023-05-31,1.2857879229276317,1.0758311092831043,1.0940635897571678,1.0287775245023005,1.0087202641509436
2023-06-01,1.2669077869132273,1.0701589813597678,1.080264036145959,1.0241210223884156,1.0042442572645613
2023-06-02,1.2872018180523184,1.0756929516419396,1.0942411820155469,1.0283978561808058,1.0086912183256642
2023-06-03,1.278960723884781,1.0734867006192998,1.0884788004932333,1.0266661483337955,1.0069252688314412
2023-06-04,1.2810362204410586,1.0740599172446155,1.089918755286513,1.027114673430965,1.0073868937668042
2023-06-05,1.2168419681346334,1.0551706672706807,1.0429601864649225,1.0115843621148621,0.9945978197877567
2023-06-06,1.2866913396363386,1.0779377323943413,1.0951979093288093,1.0306292528583414,0.9947384119397309
2023-06-07,1.2445184231688013,1.0697054399345152,1.0903574023388947,1.02951262804386,0.9947282454257994
2023-06-08,1.25218122731079,1.071314003385488,1.0904298002624477,1.0295303327095817,0.9950169737614175
2023-06-09,1.2508660511279248,1.0710308132911628,1.0898615565218528,1.0293963479912067,0.9947543243270102
2023-06-10,1.2211473133870645,1.0631585467784954,1.069277239159257,1.023395105171972,0.9884694213932103
2023-06-11,1.225348035013303,1.06442942071139,1.0724091267969367,1.024438272426211,0.9894113119332976
2023-06-12,1.2235686952824902,1.0639345160430593,1.071190624644189,1.0240634449755974,0.9890179590168466
2023-06-13,1.2243352893830461,1.064141719544482,1.0717029703584033,1.024216196349029,0.9891910908495759
2023-06-14,1.1868262432220689,1.051847063261922,1.0430659295229228,1.0138953725209787,0.9794965102065875
2023-06-15,1.2081642963664425,1.0592638425504206,1.0594677376570723,1.0201481033025614,0.9832569775280965
2023-06-16,1.2436428691894685,1.068190590431117,1.078559664990147,1.025409900088024,0.9885573240907167
2023-06-17,1.2522973835236435,1.0705229011442183,1.084194868642183,1.027092679504054,0.9897837142362418
2023-06-18,1.244056197095413,1.0683337673003428,1.0796881074940425,1.0257656593267916,0.9881208872364751
2023-06-19,1.26837482419725,1.0754990770450197,1.0970787106044964,1.0314379910452098,0.9934172089553518
2023-06-20,1.3381190185086034,1.0965813020873343,1.148984953764974,1.0488350547041094,1.003637766289981
2023-06-21,1.4184136844012645,1.1191521960085797,1.203690792862189,1.06596399348256,1.0036114662889595
2023-06-22,1.4129806366947362,1.1179210283064673,1.2029815916933646,1.0657616667416665,1.0036098869583365
2023-06-23,1.4499764366189347,1.1254738832067543,1.2033105603108323,1.0658363572630094,1.007747336743576
2023-06-24,1.4430432300394926,1.1237343162562807,1.1986828435874157,1.0645361670077134,1.0067342435210014
2023-06-25,1.439810599867958,1.1229385284573896,1.1968389298322328,1.0640184674544892,1.0060827900966027
2023-06-26,1.42993178613381,1.120238820219002,1.189823499723169,1.0618361582640075,1.0038619597237817
2023-06-27,1.4496313816260264,1.126005765131001,1.204062612922051,1.0665849750852268,1.0085753427370503
2023-06-28,1.421198296646178,1.1178279564323137,1.1836131137713544,1.059877492072228,1.0021396969687273
2023-06-29,1.4381615322360726,1.1226311547180021,1.1954479115725332,1.063692467502068,1.0057505053010973
2023-06-30,1.4396684261395967,1.1229818025986464,1.1964001670995512,1.0639432834251732,1.0060390955069394
2023-07-01,1.4449980496089456,1.1243818957278389,1.2000711143151268,1.0650432134183438,1.0071927721412295
2023-07-02,1.4464478341433225,1.1247829017695845,1.20109777855998,1.0653673840070292,1.007525464533236
2023-07-03,1.471751528667429,1.132306921816406,1.2194241879605374,1.071583220588746,1.0137282030216055
2023-07-04,1.4538552606862811,1.1268604810784568,1.2064534583789426,1.0670744870033042,1.009485155233843
2023-07-05,1.441412153242799,1.1233171658621681,1.1980020318637883,1.0643273181701878,1.0066708523033694
2023-07-06,1.4128415998299468,1.1155632705345773,1.1781010039580841,1.0581787145790544,1.0004751369031846
2023-07-07,1.4332920128441664,1.1212741881328343,1.1926901873921116,1.0628133545001917,1.0047639324221074
2023-07-08,1.4309431478536674,1.1206716602032964,1.1911106580548947,1.0623508704285893,1.0042977423596242
2023-07-09,1.4252129284540482,1.1191503749932288,1.187172888828223,1.061160724718631,1.0030358428390687
2023-07-10,1.436702798414446,1.1225030487223653,1.195446046331688,1.0639095131152523,1.0058159424535875
2023-07-11,1.4464564143877983,1.1254267360057522,1.20251343653731,1.066322650458358,1.0082117734498726
2023-07-12,1.4356246399526458,1.1222058503238217,1.1947316967262782,1.0636854648025766,1.0056509474595143
2023-07-13,1.48684906851759,1.137585159715518,1.2316443124565717,1.0763079779958467,1.016100685064877
2023-07-14,1.4329047947144233,1.1221351466579146,1.193052742184155,1.063683582455129,1.0126957756827943
2023-07-15,1.43109740773285,1.121655754473434,1.1920868950796843,1.0633849866104288,1.0125939274476128
2023-07-16,1.4288926539452718,1.1211745451008566,1.1913331749601244,1.0631952645001865,1.0122096414898958
2023-07-17,1.424015661437209,1.119878252632418,1.1878290311961066,1.0621537326765529,1.0111402428526135
2023-07-18,1.4103486236365268,1.1158802456119352,1.1779378526219668,1.05886524237865,1.0078045119322567
2023-07-19,1.4130582279377941,1.1166970069361224,1.1799058222789411,1.0595392463997504,1.0084834420454079
2023-07-20,1.4072995922446414,1.115022637077092,1.1757738525852632,1.0581739623400035,1.0070785154455397
2023-07-21,1.4128135525791858,1.116704895936351,1.179783582875899,1.0595636838410976,1.0084924508222166
2023-07-22,1.4063447863297713,1.1147037125459287,1.1750745505535467,1.0579086520427492,1.0068165782293839
2023-07-23,1.421117660800241,1.1193381782078413,1.1858412417838369,1.0617451254906949,1.0106384862381639
2023-07-24,1.3782438398457708,1.1060770456886508,1.1546830106826638,1.050789838455799,1.0004602476444209
2023-07-25,1.3806281329424936,1.1067957719016508,1.156382557454609,1.0513706383171666,1.0008504686564075
2023-07-26,1.386654785949657,1.1081610866601117,1.1589770853674557,1.0520216685018065,1.001963988527287
2023-07-27,1.379839211754161,1.1062185590774098,1.1542069220312672,1.0504862562598243,1.000344703711023
2023-07-28,1.3849671533479755,1.1077651388724,1.1578539178252234,1.0517355683813545,1.0016406947539767
2023-07-29,1.386746677600175,1.1083163541437897,1.1591356140476672,1.0521864654298325,1.0021043158970289
2023-07-30,1.382891656791698,1.1070625528677411,1.156339728180385,1.0511536918096647,1.001045756134663
2023-07-31,1.3807566520882477,1.1063379058757554,1.154783473264572,1.0505539281594363,1.0004359823276603
2023-08-01,1.4018066673481664,1.1134747076274423,1.170108986593412,1.0564534521530387,1.0063918935020213
2023-08-02,1.3770649327068962,1.1049717665050836,1.1521108450645106,1.0494227577646331,0.9996296702200517
2023-08-03,1.3783271512518125,1.1053395783732543,1.1529329899895016,1.0496925292912074,0.9999152082490257
2023-08-04,1.3733866833867656,1.1039685792024438,1.1496933124731756,1.0486711646325695,0.9987847374400686
2023-08-05,1.3718767448803628,1.1034813442586864,1.1485681741073537,1.048261660001927,0.9983730914929091
2023-08-06,1.3718639206439953,1.1034678408905818,1.1485523236054462,1.0482482581785806,0.998361115993682
2023-08-07,1.3784168286456915,1.1056747807913085,1.1533286534031248,1.0500735213642227,1.0002194179975379
2023-08-08,1.4060466920297474,1.1152595635890599,1.1734830087670387,1.0580093539700568,1.0081506517621697
2023-08-09,1.3964103393975682,1.1120247024152634,1.166512293607564,1.0553494784718207,1.005637876504069
2023-08-10,1.3901796057368447,1.1101626557761648,1.1625183433068358,1.0539907021639892,1.0041175052606195
2023-08-11,1.38867381896164,1.1097040556651614,1.161409096986184,1.0536077020899968,1.0037298590998662
2023-08-12,1.3895359028797525,1.1099661676493826,1.1620186010396556,1.0538181138347014,1.0039498966581981
2023-08-13,1.3832509199313738,1.1078574610935783,1.157439769796018,1.0520740888962719,1.0021702118283895
2023-08-14,1.3891806069498882,1.1098863256346392,1.1617633684658553,1.0537530214116093,1.003873569634956
2023-08-15,1.3779335671342323,1.1061213841031374,1.1535952099242706,1.0506488345004519,1.0007627741249108
2023-08-16,1.3557995809888361,1.096058762208597,1.1375331774911903,1.0423647973974002,0.9930669078804213
2023-08-17,1.259566049983892,1.053887666030356,1.0682649492203342,1.0079582551338429,0.9699144661062052
2023-08-18,1.2305152796624594,1.0420250569303726,1.0483534472947045,0.9987879850982379,0.9697537940190893
2023-08-19,1.2327188340610247,1.0424356320656734,1.047931613181102,0.9985920912411052,0.9699163808513186
2023-08-20,1.2371298178072738,1.043466034928518,1.0493620466435738,0.9989689683521145,0.9706662365825179
2023-08-21,1.2340384387571677,1.0426554927170724,1.04711384234053,0.9983095827394142,0.96996960224214
2023-08-22,1.229669710408446,1.0414178314605944,1.0439141216449856,0.9972877057973879,0.9689004958057211
2023-08-23,1.248563962308924,1.0471368425894625,1.057828422733504,1.00203874169594,0.9738089457305104
2023-08-24,1.2358444418283416,1.0430560445652302,1.048461489003586,0.9986444703999989,0.9704345240398536
2023-08-25,1.2304260635720465,1.0412840914486425,1.0447082817005797,0.9972638902035971,0.9689331965185789
2023-08-26,1.2285741146756137,1.0406713611470015,1.0433759390766757,0.9967667176543868,0.968403073168923
2023-08-27,1.232411236909592,1.0419900398257969,1.0461739620443609,0.997851400301564,0.9695359738876494
2023-08-28,1.2331886255112632,1.0422622682874285,1.0467442183817128,0.9980766992309528,0.9697678855303097
2023-08-29,1.309772012755595,1.0717330937808622,1.1032408998207597,1.022604825251684,0.9898291331948859
2023-08-30,1.2894539015755548,1.0637429648444787,1.088327718522141,1.0159615008817025,0.9896517184345686
2023-08-31,1.2249372904067706,1.043708291527106,1.0876229160946396,1.0156683010278014,0.9849276613639772
2023-09-01,1.2187610828157822,1.0417732723513,1.0841364268957185,1.014473890248588,0.9848331833871827
2023-09-02,1.2219767370197516,1.0425212860973507,1.0839610688204968,1.0144033801194596,0.9852787306801015
2023-09-03,1.2267367429687213,1.043771779040041,1.086489891695149,1.0151388361538127,0.9863056016948706
2023-09-04,1.2193133553258233,1.0416213498802651,1.0809122847957082,1.0133668909180604,0.9844278980004699
2023-09-05,1.2177812742530307,1.0411332454185172,1.079727691422838,1.0129531784958725,0.9839996620651602
2023-09-06,1.216517856319102,1.0407307237967587,1.0787600128478645,1.0126148779910293,0.983645453677805
2023-09-07,1.2395205691525275,1.0484641804619566,1.0965091409538088,1.019162398055081,0.9903578337680956
2023-09-08,1.2237176963021557,1.0428827655354715,1.0843234418211343,1.014433188667364,0.9858386312447194
2023-09-09,1.2232464286808247,1.0427145079120719,1.0839470102564193,1.014285767108773,0.9856983861602081
2023-09-10,1.2202491555378756,1.0416936053147416,1.08176027705967,1.0134776680364197,0.9848240783495105
2023-09-11,1.1886202524031155,1.0303355527565001,1.0575613453464667,1.003941325345999,0.9754845550677513
2023-09-12,1.2203019286544383,1.0423237733775623,1.0820640988403543,1.014095186336785,0.9829077003268996
2023-09-13,1.2389598086587046,1.0483424544990683,1.092932269660413,1.0179356913818123,0.9864676761021524
2023-09-14,1.2536671780369377,1.0529369872266794,1.1001403367627394,1.0204137450293083,0.9899008189498052
2023-09-15,1.25692748641646,1.0539616200406643,1.1021449059518091,1.0211098780171979,0.9907335171209685
2023-09-16,1.2550185204115731,1.0533418125302931,1.1007524657877508,1.0206108041863347,0.9901885375771801
2023-09-17,1.253408017749483,1.0527850326852601,1.0995109746841878,1.0201373765368376,0.9896995988275568
2023-09-18,1.2638046907550744,1.0564855440446974,1.1074350590274458,1.0232529861097595,0.9929323544740831
2023-09-19,1.2853844669158707,1.0645010535487347,1.1239119280562424,1.0300175725903544,0.9998029612233686
2023-09-20,1.2816475397948066,1.0631089584034954,1.1211081919539854,1.0288654867660627,0.9986548187142139
2023-09-21,1.2549878898614004,1.0534265542326564,1.1026668170559608,1.0214550057259735,0.9904659634162882
2023-09-22,1.2555516949581025,1.0536329204734998,1.1030540205781445,1.0216113622382053,0.990628781439617
2023-09-23,1.2555432992350128,1.0536050786471944,1.1029905648352722,1.02156689816118,0.9906204467463029
2023-09-24,1.240306168955902,1.0481618972224385,1.0915487920065647,1.0170568315897173,0.9858802471394479
2023-09-25,1.242273812761722,1.0488914978908819,1.0930428200789313,1.017667758522084,0.9865086264084959
2023-09-26,1.2384366905277437,1.0474990344845745,1.0901941614161441,1.0165276091634927,0.9852975967867245
2023-09-27,1.2448357999537234,1.0499973064423755,1.095076289042425,1.0186293378973477,0.9874684339878239
2023-09-28,1.276429644025033,1.0627491626182866,1.119476486317939,1.0294901484018846,0.9981783028144029
2023-09-29,1.2712417329805792,1.0606356578512526,1.115512420132214,1.0277103385453659,0.996638218182156
2023-09-30,1.2738962576479518,1.0616276688721245,1.1164131970008717,1.0280739826650709,0.9974439997537397
2023-10-01,1.3218816900535242,1.080280189343235,1.148719419228227,1.0419519549943006,1.0113253218642377
2023-10-02,1.3004847745868309,1.0718211027351932,1.132781580827433,1.0349592410105182,1.0083482398990269
2023-10-03,1.2957229234239955,1.0701072881515148,1.132031167577976,1.0346410463223037,1.0071510797222567
2023-10-04,1.313173203213774,1.075946316142384,1.138547565092998,1.0370601209290438,1.0119234843197944
2023-10-05,1.2950584619109127,1.069660350725793,1.126415877735849,1.032383028945662,1.0067464252802454
2023-10-06,1.32012670714574,1.0784529456957637,1.1430181703835172,1.0388447291458132,1.0139391006483962
2023-10-07,1.3211773719209394,1.0787961679021618,1.1437165737746633,1.0391057736157485,1.0142082133276438
2023-10-08,1.3195831071408686,1.07826680959645,1.142753147726585,1.0387496382555075,1.0137436996565075
2023-10-09,1.3029832864218478,1.0724523252637759,1.1308106993334872,1.0340985135644627,1.008690796615501
2023-10-10,1.293882599374917,1.069065139874982,1.1239173507574967,1.0312485498362787,1.005816846130665
2023-10-11,1.2694277954897821,1.0603003525240597,1.106326466136156,1.0242467872922358,0.99835005019441
2023-10-12,1.2639236147887263,1.0582885306932068,1.1022023597731445,1.0225760414837792,0.9967097102059673
2023-10-13,1.2689107665645785,1.0599568913243147,1.1052743065227129,1.0237121616857587,0.9981558278298357
2023-10-14,1.268879213407473,1.0599378132443378,1.1051864210907834,1.0236724475954175,0.998138639833549
2023-10-15,1.2829533976476488,1.0650566908431576,1.1157866631013647,1.0279476279162738,1.0023918730655497
2023-10-16,1.347187598834269,1.0895120217144645,1.1648787477680218,1.0486895889598051,1.0183052038176625
2023-10-17,1.3422881869777366,1.0876917710230705,1.1613339456436376,1.04722400127229,1.018059179960574
2023-10-18,1.3381593364315716,1.0863065443171183,1.1608440653552663,1.0470214821382287,1.0170140461274533
2023-10-19,1.3566511471879137,1.0926224540920202,1.1697683495168596,1.050412767844992,1.0219562893738552
2023-10-20,1.4021475706098776,1.1086566465347891,1.2011846440176264,1.0627594781213723,1.0333154925529826
2023-10-21,1.413270243010977,1.11251398429898,1.2085132786358856,1.0656041249412134,1.034984918759737
2023-10-22,1.4168359342852928,1.1136502887811277,1.2085765576681682,1.065615423297432,1.03572457720803
2023-10-23,1.5629101679772004,1.1621828954566147,1.2829965601786681,1.093354582416722,1.065583625714408
2023-10-24,1.6014225491777188,1.1748263641694532,1.3084134583597957,1.1029194854934148,1.065434588167807
2023-10-25,1.629826110735714,1.1815088179195363,1.3078847361040282,1.1027225457544483,1.067696790278714
2023-10-26,1.6134738254567933,1.177614286254925,1.3056199898443275,1.10209562299245,1.0651964527552338
2023-10-27,1.6018133654745,1.1747320358126352,1.3015982686014855,1.1009473067088096,1.0629305212804605
2023-10-28,1.610305408727789,1.1768838631791718,1.3062599056916966,1.1023108973261115,1.064689068031313
2023-10-29,1.6315106064738234,1.1824400874613121,1.3203341088368667,1.1065697484009724,1.069306221249447
2023-10-30,1.6298045217334838,1.1819611114314539,1.3191296519807425,1.106179245269587,1.0689175184932327
2023-10-31,1.637618448891083,1.1841493835695798,1.324141235318679,1.1078102002743002,1.070738118089927
2023-11-01,1.6739663942269911,1.1949307642640863,1.3494838053107907,1.1165082964539563,1.079552264946895
2023-11-02,1.6503943406552661,1.1877298050110912,1.3329797157940788,1.110664709708538,1.0742434655554136
2023-11-03,1.6406672957615818,1.1848005631110814,1.3281119418801777,1.1089661597614786,1.071937090945795
2023-11-04,1.6571943227935961,1.18962027347453,1.33760820287425,1.1121777984497918,1.0759172035857674
2023-11-05,1.655643051496599,1.1891523898473917,1.3364870873196901,1.1117871577612726,1.075529196148954
2023-11-06,1.6550769398825644,1.1889747752378013,1.3361051638963783,1.1116513628473739,1.0753768984364873
2023-11-07,1.6742643962663217,1.1951127842771296,1.3495555636463206,1.1166352086466376,1.0805177251893023
2023-11-08,1.684265270897694,1.1983605471404253,1.356642706587043,1.119303055464382,1.0831528383365785
2023-11-09,1.7332905735773503,1.2142622785299428,1.38918785364004,1.1315441504603851,1.0955033669263246
2023-11-10,1.7626176646751897,1.2238147493329854,1.4092335624690133,1.1391359710249862,1.1011134451559885
2023-11-11,1.7543077440304573,1.221284443102351,1.4067236873827345,1.1382381419676209,1.099290110397016
2023-11-12,1.750361938699782,1.2200991088841195,1.4049978238382692,1.1376380035539961,1.0983246544389866
2023-11-13,1.724279102620832,1.2121134434625538,1.388532063055797,1.1317833953006247,1.0920067532838542
2023-11-14,1.6787084093407687,1.197563271226105,1.356991002797963,1.1201071129832596,1.0824471435942864
2023-11-15,1.7893830453631077,1.2313966987431657,1.4280955843385088,1.1452571983946322,1.0930809073154955
2023-11-16,1.7078600205999686,1.2100530761613222,1.3980241330892877,1.1360731596398177,1.0929956163869177
2023-11-17,1.7287349250640205,1.2149263802070196,1.3977037221786586,1.1359742373009831,1.0931137577102688
2023-11-18,1.7282162354463377,1.2147940916457287,1.3977002726746452,1.1359734403333352,1.0929587316701979
2023-11-19,1.766046072037888,1.2228163570747381,1.4113647482201275,1.13932838448969,1.098785946564152
2023-11-20,1.770316819530335,1.2237706992039423,1.4137734983175596,1.1399596126111804,1.0994020423657782
2023-11-21,1.6917540713721353,1.2056305259035818,1.378551627789164,1.1304777314418846,1.0885984707069438
2023-11-22,1.7682092162527925,1.2250498784986226,1.4280303421244946,1.14494208554667,1.0892176243569465
2023-11-23,1.7614675428726227,1.22361205481305,1.427371715967001,1.1447577865233038,1.0891671337666538
2023-11-24,1.7818108412219313,1.2277541446954954,1.4273991273869462,1.1447641604509387,1.0917222832875662
2023-11-25,1.7854250616209184,1.2285247468560119,1.428657855268402,1.1450817906312556,1.0922894413059863
2023-11-26,1.770419044378502,1.225100948076027,1.4198455712495033,1.1427411764097164,1.0894945024636302
2023-11-27,1.759792826768002,1.222484865742846,1.4125768841853554,1.140661548158912,1.0873596301660313
2023-11-28,1.787044974873724,1.2293408539117463,1.4312279687267815,1.1461158589286282,1.0929499464648547
2023-11-29,1.7883395769219852,1.2296675502202932,1.4321179532471733,1.1463773439896596,1.0932136490022188
2023-11-30,1.7814548994672141,1.2278522674757875,1.4277689384440555,1.1450481291561119,1.091738458417181
2023-12-01,1.8275588595545003,1.2407433388932176,1.4595885317075876,1.155401637214173,1.1017245977273433
2023-12-02,1.864762246038604,1.2513258966556553,1.4856728239333552,1.164053008513886,1.1079368642260248
2023-12-03,1.8884782262918631,1.2577486284730068,1.4943665570218232,1.1667984075671254,1.1116055046749496
2023-12-04,1.9830338120679214,1.2829117029604646,1.5310301140698015,1.178239446828796,1.1240627177991713
2023-12-05,2.0822585270100578,1.308962368705046,1.5835353741947695,1.1946379436718697,1.1241876173925067
2023-12-06,2.066471615259625,1.3053279389318342,1.5829689012760273,1.1944652014013573,1.1241484186068103
2023-12-07,2.045036134823136,1.3007716946484127,1.5829583939151106,1.1944625107315332,1.1213615289213916
2023-12-08,2.086318735600414,1.3098938394961863,1.600525558520218,1.1990716873342617,1.1277676327766593
2023-12-09,2.065505092236707,1.3052740424343894,1.5882620206529063,1.1958243532338022,1.1246113852381578
2023-12-10,2.0680424458236,1.3058445960556024,1.5893645995133954,1.1961231867722584,1.1250111284360649
2023-12-11,1.9482544830393493,1.27842757577707,1.5173629471434649,1.1764823688347459,1.1083198751973564
2023-12-12,1.9580038550208103,1.2808841646281652,1.5238549377581754,1.1784162700948462,1.1081958401588106
2023-12-13,2.0260503603149136,1.2936059508862878,1.523211387615724,1.1782228914463195,1.1134937143947465
2023-12-14,2.032343831247075,1.2948419627659322,1.5255159668153082,1.1787781842160303,1.1138476221386187
2023-12-15,1.9806558849590366,1.2846262313280004,1.521759142863042,1.1778772813664253,1.10748087224213
2023-12-16,1.9953164781657708,1.287794921036726,1.5284903343010041,1.1796209413707797,1.109320913485902
2023-12-17,1.953962283090499,1.279355341341888,1.515324600649437,1.176405609959254,1.1035555766556313
2023-12-18,2.0134283593871403,1.2924422812379184,1.5487219493803297,1.1851242326366658,1.111128449876174
2023-12-19,1.996752977160314,1.2889561015792443,1.5407316800325024,1.1831321442267153,1.109559543197056
2023-12-20,2.0620220665435807,1.3026649015652791,1.5503568702025239,1.1855372083136821,1.1177125853844179
2023-12-21,2.072267985576334,1.3048392929814132,1.554994235565316,1.186731269506985,1.1186523616597304
2023-12-22,2.0783498104780853,1.3061089717386574,1.5552537820568235,1.1867952785374178,1.1195066170511376
2023-12-23,2.066145565969534,1.3033845788642813,1.5489489865345991,1.1850931176150028,1.117376652513702
2023-12-24,2.0319727587386573,1.2952808063522556,1.527613046695115,1.1789589978281747,1.1110820193497997
2023-12-25,2.060174638421118,1.3022119300702641,1.5459038716362756,1.1844017168266388,1.1161463256294875
2023-12-26,2.0085564412172077,1.2900859388308403,1.5160063417196994,1.1758878040839673,1.107649178635212
2023-12-27,2.0521307976158374,1.3007074287778575,1.5412681894973888,1.1833248085182184,1.1138807044643209
2023-12-28,2.0136322555193127,1.292172376937444,1.5270061381615103,1.1794898408929795,1.108659277615964
2023-12-29,1.9886694642569172,1.2865268008566948,1.5184564853979565,1.1771642580580686,1.1048376774825468
2023-12-30,1.991385619067408,1.2871188557108444,1.519523292645525,1.1774492990318262,1.1052710912614268
2023-12-31,1.9965007364248548,1.2882529749016698,1.5222301631857418,1.178169023637584,1.1061196646829783
2024-01-01,2.086353241099704,1.3095422904720166,1.580419252762146,1.1947081928153092,1.1196047306528496
2024-01-02,2.123700923308115,1.31864432838252,1.6052002337704248,1.2019821469924774,1.1200486620471353
2024-01-03,2.0240396307653254,1.2964182135651914,1.6035460410485176,1.2015218294871757,1.1152642731151443
2024-01-04,2.0869479535286586,1.311102834846881,1.620963414517049,1.2062791931595742,1.1155549784182583
2024-01-05,2.0861340296924444,1.3109070878411042,1.620676352340998,1.2062012890730884,1.1154822002124074
2024-01-06,2.077938512307393,1.3093433938689212,1.6202055537082913,1.2060950453743662,1.114381124499348
2024-01-07,2.0757609754243354,1.3088748776520889,1.6186695103649487,1.20571770992793,1.1140342077827572
2024-01-08,2.218768002367779,1.340234427431123,1.7103220308898417,1.2294621826368302,1.132969851548556
2024-01-09,2.179524362912235,1.3314275885852587,1.6838549181192375,1.2223944367574784,1.1328269754401776
2024-01-10,2.202578464951824,1.335999793815228,1.6831195391159293,1.2221964465422939,1.1347920030447094
2024-01-11,2.190334917387931,1.3336007554070881,1.6792962794671251,1.2213006227149577,1.1332766874532112
2024-01-12,2.0242754490973773,1.299365535306984,1.5927193954013654,1.1999833665143662,1.1143961909463138
2024-01-13,2.0237659855490238,1.299241608181204,1.592267413537826,1.1998579729066436,1.114273807856727
2024-01-14,1.9743502356153593,1.2910341806995382,1.5916077833673943,1.1996829825543063,1.109826120216744
2024-01-15,2.008158059543576,1.2972379960338747,1.6075409541026076,1.2030618437438678,1.1132438448137945
2024-01-16,2.038530648817791,1.302680876658776,1.6179474501146425,1.205221951807045,1.1167818250040995
2024-01-17,2.019054970028192,1.299030537003437,1.6090746292242606,1.203284637531699,1.1142570617378333
2024-01-18,1.9491154598291414,1.2851837092100433,1.571623270719126,1.1946673894167406,1.1050759469359213
2024-01-19,1.9659484233201088,1.2887062874644628,1.5823754636436467,1.1972621398058136,1.1064787349777225
2024-01-20,1.9681770726272496,1.2891168836911613,1.5821269319425895,1.197194897068127,1.1067259933376716
2024-01-21,1.962517986222158,1.2879498348065619,1.5789775053374806,1.1964507755941673,1.1058599334595303
2024-01-22,1.8662282684549996,1.266758911544307,1.5151288079699121,1.1802298581776962,1.0926069855248537
2024-01-23,1.8822032074983595,1.2705794999356974,1.526391417890583,1.1833214939167869,1.0927171565498914
2024-01-24,1.8931397900810907,1.2727131697487306,1.525773899824122,1.1831501274707383,1.0939018219516388
2024-01-25,1.8863722837067993,1.2712759051925,1.5223962756837826,1.1823296661931277,1.0928749871211416
2024-01-26,1.9753234014081944,1.2912415892042015,1.5785846330260842,1.196866241781117,1.1051540548177743
2024-01-27,1.9896450288277772,1.2945120870111768,1.588384910807731,1.1994627581486685,1.1053179239127995
2024-01-28,1.9856553074070953,1.2936375074476223,1.5876846665039606,1.1992776199287123,1.1046960580385443
2024-01-29,2.044827441134911,1.307126848410235,1.6138084229252678,1.206188323631637,1.1139397645548184
2024-01-30,2.0289728100356026,1.3033731635950794,1.6034942500025582,1.2033361148876636,1.1118723416661382
2024-01-31,2.0114947597771433,1.2993188132832632,1.598851261709139,1.2020754786475776,1.108890139828506
2024-02-01,2.0347907693545415,1.304841930731165,1.6117586403603006,1.2056388366996593,1.1131217030736291
2024-02-02,2.039990951071203,1.3060788291184096,1.6150276989456855,1.2065460703336879,1.1140770039200074
2024-02-03,2.0308453330666394,1.3038384146023032,1.6091952675244836,1.2048826184457426,1.1123021053158797
2024-02-04,2.011540890123789,1.2988810899352312,1.5960450472911165,1.200944869167626,1.108384118961352
2024-02-05,2.0150877602166735,1.2998100073326813,1.5984694016944736,1.2016847807623303,1.1091115386575918
2024-02-06,2.0352111090731757,1.3050732063032089,1.6118476399532304,1.2057627564725728,1.1131682965648697
2024-02-07,2.093480933220604,1.3208570361777214,1.651736608732509,1.2183677572069243,1.1240640656694314
2024-02-08,2.139931608993278,1.3334341328890378,1.6822082850148277,1.2280202882491076,1.12924523015012
2024-02-09,2.227114642768442,1.3558899018091422,1.706193135337703,1.2352531022925088,1.1369554313162415
2024-02-10,2.2565945175743716,1.3632028196451007,1.7156176835691577,1.2380360758087063,1.1378525381072835
2024-02-11,2.281282741013533,1.3689098568168927,1.7157353284421475,1.2380624387036236,1.1406301195082562
2024-02-12,2.3599002920235472,1.3873418580515107,1.7468302963844617,1.246831400876076,1.1507258853769615
2024-02-13,2.3497073306287426,1.3849424114141071,1.7410736582097517,1.2451873276421694,1.149947678174964
2024-02-14,2.448162222346057,1.407188349918496,1.7506580051011786,1.24780901438418,1.1601400978979768
2024-02-15,2.453446176772227,1.4083784184636523,1.7527762508796467,1.248403451009284,1.1602522083582198
2024-02-16,2.463916289289678,1.4106015675447654,1.752398891804241,1.2482939519555434,1.1615497551677343
2024-02-17,2.440429484598554,1.4053339226165393,1.7408556595912434,1.2450802945934494,1.1576570464297948
2024-02-18,2.462137503123025,1.4103997632716145,1.75344390904309,1.248730302880435,1.1614449701907645
2024-02-19,2.445916043507191,1.4066461984382697,1.7438476441517876,1.2459721170117697,1.1586150013113745
2024-02-20,2.469805473863838,1.4123179659677239,1.7580349550254086,1.2501568808103771,1.1629163388980452
2024-02-21,2.4487519526975743,1.4072373588898035,1.745273053665808,1.2463271981932955,1.1590915562627802
2024-02-22,2.423517361432743,1.4010027726528842,1.7303135642797343,1.241742825830401,1.1543991875799247
2024-02-23,2.396449181149444,1.3943363916672422,1.7140890040683543,1.2367862159369145,1.1494376247957805
2024-02-24,2.436088618979207,1.4039848799354455,1.7375449060457016,1.2438663677319812,1.1564234460046374
2024-02-25,2.443747548172077,1.4057910841180172,1.7419999336253038,1.2451713279131453,1.157607620046174
2024-02-26,2.5755006157478686,1.4370353380342646,1.8106834212379952,1.2654115347802375,1.1754334163627516
2024-02-27,2.696568787912227,1.4659605554019748,1.882193538828653,1.2868118400794264,1.1753917679615962
2024-02-28,2.9525684085362562,1.5197998005694715,1.8816116955489925,1.2866355133619456,1.1755951778324882
2024-02-29,2.890857076007682,1.5082278904482518,1.8815061762003338,1.2866092859814946,1.1755941049122665
2024-03-01,2.9495378292830288,1.5176840114487176,1.881503685352062,1.2866086664320149,1.1786959913578965
2024-03-02,2.930133375748651,1.5146347909288835,1.8768659822589262,1.2856414069579327,1.1771717519202936
2024-03-03,2.983867110649727,1.523383027568995,1.8931284525694436,1.289150761906441,1.1821850981545992
2024-03-04,3.227756223629589,1.5641912903756094,2.011984628411556,1.3156791102718897,1.1986857697452917
2024-03-05,3.013807550836566,1.5292283398652833,1.921458687572793,1.2957258357985926,1.1985831599209271
2024-03-06,3.122718531445952,1.5459058137423196,1.9208072142847508,1.295577721352891,1.1985840991046937
2024-03-07,3.161390892688637,1.5506456734293672,1.9208073291740544,1.2955777407033477,1.1990246710650856
2024-03-08,3.2263239686269376,1.5588519454131415,1.9222294870470973,1.295825088196403,1.2029509389044413
2024-03-09,3.2357142619901094,1.56008790522147,1.9248334404452347,1.296308159709341,1.2036300996104417
2024-03-10,3.2603205579336283,1.5634959432131106,1.932762188989612,1.2978463922288814,1.2057969201617953
2024-03-11,3.406951215866775,1.5852351945611876,2.002142839828671,1.3122533789754969,1.2177133943305487
2024-03-12,3.376595602560126,1.5806001126260247,1.9871996456237604,1.3090397259505797,1.217169646646819
2024-03-13,3.452280001609029,1.5914495667378428,1.9870775409197035,1.309003858732497,1.2219326118460234
2024-03-14,3.372594809856249,1.5796556190614444,1.9586810627690001,1.3030034162258937,1.2170659617402306
2024-03-15,3.2784590102346653,1.5652759439010897,1.9311550492312635,1.297035213648965,1.2122423538067502
2024-03-16,3.0853212129845504,1.5362203635818736,1.8791114497931094,1.2860209482031981,1.2071414870064878
2024-03-17,3.2306004362823684,1.557893875816047,1.9035552885214286,1.291031484650363,1.2071116874568606
2024-03-18,3.1908250061906944,1.553040199800978,1.9032879879076066,1.290977221806623,1.2070666397496699
2024-03-19,2.924603085271394,1.5205753784588363,1.9028750363101847,1.2909070444463389,1.1999722548181118
2024-03-20,3.208070374980673,1.5598874463176593,2.0039515321318873,1.3092029047680018,1.1999302449253704
2024-03-21,3.0936479250754614,1.5480863666042786,2.0033995855661786,1.309106691422967,1.199930244840908
2024-03-22,3.0127476599920375,1.5400825694744993,2.0033995855600217,1.3091066914221174,1.199428121920855
2024-03-23,3.0261367163238333,1.5414713740495498,2.0037525074026243,1.3091536460080015,1.1997255613119266
2024-03-24,3.175972510741914,1.5578502351149726,2.0252111432654076,1.3121635305672907,1.205698811005201
2024-03-25,3.304677654054139,1.5731402828789618,2.0829189192326507,1.3212279614974902,1.2058088213050282
2024-03-26,3.3060486479564455,1.5732985379545175,2.082187261067574,1.3211153991147826,1.2058089650226325
2024-03-27,3.2808950615803236,1.5703289526387911,2.0819536187796124,1.3210786612620216,1.2040455727565156
2024-03-28,3.341812952146594,1.5783871800096096,2.1066799175057396,1.325427059339274,1.2093067879147716
2024-03-29,3.3015607187919915,1.5727435112566523,2.0860502867977972,1.321576103971051,1.2057043065071615
2024-03-30,3.2898683366098194,1.5710142234311493,2.0808625305839303,1.3205682869492936,1.2045536391861764
2024-03-31,3.3696214322328615,1.5831123783983698,2.1197229746565296,1.3284030135379659,1.2123341605598752
2024-04-01,3.2925534918273645,1.5708149623038472,2.0784574013231345,1.3196210262401533,1.2068312638269423
2024-04-02,3.0915497323886343,1.538288906380996,2.0108103811781666,1.305053314283067,1.1974600620438296
2024-04-03,3.1167669786431267,1.5424304154305977,2.0183759668065897,1.3066736123259348,1.1973907350658488
2024-04-04,3.2361847915258934,1.5573416073337545,2.017911268468879,1.306573914865636,1.202137773008223
2024-04-05,3.2044788507122353,1.5530076131845054,2.006056976694533,1.304405124490377,1.201356191292712
2024-04-06,3.25447824179166,1.5598397468071263,2.007070457202967,1.3045907241412635,1.2049488084650002
2024-04-07,3.276511940563449,1.562999002897548,2.014377033663923,1.3060174105029156,1.2068052329990813
2024-04-08,3.383684545189843,1.5792432957332554,2.05838966870051,1.315085286499188,1.2159405847700986
2024-04-09,3.265952519694892,1.5603619695560134,2.0001750525468838,1.3023074851339085,1.2116255951151294
2024-04-10,3.3343933471921217,1.571205010252436,2.0080396383414283,1.3040008826495315,1.2133886071643507
2024-04-11,3.309486281388474,1.567703609752715,2.006953494980382,1.303787417455304,1.2120975249864316
2024-04-12,3.174163094025089,1.54790782545111,1.9799065303036798,1.2983635622063978,1.2038264069398807
2024-04-13,3.0147652168329286,1.5224503094619393,1.9090440988648079,1.283149270623981,1.2026274474031224
2024-04-14,3.105331450231078,1.53536622790047,1.9105811129171952,1.2834216845004223,1.2026683475996187
2024-04-15,2.996094051288828,1.5220263706694903,1.9104742717557706,1.2834031021154662,1.2015116420643601
2024-04-16,3.014311294221936,1.5244247123345864,1.9115189148176939,1.28358575654425,1.2017704599115084
2024-04-17,2.894556176244497,1.509231302836445,1.907707200930295,1.282943353660372,1.1966731391022116
2024-04-18,3.000182122608558,1.5247252034272512,1.949898623645851,1.290936873765344,1.1977391085343574
2024-04-19,3.015809054316824,1.5267636526819186,1.9497734740950683,1.2909063583806493,1.1979905338960397
2024-04-20,3.070173298795852,1.5340658836737628,1.9508689683243072,1.291099113789196,1.2019713532745973
2024-04-21,3.06697074561033,1.5335678468101446,1.9490532365444024,1.2907422932206067,1.2016561364424974
2024-04-22,3.1572432209610404,1.5476398837771628,1.9850243658515383,1.298168828004888,1.2107175734882838
2024-04-23,3.1369119165018597,1.5442072840694767,1.9743260308963384,1.2957631401386254,1.209051959924541
2024-04-24,3.0362783807731684,1.527635097357693,1.9534543148904682,1.291178229681148,1.1993596917805394
2024-04-25,3.0459530215930637,1.5293308526700753,1.9575247882733906,1.2921190821583752,1.2000722680574267
2024-04-26,3.011640347151158,1.523907234144057,1.9524097014689619,1.2910443237375682,1.196469917934225
2024-04-27,2.9957600675791145,1.5211358705459914,1.9447895116846026,1.2893163950024409,1.1945288917014443
2024-04-28,2.9813096442316973,1.5185806208226102,1.9373620287983668,1.2876019160099033,1.1927060655872654
2024-04-29,3.0156933594074373,1.5249580622943715,1.956240911918149,1.2921714894036915,1.197066990633061
2024-04-30,2.864331942165095,1.495800237998174,1.8714366853379834,1.2708321394780207,1.1816305833590692
2024-05-01,2.751772420178818,1.4728234401822011,1.810985305281252,1.2547964697762446,1.1812240754612173
2024-05-02,2.792841714233207,1.4792983572913678,1.8103511878559035,1.2546177041110018,1.181465544952749
2024-05-03,2.9707570506544445,1.504706504880844,1.8123662742444524,1.254994601699227,1.1868452469238455
2024-05-04,3.0180718400804833,1.5116740712356773,1.8252709030655352,1.2575984273157501,1.186808244544017
2024-05-05,3.024669033214959,1.5125377945440452,1.824850287805998,1.2575139737270906,1.1871312568693022
2024-05-06,2.9836109949651517,1.5066074358678945,1.8138024217726523,1.2553209204550697,1.1831776784534538
2024-05-07,2.9445393294419024,1.5002778607113059,1.795263125945138,1.2512115040985736,1.1789449444542033
2024-05-08,2.8903638503413482,1.4912961164858587,1.7696458007496874,1.2454020156400931,1.1731943747132818
2024-05-09,2.9783209513332243,1.506294985170457,1.8118606232867511,1.255220979644493,1.1809482675669727
2024-05-10,2.8716972978319126,1.4887664300789558,1.7667920403896282,1.2450716632618741,1.1760865507870468
2024-05-11,2.8717413984433056,1.4887712149745103,1.7663992093935061,1.2449811661847205,1.1760733769647773
2024-05-12,2.9026669983131077,1.4933839106519977,1.7672827611218829,1.245156411117092,1.178712850551415
2024-05-13,2.9713056327367533,1.5047127696917306,1.7936575643148622,1.2511294160800384,1.185595046092768
2024-05-14,2.9075983323695187,1.4936971381653308,1.7639955553405247,1.2440665429620967,1.18057895271768
2024-05-15,3.1303090032044008,1.5329782962189755,1.8339922429369615,1.2610172252192346,1.1928807691596075
2024-05-16,3.081375223132489,1.5251034706196356,1.8194812930394717,1.2577383872981223,1.1927992666862524
2024-05-17,3.167361266672893,1.5368021592344718,1.8190212420481886,1.2576340381651512,1.196952257530064
2024-05-18,3.1621145855668127,1.5360615341940025,1.817265953100472,1.2572852213695245,1.1966517527533875
2024-05-19,3.130822710744645,1.5315596696382454,1.812612021147093,1.2563353142211515,1.1939843036770421
2024-05-20,3.3750323373730007,1.5704881921722589,1.9130909566411443,1.2790378157064433,1.2131291595487335
2024-05-21,3.313072639058087,1.5607448454785073,1.8848468100112417,1.2726570509250221,1.213004252117793
2024-05-22,3.265164613374186,1.5544020314458389,1.8840911779873808,1.272484791767437,1.2103225560711786
2024-05-23,3.20882100798129,1.546720840932502,1.8713171630917038,1.2700159706030894,1.205740772190246
2024-05-24,3.2370000070118152,1.5507523509679648,1.8814468290920552,1.2720581335699839,1.2083215042382935
2024-05-25,3.271948357630497,1.5558062971684963,1.8948858768115113,1.2748009840344714,1.2118196377888295
2024-05-26,3.2366217381693216,1.5502988682147607,1.8785172014948852,1.2711926094000023,1.2079542680456552
2024-05-27,3.278023539762332,1.5571468832517226,1.8979736778662322,1.2757393562306145,1.2127566263069158
2024-05-28,3.226140923411449,1.5484675533760606,1.8733603656710947,1.2699131465388331,1.2067541101910138
2024-05-29,3.1922185117021646,1.542515604789448,1.857681569725894,1.2660389555036853,1.2026993156647012
2024-05-30,3.229389606943616,1.5488893339219123,1.87383881187705,1.2699461205671112,1.2071631303573853
2024-05-31,3.1881239821339036,1.5417626296274705,1.8544993826422518,1.2652267814514504,1.2021686477078255
2024-06-01,3.1983047651171934,1.5435896546513401,1.859262857000411,1.2664332242300484,1.2034511398802097
2024-06-02,3.200414582651375,1.5439612716874005,1.8602321620286588,1.2666741398160017,1.2037186002477949
2024-06-03,3.2501641317733667,1.5533791877441359,1.8849275433233847,1.2732735981479473,1.2104230438492256
2024-06-04,3.3334430620512223,1.570061998490227,1.9270347375655437,1.2851957604575825,1.2213791481707594
2024-06-05,3.3577729449576412,1.5748149336738768,1.937652499451358,1.2881324617230163,1.2241198393129156
2024-06-06,3.342389766001051,1.5719493034941006,1.933496509519312,1.2870312815852332,1.222152372027098
2024-06-07,3.2755686672352406,1.5590590631119856,1.9050246208023622,1.2792604791521158,1.213114741737542
2024-06-08,3.2738297376880894,1.5587045909047288,1.9040841565240714,1.2789912272886252,1.2128773473121528
2024-06-09,3.289995287323789,1.5616199408095535,1.910171631328923,1.280535727493813,1.2149617556858991
2024-06-10,3.283584645311148,1.560362878877328,1.9069494342529008,1.2796464925547633,1.2140721991773353
2024-06-11,3.180595140518574,1.5395914659192451,1.8559655711206038,1.2651263773576258,1.2002327959454284
2024-06-12,3.2235413861172777,1.5487192224342188,1.8776705958590867,1.2716228152400517,1.2043623481148062
2024-06-13,3.153403699949038,1.53642622719377,1.8659313389477867,1.2686942771561462,1.1970586931043279
2024-06-14,3.118197388431914,1.5300139923999307,1.8535136393009284,1.2655402226354797,1.1931876217427924
2024-06-15,3.126695705412347,1.5314455683251587,1.8560096802259405,1.2661238952232885,1.194169125687096
2024-06-16,3.147860308453333,1.5350947424593333,1.8648240818590203,1.26824112226683,1.1967744869354724
2024-06-17,3.1408337340522805,1.5337761574056281,1.8612446282219952,1.267306771034923,1.1958268199670115
2024-06-18,3.0770843628089053,1.521413695854366,1.8292891000786655,1.2586664588166165,1.1870137420147784
2024-06-19,3.0685603973557374,1.5196516496397583,1.8248885376658204,1.2574008053012617,1.185844015913034
2024-06-20,3.062342026627915,1.5184578312630175,1.8222335991964556,1.2566883141272678,1.1850071472702308
2024-06-21,3.0277426059512607,1.511621204627767,1.8051454313356112,1.251994054697823,1.180086107782653
2024-06-22,3.035129550620309,1.5131423120054268,1.8089008875707322,1.2530686938911926,1.1811565321033524
2024-06-23,2.9845013106554124,1.502914649529006,1.7840546893459222,1.24609412345865,1.1742935417282083
2024-06-24,2.8473528377359556,1.4734219645764557,1.7136242909730701,1.2250876459578974,1.159960648461858
2024-06-25,2.9194951642480254,1.488213914862633,1.7460090119370872,1.234259203896337,1.160667079562749
2024-06-26,2.8725711911187677,1.4806162830718468,1.7450651972467448,1.234011247364419,1.158305674372621
2024-06-27,2.910055234631863,1.4867923460041692,1.7489903128178432,1.234898986999236,1.1616080515926983
2024-06-28,2.849370948141006,1.476822959122447,1.730615355996687,1.2307276162500482,1.1553648792757705
2024-06-29,2.876166036772164,1.4815090350874425,1.741476611168078,1.2333356372058522,1.1581952565673488
2024-06-30,2.9607642949640836,1.4957481624606142,1.7708748834904506,1.2401381747316753,1.1671193954888204
2024-07-01,2.9689688538970773,1.4971722814477209,1.7744178954565335,1.2409925099630137,1.1677975268861303
2024-07-02,2.9300940726933113,1.4904961922779227,1.7673545493152736,1.2393082338782047,1.1636160018980592
2024-07-03,2.8424641281198455,1.4740965499626775,1.7295288913920916,1.2295571503262996,1.154790260365128
2024-07-04,2.6914828249338623,1.4455443265505195,1.660011992170769,1.2115379312229413,1.1488168021763532
2024-07-05,2.676587520523395,1.442899537535371,1.6569897736618229,1.2107990357415577,1.1487414065416621
2024-07-06,2.7541119668392966,1.4540316747636448,1.6567820190238796,1.210748064984236,1.1525896640346172
2024-07-07,2.638170905922513,1.4361067019980922,1.6158905068696376,1.202006121722349,1.1491052727695932
2024-07-08,2.6786056309284456,1.44266879399769,1.6216443574212043,1.203284959673779,1.149578623242899
2024-07-09,2.740209387488642,1.4515199117525037,1.6219219124546806,1.2033355189566504,1.1535442191632364
2024-07-10,2.727609713648645,1.4495794129218365,1.618402922094303,1.2025822457485256,1.1524700074205385
2024-07-11,2.708828942400915,1.4465739573459375,1.6140512757465697,1.201614359285376,1.15036933231602
2024-07-12,2.735024521047067,1.451089732853022,1.6252694123293174,1.204315050482312,1.1535533306636723
2024-07-13,2.7979679028738507,1.4624756080544818,1.6560087510531003,1.2120818496000814,1.1610241032096633
2024-07-14,2.8714618485426353,1.4762790084464845,1.6918013338558144,1.2214957064617482,1.16726887229259
2024-07-15,3.0643021973175797,1.5117577213036266,1.7545184861354586,1.2376998262485188,1.175700976839569
2024-07-16,3.0750249196132624,1.5136168603729667,1.7563144596408529,1.2381441767880021,1.1756380561694773
2024-07-17,3.0288098776512538,1.5067462159401732,1.7560287745181955,1.2380732380544472,1.1719600457623793
2024-07-18,3.0219733602783805,1.5056101949486043,1.7531757668232169,1.237413647093026,1.171273205524204
2024-07-19,3.151219335774679,1.526854236972862,1.8043449903199031,1.249328830427616,1.1831303349950413
2024-07-20,3.172641161628561,1.5305140147380023,1.8143662807565426,1.2517774538692072,1.1836002112470554
2024-07-21,3.2194475946345658,1.5379369144950952,1.8143020514944623,1.2517499944905213,1.1876997804694023
2024-07-22,3.192556554882385,1.5334022551616098,1.8050874270858206,1.249513841503084,1.1847935947623698
2024-07-23,3.114256749700065,1.519797089844944,1.7751436660099902,1.2420159592759121,1.175779545154382
2024-07-24,3.088014487143108,1.515046657811425,1.7631089805973306,1.2388932644383657,1.1729642682673624
2024-07-25,3.107150093017236,1.5182537429407632,1.7683833496452939,1.2401541092084845,1.1751013915163493
2024-07-26,3.2079943521694045,1.5357418393057023,1.811048105869911,1.2507746303102703,1.1863494900525042
2024-07-27,3.2033307586449244,1.5348873516924053,1.808796745624262,1.2501809146850227,1.1859273015357683
2024-07-28,3.2242348174880564,1.5384523251904216,1.810670034679485,1.2506340780461307,1.1882152203171794
2024-07-29,3.156404017694868,1.5260899600911717,1.7841639657851123,1.2436486056068365,1.1798297117546808
2024-07-30,3.1271688182475463,1.5204382522805813,1.770676989735766,1.2398911145692653,1.1763264739920736
2024-07-31,3.052450204136015,1.5069453862633047,1.7440316353915746,1.2329581424734823,1.1677852774999338
2024-08-01,3.0873232700289717,1.513418674779728,1.759356076661067,1.2370320898640792,1.1710334886628078
2024-08-02,2.9010926618427906,1.4815370545040396,1.7040377123840953,1.2234443924469485,1.1568170954545074
2024-08-03,2.866374409393177,1.475082062619297,1.689381535229253,1.2196151535427098,1.156688948748138
2024-08-04,2.7452992254161286,1.4578209717618094,1.6887734826518614,1.2194560903363905,1.152706084818412
2024-08-05,2.550420099840837,1.427687610098113,1.628607316326913,1.2068099955739007,1.1519745470097122
2024-08-06,2.646919618424539,1.4419599453250311,1.6293453080601197,1.206946697522751,1.1519698778005238
2024-08-07,2.599358308426026,1.4363147241054572,1.6293303267535935,1.20694376358029,1.151735084695319
2024-08-08,2.915031038342442,1.4764583592408456,1.6350166360917586,1.2079134037976156,1.1591020670245387
2024-08-09,2.875822826993122,1.4715801486004547,1.6256664086891817,1.2062201266673784,1.15907144212045
2024-08-10,2.8789262921940493,1.4718843759780444,1.6253323595094933,1.2061593787738798,1.159150565196855
2024-08-11,2.7737601731253507,1.4595156297399374,1.5957278583899732,1.2011118607140985,1.1524979558827946
2024-08-12,2.803757445899257,1.4636225790861899,1.608946419935976,1.2037059626735902,1.1535755517729331
2024-08-13,2.863042875758434,1.4713794513251222,1.6131099954845622,1.2044824226567605,1.1575041677178068
2024-08-14,2.7746002989984597,1.4588158495166907,1.5835229213378308,1.1983827921649353,1.1517099450300543
2024-08-15,2.718993672023573,1.4502922560254865,1.5662688416955106,1.1945862633330697,1.148713456529372
2024-08-16,2.7820088326697374,1.4596248304117665,1.5743884600725786,1.1963032207639295,1.1532506712342172
2024-08-17,2.809636481797154,1.4637126662338935,1.5811648722024139,1.1977558391386587,1.1554505736636833
2024-08-18,2.7626348251641453,1.456482642084543,1.5699494520673871,1.195253846520352,1.1506985861882095
2024-08-19,2.8103205025772144,1.4644424535509921,1.588836806849974,1.1998103048469217,1.1558431269510299
2024-08-20,2.787615330479653,1.4606779477944103,1.5797610843285796,1.197629679674242,1.153492742746838
2024-08-21,2.8897615725355466,1.47837345967345,1.6194853714588655,1.2075940950343635,1.1636092323510447
2024-08-22,2.852289153869806,1.471761048825299,1.6024741792220338,1.2032198425487621,1.1621482328216968
2024-08-23,3.0276555118567963,1.5017123134989188,1.61452611115249,1.2062096469358747,1.1712595765040927
2024-08-24,3.0316535367398743,1.5023745616230866,1.6153670010655907,1.2064201885944712,1.1711865098224028
2024-08-25,3.038954125400002,1.5034320655096804,1.6149177977881823,1.2063075517908988,1.1716351759220829
2024-08-26,2.970323609917366,1.492212844533784,1.5922954784843368,1.200734968680695,1.165109292758853
2024-08-27,2.8108249840481316,1.4635771344356512,1.52308481465625,1.1820865055071454,1.1550137179519113
2024-08-28,2.788315958184507,1.45960447142368,1.5155141870734101,1.1800927739572016,1.1548653021598831
2024-08-29,2.8053476512088236,1.4619694309040625,1.5150712507667081,1.1799753462983653,1.1561001629641943
2024-08-30,2.792654794068602,1.4600268546846387,1.51073505751002,1.1789912498832065,1.154739573705632
2024-08-31,2.785589101133594,1.4588336611107267,1.50758193691601,1.1782003879330278,1.1538923129480645
2024-09-01,2.7079113175454426,1.4450250250281436,1.4719698926232045,1.1687540527213922,1.1448667786125832
2024-09-02,2.7923243162652334,1.4613232154882319,1.5116162010873093,1.1801440965212904,1.1509406176868162
2024-09-03,2.7128965318467357,1.447628253702671,1.491722172858298,1.1750190987770577,1.1475416491423018
2024-09-04,2.7384291251508976,1.4520742176763481,1.494109252527716,1.1756322716026506,1.1488348383339684
2024-09-05,2.6528796592111465,1.4382417504955363,1.4848575456421822,1.173417431658931,1.1428037149338959
2024-09-06,2.5484029120427194,1.4197046268454745,1.4477103403958813,1.163815860965501,1.1390421794387657
2024-09-07,2.557422132897474,1.4211947278259456,1.4486916038763222,1.164043002944412,1.1392032431276788
2024-09-08,2.590577120159963,1.4261771749126841,1.4492062201036895,1.1641511631166008,1.1417406273320005
2024-09-09,2.693458864462773,1.4432090829213982,1.4841474578372407,1.1726014425459408,1.1503391150097584
2024-09-10,2.7231795396781924,1.4483005976848924,1.4959996953588461,1.1755966343069781,1.1513248706327355
2024-09-11,2.7087466458625005,1.4458995173996925,1.4950011398694019,1.1753481273899866,1.1498901508460955
2024-09-12,2.7457732608582583,1.4524495392133574,1.5059049525448343,1.178194640788943,1.154097074853814
2024-09-13,2.861235304255475,1.4738405477377192,1.5554298924604306,1.1917677292244306,1.1655189595966358
2024-09-14,2.8344904054414672,1.4688297486337223,1.5441786993973925,1.1886371599375565,1.1646339947644166
2024-09-15,2.7956477309589665,1.461975610073176,1.5427396002290155,1.1882501462371442,1.1608284001642197
2024-09-16,2.748867130947083,1.4534301899449489,1.5275551635800366,1.184167887795434,1.1557219150691822
2024-09-17,2.8488231041442447,1.4718180347125451,1.56700318206554,1.1948082665049853,1.165078945748736
2024-09-18,2.912175200842308,1.483004167564009,1.5917171690417253,1.2012484878295189,1.167690503467865
2024-09-19,2.9731482633031665,1.4932794486353875,1.5951093818916822,1.2020917661859578,1.172054394866802
2024-09-20,2.9850766483387776,1.4952955949329383,1.597019479320091,1.202576851683029,1.1731503555111253
2024-09-21,2.99461216003319,1.4969323568589359,1.5991832608321135,1.2031355576687732,1.1742508313794078
2024-09-22,3.0066043894685586,1.4991196203072763,1.6037801603580877,1.2044014572434028,1.1758229779278717
2024-09-23,2.9915398789465955,1.496163499381463,1.5969440057809123,1.2023823354053846,1.1736785631857223
2024-09-24,3.037462639032258,1.5055970281404114,1.6179941293029576,1.2088923624349868,1.1804067433728809
2024-09-25,2.9827227090101482,1.4941930872890252,1.5928689412057948,1.2010024491960452,1.1729146260118972
2024-09-26,3.0789867783045715,1.5143868839421568,1.632572274599023,1.2135381426832252,1.184448558419016
2024-09-27,3.1077848465870797,1.5198928061788004,1.6433042606641926,1.216637895233421,1.186695563049758
2024-09-28,3.1123661435731442,1.5207102381829605,1.6434376565893152,1.21666640976186,1.1871665385540573
2024-09-29,3.1004460619999294,1.5184495464909198,1.6390712862676142,1.215415997362948,1.1856245902565616
2024-09-30,2.991525670799828,1.4965346607510788,1.591856783746382,1.2010354384462183,1.1725755304571006
2024-10-01,2.8737866334921867,1.4716354866009818,1.5382193673525522,1.1839280800637433,1.168098890768617
2024-10-02,2.864139670880279,1.4698557146418572,1.536711172253783,1.183485445487292,1.1678605687840953
2024-10-03,2.8701207471049566,1.470745167453102,1.536693040115734,1.1834757347781029,1.1683117340991727
2024-10-04,2.931910870265601,1.481039025785054,1.556639348984881,1.188478053359512,1.1753752212217063
2024-10-05,2.932972421802609,1.4812080333845161,1.556945090012495,1.1885504126479443,1.1754939678895409
2024-10-06,2.967408725573525,1.4873983722106057,1.5682091186800793,1.1916135782458013,1.1799160789856336
2024-10-07,2.939902676039866,1.482086412968687,1.5562154895491778,1.1881056711982934,1.1761190520654763
2024-10-08,2.9349573183580744,1.4810970480006544,1.554101039899183,1.187469716640454,1.1754090045833698
2024-10-09,2.861745505889374,1.4664664124554798,1.5222277443840095,1.1778254416968974,1.1651604731175647
2024-10-10,2.8472151847815668,1.4633555590607124,1.5155973678118462,1.1756824657879232,1.1633574769377675
2024-10-11,2.949748368185123,1.4828476342339298,1.545819533650122,1.1843459809282253,1.1748232485290357
2024-10-12,2.985078862595416,1.489670229164099,1.560209182249073,1.1885828756331096,1.1768177970936786
2024-10-13,2.9689402530821574,1.4867280461220291,1.558390031305391,1.18806934167306,1.1752150435112192
2024-10-14,3.1198521762267855,1.5151722483724694,1.6052952983259527,1.2015321975314,1.1894734760435588
2024-10-15,3.166852725731475,1.5240463413031233,1.6243591342333414,1.207080985272511,1.1896320530008682
2024-10-16,3.193854109272831,1.5285356231584446,1.6238097131200981,1.2069191352791842,1.1917363699186583
2024-10-17,3.1837980627468707,1.5267962509089117,1.6209494057095852,1.2061546738890359,1.1905402079339715
2024-10-18,3.2319308354796292,1.5354948844377219,1.6389533158405294,1.2112060276954721,1.1966660038705332
2024-10-19,3.2292829535821737,1.5349835914090977,1.6377548622068137,1.2108476916817486,1.196315516321024
2024-10-20,3.259466223913755,1.5407138344894742,1.6494498928460275,1.214305173612824,1.200393681741131
2024-10-21,3.1822872016335353,1.5253196092856787,1.6164183793708966,1.2040449614589996,1.189776862122927
2024-10-22,3.1819827413456747,1.5252499482639086,1.6162780730140165,1.204003156891153,1.1897188859436654
2024-10-23,3.1380891629482575,1.5171557915287093,1.6030045725033923,1.2001926115627017,1.1842021399333622
2024-10-24,3.2197561143929305,1.5332492313219699,1.6363721016438677,1.2103788746168536,1.1945333097361617
2024-10-25,3.1480193658885685,1.5197869016511352,1.6079232492025015,1.2020860296801756,1.1874619668317843
2024-10-26,3.165604992115405,1.5230310957186515,1.6120174349944043,1.2032535606868195,1.1892731776189092
2024-10-27,3.2088084605270044,1.5303974654575858,1.6229122821737245,1.2061414336717315,1.1940121486290058
2024-10-28,3.3022659595315114,1.5471973825547094,1.6589418474882722,1.2162373570894762,1.203409090493708
2024-10-29,3.43513242915394,1.5712422773086936,1.7101764516870186,1.2307459229836455,1.2098375177270506
2024-10-30,3.4171371654488905,1.5681330055956115,1.706529873195973,1.2297524884085882,1.2094213107466996
2024-10-31,3.3167881616983084,1.5517876522195486,1.7041892982723268,1.2291494054787993,1.2015172949390194
2024-11-01,3.2821763780887525,1.5457860527036058,1.6925195727817557,1.2260357615307382,1.1988939672735237
2024-11-02,3.273050319351167,1.5443271642443406,1.6907459855822702,1.2255939563257296,1.1979434933023032
2024-11-03,3.2471568022148505,1.540155448784555,1.6813781766560072,1.2232771623578713,1.1950261161459488
2024-11-04,3.203244402636002,1.5325875277785683,1.6625587371454242,1.218304129212604,1.1898680430909867
2024-11-05,3.2763705971813284,1.545568044069055,1.6942399443558709,1.2269173883413735,1.1975638742454553
2024-11-06,3.572999059309975,1.5968118145056227,1.8156025250172105,1.2591026139054036,1.215213265476541
2024-11-07,3.5855538944530325,1.5988683419916898,1.8191706112453787,1.2600098353992972,1.2151139525641086
2024-11-08,3.615815032809752,1.602810375422851,1.818635584866577,1.25987399333728,1.217080951608888
2024-11-09,3.626839816615269,1.6043703339946696,1.821510915210421,1.2605187668462614,1.2180076583019575
2024-11-10,3.8013974173648695,1.6309907262458767,1.8898250247763575,1.276818638355521,1.2320125403491362
2024-11-11,4.190034147527806,1.6927071468679766,2.0527490616670345,1.3175615610182976,1.232705886798743
2024-11-12,4.154810491000343,1.6878275548961403,2.051653734966488,1.3173055434540288,1.2327017932167494
2024-11-13,4.278967182133315,1.7015932867389993,2.051639228853252,1.3173023656765284,1.236688301832542
2024-11-14,4.12148998805409,1.6832411659777256,2.0067834944053606,1.308869472529127,1.2339112200928946
2024-11-15,4.301728264211011,1.7053009532910532,2.031261222920925,1.3136578311277958,1.2349791630098037
2024-11-16,4.27775376949515,1.7026589961468377,2.030215912904211,1.3134669213806687,1.2348715509220127
2024-11-17,4.244091163898173,1.6989556354716007,2.029952654973881,1.3134198771884293,1.2328343622313338
2024-11-18,4.277005719793945,1.7028707835667958,2.039025825972107,1.3151724726529253,1.2352388263628273
2024-11-19,4.362087424018711,1.713544131159329,2.07072454981048,1.321616378779312,1.2418302485866368
2024-11-20,4.456359400423592,1.7259058406072794,2.1076452631601494,1.3294827596285141,1.2480561893377309
2024-11-21,4.653114554936266,1.7519646606739474,2.17049906247297,1.343048966438453,1.257172675430133
2024-11-22,4.676399677751856,1.75500018000572,2.1766819167657507,1.3443774772771626,1.2573602333645388
2024-11-23,4.618751875198597,1.747930706834221,2.17543055157968,1.344117491343277,1.2536963262250225
2024-11-24,4.629925383241699,1.749391479144577,2.178051053474832,1.3446846634236391,1.254498438749917
2024-11-25,4.397917417822483,1.718519766107974,2.0964752866931713,1.3269486890228837,1.2392089012854075
2024-11-26,4.34515426541483,1.7107036092118033,2.07531592734898,1.321873148281248,1.238879696210405
2024-11-27,4.533027667505752,1.732732598535393,2.0752756960190117,1.321821610093404,1.2442816783158532
2024-11-28,4.518381097924397,1.7309889930499835,2.0710759327092263,1.320993006498887,1.244100057452663
2024-11-29,4.603836273435604,1.7408154015110113,2.0716415789855125,1.3210980357486044,1.248995487001771
2024-11-30,4.556009806204573,1.7349292691832399,2.057388360448731,1.318149624556024,1.2456521173870547
2024-12-01,4.595251600446251,1.7399219066619998,2.068574558183289,1.3205449119361452,1.2487721809703014
2024-12-02,4.528434930193718,1.7312444707321089,2.0452813531743517,1.3154453492580835,1.2431927723199738
2024-12-03,4.534899821494014,1.7321223907630867,2.0476179789576876,1.3159795527465115,1.2437448473940802
2024-12-04,4.665576022257711,1.7499270415527217,2.0932365655357925,1.3264378746156527,1.2543556385900556
2024-12-05,4.562836359422569,1.7351196669491642,2.05422432709745,1.31693979619521,1.2486753923950045
2024-12-06,4.720002081401244,1.7572667302534664,2.0827697926083606,1.3237174416180955,1.2565904395296752
2024-12-07,4.720126079773028,1.7572629003018592,2.082726549320402,1.323714016711009,1.2565567817124328
2024-12-08,4.782133753648453,1.7650409797133402,2.086048416111475,1.3244228468776351,1.2604735620370262
2024-12-09,4.602475612730946,1.7408422416338567,2.0324741122464625,1.3120198973986537,1.2492191744332677
2024-12-10,4.566703189599788,1.7357486805322777,2.0205800020830003,1.3091300932840748,1.2482310907529721
2024-12-11,4.779158530811201,1.7616889759866452,2.0316408792112273,1.311409912840341,1.2566168613052917
2024-12-12,4.72577870792959,1.7550669277294042,2.0163059719361103,1.308083737114659,1.2561851262177817
2024-12-13,4.7926791508916295,1.7629275788694045,2.0161171072762993,1.308036844660772,1.2597951605697544
2024-12-14,4.788603073462027,1.7624302891448886,2.01455960252498,1.3077070674204028,1.2594829403913754
2024-12-15,4.926807008712734,1.779768339243661,2.055247875343963,1.3167110256402228,1.2697430839621702
2024-12-16,5.008576185005574,1.7905514687038186,2.083311875021377,1.3232764520197988,1.2744275508698941
2024-12-17,5.013814009085098,1.7912142470696342,2.083715283191394,1.323363747115594,1.2747456129317267
2024-12-18,4.725709696931006,1.7535646936215474,2.011532231690373,1.3065958633591275,1.2572546057522183
2024-12-19,4.605226457562114,1.7360176756707548,1.9700473364188669,1.296023311881295,1.2570199078823485
2024-12-20,4.617743281299536,1.737314941453915,1.9692622771579513,1.2958203671162867,1.2573479210590315
2024-12-21,4.5926505869809855,1.7346035326922344,1.9662066206586464,1.29524408638818,1.2557182090612617
2024-12-22,4.492517104209932,1.7226691452045528,1.9349339118186188,1.2887517853293897,1.24834332359546
2024-12-23,4.472738994867725,1.7201228129386992,1.927850226975851,1.2871690502341022,1.2469694985951634
2024-12-24,4.661209508165628,1.7434569034669332,1.9789632891694093,1.2981540391931181,1.258784725563124
2024-12-25,4.690643252624912,1.747202783877038,1.9888537308946475,1.3003635862858547,1.2591416040627055
2024-12-26,4.525138271101039,1.7271204495258006,1.9844661644560362,1.29942122476357,1.251432165994562
2024-12-27,4.448110187315043,1.7168587039877716,1.9623778848567373,1.294381811275221,1.2489090668959797
2024-12-28,4.495303746190098,1.7224645179783102,1.965172661140585,1.2949365092032792,1.2516429252946801
2024-12-29,4.418131735722569,1.7132642909734639,1.9471313318391497,1.291238054307895,1.2460392142714927
2024-12-30,4.376231357343014,1.7078696582454533,1.933378538149133,1.2882128559951993,1.2427068974896587
2024-12-31,4.413359643622779,1.7126163019479586,1.9449167522139383,1.290731262724811,1.2457903202144969
2025-01-01,4.460150945875084,1.7187540559931163,1.9611969902761295,1.2943840035665557,1.2498057651203396
2025-01-02,4.5766913322554865,1.7347734503093684,2.0030468235912227,1.304236657886518,1.2598628849935682
2025-01-03,4.634347253749755,1.7428790670210135,2.0233753604835516,1.3091512455591083,1.2641695513937574
2025-01-04,4.640431292908146,1.7437110349218496,2.024323415140829,1.3093726126969396,1.2646592690698841
2025-01-05,4.644150505976098,1.744228056693742,2.025235518271931,1.3095914610073869,1.2649798285579419
2025-01-06,4.821911028953993,1.7709704110985725,2.0890391891682354,1.3261196517371958,1.2794451293050126
2025-01-07,4.578383762413219,1.733013575461022,1.9993207329102287,1.3019505169134018,1.276294627249021
2025-01-08,4.489616058970087,1.7199046901366981,1.9941155209442782,1.3006118254138967,1.2761595369050216
2025-01-09,4.36871247988256,1.7055397428853718,1.9938292730503775,1.3005481564874903,1.271992730741154
2025-01-10,4.473457521147077,1.718097933628989,2.013311948360108,1.3044513256214052,1.2762335632281703
2025-01-11,4.467087104796711,1.7173645679738718,2.012258061405859,1.3042462923941205,1.2758694091615543
2025-01-12,4.463395200893974,1.7169228023939866,2.01155454290838,1.3041048835153466,1.2755420754735363
2025-01-13,4.4647219096635,1.7170700976495368,2.0116403761986303,1.3041169553622738,1.2756330130875608
2025-01-14,4.56002462253383,1.7300324349760632,2.0475162376517146,1.312343522214068,1.2838081227513714
2025-01-15,4.747578433583192,1.7569927705474466,2.119313197222865,1.3297794380562769,1.2949155149393101
2025-01-16,4.712264361576304,1.752055145786279,2.108977836988638,1.3273291507732317,1.2943041672296094
2025-01-17,4.934522955014059,1.7812201517693718,2.1134370430287075,1.328309930337034,1.3028588599199356
2025-01-18,4.931973607537039,1.7808766536725382,2.112134465752112,1.3280120819716135,1.3027665510992765
2025-01-19,4.7752178920793495,1.7618003059246847,2.1105940924187725,1.3276748467361046,1.2954238251316188
2025-01-20,4.819009614671373,1.7676113969250646,2.1224922061874936,1.3303765404057757,1.2969657583545389
2025-01-21,5.014081565095643,1.790871421434927,2.1440887665497623,1.3347676189347646,1.3058687469708619
2025-01-22,4.896309313938417,1.7763525330801366,2.1096922560524036,1.3273822422247843,1.3039877610144284
2025-01-23,4.9108160163087415,1.7780771775707223,2.1094246391242697,1.3273201226023366,1.3045786308326441
2025-01-24,4.951407769014656,1.7827433060928095,2.114914743942669,1.3284198680711243,1.307391763378999
2025-01-25,4.946455584041561,1.7821097196704967,2.112927101865928,1.3279862352047438,1.3069617231438837
2025-01-26,4.850462023099867,1.7696128562405415,2.079799751182299,1.3204636762745068,1.2986168126321367
2025-01-27,4.822364582522212,1.7656757709175899,2.0695555978854556,1.317966290588728,1.296153779339939
2025-01-28,4.786690324768716,1.760905105439822,2.0587435857900447,1.3154497826525107,1.293006079189769
2025-01-29,4.898677830456588,1.7763750860588352,2.0978177506237885,1.3248258898792664,1.3030500874649693
2025-01-30,4.9474313331338085,1.783137019989435,2.115144896782608,1.3290112732979595,1.3068699680533045
2025-01-31,4.837354730925383,1.7681324336839073,2.0877200708896595,1.322493360500051,1.2978820301907703
2025-02-01,4.754730851569894,1.7563243849540484,2.06064019229038,1.315787788616171,1.2918760485125498
2025-02-02,4.614580584733517,1.737433939530603,2.0242164270657352,1.3072984442243636,1.2834171366851896
2025-02-03,4.790136077141753,1.7608844137023114,2.0754079244631893,1.319035743036863,1.2882605577339596
2025-02-04,4.623217661796659,1.7408243750507724,2.0507944372667537,1.3139155333721542,1.2867885335063856
2025-02-05,4.56386967918743,1.7336973151043538,2.0488647120057992,1.3135198660231868,1.2857360339707389
2025-02-06,4.562823442925509,1.7335591650631255,2.0488031745676016,1.3135092738571001,1.2855799980995115
2025-02-07,4.559790280372869,1.7332006111905867,2.0475123354126747,1.3132573052189511,1.2853111035880622
2025-02-08,4.557587464059851,1.732902416467986,2.046491982716667,1.3130319053916395,1.2850993954499814
2025-02-09,4.558420762641656,1.732993718070551,2.046761977272966,1.3130805896227828,1.2851609918257085
2025-02-10,4.602704050207535,1.7393072406004686,2.0637413490742116,1.3171657383906126,1.2895001584404757
2025-02-11,4.522866812832212,1.727250724786508,2.0331004678359093,1.3093505732005923,1.2814839375594058
2025-02-12,4.623880831660036,1.7431829354638537,2.0698849342381136,1.3191501836780626,1.2913485734730181
2025-02-13,4.5642675072969014,1.7343595597117347,2.050742206580366,1.3143591654381868,1.2861838599697373
2025-02-14,4.6060774701970315,1.740494088981152,2.0607980840762585,1.3168471464548157,1.290113115794601
2025-02-15,4.609449414015436,1.740974611836461,2.0616985264353054,1.3170682892702634,1.2904324081609668
2025-02-16,4.543065630935826,1.7310721795694957,2.0383358451292484,1.3111745427493697,1.2836676822526338
2025-02-17,4.524092772924664,1.7280273835393796,2.031164772508991,1.3092326516485078,1.2816435663076216
2025-02-18,4.5130469536810764,1.726315570887018,2.0272926398979556,1.3082194237667415,1.2804787252055625
2025-02-19,4.5648221785849685,1.7345044038819835,2.0464839254296225,1.3133404293699227,1.28607739657901
2025-02-20,4.645046910872115,1.747553408262673,2.076802405362044,1.3216695947101438,1.2946717928400078
2025-02-21,4.540728114010602,1.7305686885305782,2.0397221769286356,1.3114617833467184,1.284276908128727
2025-02-22,4.562089416849686,1.7340344462210677,2.0462363815599387,1.3132443153185283,1.2862514242662235
2025-02-23,4.547736974358544,1.7318797701703117,2.0425292043986207,1.3123018058266371,1.2849276072080762
2025-02-24,4.318363605296949,1.696242490212685,1.962194301135388,1.2912469810622718,1.2661366999878305
2025-02-25,4.191672697440656,1.6752713796316847,1.9142146509254205,1.277941950633425,1.2656997135050152
2025-02-26,3.984340408006313,1.6482082470412969,1.9127222402653639,1.2775666792739342,1.2639221875479303
2025-02-27,4.001213781680942,1.6503332284933165,1.9139027515827907,1.2778085826388226,1.2639397975552338
2025-02-28,3.9855678442698586,1.6485698050118491,1.9137201381372109,1.2777718429882385,1.2629381679684388
2025-03-01,4.063930386723617,1.658103791931626,1.936731313173512,1.282301321880896,1.2684594824846245
2025-03-02,4.452054147431855,1.7082465822093544,2.0844838289050487,1.3132799535047608,1.2878521540068628
2025-03-03,4.065525020546461,1.6597552699624198,1.9674996705818488,1.2891917797364778,1.287748861565559
2025-03-04,4.120156267471874,1.665744368096716,1.9668646403450312,1.2890557570699968,1.2877488622204847
2025-03-05,4.280828264838385,1.6791372677315692,1.9668646407292927,1.289055757122131,1.2911134354203115
2025-03-06,4.249564806309751,1.6762697943090126,1.9589231739460518,1.2878476762828233,1.2907698340408449
2025-03-07,4.0975047910978075,1.6617570041447847,1.9544833687371188,1.28714507481492,1.2854221476561212
2025-03-08,4.06972546539062,1.658750977401997,1.9455986714868316,1.2855930604978945,1.2848485597889447
2025-03-09,3.8073895648727425,1.6314458527527806,1.9285432678685304,1.2827120093645639,1.275832159561849
2025-03-10,3.7096533839561654,1.619776573989605,1.8955364448335943,1.2766027434929632,1.2757593133209506
2025-03-11,3.9142016147097545,1.6406357167860872,1.8949233555320513,1.2764876045236466,1.2776276221961498
2025-03-12,3.9548328549923966,1.644738916748207,1.899552031671476,1.277239939861521,1.2776245771794115
2025-03-13,3.8293863593672137,1.6322046483765893,1.8992728547302762,1.2771946781248216,1.2737124719198847
2025-03-14,3.9664883328972516,1.647696551673451,1.937270368624698,1.2839775927906978,1.2764220070108836
2025-03-15,3.984155517576957,1.6495986249265544,1.9388570063223585,1.2842487466373198,1.2767447403585894
2025-03-16,3.900855920903804,1.640402377352176,1.935814076387793,1.2837125929626882,1.2717684387668038
2025-03-17,3.9715231834515348,1.649133044315384,1.9579862186255614,1.2880423715118883,1.2764116172124
2025-03-18,3.907413072897391,1.6412868911428218,1.9394950634287218,1.2844572780080803,1.2723219751150703
2025-03-19,4.102774352855822,1.6666649600323031,1.9988800312852952,1.2966203227808013,1.2828038651246585
2025-03-20,3.975845781453611,1.6505083653946255,1.9569130778792228,1.288090404453919,1.2824032999661594
2025-03-21,3.969990548814582,1.6497749883479638,1.9562395414033575,1.2879516366427313,1.2822101584259566
2025-03-22,3.9600348819229225,1.6485952503583239,1.955466164886206,1.2878078358603677,1.2814268519410061
2025-03-23,4.064991384696463,1.6621301409084526,1.9901657686106473,1.2948961778650885,1.2902566969635922
2025-03-24,4.133227762497359,1.6714581122064673,2.0172281562314804,1.3007850443075222,1.2953867147665996
2025-03-25,4.1319423865184275,1.671283912669246,2.01657638456079,1.3006442105893727,1.2952527556625033
2025-03-26,4.10497827629716,1.6674993999883054,2.0085468596371854,1.2988483637629262,1.2925866391089615
2025-03-27,4.118026152585165,1.6694495634092472,2.0134448770940834,1.3000165955185177,1.293949077902302
2025-03-28,3.9846297375404722,1.6487455273198632,1.9595779235075528,1.2867012613054745,1.2804760766739987
2025-03-29,3.9017013978971224,1.6348360050339394,1.9253030570070295,1.2775785398423307,1.274732855005738
2025-03-30,3.889274989639126,1.6329649323712931,1.9230904733663265,1.2770344160549891,1.2737244207475888
2025-03-31,3.899402261420308,1.6343907387282353,1.9252173330588345,1.2775138113903164,1.2746446775332865
2025-04-01,4.023176624240282,1.6529921191275698,1.9716133513716378,1.2885566545653955,1.2862287302768387
2025-04-02,3.896416705385407,1.6329976740936447,1.9200234024791438,1.2756135880336608,1.2796709468819347
2025-04-03,3.925567763080447,1.6374622543896418,1.9233008329932835,1.2764027924449444,1.281124639594099
2025-04-04,3.960569624901237,1.6422394570400962,1.9260483526049306,1.276996896315049,1.2839766062409133
2025-04-05,3.9445557518453085,1.6398949243880705,1.9204788838384825,1.2757005047339638,1.2824562614025725
2025-04-06,3.6946547475692095,1.6016439600412415,1.826265797504188,1.2526605503431745,1.2615782129360376
2025-04-07,3.742877197695847,1.6096685765252896,1.8459882980192848,1.2578540589190443,1.2614248431580901
2025-04-08,3.6028944762784865,1.5925411035963963,1.845211750943364,1.257651355801771,1.2574320699969652
2025-04-09,3.9005850435083005,1.6324311682956543,1.9246774278576735,1.2740772332658665,1.2593533926046052
2025-04-10,3.761337824337857,1.6161116193450145,1.9181644504261466,1.2728634319472536,1.2593414971132317
2025-04-11,3.9398338495626684,1.6353199845168047,1.9180793937532374,1.2728476445703456,1.259868216773677
2025-04-12,4.0287476939439735,1.6443713521347787,1.920710072288307,1.273276004528245,1.2599836463746301
2025-04-13,3.9530669853228018,1.636697190565722,1.9204860423070518,1.2732392380016586,1.2573914442154834
2025-04-14,3.993569060634837,1.6411341013194436,1.9262676129440182,1.274256556297882,1.259717945579854
2025-04-15,3.952311923808908,1.6364851365585171,1.9156075782579447,1.272324139095254,1.2566422581817827
2025-04-16,3.9695476974867847,1.638592583837234,1.9214380322561353,1.2734703672448007,1.258088682431399
2025-04-17,4.01026086526507,1.6438272100177642,1.936779662628815,1.2766379376854968,1.2617839296596467
2025-04-18,3.98924277220503,1.640894767746005,1.9283324528767334,1.2747435782807965,1.2597273671763873
2025-04-19,4.018180892219954,1.645110409064839,1.9395486155882478,1.2773802375881,1.2626993452478845
2025-04-20,4.023419085342251,1.6458929741583888,1.9416238075484447,1.2778791214442515,1.263242421804327
2025-04-21,4.134172142953887,1.6634714877468004,1.985742948986941,1.2891480304146414,1.2740826575374422
2025-04-22,4.413958969086397,1.7098852173528234,2.09911471548476,1.3194926077975875,1.286427363638503
2025-04-23,4.426109333350066,1.711723432834173,2.1011663216720797,1.31999028311098,1.2863352237653722
2025-04-24,4.43766775300558,1.7131385938046186,2.100714514754108,1.3198784726812876,1.286985854214174
2025-04-25,4.474357247428053,1.7181490651928872,2.1107345852617483,1.3221155821789716,1.290286798201629
2025-04-26,4.470881971633163,1.7176205519970136,2.109239131035077,1.3217494855428842,1.289917982663502
2025-04-27,4.428742084493823,1.7112099657160411,2.093097133403218,1.3177442034240539,1.2854568133050706
2025-04-28,4.48655632533778,1.720500338743839,2.116061441635727,1.323757333009477,1.2918365356971746
2025-04-29,4.453775362925893,1.715307939314381,2.103390824534126,1.3204832457675704,1.2883209466006544
2025-04-30,4.4501155657444205,1.714718295122772,2.1020081409572153,1.3201238055507114,1.2879133561131535
2025-05-01,4.558054303167904,1.7321033363860612,2.1435299142047746,1.3310240206914892,1.2996787258497602
2025-05-02,4.577787020249012,1.7353666245828734,2.1513184863197408,1.3331290220192227,1.301620572903145
2025-05-03,4.529686354237519,1.7277349670220985,2.1387882291006606,1.3298753909562118,1.2965043183586697
2025-05-04,4.455248581676366,1.7153853411519657,2.111414440763354,1.3224746979742703,1.2882263520457595
2025-05-05,4.475658861289004,1.7187074154105364,2.1190605076262896,1.3245101284740486,1.2903764253732444
2025-05-06,4.57270456317699,1.733586848900161,2.152302131567519,1.3328048431587811,1.300123541225082
2025-05-07,4.583561801563491,1.7352972469211978,2.156368562467218,1.333852142965417,1.3010570608343728
2025-05-08,4.8768659263914715,1.7807455295537349,2.239638688284135,1.3549322301694406,1.3237008212258936
2025-05-09,4.864083022814598,1.7787164525643673,2.2347668987518867,1.353654215686923,1.3235182299757067
2025-05-10,4.945590178738492,1.7892315813216795,2.2338843846219736,1.3534237944696474,1.3288358658052206
2025-05-11,4.917721544680199,1.7854251393118807,2.225435704071859,1.3515006854470717,1.3265142029048347
2025-05-12,4.856624299326171,1.776973870701191,2.2073475764606854,1.3473156039514482,1.3208776444404706
2025-05-13,4.920718910083842,1.7861565541678275,2.230380498357999,1.3528215411547106,1.3269816714723628
2025-05-14,4.8909404796744225,1.7819836391887531,2.2198302759642017,1.3503510628284447,1.3242009187330084
2025-05-15,4.900634864282681,1.7833670841577531,2.2231522699503588,1.3511511129600988,1.3251415567290168
2025-05-16,4.888572701241798,1.7815944029671056,2.218606675027625,1.3500358256417537,1.3239173625599685
2025-05-17,4.874486338590107,1.7793944765904013,2.2132021326401174,1.3486269198951453,1.3224204308640573
2025-05-18,5.028240629173649,1.8039920080251013,2.272272586695808,1.3644016943638784,1.3381572825720587
2025-05-19,4.988569269144008,1.7975858487078007,2.2570962006689492,1.36030010637044,1.3352267946615473
2025-05-20,5.044541248464327,1.8059343899092815,2.263806562474333,1.3619606804348274,1.3402069727707935
2025-05-21,5.180915469645685,1.8262266727365442,2.3051838074743287,1.372307512243778,1.3520676327859205
2025-05-22,5.275163827313084,1.8402498198933337,2.3368513280654177,1.3802654645491679,1.3579160250634132
2025-05-23,5.068004618939355,1.811098226179244,2.2983453741712547,1.371086623921867,1.3464086415989316
2025-05-24,5.091782044814346,1.814507379443629,2.304150204921687,1.3724771240744098,1.3469791496045314
2025-05-25,5.150556534954077,1.8214161389548795,2.3053683065459967,1.3726925869449382,1.3508552910593148
2025-05-26,5.169686605186607,1.823809903382054,2.310104565787212,1.3736985727699038,1.3523803190652812
2025-05-27,5.148631607849251,1.82103876360019,2.3030289329007485,1.3721300891782027,1.3504858221192808
2025-05-28,5.092309775979972,1.8131501369213552,2.2822621732835384,1.367231863027729,1.3451051044735451
2025-05-29,4.990249889932999,1.7983444211061843,2.243879557316036,1.357863592965776,1.3353295524015893
2025-05-30,4.912629861538847,1.7871242024492524,2.215732893768972,1.3510312588005184,1.3283822402033456
2025-05-31,4.942839333907323,1.7912237567239593,2.2245331989345587,1.3530301781777867,1.3310250232086556
2025-06-01,4.990738502564668,1.7975605327416908,2.23954980544718,1.356373275896019,1.3353121382431008
2025-06-02,5.001576181684192,1.7990453175816947,2.243332441535764,1.3572457163131604,1.3363202004688934
2025-06-03,4.9803636030826945,1.7959987918984925,2.2357024035981197,1.3554025409156705,1.3342251266498677
2025-06-04,4.947274489955215,1.7909739064288788,2.223219642237093,1.3522162618120932,1.3308380437696665
2025-06-05,4.798191542794391,1.7678562927329762,2.166821092617138,1.3375228457113788,1.3165561980813756
2025-06-06,4.93113624948473,1.7888780477011588,2.216878951115955,1.3507850355980147,1.3244914479215157
2025-06-07,4.989015441856764,1.7966033122779272,2.22558864117824,1.3527177826392935,1.3275254586959517
2025-06-08,4.997424819528864,1.7977005955136578,2.2264858665968754,1.3529148911103506,1.328080777496813
2025-06-09,5.210014861352482,1.8265280648212328,2.285251040076046,1.36637854928571,1.3432663386465915
2025-06-10,5.2082733485059185,1.8262615715864259,2.284440009642306,1.3661739896050944,1.343104106287361
2025-06-11,5.134081727474466,1.8166299534080823,2.2821624947446755,1.3656538758499164,1.3377975402137128
2025-06-12,5.003821068873352,1.7985330888177724,2.2446933732599312,1.3568599099870322,1.327237930487241
2025-06-13,5.011469480347186,1.799572301739891,2.2470514877282595,1.3574083220624849,1.3277884928600516
2025-06-14,4.9822501497391105,1.7958668544760208,2.2405701673373404,1.356021040234702,1.3253536913892272
2025-06-15,4.98601106464043,1.7963536989901292,2.2415374650020774,1.3562329730536047,1.3256769936016122
2025-06-16,5.044809173517643,1.804534533548731,2.263162016672799,1.3612861521397417,1.3312433936783816
2025-06-17,4.941092654461935,1.7892644866687686,2.2239028490134207,1.3515669727399773,1.3212194503018928
2025-06-18,4.954423586556958,1.7912884754468943,2.2286140971293547,1.3527786180101824,1.3224766834880484
2025-06-19,4.945021483825045,1.789936160298159,2.2257632979462922,1.3520876444464556,1.3215859588337504
2025-06-20,4.880084717459012,1.780246197619811,2.2021268743229574,1.3461709889019282,1.3150094416152665
2025-06-21,4.8303816677264395,1.772473861946431,2.1831917188329526,1.3412096166283745,1.3099389958645775
2025-06-22,4.7703775270665245,1.763370972102148,2.1618616009358695,1.3357915693884845,1.3042267659102538
2025-06-23,4.987227429620781,1.7960940588408336,2.240431432479726,1.355614872757507,1.3207165157421636
2025-06-24,5.009327925134512,1.7992634645716052,2.248166003090017,1.357478320827634,1.3208745574217076
2025-06-25,5.07147472813542,1.8073779830682966,2.2477530404700055,1.3573691336854683,1.3251520210273395
2025-06-26,5.052520322262916,1.8047486758076308,2.241946562538538,1.3560141386301061,1.323464022368746
2025-06-27,5.058587016410969,1.8055981040712314,2.2437655114783386,1.356445803610161,1.3240206017838498
2025-06-28,5.069889689424679,1.8072377548907568,2.2477715894198673,1.3574308002003888,1.3251348843357376
2025-06-29,5.11986066421057,1.8149156582296166,2.2664951229421346,1.3623048946741976,1.3303589184163678
2025-06-30,5.0608027492210494,1.8054399949089854,2.2442693314531867,1.3562583623040139,1.324054495235714
2025-07-01,4.992919914396844,1.7943786771363823,2.219733785281188,1.349491328194254,1.3169004736432606
2025-07-02,5.142239417975268,1.8179480670632207,2.2724439837451693,1.363565704765064,1.3310270953211354
2025-07-03,5.179493547840682,1.8234767009738047,2.2850513064780285,1.366740903061586,1.333571568857113
2025-07-04,5.103269239214639,1.8127045910156645,2.2746699492394256,1.3642420097657284,1.3268688771349912
2025-07-05,5.112567640927293,1.8140636846264677,2.2770626632386297,1.3648354009059338,1.327732148473141
2025-07-06,5.159847186768495,1.820749465865962,2.292125859683313,1.3684490625955996,1.3322279540011848
2025-07-07,5.11581152690341,1.814173109522567,2.275894869571077,1.3643496750048043,1.3278434787951565
2025-07-08,5.146535813940449,1.8188659189699372,2.2869859543827773,1.3672198970335414,1.330932599522837
2025-07-09,5.258785339997268,1.8360679674831404,2.327838039978696,1.3778099826956236,1.3414848740181007
2025-07-10,5.478942603884625,1.8704965779940899,2.4089065295396104,1.3993018605079657,1.355501263928298
2025-07-11,5.551205976426292,1.8812083275931948,2.4275175252069903,1.4039935562380637,1.35680775096051
2025-07-12,5.547343574762352,1.8806542073750707,2.426782034227985,1.4038089596649834,1.356414598533053
2025-07-13,5.626744603579795,1.891483475560126,2.443867468192988,1.4077876907542635,1.3631774996179002
2025-07-14,5.661397350937171,1.8963976368357576,2.455227011534796,1.4105518179460896,1.3662956808811524
2025-07-15,5.563496945986536,1.882417707770793,2.423687312471972,1.4028301828711427,1.357179578635088
2025-07-16,5.6089072901816595,1.8891806938582925,2.4397011540242515,1.406910694249152,1.3614479975257767
2025-07-17,5.634951007726654,1.8927761961719805,2.4476371790227476,1.408784282477351,1.363817082088361
2025-07-18,5.574174460542506,1.8840665912416725,2.4265823903171766,1.4036149440166412,1.358021391087444
2025-07-19,5.571186690250966,1.8836027005910767,2.4254528790373655,1.4033157270089087,1.3577173733193133
2025-07-20,5.540993086721736,1.8791794738651713,2.414823582363783,1.4006508350930191,1.3547595885824657
2025-07-21,5.547547286373138,1.8801651730160838,2.417188804759559,1.4012594908506093,1.355418114580451
2025-07-22,5.668280367699463,1.898768389059852,2.461495933201769,1.4129380637391304,1.3676387343474123
2025-07-23,5.609684494261944,1.8894114064198315,2.439841230515682,1.4070127020519902,1.3620353742746043
2025-07-24,5.591405436664331,1.8865827406299247,2.4347438194857887,1.4056592787628133,1.3602162112389131
2025-07-25,5.55682206934831,1.8813882495828167,2.4232522120785056,1.402717688010536,1.3567652618017367
2025-07-26,5.5715358047143795,1.8836429982136318,2.4284778884875577,1.404087256982139,1.3582697376410335
2025-07-27,5.642445159321307,1.8945490152759181,2.4543073112839435,1.4108810720837819,1.3655479932803394
2025-07-28,5.570454509389008,1.8830917415906778,2.427768999707064,1.403650169660567,1.3581024677878775
2025-07-29,5.570344534642605,1.8830721835779194,2.4276543352864186,1.4036176476753701,1.358089565356683
2025-07-30,5.56604776963465,1.8823947108784274,2.426194119691238,1.4032238410520212,1.3576452147953666
2025-07-31,5.468125222117625,1.8665507894109767,2.3903842831596807,1.3933159980808683,1.3472030079668336
2025-08-01,5.3529547225112095,1.847109513518326,2.347561578959033,1.380972655433011,1.3353303781598271
2025-08-02,5.315487285922907,1.8412298942677408,2.3356170585410747,1.3777735895825554,1.3318567203102387
2025-08-03,5.395354415762857,1.852586080521819,2.3561610920914844,1.3827445950216977,1.339186450511468
2025-08-04,5.435705183537895,1.8583567385681437,2.3696062995867764,1.3860315905593499,1.3428764055736786
2025-08-05,5.391753665425091,1.8520331472694713,2.3555632993926046,1.3825787378435626,1.338702363054118
2025-08-06,5.43363227028103,1.8582784271083808,2.3701718763292523,1.3863020011565406,1.342824903236252
2025-08-07,5.550256798413715,1.8755876100689166,2.411865417944973,1.396886318196686,1.3540650484846413
2025-08-08,5.512080799700936,1.8698111288190706,2.398222068797141,1.3933481784802502,1.3505937811051942
2025-08-09,5.503182809397166,1.8684851334023878,2.3956296208231054,1.3926853392584302,1.3497292444007662
2025-08-10,5.635749985330558,1.8881988505949736,2.4403782688892743,1.404079432018227,1.3624523401313162
2025-08-11,5.608573675514721,1.8840432797009514,2.4304475626931294,1.4014724815455073,1.360091103890422
2025-08-12,5.67666465046299,1.8940447218266918,2.4455654056807155,1.4052804021557193,1.3662700280324143
2025-08-13,5.826462064432661,1.916303738762884,2.4950102090884303,1.4179351332463963,1.378565800095612
2025-08-14,5.591007608554861,1.8814538277207544,2.4173648797368736,1.3980776477653583,1.3673677261817223
2025-08-15,5.545601692873015,1.8748569240298596,2.408718757273762,1.3959142611268884,1.366348074854084
2025-08-16,5.549994778044765,1.8753062424568616,2.4083226421620547,1.3958105020422797,1.3665111894032989
2025-08-17,5.548186099413486,1.875075634865548,2.407185637707616,1.3955716835758831,1.3663281678140373
2025-08-18,5.491465701349188,1.867604157707038,2.387337642778936,1.39109066667575,1.3614043887744185
2025-08-19,5.329860025766571,1.8449670612497084,2.3281223450849104,1.37687980495756,1.3476108511841354
2025-08-20,5.3980502732208215,1.8547450759713735,2.352613595838336,1.3828831696119495,1.3519188457814895
2025-08-21,5.3103911742682754,1.8435987997146424,2.339075157429886,1.379923339969336,1.3460199125578391
2025-08-22,5.5208367085370345,1.8714142122663933,2.396535199691319,1.3928314332225327,1.3585839195953573
2025-08-23,5.449991936415412,1.862484334027708,2.375816677042856,1.3883623022583318,1.3569316398644165
2025-08-24,5.359489731938407,1.8515448144256939,2.373334952489225,1.3878415894845237,1.3517404361519612
2025-08-25,5.201996299977162,1.8322310689750134,2.336655009047153,1.380228363853354,1.342043919792939
2025-08-26,5.281275175636687,1.8419947551031264,2.358829816297882,1.384812355219622,1.3461171695460399
2025-08-27,5.253849392906192,1.8388661436670302,2.3550741433234097,1.384085632812241,1.3443241361727643
2025-08-28,5.316332393873453,1.8462527585926336,2.370126087686467,1.387076014767862,1.3489071066136884
2025-08-29,5.121054148538984,1.8221690522564649,2.302037484170207,1.3729274800504445,1.3355284465066644
2025-08-30,5.139818497383309,1.8246218528327454,2.3086180220603203,1.374369261895032,1.3362005956787226
2025-08-31,5.112828923210693,1.8214612833479904,2.3065373549079444,1.3739424174912904,1.3342649361906613
2025-09-01,5.1607221871836675,1.8274115174880998,2.319785773174227,1.3767030203579247,1.3381566779014318
2025-09-02,5.252834894322763,1.839323462345975,2.352843449990953,1.3838694688186473,1.3460009274380922
2025-09-03,5.277522379676378,1.842611108928467,2.3618185155162084,1.3858771978017534,1.3481007719385179
2025-09-04,5.2303033568499755,1.8362303526929615,2.3470817184528623,1.3825353028739227,1.3438177186506641
2025-09-05,5.226873104273412,1.8357203188458087,2.345682401071835,1.3821893625021244,1.343473420083327
2025-09-06,5.206736285355689,1.8328228606462518,2.338223328764417,1.3803886615850447,1.3414969347579522
2025-09-07,5.2512775338200095,1.8395619198918949,2.3552898468081773,1.3847196377473565,1.346081138258168
2025-09-08,5.293971354161869,1.8461763494526202,2.3717024676073355,1.3889871532690383,1.350538589700947
2025-09-09,5.268421415847368,1.8421191925053324,2.362142642519315,1.386450965087249,1.347819756999645
2025-09-10,5.382963435611085,1.8608722923605712,2.404745425171727,1.3981615512346781,1.3602262924801842
2025-09-11,5.456284484740642,1.8728975377608046,2.432528521643876,1.4058253396581664,1.3674396118033874
2025-09-12,5.484345390083755,1.8772948734547552,2.4397585467954928,1.4077297802832582,1.3702540561524945
2025-09-13,5.477209209979073,1.876172619435149,2.4374143150959267,1.4071084421168614,1.369488537634487
2025-09-14,5.451566272885734,1.8719826440327683,2.4279751218224765,1.4045105449701178,1.3666390112691824
2025-09-15,5.45332439265709,1.8722640046570234,2.4285969510174024,1.4046779432029246,1.366830151083622
2025-09-16,5.519377144369172,1.8835069112383078,2.453729120427067,1.4118845942112879,1.3744585748091402
2025-09-17,5.501678222010974,1.8803639745370415,2.4469439127198878,1.4098530692140983,1.372372487841443
2025-09-18,5.533265700094447,1.8858973335400402,2.4581238699342656,1.4131544210603812,1.3761147582723443
2025-09-19,5.46484959846302,1.8737703200983693,2.432322132277138,1.4054404019929696,1.3679431140638365
2025-09-20,5.466413232692918,1.874044952376921,2.4329107149701175,1.405614966337392,1.368130588858566
2025-09-21,5.446768716834596,1.8706510883834033,2.4258471865534217,1.403557605771114,1.3658485356312366
2025-09-22,5.325954815140947,1.8490322219081092,2.380046507391229,1.389751280421957,1.3515737492433915
2025-09-23,5.291282139473819,1.8427062960561167,2.3667627476456157,1.3856750387234984,1.3477964400108977
2025-09-24,5.353358455305052,1.8526235099303037,2.383470947694162,1.3901512842208086,1.3540216092589727
2025-09-25,5.151213062047537,1.8202159445239865,2.3122732565837456,1.3709143952742147,1.3361873571744418
2025-09-26,5.182556971900722,1.825384076529283,2.3233141745598545,1.3739712769111139,1.3374734760255036
2025-09-27,5.181098145818402,1.8251099916884066,2.322447382672584,1.3737296392565779,1.3372768214586177
2025-09-28,5.296390429539962,1.8413768077223132,2.3537459382027293,1.3811516937311816,1.3474706397102185
2025-09-29,5.403985219098858,1.8572360470909475,2.392146548532225,1.3907079036168934,1.3561596315851545
2025-09-30,5.387721504085496,1.8548999822291556,2.387765434887586,1.3896423082026188,1.3549078102765986
2025-10-01,5.604675845744557,1.8860804474043231,2.438926707633034,1.4020723860357687,1.3712262090344443
2025-10-02,5.700677894670034,1.9001005579190662,2.471318090865353,1.4101562317066139,1.3736402873963547
2025-10-03,5.775562208986717,1.909971113929886,2.471882158085797,1.4102632374028123,1.3782150023831823
2025-10-04,5.78306816995011,1.910962379822732,2.472753124797814,1.4104623116654624,1.3787605912380663
2025-10-05,5.8344647569687345,1.9179177918225228,2.4866136151207083,1.413701554471086,1.383278800769033
2025-10-06,5.892994571749858,1.9262880958189477,2.5066838703502334,1.4186686098757184,1.388700719451989
2025-10-07,5.7370566550775015,1.9034000552597832,2.452339006782338,1.4048580959630783,1.3746864954146039
2025-10-08,5.826972450587948,1.9170560602951447,2.4835013247468125,1.4130352845188738,1.381249015302623
2025-10-09,5.749064568830728,1.9066201995732763,2.46821616124681,1.4094812780430641,1.3759332146303966
2025-10-10,5.347960835704747,1.8520507601635272,2.3636964561456613,1.3849968465449098,1.3531273782439839
2025-10-11,5.234284590286874,1.8361952328005124,2.327562102263362,1.3764762923810296,1.352965142607044
2025-10-12,5.440328920442873,1.8568242279430094,2.3267285735309966,1.3762778178065438,1.356398198380982
2025-10-13,5.445114667125271,1.85729340383387,2.326999476779624,1.3763239222765251,1.3564354328806125
2025-10-14,5.343440061733482,1.8473554893069046,2.3255080424903585,1.3760709211842879,1.3512646479752142
2025-10-15,5.233116938952581,1.835337882053925,2.2950721764943887,1.3704080282926339,1.3448115360022075
2025-10-16,5.110435311783948,1.8218308664208904,2.261955257274316,1.3642003692367561,1.3376809680883381
2025-10-17,5.029269520425232,1.8128363947809951,2.2417515904483976,1.3604125439867973,1.3329567851133983
2025-10-18,5.06377538875889,1.8166165003431258,2.248582357998518,1.3616718632052671,1.3352261147438333
2025-10-19,5.133141037445669,1.8243081680515008,2.267423064420978,1.3651989285064552,1.3402319932884927
2025-10-20,5.223941797526165,1.8349967540488599,2.2986646020792594,1.3714317510991996,1.3470635248941163
2025-10-21,5.124174405186091,1.8228329493983266,2.265382158198307,1.3645517316936417,1.3396239341700893
2025-10-22,5.08693688224547,1.8181061292473497,2.2537590215677437,1.3620629383692073,1.3367598975310215
2025-10-23,5.199415952907197,1.8320615338356627,2.2861712557111016,1.3688625885697903,1.345709875579381
2025-10-24,5.244962104842844,1.8378363414671823,2.3019961295828053,1.3722733532990772,1.349145461313676
2025-10-25,5.273673263552272,1.8414877727411365,2.3093698688540893,1.3738712296792033,1.3514942693319423
2025-10-26,5.407389269638525,1.8592630607918188,2.3543910800845347,1.3840696754677737,1.362998433112469
2025-10-27,5.390708905334261,1.8569377389650583,2.348243492176614,1.3826055151550547,1.36168234991655
2025-10-28,5.335763972051659,1.8494768464873381,2.3355175655281286,1.379650149083096,1.3568541583183569
2025-10-29,5.198734699947934,1.8298946426980365,2.288335169807294,1.3681624318952144,1.3445448758343015
2025-10-30,5.116080559085046,1.8179218036968743,2.2587850436258563,1.3608920920653418,1.3380831615278046
2025-10-31,5.175156557170452,1.8257779299160484,2.2715981809744483,1.3637734210111723,1.3428469019679807
2025-11-01,5.199146182640013,1.828895292430691,2.278254294921788,1.3652505168430913,1.3448439731812296
2025-11-02,5.226336516081229,1.832546835175156,2.287150624484746,1.367286757088745,1.3471938653974735
2025-11-03,5.0330359709681485,1.8050678364112571,2.216355479340169,1.3501294922713385,1.332165108026474
2025-11-04,4.798879807566341,1.7693395285069344,2.128524692195764,1.3273668846493647,1.3284664087412892
2025-11-05,4.907587999171873,1.7837113987489488,2.134491523482865,1.3286696265721472,1.328708420216617
2025-11-06,4.785217106018243,1.7701050059945505,2.134033451318812,1.3285775978536187,1.3250749487348032
2025-11-07,4.883051452312482,1.781463225329894,2.1460566970854016,1.3309285054025337,1.3292672152138778
2025-11-08,4.831548950017958,1.7757215130251018,2.1386639788480375,1.3295310959068793,1.3263767733487553
2025-11-09,4.946691402373613,1.7890933423322208,2.162064446025223,1.3341287973844558,1.334218729204962
2025-11-10,5.0070114436473565,1.7962213234838487,2.1806428561399516,1.3378761975340714,1.3379804868476577
2025-11-11,4.865340351542768,1.779311175608468,2.1486355423868124,1.3313469010282613,1.3284915001672521
2025-11-12,4.802312274399543,1.7712340443006278,2.128735496381429,1.3270283501880957,1.3249500129329412
2025-11-13,4.709457791286386,1.7600068305106797,2.1132007086786624,1.3238486854120461,1.3192990685211543
2025-11-14,4.459113197596944,1.728796122073901,2.039797929032908,1.3085096346635512,1.3079785143886236
2025-11-15,4.513500507249294,1.7357289248195886,2.0553581096898297,1.3117914216023228,1.3079844582063624
2025-11-16,4.448687370212272,1.7287548843319027,2.0546527341922953,1.3116453229017258,1.3046591941769423
2025-11-17,4.350282114747948,1.7173550340416976,2.0307654222155205,1.3071061149350025,1.298163272300979
2025-11-18,4.390670155843075,1.7222229163099805,2.0433948239359423,1.3095888047345772,1.3008493790233449
2025-11-19,4.320622516111488,1.7139083502737023,2.0249307865053994,1.3060076281314612,1.29596745541228
2025-11-20,4.092272133617105,1.6846065416364318,1.9438374568784518,1.2890913751776902,1.283068570264772
2025-11-21,4.019469220541072,1.6748461943213582,1.9184554305967387,1.2836116862874518,1.2827828448903924
2025-11-22,3.998574756810042,1.6723976332449464,1.91772663295264,1.2834537433091286,1.2816787363685376
2025-11-23,4.100449383384886,1.6844610600986991,1.9372767255842802,1.2871598165758642,1.2887192088607866
2025-11-24,4.169678486245595,1.6930883564117298,1.961238716462818,1.2919938447274149,1.2931519281765909
2025-11-25,4.125810371799526,1.6875410329686218,1.95124515579876,1.2899492312584475,1.2899733836663854
2025-11-26,4.275859103897723,1.7074590910678076,1.9942964645470815,1.2991871183349304,1.3010762814718169
2025-11-27,4.312090616238698,1.7122980035242057,2.0069920559919914,1.301954185500351,1.3025248421542526
2025-11-28,4.2947965338026615,1.7100435473026852,2.005326335758979,1.3015966616798353,1.3010874610389285
2025-11-29,4.291607635199747,1.709584718512503,2.0039153352190695,1.301276560435434,1.3007566447635912
2025-11-30,4.269999073702643,1.7064098731655335,1.9956023569615078,1.2992881334404733,1.2986337349406392
2025-12-01,4.077613016581465,1.6762841887602742,1.9187112511042803,1.279672712321596,1.2819947130808123
2025-12-02,4.315152933170418,1.7158854670240247,2.0145561819886346,1.3055959851536163,1.2828440648233606
2025-12-03,4.418017332462889,1.7294896294409416,2.015002531550101,1.3056525691963428,1.2828493423651943
2025-12-04,4.352537704177531,1.7215999513207472,2.0149709344236704,1.3056458114518696,1.280653375370304
2025-12-05,4.222451971850897,1.7053936872816438,1.9996012719064227,1.302510353099703,1.2733069064647742
2025-12-06,4.21700157913403,1.7046842443100763,1.9977969059862353,1.3021331343904767,1.2730074085751035
2025-12-07,4.270534185723732,1.7112440898724264,2.004289531025174,1.3034125370343008,1.2770784113401112
2025-12-08,4.281614325945224,1.7126827295241125,2.0075463740409685,1.3041046615120446,1.2780137342441513
2025-12-09,4.37852237487882,1.726026727454603,2.042141959409562,1.311841309381032,1.28692327662221
2025-12-10,4.3468371004604585,1.7213847557846644,2.029606911248751,1.3088501477519467,1.2841145709068138
2025-12-11,4.370001915331996,1.724781969195162,2.035924440275393,1.3103593388205301,1.2863500299415973
2025-12-12,4.264146424363026,1.708819589903074,1.9969409382120147,1.3007746357256558,1.2758070336651575
2025-12-13,4.265483097287428,1.70901752317642,1.9974135585017645,1.3008879658629768,1.2759154278212785
2025-12-14,4.165172843028028,1.6939833311171923,1.970563938411863,1.2943415546651837,1.2663560861306087
2025-12-15,4.082252253282915,1.6804727389640381,1.9390163073905404,1.2860440586475763,1.258877660995071
2025-12-16,4.149528012745264,1.690782052294836,1.9570123268983632,1.2904831363439497,1.2647592603965565
2025-12-17,4.069213603064238,1.6789948222440332,1.934996496807868,1.2852592184525204,1.257715206777457
2025-12-18,4.037033073244291,1.6740914201221855,1.9248642492746941,1.2827743647536305,1.254809659192346
2025-12-19,4.161781339942646,1.6925735775189834,1.962215678999911,1.2916673653327884,1.2660819607343015
2025-12-20,4.17314748831334,1.6942691031747263,1.9662829045141055,1.2926503593692262,1.2668381990187656
2025-12-21,4.186267696984886,1.6961793981244515,1.96762486920153,1.2929634770786118,1.2680272154603618
2025-12-22,4.180044897743785,1.6951881770447799,1.9651139834116162,1.2923238418546983,1.2673355250229044
2025-12-23,4.129216636595833,1.6867528593825736,1.9451460996332146,1.2869519256835298,1.2614923701749186
2025-12-24,4.13856781142505,1.6883807760794176,1.9489282717895438,1.2880187677863892,1.2626060144595739
2025-12-25,4.120748950165574,1.685295895274448,1.9419459652643252,1.286060367132738,1.2604677011503846
2025-12-26,4.123899099277306,1.6858519662987794,1.943192211595869,1.2864167749133923,1.2608543478527268
2025-12-27,4.147552157737741,1.6902746441668737,1.9528379147355335,1.2893374966192814,1.2639403786885386
2025-12-28,4.149143101132854,1.69056694355233,1.9534852118123884,1.2895301390748293,1.2641445875084765
2025-12-29,4.116185736275395,1.683883403670284,1.9400807525062764,1.2851310716804805,1.2594968043465966
2025-12-30,4.177216184887481,1.6968435035126999,1.9651242274011231,1.2937424433984925,1.2683773425622669
2025-12-31,4.133696077776507,1.6878194679209153,1.9475997861272114,1.2878531249964233,1.2623744602485243
2026-01-01,4.19147489051424,1.6996308593080665,1.9692437715083861,1.2950183154683321,1.2703059856961312
2026-01-02,4.248760293064252,1.7108980959873592,1.991371671448383,1.302092770290773,1.277757003660126
2026-01-03,4.279865801285971,1.716934542365071,2.0029694930637354,1.3057473782444156,1.2817582358524688
2026-01-04,4.318142548675824,1.7243005582183533,2.017174624218366,1.3101896331349132,1.2867147072013927
2026-01-05,4.434774826706745,1.7471350096196052,2.0628698569557873,1.3247417730478497,1.3014733721125762
2026-01-06,4.427522767171289,1.7457103527793283,2.0600267138328485,1.3238313448797847,1.3006701334380488
2026-01-07,4.313161947409196,1.7247124538013174,2.03132898494721,1.315236949258991,1.2875400971609032
2026-01-08,4.299891538328972,1.7221339777092939,2.026097942190283,1.3135947569639632,1.2860908769227768
2026-01-09,4.275610369068612,1.717956749227146,2.0195197492771797,1.3117543355244334,1.283334259159935
2026-01-10,4.26963704274217,1.716884245137579,2.0170246145926423,1.3110337163768808,1.2825905992605702
2026-01-11,4.290459912175207,1.7206375754563275,2.025313579897118,1.3134490264492138,1.285174932905396
2026-01-12,4.307726685446029,1.7238664500320977,2.032362627177562,1.3155808461613767,1.2873311100155302
2026-01-13,4.50276025542189,1.7617170402671178,2.111961621701873,1.3405702151195746,1.3085610091602062
2026-01-14,4.578696710684865,1.7769261647454886,2.142830714796098,1.3506007771799806,1.3097990517328792
2026-01-15,4.513596827413093,1.765809274377352,2.1404468483529047,1.3498995059365577,1.3046707946616285
2026-01-16,4.512365331679043,1.7655980498616848,2.1397041982613145,1.3496952881275204,1.3044890126911377
2026-01-17,4.492280178749563,1.7622625907602816,2.1329033864393536,1.3478852280473725,1.3022586904457334
2026-01-18,4.423054028231039,1.750057602462416,2.1053559779729625,1.3400638341208113,1.2941452520516386
2026-01-19,4.371998067692045,1.7407367452685503,2.0844446904287866,1.33392276000452,1.2884933587021155
2026-01-20,4.171584223126218,1.7056758413880562,2.008580471488987,1.3125904032454,1.2709227166536508
2026-01-21,4.2219419547383845,1.714576794513813,2.0282842455406644,1.3181636110717612,1.2715426000315375
2026-01-22,4.225980389805124,1.7150687686954165,2.027581667708646,1.3179591772700119,1.271714478289921
2026-01-23,4.227937054588443,1.71534211246388,2.027581675739926,1.3179587460635014,1.2718525740228053
2026-01-24,4.209366084157257,1.712380078670934,2.0201955527891364,1.3160763712129104,1.2698524664406066
2026-01-25,4.089453015872904,1.6919568607747306,1.9707619917497328,1.3025945216833579,1.2567654203133414
2026-01-26,4.169516845510951,1.7062936333460423,2.0041197038109337,1.31213708873778,1.2636149756422455
2026-01-27,4.208980434459301,1.712470599268109,2.01323461352873,1.314407489868055,1.2670137936648946
2026-01-28,4.212853907406435,1.713078986498449,2.014242548153823,1.3146615940101716,1.2673614197599852
2026-01-29,3.9944757987285047,1.6772601930383029,1.9330303869021592,1.2932826861259028,1.2487164032961577
2026-01-30,3.974025293453592,1.673534210025726,1.9245224105554106,1.290814310017436,1.2484806012579293
2026-01-31,3.713863054869653,1.637046949167647,1.9222693692193151,1.2902577826585915,1.2391376168473707
2026-02-01,3.6360784333986707,1.6249733628188539,1.8968116474935195,1.2842484228171274,1.239063493476185
2026-02-02,3.7170585962424854,1.6347935166545577,1.8962333516574796,1.2841103220514865,1.2411966833547632
2026-02-03,3.5727377770265756,1.617178857099079,1.8682504160023765,1.2788525944899745,1.2373048155367474
2026-02-04,3.4492663983233696,1.6009479244111524,1.8369822920607182,1.272637535470055,1.2365194736444725
2026-02-05,2.9618887682939157,1.5395873845096848,1.8124930454863974,1.2680308106503775,1.2341749279559342
2026-02-06,3.332858498298533,1.590045246679621,1.836302190469397,1.2723906497015378,1.2341666561179898
2026-02-07,3.2727052643582595,1.5850368433580448,1.8362058498253484,1.272373179278635,1.2341666561179898
2026-02-08,3.3191282619229465,1.5887136483371678,1.8362058498253484,1.272373179278635,1.235665928565754
2026-02-09,3.31232864882739,1.5881131935303865,1.8341495760791158,1.2721160822683,1.2352799054579824
2026-02-10,3.2496530075325367,1.5820432267460296,1.8105083371519897,1.268807225675936,1.2312414633830773
2026-02-11,3.16453144668827,1.5726590389668438,1.7710731837187674,1.2625513919618443,1.2257956442970002
2026-02-12,3.1281526862808025,1.5683496036700069,1.7560834436167934,1.260015969121988,1.2237569355205742
2026-02-13,3.2526706702887034,1.5834871277101774,1.7919562851342419,1.266260791238368,1.231104668779778
2026-02-14,3.29564643930926,1.5888950163077695,1.809169639258763,1.2694070672655395,1.2321042278020458
2026-02-15,3.2493802849231685,1.583030076013526,1.805786265803991,1.2687849125738597,1.2288545066105407
2026-02-16,3.2519768698751546,1.5833717714534112,1.8061946386661316,1.268864549157242,1.2290536147535904
2026-02-17,3.1882564684894725,1.574275067715191,1.780501365882742,1.263573345087271,1.222763749567691
2026-02-18,3.1377644053078733,1.5662565068069545,1.7566983771575284,1.2581425408786258,1.2175807748500047
2026-02-19,3.162904337101388,1.5702539367126256,1.7667879555534631,1.2604442452915352,1.2202448559760408
2026-02-20,3.212404413308721,1.5781725019555564,1.7873981001940407,1.265182097919289,1.2257403298062237
2026-02-21,3.21232617624081,1.5781428222598397,1.7872919105217928,1.2651464375946,1.225724613971771
2026-02-22,3.1960587707997172,1.5752961516455846,1.7802081684555564,1.2633723574958724,1.2237837403214225
2026-02-23,3.0523315568844422,1.5482220885057922,1.7118559285415733,1.244834898332531,1.2083063348193555
2026-02-24,3.026979425496358,1.543100431858634,1.6995933996364267,1.241283430682421,1.2077995935756216
2026-02-25,3.210264703309913,1.5735950465226207,1.7054361818394774,1.2426409473729902,1.2161678873236672
2026-02-26,3.1863459340527998,1.5695681925067289,1.6970002939317392,1.2405355846374415,1.2160901390438867
2026-02-27,3.1120897305360433,1.5582400946167696,1.6964314555078888,1.2403941140549268,1.2108702970303096
2026-02-28,3.1647152299893064,1.5668571293152884,1.713397906310463,1.244457817980042,1.214889887279739
2026-03-01,3.105301926809228,1.5575208079334233,1.6950694043257195,1.2402323699439552,1.2102451177722144
2026-03-02,3.248797566384342,1.5814131244140348,1.7490585970086354,1.253346790381309,1.2193111204858185
2026-03-03,3.22601950833908,1.577769736065945,1.740454339857529,1.2513240710693287,1.219070864273856
2026-03-04,3.4346641138747955,1.6097077999507512,1.7440155973812324,1.252119070210492,1.2275161014949354
2026-03-05,3.346355868684253,1.595948921557726,1.7153973446749657,1.2452956371639867,1.227445999229752
2026-03-06,3.218595843914102,1.577735419314393,1.7148407819251095,1.245161929499629,1.225221806121736
2026-03-07,3.17778746310034,1.571899906880911,1.7085693696036193,1.2438347933836624,1.2246426819697827
2026-03-08,3.1162458902474217,1.5636652989541167,1.7055524959793378,1.2432382003685107,1.2211556351766029
2026-03-09,3.2311558456559837,1.5800812548770853,1.7418726815111798,1.2507803802258715,1.2276496207192673
2026-03-10,3.303171221454085,1.5902646106157372,1.767098968447612,1.2560185182967203,1.2296865958795908
2026-03-11,3.316301394280506,1.5921031111121704,1.7679065261487061,1.2561863287227109,1.230459332293474
2026-03-12,3.329933096235658,1.5940834573065539,1.7707767447097662,1.2568052839100463,1.2317166545338265
2026-03-13,3.352361670774733,1.597629473471468,1.7796466923814647,1.2588900784481765,1.234199428874305
2026-03-14,3.3639990655837035,1.5996016674037006,1.78484387407016,1.2601986563861414,1.2355867276312253
2026-03-15,3.4384117432362817,1.613108567849068,1.8189363160953271,1.269387408328974,1.244731531411138
2026-03-16,3.5362486728299327,1.6318198154712857,1.8641990993997217,1.282264510490102,1.2546455467064257
2026-03-17,3.4919111359763986,1.623563574747051,1.8476282884395299,1.2776645055862488,1.2512376632471132
2026-03-18,3.3654612130509816,1.6005458897963016,1.817145150091236,1.2694098619207337,1.2404912294959325
2026-03-19,3.3025036230774307,1.5889136090911389,1.792603292157078,1.2627514406735063,1.2375537471432256
2026-03-20,3.3313088876940156,1.593491579053074,1.795430645820521,1.2633908081587095,1.2397290685104372
2026-03-21,3.245758868190105,1.580012723898104,1.7709691319637788,1.2577231877398776,1.231869307263395
2026-03-22,3.2048364531594355,1.5729890930458776,1.7535150222573017,1.2533563435735635,1.2286143567553416
2026-03-23,3.3498388943773802,1.5964878424724174,1.798536389870058,1.2639787258999367,1.2389797966914755
2026-03-24,3.331085616816251,1.5934654614208574,1.79081758755473,1.2621451830075539,1.2386387798148857
2026-03-25,3.368498804116899,1.5992037907072363,1.7911646455071994,1.2622161227425244,1.241358896941247
2026-03-26,3.249542663743361,1.5798828430029503,1.7501058658661386,1.2523251789513286,1.2319443093439897
2026-03-27,3.1336573282853255,1.559552193628943,1.701037667230488,1.239656991675385,1.228359026333906
2026-03-28,3.132774947014689,1.5593795401981747,1.7004664746120173,1.2395039626874607,1.2283304272427213
2026-03-29,3.1155439708928636,1.5568599364510112,1.699198359306644,1.2392303528881317,1.2267114763024083
2026-03-30,3.1503354783329507,1.5624270944084395,1.711694086739336,1.2421585909046402,1.2305545129814992
2026-03-31,3.223169391001931,1.574772252701642,1.7444106615041404,1.2502744955238316,1.2390220742317144
2026-04-01,3.2158590227083144,1.573468069932945,1.7411039338152974,1.2494091592042877,1.2382054796447595
2026-04-02,3.1596471655854383,1.563464843980658,1.720766980061555,1.244103797846281,1.2311861918268394
2026-04-03,3.161656234442546,1.5638315194302859,1.721532494282649,1.2443084870561203,1.231441465846714
2026-04-04,3.1786340472219803,1.5669623027923913,1.7285982069026589,1.246211881406605,1.233682116774513
2026-04-05,3.258530700483784,1.582859704406858,1.7658163792344772,1.257043601283467,1.24460048007975
2026-04-06,3.252764407153088,1.5816492704538645,1.7630905259978182,1.2562052386538731,1.2439164603748343
2026-04-07,3.3982971628360703,1.6108915774691832,1.8122860793430164,1.2706878467716576,1.259468172264588
2026-04-08,3.3596879079075963,1.6028705225181406,1.795112778147299,1.2654138235883654,1.258465911296848
2026-04-09,3.3901309843514857,1.6084995256484973,1.7954142932609245,1.2654721797808013,1.2613898648634503
2026-04-10,3.4473458997318236,1.6191026411262675,1.8128772653314673,1.2702798964412951,1.268244678817135
2026-04-11,3.450899412594625,1.619769441197164,1.814172232819013,1.2706435327587156,1.2686705714823243
2026-04-12,3.342212256427163,1.5987746645138268,1.7705152899035372,1.2580632621359453,1.2563850457022323
2026-04-13,3.518466346805001,1.6358430979114065,1.8504282095310258,1.283029913018077,1.2633615312238318
2026-04-14,3.5041519157194947,1.6332971183415002,1.8468829627381322,1.282073342553573,1.2632666142093651
2026-04-15,3.5336030051891174,1.6379169779380907,1.8465866828720559,1.2819941093605456,1.2656814102921612
2026-04-16,3.5499969923014056,1.6406424660873036,1.851424952725824,1.283206876163425,1.2674462594603033
2026-04-17,3.6432788269458865,1.657082768778269,1.8903325503303645,1.2934928524817189,1.2782655089473325
2026-04-18,3.577114993359082,1.6448421156761603,1.8607760589430595,1.2852673455929935,1.2719481024092976
2026-04-19,3.488787557944335,1.6287556406164574,1.83343458783815,1.2777857198221372,1.263410879215572
2026-04-20,3.5840264264149075,1.6455819489476404,1.8672165550590265,1.2867094046258312,1.2711866475542977
2026-04-21,3.606712223766878,1.6492228403228164,1.8737003634742415,1.288268961786131,1.2728533303385938
2026-04-22,3.6941170522487132,1.663253573649712,1.893139916482331,1.2929610374651817,1.2814859962185614
2026-04-23,3.6972277137837173,1.6637588547383895,1.8940401473629251,1.2931849202362677,1.281791078598906
2026-04-24,3.6587933851297234,1.6572940465660257,1.881993130322765,1.2901103117886348,1.277319575766859
2026-04-25,3.666195645073858,1.658622813750475,1.8849148629929353,1.2909071934142688,1.2782445975609182
2026-04-26,3.7155835322781487,1.6676555283537051,1.9061774621979313,1.2967940835666982,1.2846365977226857
2026-04-27,3.6546040115687597,1.6558253969525079,1.878881251769135,1.2887680044964134,1.2765477440985487
2026-04-28,3.6066129512608964,1.6463170607916282,1.8584340496953329,1.2826411167345555,1.2701862723423276
2026-04-29,3.579473176679603,1.6411638751327127,1.8474634677180528,1.2794909872392621,1.266666549078238
2026-04-30,3.604423420487711,1.6457964153526432,1.8578037207768714,1.2824000146416967,1.2699123817570455
2026-05-01,3.6929785552935,1.6624904451238234,1.8964422883923648,1.29341184954157,1.2813724262139603
2026-05-02,3.7155698776955406,1.6668642460086607,1.906397514918923,1.2963319814539271,1.284019462861228
2026-05-03,3.709947511046379,1.6657960247786727,1.904336979723482,1.295737446961727,1.2832692245574235
2026-05-04,3.7708687229976077,1.6777868766326627,1.929682328288064,1.3032991579602367,1.291696174813587
2026-05-05,3.8227897197969,1.6884050891226137,1.9526108320385556,1.310417638390494,1.2988586454837308
2026-05-06,3.846430968888594,1.6931730291034954,1.962119784336162,1.3133314696488945,1.3021064186318074
2026-05-07,3.7794700029117543,1.6796457035687864,1.9347262941983723,1.30491669570006,1.2926784423829005
2026-05-08,3.787820333740148,1.6813945990145485,1.938319524067647,1.3060592483056714,1.2938654854407965
2026-05-09,3.8103810255920156,1.6857555487507312,1.947215171774503,1.308667450987328,1.2969547998843423
2026-05-10,3.8800356347701834,1.700013666211183,1.977605753758595,1.318118891387462,1.3069547816518194
2026-05-11,3.8606383775698823,1.6959253872814541,1.969051560351666,1.3153762954006514,1.3042386320425712
2026-05-12,3.80155352245792,1.683744567521088,1.9457991072542258,1.3080858761191836,1.295812238269112
2026-05-13,3.744850838446735,1.6717870283861087,1.9210955077617862,1.3001790718753186,1.2878878882104947
2026-05-14,3.8286563927618973,1.6884553911349514,1.9555029246393512,1.3105529479491052,1.2984622197147928
2026-05-15,3.7348630648338106,1.670848386742932,1.9175445070798451,1.2997241689482775,1.2885568656753785
2026-05-16,3.6907318228904753,1.6625911072063124,1.902288501709244,1.2953987147844819,1.2840086502950605
2026-05-17,3.6575670559944977,1.656896904426047,1.8924941283958745,1.292854249318563,1.2802645236354384
2026-05-18,3.635120767402311,1.653032975159044,1.8835129587862856,1.2905229083115015,1.2775575081977881
2026-05-19,3.625519012530116,1.6513363217761503,1.8793202188539255,1.2894070230272265,1.2763445489770056
2026-05-20,3.6589096336032703,1.6574612152932962,1.8941458755960547,1.2935038022059269,1.2807291227340556
2026-05-21,3.6627546902568713,1.6581834534647222,1.8958686136420917,1.2939917221443664,1.2812416370995716
2026-05-22,3.56587395048849,1.638910274329909,1.8529963039398791,1.2811429907274448,1.2680305700933119
2026-05-23,3.6218562630064577,1.6508983120858836,1.8783726798545375,1.2893177951368036,1.2748209275266589
2026-05-24,3.636393964969728,1.6535382127750653,1.8826267672772872,1.2904689787745163,1.276551824833133
2026-05-25,3.6505087439149526,1.6561799982105,1.8877808016861926,1.2919235807544334,1.2783789589530992
2026-05-26,3.581816229246425,1.6425644503058199,1.8578058587944588,1.2829632571459635,1.2688646179495535
2026-05-27,3.5118560526520772,1.6278211408247996,1.8263388020311713,1.272977564969659,1.2593445802069339
2026-05-28,3.473681161067618,1.6202951153407557,1.8111297248614275,1.26846651957122,1.2545261302092756
2026-05-29,3.4659327390022554,1.6188403325314105,1.8082030758765675,1.267640830898875,1.2535391680589432
2026-05-30,3.483992216149835,1.622189485806482,1.8157120515406824,1.2697310107271416,1.2559079080115505
2026-05-31,3.4757186462182594,1.6205545144086981,1.8119443617885422,1.2686137500161356,1.2547800606761046
2026-06-01,3.3689660122677263,1.598580607711311,1.7636436890575375,1.2536842579662326,1.2414112350060245
2026-06-02,3.1509122921874075,1.5509353380844084,1.6638232848878154,1.2210093809375169,1.2314661694205415
2026-06-03,3.0238770674237516,1.5265069220160403,1.632336775634218,1.2119648000060892,1.2313869669212951
2026-06-04,3.0138252648896824,1.5249939586464263,1.631956386931327,1.2118548254824002,1.2313236374339906
2026-06-05,2.8778330029785497,1.5070010507715588,1.628579086953996,1.2111996384311199,1.2256456892397354
2026-06-06,2.8752229479653435,1.5065885970533701,1.6271195649148045,1.210886988716759,1.2255739764712137
2026-06-07,2.9872752206599062,1.5217879805484027,1.6297450798176036,1.2113823696857988,1.2312887933495653
2026-06-08,2.9802401582750706,1.520733073015626,1.6267161276714726,1.2107326481837595,1.2310641222051157
2026-06-09,2.91189657354857,1.510641956803669,1.6209896114727966,1.2094999123776518,1.2252793486434437
2026-06-10,2.902709253710639,1.5091125380698758,1.6170234669831636,1.2085607305061228,1.2244210603024883
2026-06-11,3.002463729553653,1.5251566910075502,1.6511728890887964,1.216456314707824,1.234329853090587
2026-06-12,3.0016202822955855,1.5249940861937274,1.6506257420376613,1.2163119757923329,1.2342286485701983
2026-06-13,3.04310068999928,1.5319599640721289,1.657403086733057,1.2179614433604133,1.2387617774441033
2026-06-14,3.1039933011355885,1.542983196870532,1.681733655396112,1.2243984049242218,1.2462892587861296
2026-06-15,3.1313485966964096,1.5480661866794834,1.6933709653913258,1.2275658163701015,1.2496789612234953
2026-06-16,3.0988086192154,1.5419568601606048,1.6807400472167326,1.2240930376006043,1.245297403381933
2026-06-17,3.0429646977373688,1.5308716052466484,1.6558250542981685,1.2168554824595679,1.2374271347167642
2026-06-18,2.971070552490252,1.5163963040112398,1.623122186992687,1.207237104831357,1.2278748605198062
2026-06-19,3.001508646856703,1.5223306072690828,1.635752097611435,1.2108246533750844,1.2315315373355271
2026-06-20,3.0345200764804305,1.5282942699984516,1.6469326215295887,1.213770317578187,1.2357157191795198
2026-06-21,2.987181668316909,1.5193122118416462,1.6265564314136938,1.2081146482101572,1.2292944916595425
2026-06-22,3.0209359810430167,1.5260367217844968,1.641666192987022,1.2125108311437653,1.2339858967843509
2026-06-23,2.960279003717374,1.514305414967794,1.6155687666741199,1.2051309089414979,1.2259160626090617
2026-06-24,2.881256059221038,1.4982097283697953,1.5800836225367378,1.1945914401767361,1.2162104025326124
2026-06-25,2.8211011645882853,1.4864252133545897,1.5560813318656006,1.1877535867924,1.2100535703392739
2026-06-26,2.8350245948556236,1.4889433573675834,1.5599858633093653,1.188772723793428,1.2115891746796625
2026-06-27,2.8314188624404193,1.488299654823636,1.5587312895607546,1.1884549919532381,1.2111057253670414
2026-06-28,2.8121574129806426,1.4846170088065072,1.5499743135814334,1.1860298706100334,1.208347174370273
2026-06-29,2.840785168023335,1.4904709054692127,1.5635634382693624,1.1900582692134676,1.2126598768893724
2026-06-30,2.7661726537090883,1.4747787915529091,1.5281121243258138,1.1792424723510417,1.2019321550235487
2026-07-01,2.8344260074775502,1.4900011725008897,1.5605433480489903,1.1897133610548833,1.2096399776954498
2026-07-02,2.904410356373541,1.503795314390887,1.5847166551662257,1.196617372752703,1.2162428148075366
2026-07-03,2.9544300448054894,1.5134927002933607,1.6002328661997343,1.2010043691328216,1.2212066502212275
2026-07-04,2.9801322132639205,1.5184078038356525,1.6077812507001152,1.2031191619762487,1.2242913591563782
2026-07-05,3.0018415234380975,1.5226266451198258,1.6157435435703578,1.2053924228841368,1.2272826389800944
2026-07-06,3.0229629484746234,1.5269099932124797,1.6249739676565782,1.2081469975457646,1.2304290721379831
2026-07-07,2.990009089523509,1.5198890739950883,1.6097004277398619,1.2033576549495624,1.2252474944276086
2026-07-08,2.9408906035436284,1.5089029306463204,1.586676224467306,1.1957842948154007,1.2173019734075208
2026-07-09,2.985084767279788,1.51872219271439,1.6070634294491069,1.2024377924380762,1.2241426245445182
2026-07-10,3.029204199854382,1.527959169020793,1.626177486182395,1.2083223430798737,1.2305946925239206
2026-07-11,3.013846669370526,1.5247103861765081,1.6195366772562905,1.2062534066177881,1.228304145586
2026-07-12,3.011777262020006,1.5242610994678214,1.6186369045326126,1.2059658181439266,1.2279745039782928
2026-07-13,2.940018924513414,1.508338764282514,1.5852570589167148,1.1950627398998515,1.2172646356693482
2026-07-14,3.0683627749507116,1.5388734621472742,1.6463252370730888,1.216411933079618,1.229531523948004
2026-07-15,3.056849193992138,1.5364546194088233,1.6418506447340817,1.2150220142572037,1.2291608168098656
2026-07-16,3.013244576086109,1.5281865420539171,1.6393377837456125,1.2143075362234337,1.224170474253992
2026-07-17,3.0184491863160487,1.5292186547043967,1.6407312329048889,1.2147163529521856,1.224844553009745
2026-07-18,3.0608278441296255,1.5375862672579053,1.6583333636406594,1.2198014493419285,1.2309175170908364
2026-07-19,3.0558302668954314,1.5365129780264082,1.6559247459539808,1.2190461497140972,1.2301498525815266
2026-07-20,3.081301783620634,1.5419626825317492,1.667364254189421,1.2226370124009265,1.2341576388547857
2026-07-21,3.141534177235751,1.555494234041144,1.6958456614409816,1.2320133927985075,1.2439515245419943
2026-07-22,3.1224347375533936,1.5510824019636023,1.686881919891281,1.2289788022035897,1.2409484175145822
2026-07-23,3.0725527020758356,1.5397810043408753,1.6660381382160587,1.2220522449546307,1.2328363411550365
2026-07-24,3.0278511045265746,1.5294155406795795,1.6452981441980747,1.2150134545044935,1.2256089067690012
2026-07-25,3.0379276329264457,1.5316111342692467,1.6497004276342835,1.216415028530199,1.2271563110249875
2026-07-26,3.0865108223638513,1.5418700678333708,1.671115177409095,1.223029293310275,1.2345616521743559
2026-07-27,3.01020329459246,1.5249024737012593,1.635173460312749,1.2113216669034834,1.2231639288664127
2026-07-28,3.0171219239823626,1.5264626577138145,1.638190728221296,1.2123173673327248,1.2241028936880358
2026-07-29,3.0188604844867406,1.5267754308772508,1.6386690309214642,1.2124342649339637,1.2243446717719144
2026-07-30,3.057460144303113,1.5350539999755526,1.6559656232532556,1.2178643292424787,1.2303448458618529
2026-07-31,2.9671627585652134,1.514408207085711,1.6130905505136417,1.203505404998336,1.2165256610654918
2026-08-01,2.9647807719858226,1.5138451312534071,1.6119715879040408,1.2031240713704618,1.2161815539559944
2026-08-02,2.998729385732002,1.5206007572993756,1.6215017017994249,1.205882859632655,1.2209172766609038
2026-08-03,2.9977326012016845,1.5203672812090014,1.6208465526718372,1.2056692332752204,1.2207417063696855
2026-08-04,3.0258414821053083,1.526517390035224,1.6335044423336655,1.2097313570898345,1.2252980180949427
2026-08-05,3.0514227890555277,1.5324259062425,1.645573323618832,1.2138240121510961,1.229652946731136
2026-08-06,3.0355799673249604,1.5286738927333494,1.6381760369335217,1.2112574741006288,1.2268822941337696
2026-08-07,3.0647764172810996,1.5357550061944079,1.6518197652706377,1.216116039896779,1.2321396793369437
2026-08-08,3.0659335508963568,1.5360333996096347,1.6523576114897736,1.2163061435419933,1.2323467565111308
2026-08-09,3.0631087129891688,1.5353261220472525,1.651031628582119,1.2158259740734239,1.231815772199853
2026-08-10,3.0189747032250347,1.5237344062256584,1.6300206638501546,1.2077185885511108,1.2231964187065492
2026-08-11,3.002030104295185,1.5190746214184063,1.6219080547585216,1.2044435885591862,1.2198356798959458
2026-08-12,2.994970869608707,1.5172351887728286,1.618681344944654,1.203208813452274,1.2184796306197323
2026-08-13,2.994958506675806,1.5172298117543548,1.618648003403183,1.203194723426839,1.2184730322283979
2026-08-14,2.974808033175476,1.5118435544414688,1.609025469175959,1.1994207566356518,1.2144395542712947
2026-08-15,2.977109752951703,1.512469938924888,1.6101260028607032,1.199860069591305,1.2149074194380771
2026-08-16,2.96739451742676,1.5097820377839628,1.6055082247287555,1.1979860193668788,1.212921245500222
2026-08-17,3.0471125539863517,1.5328370714773283,1.6436889175736356,1.2141801046717686,1.228993516575274
2026-08-18,3.0553534636325024,1.5352161821154136,1.6476221652588972,1.2158478622060733,1.230125621138657
2026-08-19,3.27195979795647,1.5919868978999283,1.7206023149494756,1.2439307529480923,1.2582161689959497
2026-08-20,3.449883068797331,1.6390269102719517,1.7977461421095775,1.2742388112577014,1.2580152420675248
2026-08-21,3.7003564584146087,1.6866497237605478,1.7970233297076903,1.2739583056159898,1.2580489872524045
2026-08-22,3.641225841998774,1.6770546720890598,1.7969323020173449,1.2739354307119124,1.2580485523667908
2026-08-23,3.672962413362605,1.6814799733570038,1.7969299033883352,1.2739348150557497,1.2599313921060675
2026-08-24,3.7300828537930126,1.6896275704047083,1.8104073143589747,1.2769137688349548,1.2649294553696806
2026-08-25,3.7112111135016974,1.6867374182480972,1.8031318358733828,1.2751833608713075,1.2630581011034347
2026-08-26,3.7330558623736256,1.6902093720961138,1.8114759258356592,1.2772471108438923,1.2654046007261863
2026-08-27,3.7911634922222484,1.6999655097349802,1.8356566255671452,1.2835703932330371,1.2719248482760621
2026-08-28,3.676506331113304,1.6795962032468061,1.7871325683427783,1.2701277191451419,1.2598849159380332
2026-08-30,3.7170239062218124,1.687073063566382,1.8032438711292003,1.2747620471646848,1.2631247872424962
